3.4374533193377834,3.304863516090852,-5.326624992861709,-5.795075348408981

-3.0273060871729784,9.565939222305907,-11.82542694784296,0.4338294128010425

-9.491348478221543,15.827976638381465,-18.323286697410772,6.663481333408097

-15.954823313634556,22.090824023039612,-24.820351298558617,12.89372596192769

-22.41789387851759,28.35431522766589,-31.31676894796806,19.124407597772308

-28.88070238857249,34.618305901022204,-37.81270162488494,25.355356187470466

-35.34355026471233,40.882486541523214,-44.30789414480783,31.586834210703643

-41.806374847665566,47.1469251441641,-50.803232230798805,37.81792100249127

-48.269356707472426,53.41143741176438,-57.29862784040237,44.04870567071079

-54.732677090805815,59.675838320756206,-63.79411970636627,50.27914577372469

-61.1964872501085,65.9399739202118,-70.28985263105747,56.50908885073615

-67.66093764516246,72.20369105708254,-76.78598199388243,62.73837144796762

-74.1261722422054,78.46684329764193,-83.28264573801613,68.96684817876172

-80.59233814402081,84.72928094870119,-89.77998836647554,75.19436684712981

-87.05958350425567,90.99085322726403,-96.2781554471911,81.42077415277276

-93.52809557096106,97.25136875761856,-102.77664918867168,87.64658494290941

-99.9979581062185,103.51074362767851,-109.27690648399005,93.8703051576926

-106.46937600332639,109.76876815237881,-115.77846533336447,100.09241222223807

-112.94271925002674,116.02506086197448,-122.28141760034781,106.31280869672044

-119.41804628441609,122.279563979162,-128.78592784780386,112.53132164394978

-125.89491591968917,128.53274016370887,-135.29213437929613,118.7478054688999

-132.37390854998432,134.78398929319803,-141.80019031717023,124.9620992071654

-138.85517493553036,141.03315811562447,-148.31024360300438,131.17404733403734

-145.34640507142052,147.2722258571884,-154.8182435781094,137.38787583793038

-151.85039419483252,153.49825768651763,-161.3181032605289,143.6099522175644

-158.32873325696147,159.75137953692203,-167.79205686502812,149.8588770077837

-164.8100723503929,166.00169930710834,-174.26875416484262,156.1047584498031

-171.29415347103887,172.24949358290542,-180.74793682521815,162.3478734986847

-177.7900962276404,178.4852087316918,-187.23872408330212,168.5786688894859

-184.3366660674055,184.6681334756389,-193.77988108502532,174.7564338165996

-190.8943222698139,190.83965348861315,-200.3318664642393,180.92255413556305

-197.45539466782884,197.00780721886602,-206.88701061310022,187.08506966006186

-204.01864281966652,203.17390334540087,-213.4440690697101,193.24528612017815

-210.56964617446658,209.35314316177497,-219.9886342842569,199.41841805296454

-217.1211650746344,215.53216682061617,-226.53341595778366,205.59105856687225

-223.67680976386967,221.70698814553373,-233.0822112865981,211.75939938260942

-230.23077082067175,227.8844532787963,-239.62851040649545,217.92962577265425

-236.76959702233353,234.07623108800598,-246.16152900704446,224.11592418537674

-243.27690107862986,240.2606977906935,-252.70218707527025,230.3319474221157

-245.4308439966573,242.32116705464088,-254.88258974313393,232.41760192162133

-247.57128615866569,244.38633158832772,-257.0575140164297,234.51579051751594

-249.69942120304148,246.45779406051327,-259.224846341763,236.62507439977787

-251.80450065384156,248.53149148780162,-261.3885978754974,238.75595158220824

-253.86522402978258,250.57531383133752,-263.5821585526772,240.93180391648917

-255.8440008195417,252.5988751021832,-265.79759436871325,243.19982858363196

-257.7341905499197,254.63573664634103,-268.00088735171397,245.5797421244772

-259.47324908521387,256.6610709604371,-270.20021745477715,248.15529353574578

-260.9370611152926,258.5908270288005,-272.3699267236332,251.0605093740384

-262.08590397354544,260.34557607108894,-274.417912313758,254.40102644164446

-262.92249374865196,262.02350186190483,-276.0763289740463,258.22972816502

-263.3747458537087,263.8887506536865,-276.97613663265855,262.33367223820454

-263.4106518526836,265.95114886650106,-277.0924685122015,266.4244277434199

-262.95600490934004,268.0028288210375,-276.4335798462689,270.4051347589785

-262.28651515731497,270.04050249736315,-275.35210541299114,274.12785509663576

-261.3530302633026,272.20048179507495,-273.98459457340056,277.47870906186256

-260.2523701428275,274.6454278450133,-272.6292717352714,280.49593269254217

-256.3421396718658,282.6741098083638,-268.6442796509807,288.6802276838523

-255.09036050651093,285.48059986411135,-267.4525055051553,291.3622213269813

-253.8016318174474,288.2843092451647,-266.23674312098433,294.0100499717998

-252.50908433279037,291.1206664495414,-265.04252387057863,296.6278429813592

-251.20171491970484,293.98443830226324,-263.85321460782427,299.2147017412799

-249.96096526983837,296.9024117468213,-262.7394837837131,301.8141898963879

-248.79705856599622,299.8570095947814,-261.6960431884935,304.44310768668686

-247.74568388568966,302.8532097608265,-260.7557685858957,307.11393693977897

-246.7798902090446,305.8787117503477,-259.8925032723752,309.81260024029893

-245.90722713907718,308.93239995990115,-259.11375695599855,312.5384601638865

-245.15079376796206,312.01660668696724,-258.44277523602153,315.29369817985594

-244.48574429233614,315.1206653345451,-257.8547900800517,318.0676493395856

-243.86085299950255,318.23147135356726,-257.29864664561836,320.8471551885154

-243.3044333725225,321.3546393231946,-256.8027061879199,323.63777992357467

-242.81095296818228,324.4880231729921,-256.3614642567191,326.437316331867

-242.3876393265381,327.63156337038095,-255.98215454149545,329.24564393537565

-242.0387157259128,330.78422157538586,-255.66898659130928,332.0616471645786

-241.7581493210601,333.9438346774906,-255.41588740083213,334.8831379002812

-241.5548561495686,337.10962902499926,-255.23172365832755,337.7091247696497

-241.4283193798079,340.27918648210374,-255.1158684217582,340.5382255220292

-241.41851291234184,343.4497754567736,-255.1082779931793,343.3695755098755

-241.5036704669847,346.6174336497805,-255.18729644081395,346.19972536838617

-241.66218628326317,349.7805731239418,-255.3314348544438,349.0270855664626

-241.89712205808968,352.93766460233593,-255.54386520864435,351.8502358079823

-242.20728065447423,356.08729650122734,-255.82349217986155,354.6678305115291

-242.5373352038296,359.23510378584336,-256.11508293834083,357.48557057439115

-242.9190381645646,362.37877423579977,-256.4504750874616,360.3011999767996

-243.37433398345138,365.51459228965103,-256.851689223257,363.11105411851986

-243.91075808673872,368.6395705940656,-257.32632755235954,365.91219164842886

-244.5314161732211,371.7509474988895,-257.87755337523623,368.70189489439304

-245.2882368562332,374.8332155089899,-258.55734263179403,371.4646947777226

-246.1441687691228,377.8903509626306,-259.3286856610275,374.20461978319287

-247.0858115035025,380.9228331001454,-260.1782000252529,376.92215030897864

-248.10436056967356,383.9324690221643,-261.09606120962684,379.616010464291

-249.20282971893351,386.91695739164567,-262.08393394767353,382.2808756572134

-250.36878512715572,389.87787422612456,-263.1288132146988,384.9182589985982

-251.60770754426056,392.8108343023084,-264.23555748522915,387.5237267879505

-252.92294871096442,395.7118409955,-265.4068672574462,390.0933111410979

-254.30986642842993,398.58041402786165,-266.637419430636,392.62663061075614

-255.76602248435395,401.4156499313223,-267.92407262838356,395.122962373906

-257.2320495019498,404.24868413492885,-269.2067412947456,397.6137119068371

-258.7528299895899,407.05823073467315,-270.52958340107807,400.0779600318278

-260.3564083559326,409.827386220619,-271.91992636261574,402.4992792816399

-262.0563596257984,412.54473259493363,-273.39063827557436,404.8668274451397

-263.86069427346695,415.20049404711006,-274.94908980564327,407.17157229372305

-265.75157125635326,417.8033840692642,-276.57672348939343,409.4229199334597

-267.7308217436275,420.34888549476665,-278.2752195903842,411.61780457375164

-269.8068755842466,422.80264118701956,-280.0756234536187,413.7489724723345

-271.9394589596096,425.17205777867827,-281.9623266974995,415.8469185138327

-274.11946168593187,427.46272376569243,-283.9293141772976,417.91375030789897

-276.3374938018859,429.68009999848476,-285.96990211154446,419.95216033193566

-278.57837735977154,431.83605818117235,-288.0707783491789,421.97145360438884

-280.8655011341339,433.9022461216858,-290.2568115034108,423.94135311212517

-283.1471487451766,435.9298587046008,-292.476895666634,425.91127984422565

-285.42406094473154,437.93493396032557,-294.71424806188725,427.87966055140055

-287.69846234218556,439.9334209138356,-296.95372903242,429.8459961437252

-294.45600425235585,445.9504401617453,-303.6392337142412,435.7973915235105

-301.15338960163615,451.98481995623894,-310.305685254954,441.8038777466859

-307.8580376084688,457.9955027588775,-316.997740921931,447.8032545602764

-314.56792580468635,463.99466277718506,-323.7033654481357,453.79859282249697

-321.2763069441908,469.9875107371359,-330.4176779626416,459.79675826722337

-327.9771427755812,475.9808264682286,-337.1341237325439,465.8040981258868

-334.6630804299733,481.9822594095742,-343.84543798149923,471.82842221391587

-341.32797065572527,487.9982766713493,-350.5453850215486,477.87625254528075

-347.9653072922793,494.0357674463234,-357.2273218660609,483.95453805526915

-354.56862895840436,500.10131984852364,-363.88487448031907,490.07018484916273

-361.131123781675,506.20292071980083,-370.5101954686756,496.2305030445275

-367.6460128897314,512.3505684287611,-377.0928708283083,502.4423407825902

-374.0665844510323,518.593259907579,-383.58418451005997,508.75296574955723

-380.43779691924357,524.8817131607957,-390.02931905363937,515.1134582938608

-386.757290297648,531.2173378074972,-396.42576076288447,521.5252390222572

-393.0226672555356,537.601513055398,-402.77105119115106,527.9897956935612

-399.2321195882921,544.0351007847727,-409.06328755576624,534.5080741554768

-403.3756505906641,548.3177284762958,-413.26355645178455,538.8496020680975

-405.44503324548896,550.4607868638165,-415.36176118246436,541.0228523957238

-407.5078077927549,552.6098408405522,-417.4536549590379,543.2025976660117

-409.5637919063217,554.765042386926,-419.53905027884565,545.388992024359

-411.61308342213056,556.9262747094183,-421.6180450166653,547.5819264982329

-413.6554359394281,559.093764785662,-423.6903729077466,549.7816146557577

-415.69081523447056,561.2674681833546,-425.75605341419606,551.9880780964256

-417.7192494509048,563.4475929713165,-427.81485426636084,554.2012497260038

-419.7410973763218,565.6346945994392,-429.866214493947,556.4206779207927

-421.7561933452438,567.8293707669712,-431.90949509490963,558.6464211547697

-427.7673398138214,574.4523891031799,-437.9977694524337,565.3554440440183

-433.72547751634505,581.1348834570707,-444.0220376841047,572.1128577027456

-439.5864718120802,587.9138580367388,-449.9384329556254,578.9554541341158

-445.4033675035142,594.7413720089367,-455.80021297366255,585.8350986990805

-451.1942536062747,601.6010885457836,-461.62568213657937,592.7353455528277

-456.96676179018147,608.485988716705,-467.42250407934864,599.6489330315505

-462.7283004685146,615.388726302731,-473.1986054729495,606.5689296432776

-468.4872036040741,622.3031577813296,-478.96082484792674,613.4872994544098

-474.24674691229944,629.2171100117191,-484.72115064790927,620.402181402624

-479.9990172911321,636.1185215100871,-490.49044752874875,627.3238645202312

-485.75711992099986,642.9916512710417,-496.28783902563464,634.2440770278998

-491.47391000932805,649.8793425502893,-502.0645038527565,641.204354248076

-495.2484386036868,654.4913626722623,-505.89031369732953,645.8793597408121

-497.12300018415084,656.8050896808024,-507.7938127654438,648.2289682465572

-499.00479887798576,659.1114382908156,-509.7067903068956,650.5742561177833

-500.8808318011086,661.4207453113623,-511.61633690224795,652.9257450039221

-502.75358367638745,663.7308843030455,-513.5249323488456,655.281378531917

-504.61524770190033,666.0478661592686,-515.4247275829795,657.6471968585197

-506.46499525836435,668.372125335746,-517.3148574593292,660.0236769637385

-508.3013382074494,670.7045994967422,-519.1937920557435,662.411798452295

-510.1243678257669,673.0450129175065,-521.0615783175699,664.8113304692945

-511.93345147084625,675.3936585040941,-522.917535698711,667.2226124465093

-513.709883338056,677.7641119633452,-524.7429071573233,669.6592686333678

-515.4616117566994,680.1499351821426,-526.545585323053,672.1149099811631

-517.1654010837009,682.567293106034,-528.3022774136921,674.6057552137369

-518.85175407548,684.9935510184558,-530.043415501879,677.1092111908704

-520.5202615064312,687.4287653198239,-531.7685498633813,679.6254257117521

-522.1711019341691,689.872742449293,-533.4776859592786,682.1541118917952

-523.8046083910435,692.328830782281,-535.1675845076594,684.693460865033

-525.4228696566801,694.7991144042711,-536.8371554404698,687.2406635017398

-527.0268454029878,697.2829933126807,-538.4875667014619,689.7951386587292

-528.6177894923874,699.779767132391,-540.1201671125389,692.3560612462827

-530.1967010504067,702.2888664585132,-541.7360652691721,694.9227838207282

-531.7655337204345,704.8090932542949,-543.33732744157,697.4940614651986

-533.3256433087297,707.3397161165339,-544.9253401363554,700.0690123330497

-538.0206908002498,714.9523840127772,-549.6782753979704,707.7748620624809

-542.7151694867497,722.6134603943864,-554.3912608155906,715.4660838630592

-547.4124932557089,730.303325205061,-559.0836791001385,723.1479411493455

-552.1235922088285,737.9889988715893,-563.7882002867942,730.8228968357921

-556.8462164846646,745.6656527155719,-568.5056897976962,738.4911992825427

-561.5755535171081,753.3346672532248,-573.230309325782,746.152552868158

-566.3088757659189,760.9936561517861,-577.9605511217168,753.8065453690659

-571.0378537601608,768.6400143606501,-582.6941352609261,761.4603763770943

-575.7516659292488,776.2782435528792,-587.4243215673503,769.1252574383745

-580.4356639466553,783.9207417717334,-592.1358595596283,776.8128924051412

-585.0772068079268,791.5779945198012,-596.8159954786547,784.5340651800087

-589.6250157131519,799.2834335530072,-601.4130688169289,792.3222623855573

-594.0814358182199,807.0375320591214,-605.9289697970901,800.1780832022877

-595.5485945477365,809.6322422532431,-607.4181312512366,802.8109375067696

-597.0093010062915,812.2305755280391,-608.9018870450424,805.4495359830353

-598.4654915239848,814.8315768025609,-610.3821502336759,808.0929311525254

-599.9491162109197,817.4175211744742,-611.8908413652629,810.7233968599634

-601.4418373310109,819.9992719745384,-613.4096021856958,813.3518134840347

-602.9417931098282,822.5783348701748,-614.9365121981607,815.9796369689226

-604.4304977175041,825.1651000163843,-616.4531611507678,818.6174543348843

-605.9069204249569,827.7607448477855,-617.9580899471043,821.265714967295

-607.3701947168393,830.3641689440036,-619.4518694412759,823.9260608482266

-608.7845948358637,832.9402327299113,-620.9429612600045,826.6481562923332

-609.9912124346645,835.510269746958,-622.3086966606385,829.5356833727491

-611.0778320033545,838.0113201146684,-623.6245596195604,832.5344847031614

-612.0179586613954,840.441906140941,-624.8451278188954,835.6586194670232

-612.7482657327449,842.8168228673815,-625.8768815814968,838.9366752031939

-613.2589100958412,845.1328886853648,-626.6676506079882,842.372131927172

-613.7016408276965,847.3840282431765,-627.3157463926992,845.9445041325895

-613.9081890492939,849.583606611157,-627.5974557435541,849.7253012596852

-613.857584976441,851.6362906610783,-627.3909005396977,853.7015920592567

-613.451669951257,853.4283318413153,-626.4257070695742,857.7975950346383

-612.705828426344,854.9864395385798,-624.6001500149365,861.7644343709137

-611.6795148239378,856.5797218903054,-622.1955068000536,865.3449950040349

-610.2489535594497,858.1203306254745,-619.3223751188218,868.3716291386348

-608.5601448114321,859.4248667493631,-616.0838887402382,870.8620594684595

-606.6459776085187,860.3574884094495,-612.607836538182,872.6811379542391

-604.5346480086472,861.0561943067714,-609.1127744960236,873.9580103752783

-602.2162268858459,861.6197681402568,-605.6961209843554,874.8601018620011

-599.6893471489069,862.1264781137751,-602.3968025750414,875.5460826204471

-596.9617770696702,862.6338935776988,-599.2304863670231,876.134599415695

-594.0475482006293,863.1604168397866,-596.2094452449558,876.6786379198597

-590.9761769074338,863.745175686254,-593.3489240681021,877.2057858262662

-587.8837758212037,864.4765545562683,-590.5335057565391,877.6042535835708

-584.8704380800008,865.3600365586831,-587.6740836260891,877.9511621531854

-581.9432832820654,866.4310456393064,-584.7495979232489,878.1707600093011

-579.0588497587277,867.5109709167438,-581.81824189849,878.5154107542145

-576.2087062253062,868.5903241626979,-578.8731836956574,878.9365281483647

-570.512540236901,870.487012956534,-573.0112547657752,880.1903820553358

-567.6756765429902,871.4243801570491,-570.0579208052488,880.8139795562871

-564.8292835717792,872.3396984852909,-567.0985268296428,881.4159190890728

-561.9775344495142,873.2390860769132,-564.1330316334142,882.0025044644403

-559.1181963410804,874.1140757793554,-561.1605418266962,882.5649827879126

-556.2495175992187,874.9545915945027,-558.1849229616429,883.1172093759739

-553.3698451179063,875.7509137802634,-555.206716735958,883.6590253161088

-550.4533049398274,876.385545587428,-552.2366755793277,884.2355194193697

-547.5245249758359,876.9572200294233,-549.267809880532,884.8161931010821

-544.6014864458624,877.5431609011048,-546.3025389020695,885.4113830980964

-541.6783009206778,878.115574184949,-543.3349813676422,885.9932584828024

-538.7555881101157,878.6751458605759,-540.3656187270011,886.5624965826303

-535.8330213147833,879.2194715173691,-537.394522620164,887.1165731168988

-532.9113887051764,879.7460544298148,-534.4208706853069,887.6532640610097

-529.9880670139684,880.2597032681998,-531.4491036989216,888.1760074440903

-524.0941809684301,881.2582185205756,-525.5419174208654,889.176965843498

-521.1194258648037,881.7717945341137,-522.6124025343264,889.6821371729797

-518.1276749599887,882.3139255850434,-519.6990987428833,890.2090587248045

-515.1210460049456,882.9074677940386,-516.804649729527,890.7794420380625

-512.1016372777893,883.5633873822653,-513.9281471095148,891.4034359685057

-509.06669298637973,884.299685392696,-511.075422496662,892.095036940543

-506.0097856872813,885.1410400009661,-508.27151233751005,892.8667822021818

-502.9490896822172,886.1301520164651,-505.5507934092324,893.7481332265256

-499.9666405005059,887.4323844336984,-502.99257437661817,894.8920241151708

-497.0349402810537,888.9001788605069,-500.5672895125083,896.1337816217209

-494.1729355543924,890.5542777266836,-498.2833392649714,897.475771881565

-491.3994521403397,892.4304605844621,-496.14587368947537,898.9323051287358

-488.7749186878625,894.5697761782359,-494.1500815411528,900.5622818562148

-486.24162919001895,896.8462624166773,-492.171829388857,902.2900869547848

-483.935601522683,899.373370904282,-490.34699831040706,904.2412750970902

-481.87975039422844,902.1237458621014,-488.7097177748348,906.3845023183957

-480.1778032728806,905.1082421974753,-487.3691551619236,908.7258322803839

-478.8172615055799,908.2553140719009,-486.3141014567191,911.1878711040836

-477.94466833010165,911.5611827100473,-485.69122154534284,913.7505692185096

-477.35566475079764,914.8719395700103,-485.27595969693346,916.3111851940148

-477.0121254997327,918.1385762546143,-485.0239929279004,918.9211874693723

-476.75513827228605,921.3538538693681,-484.8011454351557,921.6073666600705

-476.6414771564085,924.5370640309625,-484.6901295001643,924.3897702790432

-476.69208013548393,927.6793287712823,-484.73107728639786,927.2585856101994

-476.8555483102439,930.7685075431418,-484.88535774359997,930.1987177011956

-477.0911958565503,933.7969911539785,-485.1187056741377,933.1956708329028

-477.8290600421715,942.7811911892005,-485.86042672823174,942.2337890024663

-478.4551449214383,951.7585924602897,-486.4880477614466,951.2342147691285

-479.090359070581,960.7297838672501,-487.12299737090785,960.2013693177516

-479.72981212372906,969.7078394013529,-487.76010115751745,969.1448491404972

-480.40267225504107,978.6959096580426,-488.42908015714454,978.0800556257826

-481.1064620592145,987.683440210466,-489.1298073925616,987.0288948248302

-481.8415128469428,996.6614618129197,-489.86396383726765,995.9960445695033

-482.5906420894805,1005.62985394097,-490.6142640626893,1004.9787084648734

-483.3206310442814,1014.5883922810349,-491.34740773002113,1013.9773636096409

-483.9987658109088,1023.537409476827,-492.03028298415194,1022.9922196971163

-484.2072061460462,1026.5183716641313,-492.2405550337496,1026.0008722453551

-484.40472945230505,1029.498331310776,-492.43998909468024,1029.0113996116474

-484.59029814233395,1032.4772819764348,-492.6275149843643,1032.0238005168549

-484.76230281696195,1035.4552479214642,-492.8014874934455,1035.0381031775296

-484.9195400402461,1038.4322234965389,-492.96066424593215,1038.05430616599

-485.03511616273187,1041.409272410785,-493.12799350957766,1041.07139268081

-485.11997279680605,1044.3855079190491,-493.2918789536131,1044.0901344662727

-485.1300574820504,1047.3619424722024,-493.4896059599052,1047.1096163283703

-485.1207124727499,1050.3360628146029,-493.66788454297273,1050.1321219397523

-485.09058733499,1053.3078521375312,-493.82532360069496,1053.157604487842

-485.0385296639865,1056.2767527063559,-493.9600693119418,1056.1865962916308

-484.96385543260243,1059.2462296694973,-494.07173489333474,1059.215185902165

-484.860913438248,1062.222079276281,-494.1557221117365,1062.2371908257755

-483.9555995540425,1071.1973256979893,-494.44163032456504,1071.2551428838067

-483.6952766549471,1074.2102327922491,-494.4952240959545,1074.2439265821604

-483.6569124177024,1077.2359975487466,-494.4569057843244,1077.2240275478937

-483.66255626630124,1080.2740577751229,-494.467541081858,1080.1955563820586

-483.72632870130457,1083.3237848004455,-494.54230019119694,1083.1561214576084

-483.8775193468537,1086.3824162285216,-494.71567198002265,1086.1020937384183

-484.080367496857,1089.447656183077,-494.9422898974262,1089.0313497492816

-484.31795400212326,1092.518932817326,-495.2000972352105,1091.9415826076706

-484.58383716199126,1095.5927885400604,-495.48300869717843,1094.834755056865

-484.87968493622026,1098.679021803978,-495.7899694042482,1097.699103116917

-485.20335092603233,1101.6934340065143,-496.13367779925187,1100.6296028927227

-485.4859393877817,1104.512438695058,-496.4708752213723,1103.7768544356666

-485.73899230507595,1107.118784716487,-496.77665857991684,1107.1871964483473

-485.7272634227334,1109.5673028234953,-496.72038514607755,1110.870307578787

-485.3758854532371,1111.9882089019354,-496.1636682564736,1114.6334112707507

-484.20974212387176,1114.243197354294,-494.7062358581351,1118.1041604930083

-482.77147147719586,1116.2903406827816,-492.85945772047097,1121.3078922901386

-481.26847675582815,1118.1819243621985,-490.8457428685095,1124.2668594938207

-479.8746288792937,1120.1527024386,-488.8851379257361,1127.1132547646737

-478.50097409281614,1122.2903750357596,-486.96405007295147,1129.9124169947981

-476.81242540102824,1124.3360276610526,-484.8127259089716,1132.4432646615726

-474.91123958588076,1126.345736639575,-482.5606937476754,1134.7848095167697

-472.8148358882707,1128.3034434177014,-480.24008346501176,1136.9404451210764

-470.5724576453941,1130.2293025242436,-477.9027889043326,1138.947005411715

-468.251349603077,1132.1169621828728,-475.5472166094202,1140.863528630671

-465.92282380637704,1133.9909084679728,-473.1833293781277,1142.7668505166978

-463.58832283450306,1135.8559721597599,-470.8156082672915,1144.6592922875868

-461.2517748626989,1137.7164723120118,-468.4471960368047,1146.545855876408

-458.91159363745027,1139.5710202058222,-466.0767478475772,1148.4249834508948

-456.5677657051579,1141.4198436787324,-463.70420968923946,1150.2969641162429

-449.5194645095293,1146.9413344793113,-456.5794216921801,1155.8794049969977

-442.44362047804043,1152.4281664040043,-449.4418709124386,1161.4146334994455

-435.34173523187235,1157.888886737284,-442.2934349778117,1166.911412472482

-428.2176539725195,1163.3344037700824,-435.13816970986835,1172.3808705902893

-421.10705865128324,1168.8172175269146,-428.0120732337388,1177.8755216516433

-413.98559514139436,1174.3100346383608,-420.89025210311326,1183.3686113610577

-406.84491663526757,1179.8088676736838,-413.7665568042303,1188.8544741968199

-399.6998730547426,1185.3130958577171,-406.6322476322932,1194.3504783723909

-392.5669993494325,1190.8063125075073,-399.471672103234,1199.8648771930914

-385.4130561728471,1196.2309619921205,-392.2471634962857,1205.3428814985539

-383.0247055846629,1198.0237757188027,-389.8258865369715,1207.1602979047307

-380.63236986083444,1199.8054067379942,-387.39577817353575,1208.9699257104053

-378.2355039662103,1201.574826926075,-384.9562820009225,1210.7706543824886

-375.83326905640627,1203.3305613498703,-382.5064892604078,1212.560958530323

-373.4249101358063,1205.0712631251902,-380.0455837948975,1214.3394226134496

-370.9860555020858,1206.7620850378403,-377.54912406205415,1216.0711253254938

-368.53601480526027,1208.4291016519694,-375.03634662329245,1217.7820576689448

-366.078567505251,1210.0772100453325,-372.5109539860617,1219.477024094636

-363.6128891012165,1211.7048573388365,-369.97204195246826,1221.1543692317555

-361.1382797425657,1213.3106720195078,-367.4188289926793,1222.8126087229855

-358.659152838794,1214.9011739292687,-364.8556458551622,1224.45813863037

-356.1726350741631,1216.4720719062746,-362.27953656920624,1226.086532584328

-353.68509043146486,1218.0337303073545,-359.69678387796495,1227.7080076398124

-351.1853120326864,1219.5687085743646,-357.09610143663616,1229.3049639439694

-348.67254418774985,1221.0756976384832,-354.47666067023493,1230.8759186491413

-346.146349383645,1222.553939083511,-351.8379463589512,1232.419932387314

-343.60557272399996,1224.0015145365953,-349.1787710796789,1233.9348704694237

-341.04973129382114,1225.4175086722596,-346.4984843366443,1235.419667953051

-338.4778115367417,1226.800727919037,-343.7964611050887,1236.8726724566684

-335.8859888351737,1228.1523872349912,-341.0758755736496,1238.2912814371116

-333.2704914066551,1229.4718469154031,-338.33908001173353,1239.6719209128048

-330.6368476510314,1230.7689970033823,-335.59142839501675,1241.0249333161394

-327.9953244741084,1232.0652388432204,-332.8433908776274,1242.3719527786643

-325.3384845799733,1233.3451391206697,-330.08760508844784,1243.6978177303815

-322.6672214318857,1234.6099096964927,-327.32505105091127,1245.0039812394505

-319.9784627937699,1235.8515534105964,-324.5527211998185,1246.2826731987445

-317.2681598807595,1237.0589237278036,-321.7666196649802,1247.5229554350258

-314.5165930840289,1238.1828727827528,-318.9470766108316,1248.67586643179

-311.7473860306263,1239.2754516809493,-316.1177317454795,1249.7936349049032

-308.9625140873698,1240.3397635524116,-313.28066956774984,1250.8794804958245

-306.16923295490363,1241.3917094945427,-310.4428821078468,1251.9495512681983

-303.37206026520863,1242.4431378612842,-307.6100000741029,1253.0153640306482

-295.02719812189605,1245.7374993276962,-299.19167549455045,1256.3388779273241

-286.6868639647801,1249.0562481378217,-290.80844644789977,1259.6743768729068

-278.3110242495168,1252.3030129289466,-282.41591779116834,1262.9276046392997

-269.9215524012228,1255.548432860095,-274.03726846590104,1266.1688368672387

-261.5237663823777,1258.8182326115198,-265.6770638471865,1269.4239961469195

-253.1223216129895,1262.1262619265954,-257.33555537075335,1272.708358188794

-244.72704652469372,1265.488139472792,-249.01899559840277,1276.0385552536363

-239.13749728539608,1267.7663437452165,-243.49243717593052,1278.2909149264967

-236.34334197535009,1268.9122168735805,-240.7328963599785,1279.4223982375909

-233.55140749700672,1270.0668335961996,-237.97765251417252,1280.5616158735036

-230.76252374057054,1271.232007322138,-235.22752489174522,1281.710359517021

-227.97675556954914,1272.40772996981,-232.48257051424412,1282.868596649209

-225.19440851930275,1273.59456900841,-229.74308534862197,1284.0368694782496

-222.41593666825457,1274.7934297310142,-227.00951328502367,1285.216056744674

-219.64169385176078,1276.0049765936176,-224.28219695704792,1286.4067952293092

-216.8720082528362,1277.2298113684292,-221.56145233341974,1287.609657909447

-214.1172235045902,1278.4904139780617,-218.85760971257142,1288.847094845945

-211.37770409533718,1279.7865798217724,-216.17101904611582,1290.1188705543566

-208.64898307984942,1281.1077961675705,-213.49719755512916,1291.4144404518024

-205.927624439693,1282.446261021471,-210.83269200808192,1292.7259697794825

-203.21325649529624,1283.8009485557843,-208.17711200063076,1294.052399112762

-200.49720804132863,1285.1540332461136,-205.52176613441162,1295.3758685005694

-197.77969055844665,1286.506603628325,-202.8668436122685,1296.697431553817

-195.06055399434376,1287.8590646341704,-200.21217185468973,1298.0174568997293

-192.3471743811884,1289.2264865604766,-197.56509682648192,1299.3509808863628

-189.6418219606614,1290.613332607573,-194.9278778267145,1300.702421435657

-186.94500799880947,1292.0204188454286,-192.30093465851044,1302.0725902335369

-184.25681909837397,1293.4484234359072,-189.684874765003,1303.4618300330637

-181.58196523872348,1294.9061471061398,-187.085187377555,1304.8784410293388

-178.91905573013162,1296.3899019767923,-184.5005889035106,1306.3185769857987

-176.2740721504621,1297.9089658654464,-181.9370055925833,1307.7914394844402

-173.6404695822179,1299.450533918506,-179.387874145375,1309.2841212998944

-171.01918715198354,1301.015349016346,-176.85410084397276,1310.7972650969018

-168.41025894646086,1302.6026694349114,-174.3356849312503,1312.330024003281

-165.81321246203936,1304.2110657627723,-171.83211526721524,1313.8808594018242

-163.2205422126191,1305.8282477264602,-169.33583550682067,1315.4373729689519

-160.63509122090113,1307.4590427195951,-166.84965756132368,1317.0042648333276

-158.05765832831332,1309.1048369820369,-164.37424671659778,1318.5828542395116

-155.494745554253,1310.7757804038804,-161.9163194755038,1320.1829844717165

-152.94904406109387,1312.4743266184894,-159.477457387532,1321.807703255012

-150.41717301986336,1314.1995831008826,-157.05803568604256,1323.4532873888393

-147.92391588997728,1315.9475676169623,-154.64826198149112,1325.1407862938754

-145.483933774264,1317.6836388520348,-152.21322662795995,1326.8732371941385

-143.0977863157175,1319.4020484112123,-149.74588345251925,1328.6505566400917

-140.74296299087152,1321.0784513874066,-147.2242560758756,1330.4446106827784

-138.43904083633032,1322.7545256912251,-144.66692986225138,1332.2910606112478

-136.18465566824102,1324.4526125780292,-142.06479422229688,1334.207409889358

-133.93618749611684,1326.1779984985471,-139.39503819366803,1336.1746503911484

-131.58153104304884,1327.5197698275795,-136.34245944658917,1337.8670236050978

-129.40161741064924,1328.429576824554,-132.8028695737714,1339.2998842591603

-127.5805761678894,1328.71135000474,-128.65331266009807,1340.0507210815804

-126.12602007033576,1328.6206026892114,-124.12732334943509,1339.8455371068133

-124.84315919536164,1328.215221857786,-119.63164172035532,1338.380751412113

-123.8252951521369,1326.7536368577805,-115.73836970061106,1336.204427347691

-122.3359192982772,1324.5994423291081,-112.9795643021916,1333.934389737001

-120.46373759373273,1322.1964443186948,-110.85272730464231,1331.7616511281492

-118.59013265936775,1319.8255413980366,-108.72353024314522,1329.6268686397939

-116.67252473401271,1317.4508938870295,-106.61718464362899,1327.5595660435345

-114.58329771652804,1315.2043681998637,-104.45561751421657,1325.615948689505

-112.35890987958386,1313.0391048509252,-102.27387330110608,1323.7615316849383

-109.87178598787295,1311.0960188467063,-100.02791623578416,1322.0402697714571

-107.43537620276618,1309.0356769911627,-97.89355562222714,1320.2442478192747

-105.00266980120556,1306.9248708079158,-95.78950775387855,1318.405116671559

-102.50801426861094,1304.8727044709674,-93.62213102181404,1316.6080987517018

-99.9546012037599,1302.883793469231,-91.3982432761002,1314.8615703503463

-97.35124290649911,1300.9576336160355,-89.12809273322867,1313.1665730141913

-94.64814631755678,1299.1857326671502,-86.8000680857667,1311.5569042257605

-91.87797013332982,1297.5376321613514,-84.43185590951303,1310.0300573114962

-89.0973404126007,1295.9594973960752,-82.0413379040711,1308.5531403039502

-86.3301513757464,1294.4780036184698,-79.59526638734044,1307.124067848677

-83.59588566497666,1293.07802177738,-77.08519280561349,1305.7186652008236

-78.2310523588553,1290.4497467394192,-71.88418981854639,1302.9296570444444

-75.60016049221798,1289.1904208907285,-69.19851690497738,1301.5184882809617

-73.01617110035994,1287.929535898907,-66.46539283457449,1300.054261771221

-70.44739077105241,1286.644367138722,-63.706748649052145,1298.5389757729315

-67.839556260281,1285.2726407023558,-60.99851032021704,1296.9829836002923

-65.16078443892026,1283.8318971801211,-58.35673253190398,1295.436703557904

-62.425138142241245,1282.3392939992639,-55.779468764878416,1293.9104178848888

-59.61527401751842,1280.844227240513,-53.253413741876216,1292.450030199295

-56.72788082825337,1279.3743083333006,-50.776894185494776,1291.0741563413821

-53.745851420683756,1277.9653257142133,-48.346869006836535,1289.81278220952

-50.68797511710189,1276.6788576405854,-45.919028155896214,1288.6801958356864

-47.60835496325597,1275.5281130147328,-43.41427664639695,1287.7378553163562

-44.5086356570127,1274.5326376367134,-40.85419601936769,1286.914607227001

-41.39100764670899,1273.6882679802086,-38.24094290367808,1286.2080599958417

-38.265993331331075,1272.9662772944482,-35.5801646570927,1285.5938037479004

-35.1370059074461,1272.355728214316,-32.8728985111693,1285.0656423642276

-32.01427624393227,1271.7992680088084,-30.127682551189107,1284.5706760846042

-28.89100320537217,1271.337557023088,-27.336917360079006,1284.1536764508032

-25.76997046902211,1270.9708555289465,-24.503151087087755,1283.8185506005755

-22.653526245104153,1270.7124889764991,-21.62887764056289,1283.5817622752215

-19.54780874643659,1270.5327660918333,-18.720643091130636,1283.4162398849794

-16.45736508984959,1270.3997258638183,-15.783313422525834,1283.2921171993999

-13.384455686288058,1270.2991841997973,-12.820081272372365,1283.1968421856845

-10.332366728576945,1270.220470352373,-9.832674827587764,1283.120796239888

-1.2631341322786134,1270.004931739145,-0.7967989871946127,1282.906506508624

4.724469007891729,1269.8387558647207,5.265979117307863,1282.7373940409545

7.699903755541579,1269.737021831945,8.307658422397138,1282.6327084854315

10.662371415617358,1269.6165995328106,11.35580524659337,1282.5079629022166

13.611374521967882,1269.471476989482,14.409852235197771,1282.3567605851765

16.54704685004314,1269.3066075339539,17.47000203514912,1282.1835735479763

19.469800494261435,1269.1253180388815,20.53666475247042,1281.9911604386064

22.378651920662882,1268.9118042192663,23.608853105390967,1281.7630572727662

25.273345487771763,1268.6612137431043,26.686161699971056,1281.4936745496116

28.151481501255205,1268.3530056119928,29.765510093330434,1281.1552486295607

31.00967502415209,1267.9631698333387,32.84098941986619,1280.7164894921395

33.844177618974015,1267.444351281422,35.89357974835684,1280.1151774540388

36.669012095529546,1266.875752546481,38.9314719689214,1279.4612535552792

39.4833448205433,1266.258045574689,41.95447733167068,1278.7552834404785

42.30890461908439,1265.6946289468683,44.98597510159325,1278.1092144137406

45.13117932709213,1265.102750116029,48.01035148266963,1277.4334741951543

47.95532535771006,1264.5015559241835,51.033247165701354,1276.7488922059974

50.77201180244355,1263.851501900578,54.04466288361047,1276.012825002492

53.58065429764701,1263.1534892009636,57.044043566970245,1275.2262967328188

56.37546730873303,1262.391273613055,60.02700214552026,1274.37765320333

59.14987941707665,1261.5498828377583,62.98863861889679,1273.4563528347996

61.88852178391434,1260.5917422910024,65.91758277046054,1272.4351694793922

64.61257977528305,1259.5889931384647,68.82914921339717,1271.3669658915985

67.32155403650107,1258.5425386094116,71.72287123963645,1270.2527267751666

70.01752483598113,1257.4597894811793,74.60086540654189,1269.0999393605516

72.69847488096136,1256.3370263855259,77.4611539399899,1267.9049556808097

75.36491403200348,1255.1771390168597,80.30428905379542,1266.670731770829

78.01904846906271,1253.9864405599099,83.13252174110349,1265.4036421039013

80.65861934031052,1252.7607739480216,85.94364006907902,1264.0995858741665

83.29411451397364,1251.5230082512571,88.74818059361394,1262.7814834232738

85.91260306264721,1250.2461729154627,91.53326253563392,1261.4224105242793

88.51323579964428,1248.9303597405144,94.29808799121963,1260.0225004320864

91.09526207448015,1247.5759161240214,97.04195855520403,1258.582137136074

93.65806104398361,1246.1834587487613,99.76430593097659,1257.1019693330888

96.20865570489215,1244.7668226119424,102.47220719488017,1255.595858706271

98.74194832986598,1243.3178503981592,105.16061452410585,1254.0556725370718

101.2606151667878,1241.8420803035747,107.83226995825926,1252.4869595091707

103.75460440558487,1240.3243891933957,110.47712810152953,1250.8746391978964

106.22458432562912,1238.7681420267015,113.09613480113775,1249.2219400954675

108.64663910841693,1237.1403035051221,115.66601415953492,1247.4954217512718

111.04351494315523,1235.478059915695,118.20976269100332,1245.7320831854395

113.41564921015551,1233.7830597671466,120.72775325090522,1243.9335885463408

115.74855295014832,1232.0367436768786,123.20549299966629,1242.0813514391505

118.04681292483856,1230.247692465404,125.64754631870163,1240.183936820059

120.29873610077725,1228.4029379529047,128.0422001902612,1238.2283572261406

122.53035355771223,1226.5375747217581,130.41546248190423,1236.2496886653662

124.75445963324326,1224.6669138813402,132.7801024993002,1234.263223410868

126.98860162500033,1222.8099792510056,135.15364023926924,1232.2879666126505

129.21762792071442,1220.9466278130574,137.52089456797657,1230.3037568056739

131.40987151313192,1219.040796912784,139.8501666586975,1228.2745132748855

133.56505993280254,1217.09387309071,142.1411498874928,1226.2016050306092

135.67151488361802,1215.0954035942839,144.38212942869498,1224.074562477336

137.74706574575876,1213.065767270405,146.59089572696263,1221.913748467467

139.7913487446364,1211.0054155512496,148.76704364204713,1219.7195994550123

141.80423548261706,1208.9149990773742,150.91040096460395,1217.4927522922126

143.79171103847426,1206.800706961995,153.02690650829348,1215.2393836730814

145.7623645238336,1204.6703163275154,155.12510066861685,1212.9672598540901

147.70312240529069,1202.5120305593962,157.19185875647273,1210.6645750982352

149.61239306061424,1200.3249918907256,159.2255355806245,1208.3304644495424

151.48732949899028,1198.1074460271639,161.2232281911624,1205.9631685690922

153.3077740622486,1195.8443480112228,163.16472066994513,1203.5476397474235

155.04717588893322,1193.517765417529,165.02340149990383,1201.0659455001062

156.7382129885903,1191.1556180689538,166.8318862799024,1198.5460077398882

158.3852949338498,1188.7624962191007,168.5945184299784,1195.992423992329

159.99306418354124,1186.342661063247,170.31587820253156,1193.4094574186925

161.56099108243257,1183.8964355971266,171.99535009879853,1190.7974682675015

163.08700199048135,1181.423429977415,173.63095022589252,1188.1558333825126

164.57168940900348,1178.9257216571455,175.2234399515077,1185.4862330991186

166.01442578284372,1176.4046169277137,176.77219392558655,1182.789797002464

167.43049929289725,1173.8704371211695,178.29245562994188,1180.0767246211276

168.82021916832224,1171.323845444915,179.7844874012523,1177.3475421600858

170.20196181484386,1168.7749283341216,181.26660480607376,1174.6122029958644

171.5436510385657,1166.2065752783433,182.70665957170377,1171.853462959986

172.8423175452715,1163.6184702276407,184.1015977040657,1169.0708743126095

174.14338459021437,1161.032852583321,185.49674594893762,1166.2865451759887

175.39981078121815,1158.4271608691258,186.84495078655226,1163.4777915483878

176.61122409740858,1155.802386951602,188.14572445279708,1160.645464645749

177.76936969358133,1153.15626557742,189.3906484328348,1157.7872460853227

178.8750140192436,1150.4907157974858,190.5804344573865,1154.9046972616864

179.90826668169134,1147.7994826545391,191.69467791338488,1151.9924064885013

180.89132829625032,1145.0866690950336,192.7519507774557,1149.0648262510954

181.8289335324217,1142.3496330750584,193.75473682194806,1146.1279019775482

182.6810043585234,1139.5768456002943,194.66389489447383,1143.1699548949623

183.4689574104859,1136.7765783797247,195.50149132649275,1140.1997680560564

184.2175371645046,1133.9567397238404,196.29294334901468,1137.2254803802853

184.93623467367482,1131.1200193263817,197.0483496861886,1134.249998547341

185.6318616823952,1128.268175995721,197.77507742007944,1131.2752362791305

186.31668221906222,1125.4041916018436,198.48589239407755,1128.3042646554584

186.98846575227103,1122.52744126125,199.17898114370203,1125.3366109768926

187.63935446319184,1119.6365024755685,199.84692302185422,1122.3706147420194

188.275402295606,1116.7326036400505,200.4958387599582,1119.4086142193887

190.11899409960918,1107.9584804365777,202.35754618604525,1110.5503798998268

191.9344806263952,1099.1496193741007,204.1782192918188,1101.7169065595965

193.7423463470588,1090.3413590582518,205.99119968714157,1092.8841315319785

195.5473455173487,1081.5318622726006,207.800283318482,1084.0548793636167

197.3460357648538,1072.7206569780951,209.60230527273714,1075.2274393280668

199.1289400765296,1063.9052791853787,211.38773387173208,1066.3996878701587

200.90856888350092,1055.0879906768816,213.16910881941124,1057.5738025120672

202.68603882756545,1046.268663826615,214.94754991881754,1048.7496809081972

204.46110126386355,1037.446914693792,216.72281268041914,1039.926941535806

206.23612320578346,1028.6229045387854,218.4972701297358,1031.1057207037993

208.01094245171356,1019.7959197124683,220.27059937727364,1022.2860827729058

209.7881746756716,1010.9660466984795,222.04523223365797,1013.4689729898852

211.57203243070754,1002.1342013639313,223.8253575709014,1004.6553366258111

213.36952823833332,993.3018909191503,225.61796567856015,995.8466660119335

215.18479074069816,984.470023990545,227.42715239122697,987.0438695992912

217.0212346560581,975.6393651630336,229.256296909181,978.2476886978368

218.94294646076182,966.823770936844,231.16942807868548,969.4720245588701

220.90501888034723,958.0141326705258,233.12162992877398,960.7075532636484

222.90521913145915,949.2097381247919,235.11044133305964,951.9543056698815

224.94864718810072,940.4149997222114,237.1422078342025,943.2109215326055

227.03124718739141,931.6347956558617,239.21500400546893,934.4731349234529

229.14063575615216,922.8687215256213,241.31704023604516,925.7384382262803

231.26631296034384,914.1148467770798,243.43754363096158,917.0064283447714

233.3957599069035,905.373627914145,245.56501903915395,908.2734955270092

234.09973930193695,902.4749586437944,246.27546648159876,905.3475476583324

234.79518042738397,899.5993227715643,246.98884821150773,902.3947772910337

235.46164305822188,896.7393644963241,247.68315209355654,899.4104723000702

236.08679471373992,893.8912310288164,248.34462292449157,896.390380395241

236.64788181422594,891.0497852349748,248.94871564080276,893.3278517772302

237.14135433693195,888.2101284500701,249.48808855658885,890.2246393359064

237.4725182792391,885.3699121522241,249.86866013460642,887.0538857570085

237.72844562234374,882.6838799503698,250.10937103098448,883.7016665395346

237.89363705178974,880.2781650958051,250.01702228490197,880.0974416691313

238.01479665529658,878.1164800644419,249.69917716912659,876.2719336152572

237.95947744174686,876.0188493208125,248.88309852186788,872.3132999426228

237.08313088804016,874.211234009172,247.10860866149991,868.5962116068395

236.02401957282046,872.7447996619717,244.6288168880481,865.16071348341

234.8093813823189,871.5302486237251,241.50414080255354,862.2167586062731

233.0183522582358,870.6611970286029,237.91887658599873,860.2907697802682

230.7131981342639,870.0116310677932,234.36154493840152,859.1373280741877

228.11094718762806,869.3295219100887,231.02745753137177,858.2365120653786

225.32479243362187,868.715838513453,227.89614586996893,857.5377777914232

219.48413374729714,867.4522744862086,222.0902448463384,856.2822662078117

216.438329854,866.6795243717289,219.36435619521956,855.5890207830505

213.37859279066987,865.8041335571027,216.66906921268236,854.816246366374

210.34015005303502,864.8382204529904,213.98036637748805,853.9611930506536

207.31930588706948,863.7888318332579,211.3084291309642,853.0348653210812

204.32730750725742,862.6454258970014,208.66273080277162,852.0263390789781

201.37146077904913,861.405564172408,206.0523320321007,850.9341581391976

198.47170478513186,860.0408448057266,203.49966038817766,849.731598351509

195.63006099405618,858.5876727848602,200.99021270115497,848.4471760673969

192.85479899335067,857.0607789995744,198.51030871254193,847.0819960168589

190.1448072553361,855.4650141998691,196.05684577177897,845.6360416910004

187.49183938428303,853.8137349181396,193.62317221613003,844.1200432733061

184.87203373644388,852.1442397570554,191.18592193015394,842.5684517541113

182.29848825497623,850.4334392830574,188.76081632421878,840.9571944611102

179.77074187354575,848.6892869060243,186.34302811551032,839.2889702329711

177.2302401998296,846.9232923275861,183.94152504847173,837.6217034482394

174.65734251396805,845.0712228591506,181.62142280931926,835.9573605801877

172.01560814092971,843.1679563557194,179.34591709891265,834.3459684515951

169.39186824240676,841.0820146491735,177.1975978456227,832.6777606453087

166.81659877380704,838.7601998214025,175.2127802655339,830.9457877284818

164.42653959314106,836.0765062922409,173.51800091614857,829.0832072844579

162.3290231913565,833.0312635536502,172.14021459066058,827.089763463082

161.06278885382744,829.6349799302056,171.40225212171904,824.6694588767893

160.00604142578953,826.4578730576953,170.60497449178118,822.073409822289

157.84169054182505,820.7026829698996,168.51992982466084,816.5150695901208

156.71471923953683,817.9315496090021,167.38364412297585,813.7120661765322

155.59737415047448,815.0523497042012,166.3544057935733,810.9948719970394

154.49126879828583,812.1018627536826,165.39888647944164,808.3308431714555

153.43228870217763,809.1115091783113,164.51905991917567,805.662935319102

152.4496891943242,806.1170033025375,163.68987328380845,802.9497535244211

151.54080407962147,803.1157420990802,162.9156317136429,800.194848662038

150.69137535775383,800.1148282256402,162.18118436660103,797.4020966404748

149.90761263113893,797.1149819657938,161.49579713173497,794.5715944907531

149.18137893166016,794.1217931890045,160.8518852009906,791.707402734135

148.56758440565898,791.1264621620523,160.27042635779048,788.8094834734515

148.00146553128147,788.134225410674,159.71969849473618,785.8963880139439

147.4542826659672,785.1428658748828,159.1862564756399,782.978220285149

146.92387641970498,782.153383108994,158.66780679007445,780.0545740524302

146.4078720672695,779.1658768887274,158.1621588201607,777.125866366498

145.90393925297914,776.1806633202916,157.6670756229502,774.1923165845676

145.41192734210577,773.197714541416,157.18248370182167,771.2537744747597

143.98613038017498,764.2644900334996,155.77131893809752,762.4113222984546

142.61121793338975,755.359329900533,154.40002386734957,753.5293149685082

141.245784623735,746.477977768382,153.0303897985359,744.6211038162636

139.86061671758162,737.6009295558607,151.64010105623137,735.7118428147329

138.45103418237582,728.7205219811141,150.22725259007063,726.8111817772033

137.02646232057407,719.8379417611985,148.80076640284028,717.9168318272464

135.59272137731156,710.9525784218101,147.36665207998203,709.0291814766338

134.1579566900147,702.0644896249033,145.93284316140094,700.1469525102782

132.7289264999496,693.1729280323373,144.50584478706912,691.2679094868867

131.3137371869997,684.2756012277756,143.09377620657247,682.3899764779002

129.91789044669466,675.3714953340768,141.7018821717106,673.5107323118851

128.51115175439227,666.4613368665407,140.30082201078727,664.6368985295518

127.10948667021282,657.5269489518904,138.91100323562827,655.780779785909

126.65630236627652,654.5395802455145,138.46363075977246,652.833152336652

126.2131815570628,651.5475727822829,138.02706759730302,649.8871521644221

125.7814525757621,648.5506324150712,137.60261425789744,646.942827549792

125.36260493929493,645.5486524740923,137.1916612785812,643.9999994716443

124.95869114834565,642.541391696011,136.79616679436344,641.0584654234216

124.57170654873751,639.5286376607381,136.41801669499142,638.1180222210232

124.20301724823707,636.5102544155018,136.05845694885903,635.1785451736188

123.86144452878165,633.48530698781,135.72617891969944,632.2391216753573

123.55072940928518,630.453608836645,135.4247763101183,629.2995246989774

123.27166891721647,627.4152100849569,135.15490890518052,626.3599814896032

123.02079873698672,624.3718581651323,134.91275540925483,623.4198778581418

122.7976367513008,621.3254427108155,134.69750833177537,620.4781196506938

122.60199029179186,618.2764511009016,134.50892238427394,617.53492015413

122.43437009951626,615.2251288406819,134.34748397278926,614.5906070976105

122.29579960580709,612.1717553966557,134.2141845712943,611.6454476782551

122.18527594495325,609.116694781664,134.10799012975326,608.6998177403578

122.1003457053391,606.0603039067545,134.0264148765513,605.7540782979927

122.04421288854552,603.0027431486376,133.9726297390981,602.8083943913655

122.01729761277001,599.9443002023573,133.9470209784572,599.8630572446483

122.0187631131457,596.8852647231157,133.94871721619955,596.9183570036054

122.04942199833324,593.8258991700036,133.9784956931616,593.9745624921594

122.10947319283375,590.7664855048558,134.03651965155652,591.0319337511651

122.19863241627435,587.707234194584,134.1224660795968,588.0907583390889

122.31685150206137,584.6485414416028,134.2362607324098,585.1511184003712

122.46516923085237,581.5919062280132,134.3790375597244,582.2121009089806

122.64053706148735,578.5382589821276,134.54789793953012,579.2728724315392

122.8193931614833,575.4859928117738,134.71935898896234,576.3319912188828

123.01094338288465,572.4354075837466,134.902713612266,573.3897140395557

123.20901060017648,569.3857944425145,135.09186568031626,570.445348662173

123.43356180382828,566.3388443833878,135.30686153280857,567.5005902875324

123.68699815252614,563.2951087051259,135.55017862589116,564.5560008719551

123.99520126772582,560.2579311802175,135.84777220760236,561.6149360126311

124.36542297765034,557.2292189307959,136.2069650058478,558.679316304917

124.8085163831311,554.2115527464567,136.63867806646516,555.751739276126

125.27438434278668,551.1994198975767,137.0928803448779,552.8267036001172

125.76196001946452,548.1928987627224,137.56856497624247,549.9043248915946

126.27076194917203,545.1921969125268,138.06532132091527,546.984756319192

126.79934130114461,542.1971886091145,138.58171385898476,544.0681768261419

127.34732667578244,539.2068700013016,139.11706145353162,541.1557782242411

127.91457692781542,536.2204673889258,139.67095813811292,538.2483729188172

128.49323864262752,533.2367043281301,140.2355555411364,535.3445216482488

129.01790539079755,530.2432325352264,140.7454203404888,532.4319063585193

129.559379734742,527.2522311748481,141.2713370862999,529.5226837718625

130.11671816541474,524.2634598093754,141.81234179472824,526.616604072153

130.695409859066,521.2779839542306,142.37390390880168,523.714718804453

131.29573913440015,518.2958982911764,142.95628787086798,520.817108945695

131.9179709774366,515.3172947305769,143.55973906118786,517.923851057256

132.57247888145537,512.3446068093357,144.1946110761228,515.0373643642735

133.26299647020957,509.3790013749976,144.8646194402025,512.1587935366769

133.98614725131222,506.4199898355017,145.56636354834512,509.28765273653

134.73548150751708,503.4662413235775,146.2933937970443,506.42251659959555

135.50934826498627,500.51723106931865,147.04393682296595,503.5632394078044

136.30749099372616,497.57265878595626,147.8174482733027,500.7104579226639

137.1307373034584,494.6330187067433,148.6145993002191,497.8650171039204

137.9634032612482,491.6942524284487,149.41965608648232,495.02279132777306

138.81538442179425,488.75931630260436,150.2424377944542,492.18675721651977

139.6812876536289,485.8267804044185,151.0774792993899,489.3554793109685

140.57416205383572,482.9008565474074,151.93775362993296,486.5331680004151

141.4946713712126,479.982163008975,152.82384672321527,483.72043611879127

142.4421301559587,477.0708630386672,153.7349932498836,480.91743854707323

143.41823412829106,474.16790134189864,154.67280624372754,478.12511077512806

144.4274139137737,471.27526942287375,155.6416347289321,475.3454231679881

145.48053905022027,468.39753320504616,156.65225311934054,472.5829489260732

146.58251482709687,465.53752948375086,157.70951479718045,469.8404089458971

147.71286344293992,462.687946454569,158.79271626330828,467.11081446966676

148.87324560534466,459.85086936081814,159.90417262040128,464.394386631446

150.06227410559882,457.0285280550619,161.04429393804145,461.6890151969642

151.27915707077125,454.2215839714345,162.21308895141564,458.99379872241

152.522686680716,451.4293665969018,163.40936552469472,456.3084160686807

153.79121376698788,448.6512486249076,164.63165441600782,453.632186943646

155.08410769344283,445.8869921939772,165.8794496277023,450.96493395441706

156.40137706436266,443.13670704423055,167.15288938731226,448.3068020887595

157.74091900772595,440.3995073013639,168.4499891145646,445.6569513045668

159.10161197393163,437.6749587861691,169.76973867659575,443.01499367893007

160.4833911065226,434.96316599224104,171.1121775220467,440.38108065871285

161.88414603349028,432.2632062303318,172.47528998642483,437.75434179305626

163.303240361,429.57490821381526,173.85853643404533,435.13464065435176

164.7394504788607,426.8977581986476,175.2607488572421,432.5215629990536

166.19190232668694,424.2315853102764,176.68123209133003,429.9147940068291

167.6591612621046,421.57401896257676,178.1171440005859,427.3147068169742

169.13962334538937,418.9221955333368,179.5650431460837,424.72180948422096

170.61301834954898,416.26471411833774,181.00446126764098,422.124988350832

172.0952380823296,413.61044231332056,182.4512959608158,419.53302327245007

173.5841101189346,410.9581740968489,183.9033251603649,416.9447174173903

175.0895262301767,408.3137220494659,185.37040468623243,414.3658653203914

176.61230766461296,405.6777920697544,186.85331486236788,411.79716062995175

178.15234649948215,403.0505422878708,188.35190697945535,409.23874606726986

179.71573041003933,400.4359290998166,189.87222674526564,406.69456171345786

181.30450635161003,397.8356023383623,191.41627839742173,404.16623943849225

182.9468313217324,395.2679028342865,193.0121754310343,401.6721005171614

184.61932954179923,392.71902633119197,194.6364978811466,399.1983193837693

186.31126722590633,390.1825224469858,196.2784671656351,396.73842248904486

188.02283486385204,387.6587734561025,197.9382284600118,394.2927669617697

189.754325528386,385.14822421726217,199.6160291027314,391.86177041966096

191.50578612367897,382.65114611505817,201.31186995171362,389.44567479316066

193.27710647787492,380.16768423118486,203.02559459419152,387.04459338036185

195.06094286639996,377.69276194600144,204.74981299820723,384.65341533264353

196.86181589179157,375.2295696177821,206.48899952783884,382.27529422479193

198.67851699543544,372.777232704898,208.24189961271023,379.9093160551966

200.51819226319478,370.34112419686295,210.01561367772814,377.5608116190969

202.38101861142448,367.9216016201803,211.81027363221924,375.23009323971553

204.26726360411027,365.5190841246096,213.62610236589333,372.9175324099561

206.18180718292135,363.1377077080949,215.467937569573,370.62721252764777

208.12646962919052,360.779384694272,217.33755272511905,368.36099720084997

210.0971070903592,358.4411554624168,219.230779957506,366.11584893876795

212.09299133353747,356.12261240523384,221.1467875694083,363.8913750943196

214.1138087229493,353.8239618991546,223.08547991973577,361.6874227108298

216.15793365231664,351.5458927612743,225.04708477674077,359.5025184460196

218.22380317342578,349.2887179979021,227.03143007851432,357.335494265499

220.26632061537637,347.0106598575953,228.99334298705762,355.144784304896

222.31686972520993,344.7395423544538,230.96429883468463,352.95823262703436

224.38972909599346,342.48894495312555,232.95861751610286,350.78949019086235

226.48391843817748,340.2585007989785,234.97536905787402,348.63824819214346

228.59880859536395,338.0481744879692,237.01396776174272,346.504532817919

230.75569872037258,335.8803680600511,239.09575405603638,344.4108063253494

232.9395697426098,333.7412578957732,241.20574635156228,342.3433055746463

235.15684875458228,331.6386911166727,243.35040826117572,340.3099356993098

237.39008691974564,329.55531547802536,245.51231781147627,338.2934082528485

239.6384330310904,327.4907740032792,247.69067426473157,336.29340492336496

241.90073964027414,325.4442698076326,249.88428010771875,334.30925607974126

244.17953898582547,323.4195288337772,252.0960010780788,332.34446737372895

246.49975790116082,321.44793663382524,254.35304709035105,330.42851283532525

248.82691841016702,319.4925259703639,256.62264665762893,328.52311405153137

251.15891834802275,317.55034496579816,258.9026478527637,326.6255614016416

253.50158945062176,315.628028251786,261.1990297053019,324.74253940300144

255.85130861705457,313.7211519251745,263.50821655491376,322.8697398397736

258.2060597199722,311.82723777909797,265.8283605915896,321.0046791122006

265.2659186811031,306.1783628819355,272.8194841302945,315.41245996853695

272.20847449356785,300.44201045333534,279.74945574433013,309.68638721846406

279.1025722423181,294.68799273050723,286.6737901166391,303.90762178484357

285.9669103504935,288.9065648318961,293.5774830279486,298.09373433730815

292.8118916628331,283.0975344438475,300.45817049781346,292.2550078933166

299.72333628102797,277.36537118278954,307.40421508439306,286.49384316927325

306.63619959283733,271.6304358821527,314.3499951694287,280.73110936286605

313.53888627240786,265.8755046181539,321.28020107262233,274.9527809257244

320.431045056241,260.09890807918714,328.1902783325424,269.1608724889571

327.31541529070074,254.30769717247952,335.08301167411696,263.3624940462001

334.0891862952025,248.38555932127855,341.85532431529396,257.4416070382956

340.59529346111054,242.15294061638298,348.37008263519243,251.23881529396934

347.50984109465804,236.39550434615526,355.3102409412906,245.52605113416323

354.48415522765464,230.6617051822295,362.305656576666,239.84175429652365

356.83914031834604,228.71655303636464,364.622058690215,237.97464945547134

359.25224842933983,226.7469965996481,366.9021729605503,236.16975835811442

361.6877989894101,224.7206884463851,369.1209069819951,234.3979311314582

364.2254642428595,222.73385717661372,371.31543207656154,232.71132960789967

366.88508147335176,220.81433788529074,373.4937373858849,231.11692333893978

369.72781657003094,219.05884220595587,375.7282448592817,229.7271344941133

372.7419179600449,217.4797847529748,378.01126168275476,228.52748210273677

375.90327681668845,216.14304393007376,380.38138089228835,227.53445226653926

379.14328330021647,215.00202170271527,382.81638378085745,226.67789138591723

382.4550817654989,214.0512135669653,385.2978987631386,225.95650615127124

385.83092006070103,213.3615675210961,387.83676952939396,225.43609309806783

389.22353306630805,212.91144304577648,390.43039282170645,225.09179975364015

392.60676777646114,212.66771609489516,393.06672682434674,224.8990707898694

395.96567392664707,212.6094189531286,395.73035559898466,224.84715670504443

399.2698034275879,212.71064741518123,398.43198462513925,224.92193971592744

402.4996281873644,212.98517153362306,401.1834281078501,225.15419850173708

405.6571760868599,213.3738074898601,403.9849776615601,225.49904367009282

408.7434242310079,213.84367033085766,406.837607530566,225.93438837009407

411.762768358887,214.3581834183102,409.7421169210425,226.4302407312431

414.71463317366744,214.88763322265524,412.7036431358873,226.9613037112825

417.62057890476154,215.4094189271314,415.7072911452609,227.49895696418415

420.52642426204363,215.9066062858454,418.71680749551194,228.01209624529304

423.44912202930044,216.36719527591916,421.72024951971616,228.48448044404176

426.3838124319972,216.80032510099895,424.7192696103948,228.92661460748243

435.2658933792927,217.95168289890057,433.6801545835094,230.08852896662128

444.21562936724507,219.04830541566378,442.59768620756364,231.18090035376503

453.17336187758104,220.23773258354132,451.4891431999283,232.36130497149057

459.1447064687105,221.1107532946877,457.39482652444315,233.22502257436986

462.1351349040358,221.5833476111425,460.3320353771459,233.68981002161277

465.13373907838815,222.07823190706762,463.2540870201933,234.17304518136515

468.138643558581,222.59792314248668,466.16160184044844,234.6771990332329

471.1521161432452,223.1322429998076,469.0557677815484,235.19138573660325

474.1731204187613,223.68284970491857,471.9380524858185,235.71705393017297

477.21066843838076,224.23008928926927,474.80955412797573,236.2322661779994

480.2384976857605,224.80058676598048,477.6875106184563,236.77180495722763

486.120405027785,225.90950777627378,483.6161309509251,237.89058499612207

488.9484293747517,226.4578599271259,486.6713284686794,238.4841815369767

491.6963953664745,227.04764833042353,489.78047834374195,239.13676996774706

494.3915177014952,227.56199604830243,492.97656432165684,239.71993612599996

497.05527463204743,227.9346703176347,496.2703932524386,240.1494794123338

499.625330465065,228.1673195539693,499.72949906543533,240.406876282164

501.993030246852,228.21468241856837,503.4171180255749,240.3715559475022

504.02966084839136,227.7842710801423,507.27031795579785,239.58748002992436

505.74146506295733,227.02399363899718,511.0888795081408,238.04394613337772

507.4427415236994,225.83934939657883,514.4736751826357,235.9518558399184

509.3578311094676,224.21664101106938,517.3406430292463,233.71868591199228

511.44608748870047,222.2726864142677,519.8574678499666,231.56108689915445

515.7245777776592,218.06940081352857,524.3366185536735,227.48935101349505

517.9124064616763,215.9885734608763,526.5260930494178,225.56387786531957

520.1474652477062,213.90474933087705,528.7106978202876,223.68025922124176

522.420122125972,211.83865610627652,530.9339222053017,221.81064341359343

524.689929757044,209.80352580013422,533.209484648722,219.92552830680017

531.4840121866968,203.80207949469514,540.1684465224055,214.24823216335648

538.2670505247196,197.84202152109273,547.1944541530212,208.6282113227149

544.8965220537359,191.6871038795408,554.7429847642451,203.67610956639584

551.8534503261226,185.92963925587435,561.7034826792836,198.02661667346428

558.8645009251095,180.23156036590382,568.6552722528565,192.37655097140726

565.9076650129034,174.57990246880306,575.6483772180679,186.76507894418324

572.9560490164475,168.95598973252356,582.670355102569,181.1622281893596

579.9997481170825,163.34786921311127,589.7108634955525,175.5566463060901

587.0284259843187,157.74380247707504,596.7597177449321,169.93650359987055

594.0321179487968,152.1323273101921,603.8068233711344,164.29025204702629

601.0034358643037,146.50513878162954,610.8446119098635,158.60932210973147

607.9457070357844,140.86658718994553,617.8761080769101,152.8976775462852

612.5437768938792,137.0840630351242,622.5461043588596,149.05542241003647

614.83263877596,135.1843624718729,624.8746004801847,147.12249486898114

617.114550812237,133.27883964000964,627.1985895723268,145.1814512141562

619.3887077807942,131.36642248572653,629.517146039832,143.2312755582623

621.655122808359,129.44745396806155,631.8306138923721,141.27197853352172

623.9157961974967,127.51791988517364,634.134618247659,139.30501774287876

630.6848254243558,121.64730179976557,640.9667960494351,133.37935533122402

637.4031667484868,115.61870222384584,647.6470134013988,127.38405839149438

639.6586363888267,113.6050784612336,649.8672293696251,125.40103663988089

641.9260668222248,111.59372159716438,652.0879946176572,123.42990440584133

644.2067790001821,109.58599556806188,654.3105149394362,121.4718914143927

646.5037515864564,107.58521652017262,656.5376517376038,119.5301253836509

648.8190319788644,105.59350327317989,658.7711940380939,117.60659905848156

651.17844992191,103.64261802629277,661.0148682220428,115.7052049828772

653.5763603006499,101.7253454120478,663.2700945563641,113.82881605851722

656.0464403676591,99.91165461954466,665.555721386916,111.97626376236657

663.4035215718752,94.6664024399374,672.6106527506059,106.41581304643074

665.8155654870628,92.95115256742022,675.0039532237942,104.53174094423068

668.1983413665955,91.23728167869734,677.4049784645954,102.61717054535995

670.5415020366869,89.51143191273924,679.8035563828948,100.65800147151138

672.8545701400612,87.75540935934187,682.1788522564791,98.65939717361132

675.1395412846525,85.94038723385542,684.500271154704,96.62069589593256

677.4000571133993,84.07120708875922,686.7605750433942,94.53699723956774

679.579376115145,82.0874509127308,688.8504057370692,92.28948979607685

681.7509590480563,80.07523462647225,690.9052063340814,90.02818528707614

688.3295582702564,73.96004663243139,696.979130006252,83.29738392287831

690.6311317225963,71.98172867083461,699.134691186369,81.24923252895087

692.9897071965772,70.02806637781165,701.3565194221978,79.31496323204694

695.3909665457828,68.12842215069207,703.6720019933215,77.4918858216105

697.7456825224931,66.2589551553597,706.0180374930295,75.6300886642497

700.0172135489044,64.3988024774572,708.3870225717013,73.68299856122805

702.113844681518,62.42811368403267,710.6684088891882,71.54235699968145

704.1279071014122,60.39577162221532,712.8909818160496,69.30972257258985

706.0761631229301,58.28552232536868,715.029852205437,67.0079905433559

708.0130153608025,56.15840585289763,717.144950962657,64.69408111403432

709.9284582270209,54.00352891435157,719.2257546611166,62.35878348956046

711.8635264331987,51.85774851511061,721.3143542532448,60.0389375189071

713.7631101455739,49.67256963662048,723.3562053561737,57.68646533598965

715.6275604356938,47.4516548284217,725.3524977250315,55.30503592947936

717.451990567207,45.194236135584546,727.2997335078867,52.89306455127819

719.2367996941149,42.9017544760342,729.1991929702551,50.451636608327135

720.9614427493068,40.55937399221637,731.0305005948047,47.96640268826023

722.6574042551364,38.19135614123433,732.8254172044718,45.46194845975614

724.3266465873725,35.798881351286894,734.5861622158728,42.93977338719937

725.9796688582148,33.388951994046394,736.323500194461,40.40715356476889

727.6170847496031,30.961491060026777,738.0383055816816,37.86425546054439

729.2693473851309,28.53591859455878,739.7612894653362,35.33070714061512

730.8990481525958,26.087149714993433,741.4552832699845,32.781617591263256

732.5077758283276,23.61659566209597,743.1221379664422,30.21851329267565

734.0417769662072,21.091718444958232,744.7082256634288,27.609146786684633

735.5451017191214,18.541439714052387,746.2581606039375,24.981965261743486

737.0225763921046,15.967732611730309,747.7756412686585,22.341239947618643

738.4802853401061,13.382934823951299,749.2742737446256,19.68688710193515

739.9058933335418,10.799281612283124,750.7571514366173,17.004134356743737

741.3061899931391,8.229021689688246,752.2352509063636,14.295785864685438

742.6731006466855,5.668169371338603,753.6980984470672,11.558791027970301

744.0464218370125,3.1384837322552737,755.1842454573338,8.812889868813974

745.3640441342274,0.6054232780234132,756.6287993268433,6.023475552635718

746.6174455218671,-1.932736231389868,758.0225797978778,3.183210616082968

747.8085459572886,-4.490437973112802,759.3537986517556,0.3009230256956723

748.9302946122092,-7.101024067927947,760.5932938792339,-2.603864064394421

749.9464358679077,-9.784945716767762,761.7010784595612,-5.533078180909607

750.9067930115225,-12.518448071940558,762.7312152737677,-8.46467968140325

751.8202505197921,-15.295674491468539,763.6956688386975,-11.393823680506527

752.7014242174937,-18.115502412140557,764.607713629293,-14.308893364382033

755.2551139403394,-26.711132518542485,767.1881563969803,-22.98923814497359

757.7884184990315,-35.35046062399837,769.7228206460887,-31.632928459737073

760.3931186207734,-43.960541213513814,772.3305145260597,-40.252633582456525

763.0748273549,-52.55093526750964,775.0116413098735,-48.84115459955252

765.8078132550818,-61.12897950544345,777.7418336587162,-57.41022205091138

768.6624269828367,-69.67141021701329,780.5928852301921,-65.941240514693

771.5078413795544,-78.21552819016713,783.4359909481522,-74.47798248888657

774.0127866442866,-86.86514086542549,785.9398948339149,-83.12427328785712

776.5567258936136,-95.50107814350488,788.4840611191322,-91.76093450747932

779.2677508958262,-104.08278272930993,791.1965810191556,-100.34740967046417

781.9714456624037,-112.66468998826824,793.9030339991143,-108.9381366526413

784.6643969606075,-121.24759887894382,796.5999965847927,-117.53391316106868

787.3462078863216,-129.83135454201332,799.2870649835556,-126.13460843449695

790.0067603385012,-138.41885569963955,801.9540830992523,-134.74305934368627

792.650379304034,-147.008005187423,804.6056480390664,-143.35813539890214

795.273146016392,-155.5993864747447,807.2381726650076,-151.98163340164535

797.8713114645125,-164.19423187248165,809.8478910241895,-160.61491042132243

800.4483310988289,-172.7917420448712,812.4381887085475,-169.25715373805633

803.0170931692754,-181.38851100180116,815.0218861899565,-177.90498627379822

805.5243352139235,-190.000393176504,817.5099564615109,-186.58443165199606

807.9800280407896,-198.6245170634851,819.9365316358927,-195.28530988488885

810.3875614634054,-207.2602365946736,822.3166664993373,-204.00328419827173

812.7411338867538,-215.90903141544123,824.6540697523458,-212.73803990150185

815.0181256103483,-224.579571718525,826.9899621834046,-221.47663097845586

817.2378788494714,-233.27051935254465,829.2698379148275,-230.22816663420247

819.4066099873274,-241.9799625503051,831.4972458068867,-238.98879828832924

821.5318570592093,-250.70411001137163,833.6781868253365,-247.75565296812832

823.6223657602345,-259.43931710969,835.8213013912874,-256.52482187522264

825.6847774504113,-268.18229333203425,837.9356950888745,-265.29252841388825

827.7286820088666,-276.92943646381934,840.0279061979555,-274.0552293586621

829.7497898946395,-285.67910749320714,842.0888832991715,-282.8143629381309

831.6917029523682,-294.4464972578238,844.0206469814117,-291.58684063772057

833.6230517562432,-303.1970342484792,845.938917314436,-300.3643480466345

834.2639532687317,-306.10336685208216,846.5819236546538,-303.3073770615021

834.8921680817667,-309.0062160400058,847.2181528146665,-306.2736753331733

835.4953285045252,-311.9159776111243,847.8326837526729,-309.2666509224503

836.1091656969375,-314.8259591968595,848.44605072777,-312.28890369826615

836.7379790681456,-317.7511082525997,849.0545685864669,-315.33512460058495

837.3860985786391,-320.6554882741539,849.6676276432764,-318.4481423995342

837.9473586120967,-323.2854944669005,850.2756808127126,-321.8475330215906

838.4156351142691,-325.39991844024127,850.8231113013178,-325.70838767074343

838.473546014718,-326.9428744240025,850.5241907866794,-330.1623064274472

838.1157756389305,-328.11737544283994,848.8139845587165,-334.78252998466263

837.1187777275602,-328.920718394505,845.137791343811,-338.1862851280789

835.5655394527798,-329.6741609150064,841.1746678302583,-340.2381223772329

833.2666829322757,-330.60621668733023,837.77559242572,-341.6060265463902

830.6606833577144,-331.5729521804174,834.6828350709914,-342.702044968162

827.9632478708011,-332.51430189276255,831.6911531912504,-343.69939794702606

825.1457532863735,-333.5252722184208,828.8551727562725,-344.67076837762096

822.2506568256068,-334.58231438114757,826.1122645975742,-345.6297569424231

819.3585502271138,-335.6501992467434,823.3681827862889,-346.5974390915408

816.4988084305637,-336.72593900483844,820.5986024792049,-347.5920638301389

813.6616914295377,-337.80472791394084,817.8109455860771,-348.6041731554292

810.8396593110265,-338.8901970754268,815.0175399156968,-349.63548935508044

802.4143347750912,-342.1719493366648,806.6569623718556,-352.860733695757

794.0479488778956,-345.48593267109584,798.2863773661213,-356.17638279960755

785.6932454336746,-348.7908692677866,789.9016542701276,-359.4931725276118

777.3238220817487,-352.07534440572744,781.5138574607182,-362.78485436290964

768.9443435501089,-355.3457739262388,773.1239877912215,-366.0593435469457

760.5572192135232,-358.6098132887142,764.7354521916161,-369.3239333730131

752.1654036548342,-361.8747093926195,756.3509426142663,-372.5859774603636

743.7718086400844,-365.1481364449795,747.973432596409,-375.85310520390817

735.3793048635442,-368.43757149866934,739.605766307067,-379.13275843796197

726.9907756577556,-371.75051325862495,731.2507766387832,-382.4323853624111

718.6091735753599,-375.0948311441083,722.9114939232304,-385.7597286881216

710.2434038214111,-378.4760374921151,714.5855006545238,-389.12480244829067

701.9060667906228,-381.9062143469003,706.2734972729205,-392.54461417874984

693.5856840251861,-385.35663082266046,697.9647308767329,-395.99025431947274

685.2773376558717,-388.8097158196218,689.6512818462131,-399.4454392186097

676.9700001454636,-392.2560521965002,681.3350306789279,-402.8954369739168

668.6332375943172,-395.7080324919549,673.0436879477527,-406.32866936927445

665.8459477647503,-396.86869914955116,670.2914101456867,-407.47472876574966

663.0566154106822,-398.0384359289501,667.5455286173574,-408.62614853474633

660.2655886995983,-399.22121670736294,664.8081273141688,-409.78603298286606

654.7386633492431,-401.61152467130563,659.3086699487876,-412.16448822094986

652.0193981312432,-402.8125001333716,656.5340080481536,-413.3892811795186

649.319992145882,-403.99212695520174,653.7321508717854,-414.6120542326098

646.6346561939282,-405.13606256971764,650.8967032952345,-415.81711844010084

643.9552313518957,-406.22420867269744,648.0189118625797,-416.98229868473425

641.277744511672,-407.24325979325357,645.0920234319777,-418.0922816993109

638.5996615268677,-408.17143277204826,642.1034113605274,-419.1246851248031

635.9220140315256,-409.0017615403378,639.0473802811749,-420.06892404052513

633.2398154498819,-409.7219845233231,635.919256662576,-420.9054810600828

630.5425318370674,-410.2905372242813,632.7099208141266,-421.58444819533656

627.8439198509299,-410.7186016318369,629.4337778709126,-422.1081736815803

625.1627952257622,-410.98900081777106,626.1009131121507,-422.45067324509324

622.5118567274397,-411.1200326107813,622.7310123092773,-422.61794419641063

619.8674698719333,-411.0981808440917,619.3640180495738,-422.5871553963554

617.2149813213853,-410.905362790235,616.0286388233474,-422.34400744234955

614.5672095385663,-410.5254201253201,612.7348741994177,-421.87850548591297

611.9439047854895,-409.9224355646491,609.5044666227772,-421.1607246448562

609.3400298360298,-409.1905503940202,606.3313262905903,-420.2899964601831

606.7610360970448,-408.3331860549775,603.2199355411706,-419.2744203022271

604.1446069107595,-407.54173918086957,600.104052682611,-418.308536361526

601.5528880079595,-406.6333809061533,597.035621442251,-417.20902758965843

599.0051010836603,-405.58570990620245,594.0281814409398,-415.9529791160717

596.5215062558888,-404.37759236555604,591.1025527191707,-414.5208138738783

594.1049100280557,-403.02814142650976,588.2610223407405,-412.93263417970246

591.7461125170099,-401.5701765665627,585.4940077886984,-411.2221808385377

589.4529485628622,-400.003393234305,582.8088285343854,-409.38985524334726

587.2436813072819,-398.31553565081055,580.2232112083884,-407.42393834231154

585.1033751209162,-396.53947845218886,577.7216772799627,-405.3576719738158

583.0358297011378,-394.6793236398811,575.3074869633049,-403.19535079616617

581.0290166049233,-392.75532247638523,572.9681763320984,-400.95732553027426

579.0982862095964,-390.75738361742503,570.7184998669836,-398.6332442594222

577.2445823549072,-388.69105446136234,568.5596922303467,-396.229136679295

575.4586488809973,-386.5722826750843,566.4800038692338,-393.7579582698167

573.7429962345764,-384.3896188457149,564.49463230606,-391.22465832224435

572.093068805707,-382.1224792394276,562.6213618823244,-388.64450100859915

570.4992225249275,-379.771464821062,560.8528174099115,-386.03220506140036

568.9606511126831,-377.3403746774406,559.1827995987949,-383.3937720518374

567.4591363586485,-374.8454106695362,557.5875332916404,-380.744686293495

565.9741875328516,-372.2924436229115,556.0515048186274,-378.1053919069441

561.5467190446308,-364.467079519852,551.6050574527661,-370.24750898424685

557.0350292148553,-356.6611919471837,547.1073847382834,-362.4656622198952

552.4892841544344,-348.90942891413465,542.5489327271705,-354.6921111207315

547.9686954804077,-341.1429108113832,538.0155247630239,-346.90350042275236

543.4806305876443,-333.3491280325947,533.5214007163997,-339.09923588999266

539.0078706430505,-325.53835220346997,529.0490996593405,-331.28925478428414

534.5324113330868,-317.72064612446144,524.580850254132,-323.48401598000873

530.037073357881,-309.90731678460804,520.0982621886791,-315.6926458627977

525.5133767220061,-302.10614000691857,515.5906385825019,-307.9189936791547

520.9584362229323,-294.31990058025355,511.05455255378877,-300.16482044865825

516.3715868393147,-286.5492443235069,506.4895183496544,-292.4309721619627

511.74412311670056,-278.799787181947,501.8868629029297,-284.72299755116495

507.0604876284162,-271.0814742278175,497.23104755870077,-277.05073782694535

502.3389235391041,-263.3835852465839,492.5405784859524,-269.40375419931087

497.5795166587688,-255.7071785834183,487.8148720666337,-261.7818568456218

492.7792058956302,-248.05113559809902,483.0537511512789,-254.188360542288

487.941583209329,-240.4298154822063,478.24597705827597,-246.6140875787155

483.1071485728539,-232.8472821811153,473.4013206755983,-239.01549949480122

479.9376583023286,-227.79284297350014,470.188935810638,-233.89304049325355

478.35474719739005,-225.23421586294134,468.60891498991003,-231.33902991282406

476.7194545514201,-222.59919476715078,467.0743377761047,-228.86191960467394

474.9706587042109,-219.90143626431728,465.55712885376,-226.50715013600976

473.05115159959684,-217.1865061738887,464.0108264080359,-224.29442573103256

470.7778133419517,-214.5025140511352,462.3865019769761,-222.36609425203807

468.0198647659414,-211.9121444765679,460.7650538739693,-220.8350206340478

464.62895212181866,-209.62909907970698,459.17317396140714,-219.75256116855664

460.66425864646976,-207.979985882429,457.46787103412856,-219.0268454466523

456.4375170001093,-207.16816188995878,455.5149306995981,-218.63109495781313

452.1405273202401,-207.29052131227533,453.52886584745715,-218.70641007022337

447.88316666114514,-208.3531506649864,451.84496341313377,-219.14917616032184

444.1329195853092,-210.310309361541,450.36192507782175,-219.97723703139806

441.1210871750537,-212.69002120451384,448.7545014948489,-221.29124122392648

438.6867415723312,-215.12442264227144,446.9667758915915,-223.10508875932405

436.61055028723155,-217.5276154801726,445.1143842772536,-225.26937286917325

434.6126574511954,-219.90585524195538,443.2426631392232,-227.5067105770218

432.62749060366195,-222.27629605935658,441.3628211121381,-229.755868300313

430.64689348481,-224.616932931482,439.4517024867697,-232.0145905633956

428.6788029677853,-226.93838001697696,437.5228910515472,-234.2890334550504

424.75784489458124,-231.49152158682716,433.58784918717834,-238.85908727657275

422.8091179737663,-233.73961371113697,431.6039765015148,-241.14909840825928

420.8604520116648,-235.9873175452801,429.6261867058011,-243.4312342073616

415.02359922005246,-242.75373144613098,423.7422645466532,-250.25272303985412

409.1956863495638,-249.577898677036,417.9284353021049,-257.06048484305455

405.31250268211534,-254.17252135175937,414.08851183656475,-261.6043221645517

403.37265851716114,-256.48770451216797,412.1801841931316,-263.88212750974674

401.4329561552289,-258.8155246746331,410.278406557216,-266.1645387027859

399.4972896039048,-261.1603689263139,408.3867980454562,-268.45602788679076

397.56058483909413,-263.5197029210575,406.5003832432669,-270.7536509781526

391.85391157651,-270.58233887655473,400.8082745958258,-277.7982506635923

389.97355786007535,-272.887201479801,398.86736529403674,-280.1776191171941

388.09326388457345,-275.1513021478866,396.89222820508775,-282.5559106376257

386.21227361502554,-277.3701775495008,394.88010115146545,-284.92787334905074

384.3334728204647,-279.5439149304558,392.83119870400265,-287.29237637826907

382.4811858776796,-281.69605049186976,390.7666112539116,-289.67111954078024

380.61666928320915,-283.7952195291341,388.6439336560554,-292.0300860543689

378.70451538547184,-285.80924852814223,386.4239506603358,-294.33335077044234

376.6835662638321,-287.6679550423224,384.0416905626135,-296.50582847452785

374.50608419467034,-289.29547876558007,381.4467952510704,-298.4648042604878

372.2692491278446,-290.7958924742025,378.7326472392313,-300.307700128572

369.96417910960855,-292.1667284867555,375.89825273002987,-302.0174528391786

367.5705474448306,-293.40712860013565,372.9597815658661,-303.566171645062

365.1028649108161,-294.54454274215396,369.95323964028273,-304.971616396049

362.5787746322415,-295.58899230328154,366.89185457448684,-306.2495430119364

360.02855348884236,-296.6011723166637,363.8049907083671,-307.46342447388173

357.43651505320173,-297.52770616230913,360.6744509840943,-308.5624590325566

354.79046035873665,-298.28141517438877,357.4852335247152,-309.461227229335

352.11572657000795,-298.8831023452638,354.2602499270136,-310.18137741587776

349.4213790208824,-299.314646767677,351.010623355474,-310.70430446424405

346.71906444789335,-299.6202979858422,347.7515299862143,-311.07385703585715

344.0101784109001,-299.79806854427585,344.4863466685651,-311.28820621927315

341.2963043218973,-299.90026724367135,341.21873563321105,-311.4000056362843

338.57544241904185,-299.86655308447143,337.94856521362124,-311.3494545022022

335.85155949309734,-299.69276242952907,334.6816635501637,-311.13310086345257

333.1405652138936,-299.30333227625084,331.4351270467456,-310.6761718802387

330.45158826007764,-298.74858570140793,328.21640581286147,-310.02927537126664

327.79327296421184,-298.0589935478606,325.0317289234523,-309.2224999195588

325.162095971821,-297.2867017020388,321.8763281487947,-308.3073064864036

322.5531469007867,-296.45841445296014,318.74391970109855,-307.3092111122454

319.9748204434612,-295.5519169135419,315.6426205386536,-306.20471203899064

317.44437512743923,-294.53877352737936,312.5868486221358,-304.96251739655975

315.0011925066594,-293.3476272270332,309.62522399208257,-303.5136964049543

312.623345562956,-292.0010445107336,306.7767828844504,-301.90395846806484

310.3115004885712,-290.4847966332853,304.0643040714665,-300.1399785024225

308.05185905080197,-288.83598740082084,301.467647574589,-298.26456943824866

305.8251570854131,-287.08785587314344,298.9648567259293,-296.3174971975757

303.52461612265745,-285.3824216955436,296.4446726838776,-294.44467312130297

301.2354825018926,-283.60296575653604,293.9910383317463,-292.53426066072734

298.96105988933454,-281.76652461010406,291.59190974841164,-290.5952066295527

296.7127338436791,-279.8865784233148,289.23427139247843,-288.6228590601752

294.48708617746394,-277.9735414628993,286.90845788713204,-286.6230728511874

292.2738059363547,-276.0377595789674,284.60531603196034,-284.6077223902171

290.07452785089083,-274.0774873839505,282.32590695581445,-282.57506787632514

287.88642865935407,-272.0956919954817,280.06729794738806,-280.52843739121073

285.7198016927689,-270.0814858529,277.83957669024346,-278.4571681480669

283.566748974395,-268.043777868283,275.6346385816782,-276.37033926646853

281.42017874770846,-265.9900707375485,273.4453812950756,-274.27575752800107

279.27889324937763,-263.92223580427174,271.2699343394551,-272.1749067161143

272.8656987092888,-257.6513759893729,264.81020252418097,-265.85862773473286

266.44929785110696,-251.32925609696443,258.4024243081335,-259.54496216421114

260.0240999953302,-245.0102234752144,251.9924505682491,-253.2408132159601

253.5934366273294,-238.70225412970913,245.57186447881247,-246.94266554335454

247.15725056021842,-232.40262530918784,239.14329579929978,-240.6504449659183

240.71743930274292,-226.10989560313618,232.70800795431563,-234.36210800193143

234.27423734682606,-219.82198649622188,226.2679867947405,-228.07728492191367

227.82825727680404,-213.5369950211688,219.8251048372431,-221.79529696703815

221.3783316930048,-207.25619049451706,213.37813398784348,-215.5173548602909

214.92429726663082,-200.9797309971578,206.92127568671748,-209.24947222361857

208.4659136728881,-194.70787539062457,200.44114023237094,-203.0055071239969

202.0041506270554,-188.43962547282445,193.9588740492819,-196.76362363817722

195.53991109020745,-182.17405108292942,187.47333102922371,-190.52500736879566

189.07338028781976,-175.91096297339584,180.98538392568852,-184.28875596921915

182.60481658601876,-169.65009589370817,174.4952766663263,-178.05461674334364

176.13422963091796,-163.39144202566507,168.00371632345363,-171.82185639075442

169.6626950268196,-157.13388786676322,161.5097175130089,-165.59149605371056

163.1889128986968,-150.87878337335795,155.01402863019436,-159.36275951582203

156.7146160259231,-144.6243323389455,148.51770782026264,-153.13454772438118

150.23756190137738,-138.3728646381083,142.01903944516852,-146.90864098150504

143.76040388404286,-132.12162698107636,135.5197386796578,-140.68325780974862

137.28257707996468,-125.87120716268869,129.01936770578314,-134.45885201285768

130.80472804443502,-119.62093455420089,122.5184199058177,-128.23491007842713

124.32593601290398,-113.37176772259865,116.01695035089101,-122.01137385324081

117.84693429234979,-107.12294602808211,109.51569529632843,-115.78747686279794

111.36788996557863,-100.87429730821844,103.01384758966712,-109.56405766965307

104.88881473344087,-94.62581109369111,96.51156829695486,-103.34094829618867

98.4102349490443,-88.37694158316545,90.00963193720051,-97.11734248346455

91.93185874825757,-82.12799429562115,83.50790222612716,-90.89338149692962

85.45320751149248,-75.87946932404006,77.00589435913251,-84.66956947136423

78.97483593905748,-69.63079161553271,70.50404290618138,-78.4454539946618

72.49699264255163,-63.38170462911248,64.00229122704322,-72.22109381799751

66.0194377936113,-57.13246014944458,57.500688446251566,-65.99643767383051

59.54232281811495,-50.88290285985231,50.999794984204165,-59.770902337353384

53.06525885487273,-44.63343956386296,44.49839989021184,-53.54574762314919

46.58953365257015,-38.38273283822022,37.9984631615227,-47.318934335787375

40.1138902442776,-32.13209254536167,31.498196427850512,-41.09232276449883

33.63910613108393,-25.88071215743461,24.99891089851832,-34.86454892692678

27.16490906184506,-19.628876966344265,18.49992927757157,-28.63631699742392

20.691474580312597,-13.376406511933123,12.00156013093415,-22.407305813920058

14.218882286062321,-7.123220069712632,5.503880972484589,-16.17743445962067

7.748180882183375,-0.8682303777153937,-0.9938574135298683,-9.947480583720612

