-3.8021331224861097,3.966617261555892,6.424371684035132,-6.6973043642906696

-10.332858145754821,-2.2277032142391127,-0.10561903129699957,-12.883447779199559

-16.872671839957533,-8.412332821252393,-6.651613978074232,-19.053230770782914

-23.41091932251109,-14.59838509914048,-13.196177945030225,-25.22483531239764

-29.946889577492747,-20.786601354118286,-19.738456025653484,-31.39915042955596

-36.481084001746524,-26.97646070200394,-26.279222166789918,-37.575369967164534

-42.95779862187986,-33.225801320333076,-32.73610805079426,-43.83901625512898

-49.42925751154625,-39.480334026105865,-39.186791934607164,-50.10933864108813

-55.89872676829445,-45.73667405443988,-45.635872168021805,-56.38157123738851

-62.36571284808385,-51.99534128486872,-52.0823114294396,-62.65680060779648

-68.83009200224372,-58.25647132884815,-58.52709281810254,-68.93401754663645

-75.29164167583345,-64.5203021590755,-64.96860633920589,-75.21490073520563

-81.75031202996064,-70.78689228034587,-71.4077849463786,-81.4984935963931

-88.20529058629188,-77.05709190119504,-77.84434472142158,-87.78509924329549

-94.6578453360009,-83.32959059029217,-84.27764231544843,-94.07539963802175

-101.10715745565082,-89.60526408060244,-90.70863775771363,-100.36839213197756

-107.55157487855692,-95.8857590073718,-97.13450402194273,-106.66708908506087

-113.99662799317242,-102.16562920641204,-103.5614684216347,-112.9647772434542

-120.44504690888989,-108.44104749826776,-109.99233463451506,-119.25964288289384

-126.90040496715338,-114.69397749941868,-116.4465778484624,-125.54673798239749

-133.3672988769359,-120.90727876346662,-122.94035906204874,-131.8218726055256

-139.85562253322166,-127.07082474939489,-129.48380073849958,-138.07352376285482

-144.20624838310172,-131.13793699252224,-133.9878163648561,-142.10599827984834

-146.3865021050826,-133.16168201974804,-136.26668025214778,-144.09717560484057

-148.57187798759705,-135.1768236349299,-138.55376386539638,-146.08189412624637

-150.76311120971732,-137.18345263469635,-140.84856796832847,-148.05969081302845

-152.96050694826715,-139.18275780270847,-143.15014508920552,-150.02990762902888

-155.16485066507124,-141.17419146741614,-145.45878222375268,-151.9917450331737

-157.37636292094703,-143.15734228703664,-147.77461714432513,-153.94504887921468

-159.59557208376265,-145.13155754607675,-150.09805103415707,-155.889247368842

-161.82243550905608,-147.09678809685133,-152.4288855215618,-157.8244705091182

-164.06665964647138,-149.0417693247389,-154.72143515361506,-159.803229143649

-166.32432160947292,-150.9706861405796,-156.99487477983126,-161.80449152896244

-168.5990269226092,-152.8790528485635,-159.2357889636756,-163.84468711720254

-170.88198626371957,-154.77687430208772,-161.48444287221133,-165.87741020397772

-173.17307857478372,-156.66417709386084,-163.74320119293455,-167.89980953139965

-175.47254954547213,-158.54055846790135,-166.01129320451548,-169.9127007845776

-177.78014322352846,-160.40619135861164,-168.2886961652619,-171.91604888374417

-180.09585657960648,-162.26104610849933,-170.57600904287267,-173.90896427095166

-182.41957042780794,-164.10549186477476,-172.87234089950573,-175.89211393055973

-184.75137978197003,-165.93950954785436,-175.17743711678878,-177.86553878680422

-187.09115292421808,-167.76314812596937,-177.49169411207131,-179.8286841610269

-189.43881439064265,-169.57642334131572,-179.8149353807247,-181.7816661584867

-191.7728491131144,-171.4067778178177,-182.1754232154305,-183.68822399057183

-194.1085823958992,-173.23507925038027,-184.55268350958173,-185.57371514066224

-196.43923400706853,-175.07029236050423,-186.9556662514133,-187.42609524744668

-198.7779130282605,-176.8955558473509,-189.36656243373258,-189.2680683236668

-201.12458979711093,-178.71082037304464,-191.78534097543343,-191.09958764499876

-203.47904697073741,-180.51628668501274,-194.21211868458465,-192.92040741003746

-205.84136123088373,-182.3117663306503,-196.64655161387387,-194.73089583673482

-208.21139158406106,-184.09736125590285,-199.08832485982086,-196.53139561984787

-210.59130689832904,-185.87000098592486,-201.54010896838625,-198.31815653843685

-212.98027768671375,-187.6306650693414,-204.00098016348107,-200.0922805469586

-215.37357343749858,-189.38583384824713,-206.465577993186,-201.86112509556315

-217.7730341618198,-191.13293990169294,-208.93623080511804,-203.62145151918975

-220.17658071058406,-192.8749100206861,-211.41095350364586,-205.3760528132035

-222.58987861258183,-194.60363179301658,-213.895478197806,-207.1167173157303

-225.01209541369778,-196.32013150973256,-216.38890617571244,-208.8445615198896

-227.44130560599015,-198.0270775547375,-218.88887933453128,-210.5628837473563

-229.8852730785118,-199.71290395193853,-221.39837695521294,-212.26721110191

-232.35630673419175,-201.3588368038467,-223.92122533076827,-213.95163691416585

-234.84462177190466,-202.97868700095174,-226.45684921072714,-215.61668608427482

-237.3463427506989,-204.57785823463826,-229.00304962916383,-217.26531531881164

-239.85403129335745,-206.16722271108617,-231.55551393846247,-218.90406758055815

-242.36924816965742,-207.74490506221503,-234.11532960624115,-220.53051208437924

-244.89143025633194,-209.30747881378082,-236.68600040860116,-222.14350369701268

-247.41675538234745,-210.8530611635737,-239.27036446866197,-223.74624502642857

-249.94523999949624,-212.37921101899875,-241.8704305001784,-225.33715732682458

-252.4763691590062,-213.88682926845473,-244.4857975647781,-226.91596178950877

-255.01125209014086,-215.3733506256253,-247.11789665187757,-228.48054435031676

-257.54987656468035,-216.83990404078367,-249.76574950045202,-230.03109906112005

-260.09047396431026,-218.2848111872247,-252.4318317178075,-231.56840803093098

-262.64900455856264,-219.71187777150942,-255.10514144908763,-233.08031634014185

-270.6976442131581,-223.7660044797812,-262.8167194520204,-237.72729991852495

-273.4580550458016,-225.14521155185477,-265.29978132273317,-239.26232483959936

-276.2396876503314,-226.57517088905217,-267.7297759247739,-240.80147785101997

-279.03975114377994,-228.06813067671288,-270.10074914537563,-242.3503089111322

-281.7822111576438,-229.61162765343389,-272.45771957055655,-243.96929648458988

-286.94905949773215,-232.67111791564307,-277.334207347307,-247.4829782896183

-289.3719379433719,-234.0809802942956,-279.9502587892834,-249.33568973173425

-291.6288395310525,-235.2638532247099,-282.8393156775459,-251.20454684651347

-293.6363971724127,-236.25805500882652,-286.07496713922785,-253.03613428982953

-295.3765107954304,-237.3028690112425,-289.6791016600142,-254.75822751933504

-297.1695948301495,-237.9097404614194,-293.66976289324725,-255.99661276606028

-298.94928870331256,-238.13303961613346,-297.9344577033704,-256.65662656597317

-300.58793870566217,-237.6594487645614,-302.41842734543883,-256.73197938550084

-302.03981904542263,-237.07870234064373,-306.9610365767566,-255.96202810383394

-303.4060220742662,-236.67344506336207,-311.2572001883793,-254.11778931857518

-304.58190060651583,-236.2709579003602,-315.38376873503773,-251.67140864639228

-305.62883800782026,-235.78100639185936,-319.10794169609494,-248.4995464074936

-306.4596171002152,-234.9114585891491,-322.0335530648105,-244.65940672291063

-307.111124877042,-233.83308873042756,-324.1167952744062,-240.36363496750977

-307.50958128088695,-232.59657544997776,-325.29049483696286,-235.78394947496668

-307.4747884118925,-231.03073194908524,-325.68037035425465,-231.32789787806968

-307.1078064772803,-229.10114396142777,-325.49148156073056,-227.21100423154533

-306.61137217300995,-226.8879714254009,-324.868498846902,-223.4427483379575

-306.00546339971726,-224.46806099123546,-324.0542801839831,-219.98986997528726

-305.3903365606971,-221.84808222164654,-323.1597093652244,-216.78536780966365

-304.68671391686286,-219.01861573077358,-322.2912217957687,-213.8153068931273

-303.95809182453775,-216.06380301965322,-321.47179061485275,-210.97372007140555

-302.4590064105985,-210.29301996284724,-319.72607927238766,-205.21149127863447

-301.69681806674305,-207.4969630859966,-318.7929416288206,-202.26087070702175

-300.9182999072337,-204.7192195322968,-317.8089475057657,-199.3084744995374

-300.11009935266577,-201.9467596286741,-316.7833329391588,-196.37025982378884

-299.2766216194305,-199.1808914813266,-315.72473920284324,-193.44160988471353

-298.3958990039057,-196.4291951572985,-314.61854070739497,-190.52900755446717

-297.459396887211,-193.69625656412984,-313.45751428138755,-187.6361489978037

-296.40392291518765,-191.00852649853584,-312.19146863970315,-184.78434750464228

-295.2772308134704,-188.35103808907374,-310.85857701371,-181.96181811181035

-294.10743613351383,-185.71425832168336,-309.479838255451,-179.1617801295208

-292.95527531853037,-183.07241697331796,-308.1128459562858,-176.35990918756656

-291.85639007253303,-180.40715337785394,-306.7910876779422,-173.53905761645584

-290.745013372891,-177.74586526621883,-305.452132092102,-170.7253823874274

-289.6054736936148,-175.09559126459885,-304.0821332895807,-167.9252053376472

-288.4164172808588,-172.46733412287287,-302.6783584143942,-165.14008808663388

-287.18105194395065,-169.8556460319892,-301.24365752404503,-162.3738533873181

-285.8952295007002,-167.25916594391708,-299.78856229873026,-159.62614711743103

-284.57180114194995,-164.67235390943412,-298.3016199783623,-156.90360355518192

-283.21234468087056,-162.09553753969084,-296.78421780210937,-154.20636024926964

-281.7601327893147,-159.56382369948273,-295.15428337591493,-151.58438349949068

-280.25764580222847,-157.05516906523619,-293.47252343003714,-149.00510769906344

-278.68945469932316,-154.58073469658584,-291.71704034329565,-146.48432361296068

-277.09117702631943,-152.11791678327455,-289.940027188163,-143.99232598871248

-275.47005102587065,-149.66045213652185,-288.1495759935966,-141.52300427408412

-273.899109089958,-147.15845845607092,-286.4150349250471,-139.0305907959314

-272.3218426807321,-144.65087654899392,-284.6806011531824,-136.54430815969246

-267.57088604990264,-137.02156151282296,-279.5455372180365,-129.11048399975027

-266.008569303328,-134.38147944023734,-277.963381152295,-126.61420897642385

-264.4499492005928,-131.66864697239942,-276.4593800748371,-124.14654229324755

-262.9285132821093,-128.88056652930254,-275.05785485361105,-121.68954521744162

-261.376693088215,-126.05824257850138,-273.6519028225021,-119.31208569961919

-259.86648563796155,-123.15781642672886,-272.31302894182494,-116.96505379542602

-258.25166456291464,-120.23784839867578,-270.8368157860549,-114.72738687626769

-256.904479620634,-117.14934418043006,-269.6368139362715,-112.36169963834375

-256.000645249437,-113.89643559355488,-268.894983219833,-109.81673738523513

-255.06055169985032,-110.66115648681962,-268.1897102304295,-107.27023717973519

-254.18771541953168,-107.39596682358373,-267.5721579623713,-104.7049697010702

-253.61750474317137,-104.05800523557481,-267.1491872047073,-102.10654056563676

-253.2453175160896,-100.68552159045521,-266.87703546578194,-99.49807410174564

-253.0861358726478,-97.29283368018197,-266.7616093969693,-96.88596454512157

-253.13591676675125,-93.907069461625,-266.7616626138501,-94.26442866852159

-253.3739702116193,-90.54626310892994,-266.8904061658961,-91.62858367815939

-253.73804989858363,-87.21019640402079,-267.1178131103661,-88.98133607701205

-254.24563762181992,-83.90349959959293,-267.46860339001967,-86.32941270772851

-254.87632263187032,-80.62651328350971,-267.9314125427774,-83.67810677202829

-255.70015845387937,-77.40329378673323,-268.5735969750517,-81.0532693380274

-256.68877417011527,-74.23593995992792,-269.3615364982368,-78.46534653791625

-257.88964675081377,-71.14635963726752,-270.3525917558686,-75.95405288767148

-259.18867021681865,-68.100091864134,-271.4105115840499,-73.48063650797621

-260.56241942785454,-65.08497641410135,-272.5103687140126,-71.0303238277482

-262.05192558385926,-62.1181808067276,-273.6964292079154,-68.620732941596

-263.68042505683337,-59.215257047404585,-274.99223827363693,-66.26647213413015

-265.60781636972,-56.49249925498533,-276.5761932945755,-64.09531835062452

-267.65682895756373,-53.85609047026931,-278.23562822156543,-61.98975906394293

-269.81729066924805,-51.30606277625978,-279.9502500929853,-59.93893955395745

-272.08208387967665,-48.84286245236471,-281.70294494915726,-57.929677893293345

-274.4649441249735,-46.48615947910428,-283.52952091134324,-55.99634518295446

-276.9724283830873,-44.253830913623936,-285.48111332628656,-54.20499122244184

-279.6033625219543,-42.15651376435876,-287.5274686547994,-52.54501184976295

-282.3515342003457,-40.20636549162968,-289.6699440108455,-51.03228049321199

-285.1548821037537,-38.3437011638868,-291.8332058685924,-49.53588763011006

-288.03366457864115,-36.61216656146175,-294.06919050671945,-48.108651825928966

-290.99008496034986,-35.02202187058886,-296.3841608851732,-46.76774283000331

-294.05760958392284,-33.67466132440912,-298.82423419045404,-45.63976490089682

-297.2297086825197,-32.62196419485113,-301.38430555060194,-44.78781155345924

-300.43828094446224,-31.732312785231507,-303.9916527269772,-44.081547864676814

-303.6705171092558,-31.002592302898243,-306.63491502932266,-43.50889881085874

-306.91146349017566,-30.419386896217162,-309.3119379380675,-43.06315061034495

-310.14849880334197,-29.933031058505797,-312.0101869306309,-42.68009683636678

-313.37876980790674,-29.503131978182182,-314.72739665057935,-42.320698011920925

-316.6088948815833,-29.17105871239768,-317.4715245137452,-42.033466774193315

-319.836314721916,-28.94750425413016,-320.2406486126036,-41.83750425530164

-323.0569295536056,-28.843920573429884,-323.02785012888427,-41.79610117423394

-326.2585383813041,-28.839370124572543,-325.8290513207264,-41.842631493178835

-329.42850124075824,-28.917659212923695,-328.65351441542566,-41.96662326486563

-332.5609726599967,-29.106849314293278,-331.5048271577165,-42.16141850672672

-335.6562646549259,-29.36862200316844,-334.38398584839183,-42.414078911614055

-338.71503342326423,-29.70089525130188,-337.28931791852807,-42.717849919007264

-341.7325988616753,-30.062838899538665,-340.2292726883843,-43.05819073251536

-350.680610145431,-31.229640041140108,-349.13784710101487,-44.18156829124759

-359.63138707176427,-32.407657934338886,-358.0471669161749,-45.3155483615914

-365.6249938324007,-33.155119848863905,-363.96821627001145,-46.044072991332975

-368.6271970961312,-33.52058862324303,-366.9246003274663,-46.403569227254344

-371.6315361786376,-33.89740937528135,-369.87565435144205,-46.77371504955991

-374.6374482450092,-34.28680872896442,-372.8214178718592,-47.155981888543415

-377.6447220733681,-34.6905430534921,-375.76166489056004,-47.55084954840212

-380.6529561285017,-35.11075960191795,-378.69604875553136,-47.960604641202046

-383.6620537461054,-35.54826895524546,-381.62442312149955,-48.38556093750046

-386.6712995580264,-36.004955528028766,-384.54668493272794,-48.828611599020434

-389.6798459409723,-36.481491419399596,-387.46326919337855,-49.29078550174681

-392.68220183827884,-37.0071270911892,-390.36844817565594,-49.80436485306411

-395.6804686216831,-37.56718518445352,-393.2646058681583,-50.352287434249035

-398.6743142428645,-38.161454399968086,-396.1514985262654,-50.93380219106331

-401.66507021871445,-38.78182162807748,-399.03068028259474,-51.53955825364583

-404.6523294007332,-39.42969134455818,-401.9017771347453,-52.17084031204807

-407.63561347076694,-40.10672002789624,-404.7642560097499,-52.82958947725328

-410.61466596903574,-40.81350016578944,-407.6179900371075,-53.51587263720553

-413.58745436483684,-41.557910348703516,-410.46238838953633,-54.231773891182605

-416.5535624958924,-42.34029185362053,-413.29777804929915,-54.97570705873207

-419.51100845007375,-43.16711307831547,-416.12398920935505,-55.74810605944658

-422.46106038551164,-44.031331137252096,-418.93936851013854,-56.55574649808548

-425.404629641244,-44.93214563746571,-421.74331925115143,-57.39698959201124

-428.34237395567396,-45.87703231917001,-424.5301197418498,-58.27576776240423

-431.28705878308716,-46.827080567772725,-427.3067795832809,-59.15782677023286

-434.2461483341494,-47.759995474175525,-430.0799330442371,-60.024079208549544

-437.2045021817949,-48.72401233922958,-432.83663178111067,-60.914421259829595

-440.1565642831976,-49.733893203791645,-435.57175815908374,-61.84192201959348

-443.09877558643774,-50.79752844461643,-438.2813830493874,-62.81491327426933

-446.02158740286455,-51.93612356214245,-440.95345494826626,-63.859922884132025

-448.91798294260303,-53.161284798741775,-443.5785127566815,-64.99241367673238

-451.7989829079416,-54.444737291621585,-446.1739337655998,-66.16847101477019

-454.6573322657245,-55.80107513157871,-448.73500280886003,-67.39794029191978

-457.4530158012461,-57.30262211124205,-451.26134178416436,-68.68146169718892

-460.2053974380318,-58.90218435429296,-453.72658371432516,-70.06530001961427

-462.90279859856093,-60.61335413528317,-456.1128041244642,-71.57159664167904

-465.54277562808085,-62.46116548170114,-458.3553429928126,-73.2538164613635

-468.1371407443691,-64.43606725654186,-460.46953263974234,-75.01955257665281

-470.72553358838087,-66.47134117838841,-462.61002898157625,-76.64440921681854

-473.2367214834726,-68.6558187758139,-464.633974057505,-78.32892396709491

-475.6466702347498,-71.00499761930266,-466.53571860307983,-80.07449086078007

-478.0010723935057,-73.47166370517787,-468.36747220456965,-81.8386240372649

-480.2416917306333,-76.11725104291706,-470.08965767976434,-83.68281315724639

-482.28793362225844,-78.97690664783705,-471.6682049778961,-85.6595743544045

-484.0760377449845,-82.03816449438028,-473.05007721506377,-87.78421285282988

-485.5410133475642,-85.29214387781052,-474.1718049430196,-90.03474670015503

-486.7291622043442,-88.6783140126083,-475.0944279486275,-92.33697902040768

-487.60072955641607,-92.18274884472406,-475.7886748108801,-94.67268656798888

-487.9799673925292,-95.80247059511153,-476.0608597393208,-97.03610346874912

-488.07512758125733,-99.45599866012243,-476.0165284408443,-99.36151993279194

-487.9449194233706,-103.1120249279971,-475.6184793006676,-101.64478925809568

-487.4293157761766,-106.73185177663913,-475.1842384176808,-103.91937108460824

-486.53282811131226,-110.28641210404359,-474.5878116055937,-106.17349743063579

-485.279269562369,-113.71279578809471,-473.8134572378284,-108.42722267894862

-483.72442734007154,-116.96420339394615,-472.7774983635054,-110.6547255235024

-481.91649755475595,-120.03119980549782,-471.50248638236684,-112.81863364025445

-479.7264114514988,-122.76483967195564,-469.8038653443847,-114.7125207787215

-477.3350122082087,-125.23952813504572,-467.89781965135296,-116.43243900520287

-474.9138495459232,-127.6007009958862,-466.0314228841151,-118.22615980899923

-472.39959189792864,-129.80798728712023,-464.045444254373,-119.96033884549726

-469.7901949097326,-131.90136730746931,-461.9804278837592,-121.63021686205012

-467.07162305132624,-133.88471740300213,-459.84515681363496,-123.21138699144566

-464.2364026455189,-135.73148476491775,-457.6361814877935,-124.69704491337008

-461.2066216785574,-137.41093322989988,-455.50331677919615,-126.21275912276418

-457.98832885442147,-139.02095554425443,-453.35034023253183,-127.41519205320495

-454.5126236570958,-140.52251869318113,-451.22499821093083,-128.20787227367853

-450.77391549086843,-141.47297824919514,-449.03728669977005,-128.2871206724441

-447.0751521885586,-141.92250293734452,-446.74513674233,-127.9894894630233

-443.538662899482,-142.02663722268818,-444.29632524708995,-127.53824530144887

-440.1689435444232,-141.9128640795427,-441.7057685908688,-126.91731570726854

-436.9306392860032,-141.66787412962688,-439.0200774793521,-126.17413589776646

-433.779498389235,-141.44301682875277,-436.2410335293937,-125.43311989744352

-427.78683811043624,-141.10339350097965,-430.33588558523167,-123.95748388403901

-424.966580216056,-141.0441007592014,-427.18882145338677,-123.27759800234892

-422.29069045678295,-141.0889966732396,-423.88892146924127,-122.68272177717934

-419.7289892496914,-141.12645270861225,-420.4729300969528,-122.21356635016951

-417.1856126365271,-141.2490429879441,-417.0227317148857,-121.90672671611377

-414.64046282700446,-141.49926293340795,-413.56560542665187,-121.77774458963967

-412.11345173068537,-141.98526851440894,-410.1071529834842,-121.8436340207169

-409.62589322144385,-142.7285585675127,-406.660563642264,-122.10778943662189

-407.1162026839566,-143.27804803431752,-403.2304321045904,-122.53163088046273

-404.597316851721,-143.84222603646913,-399.8223501561561,-123.10710594750064

-402.22284083846563,-144.40798809835823,-396.3084959538333,-123.91675293311063

-400.1720520822015,-144.98705766422344,-392.6112111945503,-125.14411193051671

-398.4707677414121,-145.56828093113472,-388.81670417063475,-126.95445593359503

-396.9855494070043,-146.19346556155753,-385.1053456776562,-129.32955994730077

-395.59528958464847,-147.0129403690273,-381.75442261117,-132.22944794569923

-394.39931257120503,-148.07492720007957,-378.97794277634364,-135.6978793831117

-393.39540255738467,-149.30762974451613,-376.70351806700216,-139.49562579831272

-392.5434244890647,-150.8049503593811,-375.0038132621567,-143.4334491261061

-391.62226793754127,-152.533854131918,-374.0495275368336,-147.42854967474167

-390.76171206734966,-154.4966909772037,-373.61915774673514,-151.35469508157118

-389.8318655358028,-156.66126629398758,-373.55178769154446,-155.11910483998562

-389.1104098118237,-159.09170127765182,-373.75057656130286,-158.67193282598166

-388.57828811503333,-161.7609367901638,-374.1093571213262,-162.01268831124605

-388.2811024029552,-164.59529307188686,-374.527467967284,-165.18804145985433

-388.10831179226653,-167.49064106723293,-374.9694988996455,-168.29230895015215

-388.1770067219292,-170.38913200701884,-375.3125044958853,-171.3832877753922

-388.33734710516757,-173.3002636157019,-375.6481207812347,-174.4539496722707

-388.58665528009504,-176.21993050016002,-375.96398626417295,-177.50957074138827

-388.89565597683827,-179.14928567889692,-376.27438458910444,-180.54997353757673

-389.2365044975483,-182.09094464011542,-376.5986130692012,-183.57267133231056

-389.6008398294782,-185.0406334851843,-376.944680315531,-186.581434505554

-389.9813524983122,-187.99085275826462,-377.3065079203053,-189.58558919377035

-390.37777489109146,-190.93971341480977,-377.6842552537558,-192.58705516882972

-390.79073436664106,-193.88750073670548,-378.0784401455798,-195.58519865948855

-391.2160616769892,-196.8345887607091,-378.48489086748384,-198.58062544941717

-391.65339819200983,-199.78101683700612,-378.9031954022753,-201.57330976400434

-392.10040218635277,-202.72708520408278,-379.3310143027739,-204.56352921091408

-393.48754021437,-211.56454466423517,-380.65859741957723,-213.52110894747344

-394.92763658101984,-220.40338715620493,-382.0378722293133,-222.4602286784995

-396.4195566431014,-229.2396364040485,-383.4683132356344,-231.38372971215463

-397.8541575908396,-238.08660390363207,-384.96537473433676,-240.29387718743627

-399.31664281775033,-246.93021862250788,-386.51637223253,-249.19334685179032

-400.82945352395996,-255.76681107956625,-388.1159660902099,-258.082741907564

-402.46857614170443,-264.58191622771875,-389.77970510449006,-266.95908927643137

-404.1755241709552,-273.38545344483447,-391.4946091580088,-275.8244887854199

-405.9292689646075,-282.1811069147251,-393.2562716789165,-284.6796245932619

-407.7256975704652,-290.9695990903908,-395.0601407802102,-293.52520059888565

-409.56076205717443,-299.7514553513171,-396.9019571994136,-302.36215788275274

-411.4260333240727,-308.53154317442414,-398.7723299368434,-311.188976254526

-413.31362700624237,-317.31491340550616,-400.66206767980475,-320.00314308609893

-415.1634117832153,-326.1139665237962,-402.5363682862392,-328.81113070139446

-416.9347118234629,-334.9365928511601,-404.4241712498643,-337.60601908522574

-418.4716911065489,-343.8146661442866,-406.63205502724963,-346.3221360094863

-419.9537392772337,-352.71699343777715,-408.8889776688187,-355.01615211124215

-421.41363622094894,-361.6301004548542,-411.12673856954837,-363.7238485959793

-422.36822737781995,-367.5389439325603,-412.6151204627643,-369.57592212705634

-422.86081404995946,-370.4671131712338,-413.35791275301284,-372.523909591922

-423.3835570870741,-373.37582018388133,-414.1072228552135,-375.4810473637895

-424.00148047593683,-376.2487256039148,-414.7701191597825,-378.4699149717864

-424.6568871901063,-379.09832068771976,-415.4789813151168,-381.4610997957496

-425.35803037106075,-381.93309863077997,-416.2377765028128,-384.4424357722629

-426.12046265640095,-384.75892113703753,-417.05665816603283,-387.3998557582848

-426.93373191756774,-387.5779797890043,-417.9235376780019,-390.33618612599463

-427.82115322828844,-390.3822476569896,-418.8551102592076,-393.2454966185266

-428.7512671912246,-393.1805752828671,-419.82494132782676,-396.13527166817204

-429.7226621691278,-395.9730139250859,-420.83082509156145,-399.00588709196086

-430.7133675915902,-398.7667401350914,-421.85122120462944,-401.8645312776873

-431.7220537149517,-401.5623304827464,-422.885141601603,-404.7114705580615

-432.73203675156964,-404.36518403693987,-423.91716898320186,-407.5526721623538

-435.7996986029509,-412.80979317276325,-427.01917611034395,-416.0290759083791

-438.8829870083652,-421.29575681031537,-430.10470150986316,-424.4593011290793

-441.95115769688147,-429.78738148687887,-433.17283859085956,-432.88672303473595

-444.98652052768034,-438.278359894049,-436.21471844210674,-441.33131843567344

-447.90635857999166,-446.8016700139411,-439.20046680640314,-449.80169973680535

-450.7818780433618,-455.33302101565965,-442.15224604393063,-458.2918689137933

-453.63532896133574,-463.8686059924998,-445.08523041657446,-466.7947619375462

-456.4771659759729,-472.4067091017202,-448.00775417176516,-475.30523847430334

-459.3235774447215,-480.94133066499484,-450.93599697366835,-483.81735943259855

-462.1913542414498,-489.4663750851987,-453.88232806411213,-492.3263393813626

-465.1103412841314,-497.9710914910388,-456.84269531547756,-500.83304196892385

-468.0598442637078,-506.46202692578225,-459.8283236841387,-509.33306755596783

-471.0383419036119,-514.9392239446739,-462.8450230684565,-517.8237676989667

-474.0489704621497,-523.4008469487363,-465.8963201558279,-526.3035259716829

-477.0779128361135,-531.8521793352126,-468.96656540922254,-534.7766424108539

-480.1116088353896,-540.3111460374482,-472.03535914554334,-543.2404668751842

-483.1337150129489,-548.797968601497,-475.0809972537482,-551.7002052498257

-484.13582782866666,-551.6379724620415,-476.08686601588073,-554.5188112352025

-485.1394486428184,-554.4886750253428,-477.08726500239,-557.3295663450798

-486.13342625537445,-557.3547033779997,-478.0706316574289,-560.1341720281698

-487.11776003775907,-560.2350032053038,-479.03831443693963,-562.9318950698809

-488.0885901577448,-563.1307295690256,-479.983467822541,-565.7246802384883

-489.04783939396924,-566.0416061440259,-480.9068747627116,-568.5125280101234

-490.03815553069325,-568.9568196874212,-481.84139058138237,-571.287115005526

-491.00256365624074,-571.8987119527801,-482.7399204190831,-574.0622702915941

-491.8171643431342,-574.9005518774173,-483.49958481717,-576.860745342991

-492.5473593542955,-577.9409912261713,-484.1436535856348,-579.6707144489824

-493.17567571316357,-581.0214672836863,-484.64071869594414,-582.4927837162411

-493.69718553316113,-584.1404683158432,-484.98598674146206,-585.3203672993054

-494.0810352447764,-587.3004451964692,-485.20386062587545,-588.1433914929064

-494.1440075317445,-590.5050578389928,-485.31141411794033,-590.9599645131493

-494.072351392646,-593.7146506593925,-485.2936898639011,-593.7758777102265

-493.8655924323167,-596.9169236724475,-485.14923892111324,-596.5868558558539

-493.5614499281023,-600.1086393485405,-484.88925401907807,-599.3838160688792

-493.12362144096176,-603.283196397313,-484.5078909853225,-602.1586246678011

-492.5399783507625,-606.4319457989997,-484.0200319840159,-604.9059581202937

-491.8550802942186,-609.557814480906,-483.4349085149383,-607.6217729076758

-491.07868965634594,-612.659551711653,-482.7580583154071,-610.3086031290551

-490.2733253189739,-615.7546924251498,-482.0350114596533,-612.989323162894

-489.35415100742324,-618.8216177025216,-481.20482425832705,-615.6502436024525

-488.19508885998687,-621.8033236273075,-480.17334441532273,-618.2468934658891

-486.88872876697155,-624.7227258356392,-479.0285842978932,-620.8044749752926

-485.43187668605833,-627.5688909655372,-477.7799193645047,-623.3226980686468

-483.8028762162877,-630.3175556356335,-476.28838991074383,-625.711511763854

-482.0379696963819,-632.9768074516339,-474.63760890314484,-627.9962636332841

-480.3001063993931,-635.6550309811977,-473.0958715555318,-630.3559324191438

-478.43929368595985,-638.2509167497388,-471.4429871203997,-632.6460587090962

-476.45224718535883,-640.7508444133329,-469.6764052725473,-634.8534975741776

-474.3596960922114,-643.161253545939,-467.86880829696565,-637.0336845323425

-472.15695665433066,-645.4670502547076,-465.975076084072,-639.1423773936109

-469.6863198626634,-647.4800395047395,-463.78198444157573,-640.93369498829

-467.20038335953984,-649.435004597058,-461.56301147324297,-642.6771473900512

-464.7228993169934,-651.363811278652,-459.32813187004655,-644.4061906609005

-462.2443178062304,-653.2701559032821,-457.0693425701007,-646.1254227020218

-459.7341356828638,-655.121335938343,-454.760069710591,-647.8071250177901

-457.2054776284139,-656.9392932730668,-452.4113627173452,-649.4703052805284

-454.61195229904826,-658.6502063526362,-449.98597159066566,-651.0559459339273

-451.952210734307,-660.2403794524923,-447.48376575372936,-652.5544488142084

-449.26490095443154,-661.766494061556,-444.93405489476737,-654.0078060838047

-446.55960525261776,-663.2413872655675,-442.3450264084908,-655.4258097272611

-443.8427532063494,-664.6724237501405,-439.72221059797585,-656.8143435985846

-441.11909198879073,-666.0658442586118,-437.07100459965994,-658.1773679308187

-438.3959752859862,-667.4254973525949,-434.3941001531665,-659.5202405930597

-430.2339720707092,-671.3519251783799,-426.27865441757785,-663.4456570816794

-422.09821869487314,-675.1890820266681,-418.1425596340473,-667.3041966089462

-414.0224081279855,-679.0771409400073,-410.051828060171,-671.2201031216885

-406.041445427873,-683.1108647195603,-402.0383302075706,-675.2924868525241

-398.1130070181157,-687.2272458031856,-394.0519267180522,-679.4601499769437

-395.47623022048015,-688.5825395203977,-391.3647633617807,-680.8487953099068

-392.864397154386,-689.9421208459374,-388.6600156162615,-682.2653756931215

-390.26817389640604,-691.2983108073427,-385.93426436168573,-683.7015805500015

-387.7189908546532,-692.7108163776383,-383.2161470814294,-685.214085107102

-385.22706125432234,-694.198824493515,-380.5159439725453,-686.8218567083858

-382.99271545450364,-696.0582338395776,-377.97513620997915,-688.7318423520311

-380.8924156867767,-698.0492776767138,-375.5070924970127,-690.7923488314768

-378.66145314306993,-699.7837132594759,-372.9163745742972,-692.7439496975549

-376.5769043937988,-701.6116398037432,-370.4566250637525,-694.9076013627166

-374.6763987139816,-703.5344276661413,-368.18888181603995,-697.3025943842747

-372.7923270189761,-705.3806280916534,-365.7323800804216,-699.5691831637131

-371.0709643890166,-707.3047700593772,-363.3638957208318,-702.0266564388104

-369.8454493577374,-709.5020007630084,-361.6704982498022,-705.027994586878

-368.8278041099944,-711.7843324305545,-360.19893042872417,-708.1482786177417

-367.9796005727495,-714.1741771016331,-358.9067146850071,-711.3345532124945

-367.40566154196273,-716.6863171741843,-357.9728725911542,-714.6393686549243

-367.0664046714103,-719.274770129163,-357.3635281078047,-718.0151095267685

-366.9174748542033,-721.9060871765109,-357.1416918766108,-721.4309405863169

-366.9805824963438,-724.5567439649428,-357.168774508852,-724.8411530814385

-367.25150357799845,-727.1964269827997,-357.42913547588046,-728.2283964958463

-367.6174169605325,-729.8199269761052,-357.8838517099501,-731.5798272537922

-368.1470451447132,-732.4191665956338,-358.5611906218288,-734.8813265631799

-368.86899166068645,-734.9769196183254,-359.4435020213267,-738.1267519349499

-369.7838183831184,-737.4759668584891,-360.53331167305936,-741.3052095736838

-370.8872578079394,-739.8988785417217,-361.8185859331577,-744.4098719596517

-372.15080275395405,-742.239644019156,-363.30719909046115,-747.4255961909902

-373.5719962353965,-744.4862147557706,-364.9988203044862,-750.3329880021264

-375.1599588207616,-746.6319700020306,-366.88795598768155,-753.1015749610659

-376.94522727701667,-748.644717767279,-369.01078613941564,-755.6684484742982

-378.91489857708893,-750.5075232953767,-371.3482715137098,-758.0135374670602

-381.08568890221113,-752.1702921809721,-373.93121336397854,-760.060052029562

-383.30397604092303,-753.774438267946,-376.54509663476466,-762.0068417255

-385.2659056672861,-755.7249951609399,-378.8035826218433,-764.3763658878257

-387.45887774092523,-757.4279702599939,-381.2813084324269,-766.4622036343255

-389.87136203736713,-758.8588110595549,-383.94525313408184,-768.23154075735

-392.3117880411288,-760.2993865196165,-386.6575656815408,-769.857744101476

-394.810148592689,-761.7113946998649,-389.3886451932673,-771.3833373022293

-397.36761147989375,-763.0894512072273,-392.1289259601916,-772.8261054174997

-399.9884407926784,-764.4376025236207,-394.85868543117107,-774.2044500836098

-408.01212830717657,-768.4246582538715,-402.9916855587581,-778.193561224674

-416.00987123199803,-772.5332578008482,-411.00487117290345,-782.3279233694693

-423.9829823997296,-776.6877701999827,-418.97785581774207,-786.5319208760687

-431.980046993834,-780.81147621043,-426.9581906157758,-790.6960457348662

-439.998124173116,-784.9060309350951,-434.9456420988329,-794.825503387628

-448.02650071518707,-788.9948983296032,-442.92942805170105,-798.9409696431746

-456.05377854119615,-793.1016082520717,-450.8977758483926,-803.066927988034

-464.0714242590617,-797.2443887018957,-458.8513973808329,-807.203558752769

-472.073887738248,-801.4359227264117,-466.7934089478736,-811.3472318146386

-480.05737842141167,-805.6822341826525,-474.70919167371056,-815.5312148269202

-488.0505320403746,-809.9267207279945,-482.6506829548569,-819.6652975267139

-490.7104380355905,-811.3531583643072,-485.29370984738716,-821.0507953458995

-493.3663282607184,-812.7885283617461,-487.93203023548995,-822.4446956528398

-496.0179963096179,-814.2330805600445,-490.5654659368518,-823.8472508515622

-498.642261455808,-815.7272798110748,-493.15666283764,-825.3237239603171

-501.25304727972804,-817.2459016464038,-495.72835187278366,-826.8330249883911

-503.84036919372625,-818.8056479880347,-498.26545583553053,-828.4003948795364

-506.4221494379319,-820.3750181201261,-500.79571831488903,-829.9771203371287

-508.9981706986871,-821.9542434064939,-503.3188617944568,-831.5635031557573

-511.5675713306828,-823.5446346275006,-505.8346013616462,-833.159852875619

-514.1344250088978,-825.139259190482,-508.35042859403944,-834.7535475593651

-516.7216798502373,-826.7003535712621,-510.91132720545704,-836.2706760096729

-519.3032516170086,-828.2715832809812,-513.4664976993402,-837.7963947590982

-521.8790328517438,-829.8530512080649,-516.015967277092,-839.330628298314

-524.4474727980194,-831.4471760920626,-518.5574882571924,-840.8769568159031

-527.0096302731114,-833.0521546319122,-521.0908905133901,-842.4355384495399

-529.5692442758108,-834.6620541401646,-523.6121394272452,-844.0125974146345

-532.1281904322387,-836.2740864121635,-526.1206396545161,-845.6087689551888

-534.6876539448215,-837.8866565396273,-528.6150970518828,-847.2257360513352

-537.2397719615361,-839.5120381737635,-531.1014300080171,-848.8541239632384

-539.7829200927994,-841.1525926878445,-533.5790491690085,-850.4947739848835

-542.3069692997776,-842.823361119461,-536.045305691154,-852.1514701844892

-544.8183174083172,-844.5137398522622,-538.5024046223974,-853.82130256325

-547.3154380422561,-846.2246917527673,-540.9506114547786,-855.5046946397363

-549.8045076663428,-847.9467303182671,-543.3915578933988,-857.1993750482523

-552.2853029360567,-849.6801595612793,-545.8249242920014,-858.9056875823965

-554.7589055294435,-851.4233537149296,-548.2515282140179,-860.6224080176605

-557.2242036953028,-853.1778303826846,-550.6707142169571,-862.3503976899717

-559.6813130538096,-854.9433337980328,-553.0826316724573,-864.0893649133221

-562.1307748645968,-856.7190271521115,-555.4876299539231,-865.8387456000836

-564.5723069907331,-858.5052168724443,-557.8853777899261,-867.5989150438328

-567.0066817427194,-860.3007696486526,-560.276362871649,-869.3691233847902

-569.4328057989893,-862.1070767460812,-562.659801930494,-871.1503375341978

-571.8507104755396,-863.9239839595504,-565.0357210964013,-872.9424113969206

-574.2566962667485,-865.756229597813,-567.3953120546486,-874.7567859084695

-576.6536970364645,-867.5997559411672,-569.745140242678,-876.5845090898104

-579.0433421279387,-869.4523200679403,-572.0885543451839,-878.4210778940843

-581.4256272509277,-871.3138366072466,-574.4250615653428,-880.2670461714688

-583.8007357389017,-873.1839781660589,-576.7547993887736,-882.1221433204673

-586.1718013151003,-875.0587082127805,-579.0837047145384,-883.9788025753453

-588.5378173800841,-876.9392794773197,-581.4100001654477,-885.8393194529506

-590.9081605888861,-878.8140322429572,-583.7499855622965,-887.6835100766432

-593.271425403916,-880.6972066955473,-586.0836059253288,-889.5364960733357

-595.6277243707983,-882.5885494366853,-588.410966626717,-891.3980294486976

-597.9768253257511,-884.4882263074637,-590.7318282791339,-893.2682811989285

-600.3187368988841,-886.3961025002832,-593.0461933501497,-895.1471209980253

-602.6525575595633,-888.3131303577488,-595.3531527548457,-897.0355046250476

-604.9762065294832,-890.2416254627917,-597.6496118321821,-898.936955150506

-607.2887619873964,-892.1824894987288,-599.9343193482634,-900.8527063910428

-609.5886403875127,-894.1391646725734,-602.202873960592,-902.7859807878665

-611.8804533816764,-896.1077956807393,-604.459902626902,-904.7294466552988

-614.1634803910422,-898.0890589509993,-606.705755608611,-906.6825469727085

-616.4385906188585,-900.0818226642308,-608.9408061700506,-908.6447122199434

-618.704861525279,-902.0870359776562,-611.1641071416333,-910.6169097780592

-620.9622316881387,-904.1046718305446,-613.3758521285802,-912.5988136609086

-623.209875052277,-906.1355769205082,-615.5757889480262,-914.590630873567

-625.4448979748419,-908.1828536280192,-617.7656531325233,-916.5904141240477

-627.6674910106343,-910.2461513351485,-619.9458611489073,-918.5977715281157

-629.8763775028541,-912.3267227762349,-622.1170483015328,-920.6121507961567

-632.0746611524808,-914.4211810284654,-624.2754624284034,-922.6376960771597

-634.2606952466697,-916.5312415818779,-626.4196014741977,-924.6760958023339

-636.4356007192541,-918.6559187056232,-628.5508614765313,-926.725849127158

-638.5976303418053,-920.7964608566828,-630.6676375102368,-928.7893513759558

-640.7458837624994,-922.9513120227981,-632.7713968785206,-930.8674624553192

-642.8793153614085,-925.119988135466,-634.8629325117403,-932.9604640751566

-644.9978028571284,-927.302573088763,-636.9392239879814,-935.0708291147813

-647.1076951469439,-929.4927171544011,-638.9856930533462,-937.2120817690931

-649.2062442015582,-931.6929817204335,-641.0060550820157,-939.3797644665128

-651.2952028521829,-933.9015759336421,-642.9963642031219,-941.5767454202504

-653.3658362823038,-936.1263481507175,-644.9711910990067,-943.7888200942199

-655.4193537796781,-938.3657521516093,-646.9331202132479,-946.0132972229686

-657.4475506544529,-940.62667340501,-648.8939056906597,-948.2394330343644

-659.459702545848,-942.9002707326231,-650.8402526912989,-950.4790014931845

-661.4555990008946,-945.1863472633672,-652.7719930615788,-952.731779469622

-663.4376523184088,-947.4824342168203,-654.6912663374305,-954.9955537068337

-665.4061475181375,-949.7879752913824,-656.5982332880134,-957.2698510802504

-667.362475799044,-952.0984435985011,-658.4966367157447,-959.5544000216461

-669.3062975364685,-954.4118703401642,-660.3896247001117,-961.849228501338

-675.0779871447927,-961.3540905557778,-666.0872606522621,-968.7614499565414

-680.7939688777755,-968.2932701674314,-671.8834964479873,-975.6440322734989

-686.5256094267793,-975.2225838677035,-677.6971250609421,-982.5186223032874

-692.2600647481747,-982.1805741265858,-683.4900820371016,-989.3925019682365

-694.1676609356284,-984.5154979115489,-685.4066091827642,-991.6863310168558

-696.0712808867652,-986.8650464006028,-687.3079638626342,-993.9818129466347

-697.9696543576648,-989.2279704406144,-689.1953610127741,-996.2791647761287

-699.8598690087582,-991.6065872922838,-691.0657933880844,-998.58003924391

-701.7350749701704,-994.0057588718734,-692.9072164827709,-1000.8936982690494

-703.5920222257915,-996.4274996316291,-694.7187641143993,-1003.2202605153946

-705.4140159171188,-998.8765270839533,-696.4783087462669,-1005.5829280277508

-707.211284118157,-1001.3376456525248,-698.2181788149718,-1007.9636705500617

-708.9860925588015,-1003.8095336733547,-699.9402783156711,-1010.3613723163326

-710.7372780017387,-1006.293261969367,-701.6446229160858,-1012.7763284360204

-712.4677734907743,-1008.7869627790121,-703.3335429850051,-1015.2070640148319

-714.1777010300569,-1011.290589843536,-705.0073394143621,-1017.6537170822284

-715.8777338944037,-1013.7975690203295,-706.6880000747717,-1020.1007533883655

-717.5728073746704,-1016.3071066490846,-708.3835656199899,-1022.5407579562603

-719.2518185462644,-1018.827905816578,-710.0636323979223,-1024.9931250283857

-720.9168176299426,-1021.3580459067894,-711.7306464355561,-1027.45603595404

-722.5668935070503,-1023.8978651198024,-713.3837334727979,-1029.9296705335712

-724.2042889626844,-1026.4455569528486,-715.0251342159448,-1032.4122266271238

-725.8289977292458,-1029.0008389384313,-716.654812918112,-1034.9034087869018

-727.452393145674,-1031.5561731172058,-718.259662771359,-1037.411248630395

-729.067875481439,-1034.1156402116205,-719.8487361160627,-1039.9294713160932

-730.6756686739008,-1036.6788869008608,-721.428480308759,-1042.4536594503127

-732.2739916116359,-1039.2467873589399,-722.999235729374,-1044.9833406004834

-733.864025052614,-1041.818395786257,-724.5620424188584,-1047.5175753092312

-735.4477970045716,-1044.3921149823286,-726.1200815786077,-1050.0543022491624

-737.0228855203393,-1046.9696580955574,-727.6699532883492,-1052.5948966602828

-738.5946893681624,-1049.5444640007875,-729.2186048811274,-1055.1380414545652

-743.2607144721753,-1057.2387455576143,-733.8627052542271,-1062.8145835743712

-746.3466347628894,-1062.333405219451,-736.9745855539917,-1067.9667537277578

-747.8855019232286,-1064.86947218217,-738.5391695301226,-1070.551870830718

-749.4233552593223,-1067.3977843649861,-740.1116873863042,-1073.1425191824233

-750.9602486928699,-1069.9192713442953,-741.692089293705,-1075.739583154084

-752.5058886139485,-1072.428967719132,-743.2892884824663,-1078.3386209177252

-754.0079505313249,-1074.9627209768796,-744.8337345363773,-1080.9863926293763

-755.540835831725,-1077.47428775821,-746.4179760487565,-1083.626493952387

-757.111280026968,-1079.9625953104353,-748.0462136005418,-1086.2548928976491

-758.7678320338314,-1082.384230658619,-749.7738902229615,-1088.8439337659916

-760.4755293451728,-1084.716658125296,-751.6102714740679,-1091.4240149021064

-762.326910490864,-1086.8430353877848,-753.6620984276257,-1093.9215056040778

-764.1958425953655,-1088.8354941057096,-755.934290440521,-1096.2976181947577

-766.0857044859073,-1090.6738196742015,-758.4751191188199,-1098.4662529429036

-767.8598712187446,-1092.5183599148868,-760.9570073707631,-1100.7466485011207

-769.6886656347721,-1094.2386586364426,-763.6047433758791,-1102.9578979105956

-771.8503231463635,-1095.4670307693118,-766.5960522673859,-1104.790916436364

-774.089532219141,-1096.5930441945302,-769.7495602624879,-1106.3565025114347

-776.3918809438599,-1097.6643462531026,-773.0280353444488,-1107.6528376464858

-778.8541088812929,-1098.2793372291405,-776.4591788030407,-1108.4793840849113

-781.3396773165701,-1098.6345050587718,-779.9463619601362,-1108.9678014237952

-783.7902529161446,-1099.1171782307647,-783.4468330624051,-1109.4000511197146

-786.2532740416559,-1099.2516832342767,-786.9976371003951,-1109.453752976028

-788.7434045749112,-1099.0134335100734,-790.4877866009475,-1109.1262862721496

-791.2373097580985,-1098.1819371505674,-793.7487510054762,-1108.1713687314007

-793.7932418420405,-1097.1353199882255,-796.8205781979366,-1107.0193564977894

-796.509443343906,-1096.3512635476782,-799.9308869721272,-1106.129704431489

-799.1659731409686,-1095.5045965812953,-803.0767985084544,-1105.116411928241

-801.7017673257934,-1094.5809348511907,-806.2543310210867,-1103.9192555814732

-803.9468233776398,-1093.2749568913557,-809.1495368007769,-1102.0463891199254

-806.0413250642046,-1091.822654182856,-811.8453979777548,-1099.9465563158885

-808.2630759374712,-1090.5016543216702,-814.6324202488605,-1098.0422267484416

-810.3081616123452,-1088.8872532788241,-817.1930819907493,-1095.859258777297

-812.1511364676337,-1087.0082991649904,-819.5091249848431,-1093.4322794923396

-813.7043587150272,-1084.8478113889653,-821.4267705560911,-1090.6872322129734

-815.1301699492436,-1082.5757402234742,-823.1752435868468,-1087.8561150944095

-816.6066582179789,-1080.3087016491043,-825.0618078475164,-1085.1116154659912

-817.8143850924696,-1077.873676399276,-826.5726139168104,-1082.1307217851147

-818.740516624575,-1075.3206222886322,-827.6975862502151,-1078.9734744943971

-819.7522018531565,-1072.8207830881115,-828.8767070031765,-1075.848314850137

-820.622770891569,-1070.2794540641914,-829.8784302224419,-1072.6540694599455

-821.2629339876291,-1067.6913165100761,-830.6105718114204,-1069.382530081576

-821.7204441834929,-1065.09069238486,-831.1442175541529,-1066.0645180169388

-821.986736572335,-1062.4788853783155,-831.4595457001525,-1062.715492454849

-821.9953434176068,-1059.8482993984564,-831.5237974538329,-1059.360923377011

-821.7889632651445,-1057.2098272183782,-831.2849852574959,-1056.0244052255118

-821.3558753079998,-1054.5798042797023,-830.6028996782558,-1052.7584730983315

-820.6808822296326,-1051.979986958903,-829.6417208261034,-1049.5771879126103

-819.7821312191047,-1049.4278485874702,-828.4269252649151,-1046.4967404926906

-818.85969783832,-1046.8635786689508,-827.1609339776024,-1043.4566911369557

-817.7889940420205,-1044.3539154821115,-825.7589587807304,-1040.462856455982

-816.532124087709,-1041.9674914514349,-824.2897225790143,-1037.4686778939101

-815.224314586596,-1039.6642093623593,-822.5724350143628,-1034.5689187381593

-813.8113719941498,-1037.4215824593368,-820.6237711505602,-1031.8347946018978

-812.1253888032284,-1035.2788766459248,-818.5931246135037,-1029.259144388914

-810.1768451792643,-1033.2324865148523,-816.4510366010595,-1026.9125686733587

-807.8659485113769,-1031.4421318288487,-814.1130920964144,-1024.8883812472125

-805.5879811667063,-1029.5752238984305,-811.8009201861722,-1022.8960791324258

-803.3452516051331,-1027.6584833224554,-809.4935206335035,-1020.9124749614359

-801.1089488417869,-1025.713527545662,-807.2115459969855,-1018.9189310321681

-798.8592053682237,-1023.7610866759974,-804.9357191712999,-1016.9359338395429

-792.1068022453317,-1017.7966344427589,-798.2043701263678,-1010.9685559240754

-785.391158220258,-1011.7374528143866,-791.5588633024394,-1004.9576927273315

-778.7539028521049,-1005.609653055531,-784.9688835770799,-998.8751960924054

-772.1585400137487,-999.4457070213891,-778.4131505228988,-992.7507767470076

-765.5962460350548,-993.2565343544351,-771.8813684206242,-986.5931674287012

-759.0579403081518,-987.0508778018972,-765.3653958077059,-980.4111278480297

-752.535678342079,-980.8370384891102,-758.8564877604857,-974.2134941457806

-746.0202983400466,-974.6243957462704,-752.3468155563938,-968.008512973626

-739.506874127969,-968.4184953527067,-745.8300208856324,-961.802533360988

-732.9926720057524,-962.2207670140676,-739.3055632095677,-955.5976760904733

-726.4753505359806,-956.0275431021004,-732.7762778893731,-949.3967574552485

-719.9540701545457,-949.836223896194,-726.24575896137,-943.1991491205073

-713.4295889944651,-943.6464958505691,-719.713307061244,-937.0050663889599

-706.9013328736129,-937.4588203359206,-713.1793401182647,-930.8141904385168

-700.3711650644349,-931.2712784840146,-706.6445850229945,-924.625726036143

-693.8381680078816,-925.084848796026,-700.1092142919857,-918.4395291557895

-687.3034556251121,-918.8984116951419,-693.5736492091187,-912.2551521473687

-680.7673060656019,-912.7115966485509,-687.0385206355505,-906.072051723056

-674.2306351018084,-906.5239470959267,-680.50398722953,-899.8896043466606

-667.694113193097,-900.3361973523909,-673.9698259554475,-893.7067192231328

-661.1594376627327,-894.1472401048585,-667.4363120306003,-887.5225627412741

-654.6256577867152,-887.9580176834359,-660.9037652416827,-881.3369884135127

-648.0942991847354,-881.7670722762449,-654.3726852381292,-875.1494629976194

-641.5652960875052,-875.5743511836666,-647.8437356422185,-868.9595498444115

-635.0396236611484,-869.3796053010514,-641.3169296063693,-862.7666363957716

-628.5163297302055,-863.1812952969752,-634.794163256979,-856.571309454015

-622.0053719029871,-856.9787482529505,-628.2751461360068,-850.3645710612691

-615.4807858893531,-850.7427309484721,-621.7942170467761,-844.1640641271183

-613.2937714327048,-848.6382820347735,-619.6684644927201,-842.0952905566741

-611.0903907969963,-846.5191423333728,-617.5928006564661,-840.0005996867959

-608.8963605515881,-844.3367279456553,-615.5668643688454,-837.9035059045626

-606.725756140376,-842.0569376446828,-613.6269387903681,-835.8010657589878

-604.6382378848966,-839.6302703306993,-611.7004432467205,-833.7606420165376

-602.6547773638883,-837.0698452132381,-609.8991382465807,-831.6561835094598

-600.8124348657572,-834.3939531346786,-608.3543157796615,-829.3735502455671

-599.110509246016,-831.6191130006517,-606.927268089203,-827.032482899524

-597.5643913651276,-828.7570911479588,-605.6205335463856,-824.626376438043

-596.1935927216618,-825.8545202029487,-604.3889985578209,-822.1304969924872

-594.9632656817694,-822.9581774952158,-603.2197292271969,-819.5250110202252

-593.8231384506929,-820.0885904331772,-602.0811277448463,-816.8340046597799

-592.7352392531076,-817.2275937723639,-600.9783603144579,-814.0986393978557

-591.6849538073072,-814.3454594107154,-599.9223617346853,-811.3533799536532

-590.705789310136,-811.4322002916554,-598.994991539142,-808.5706267856666

-589.7673588738186,-808.5002142127586,-598.1269747009927,-805.7787468597214

-588.8097762011461,-805.5683417803737,-597.2590112992883,-802.9973778243796

-587.9129192745053,-802.6099534347161,-596.4635982080704,-800.2034190000485

-587.0827659503393,-799.6244928428481,-595.7470663062035,-797.3964426901222

-586.3169241657992,-796.6150086372515,-595.0116295280874,-794.600195220593

-585.6235216390162,-793.5819886171688,-594.3339198875448,-791.7935579053849

-585.0090898998073,-790.525887109433,-593.7584291562533,-788.9694576409938

-584.4550347670086,-787.4512929899843,-593.298542268537,-786.1298873617525

-583.9657681487045,-784.3574549554002,-592.9582142265074,-783.2791656587236

-583.6043179308991,-781.2378332810242,-592.6906510897467,-780.4267989894628

-583.3554099130349,-778.1008612478929,-592.5044916321308,-777.5702111204766

-583.2516566934163,-774.9545712684854,-592.3851863940635,-774.707802499671

-583.2416310919939,-771.8078223272851,-592.3508336939702,-771.8405120108725

-583.3244273883331,-768.6636911375849,-592.400840325382,-768.9721666441169

-583.470701895388,-765.5237278084219,-592.5085698624277,-766.1046372963526

-583.7032972650546,-762.3908602382038,-592.6951663447654,-763.2412575221949

-584.0211172084538,-759.2679464805761,-592.9595798003415,-760.3851506504075

-584.4203511397612,-756.1617608227156,-593.360554738378,-757.5434676610103

-584.8944486181135,-753.0764205104446,-593.8934517534257,-754.7163187837017

-585.4737451795685,-750.0185680808574,-594.5089642272881,-751.8978202882588

-586.1385107733917,-746.9868041402531,-595.1890212163582,-749.0846645546702

-586.912667190794,-743.9894450879972,-595.9035764775531,-746.2692397796487

-587.7381482844157,-741.0138923683426,-596.670194216791,-743.4557935300745

-588.6076560767955,-738.0609905954686,-597.4838362875738,-740.6412349423855

-589.4999588306558,-735.1341111295626,-598.3303649918081,-737.8133273753115

-590.4082114337243,-732.2367508044588,-599.2064312816901,-734.9673300601372

-592.2153947957679,-726.5157983028992,-600.9907141642752,-729.2118021690264

-593.0906539766986,-723.6874696499535,-601.8754543039678,-726.2982348579651

-593.8146865649795,-720.8457489072904,-602.7499720898146,-723.3593721457323

-594.4812308061265,-718.013533583449,-603.5857250678047,-720.3959688597337

-595.1844018734082,-715.1989468004745,-604.3854618030186,-717.4228180439251

-595.8548456226692,-712.3770566860962,-605.1286394207996,-714.4371956406825

-596.4938876706511,-709.5471421219604,-605.8158542308394,-711.4380979421956

-597.080319314305,-706.7032614282779,-606.4254427296188,-708.4214426214835

-597.6141145891107,-703.8449094934622,-606.9721809400751,-705.3905497100927

-598.0901541309285,-700.970829233697,-607.4465494869636,-702.3441234548832

-598.4999144505008,-698.082841287725,-607.9083782333267,-699.2883803325027

-598.8393761693851,-695.1859388566372,-608.3589013846914,-696.2205714054494

-599.0803989903119,-692.2812353370063,-608.6307227737094,-693.1254791395866

-599.2544910139928,-689.3760938259074,-608.8172277389752,-690.0190461587109

-599.3784498887372,-686.4743898960216,-608.9614424617199,-686.9070554218928

-599.4194690397608,-683.5771298751853,-609.0501776846071,-683.7899159510438

-599.3745755799127,-680.6880653886944,-609.0802702142423,-680.6688409185593

-599.250866130029,-677.8107914297058,-609.0728536675382,-677.5442960512055

-599.0621121851389,-674.9476219476536,-609.0089046978696,-674.4162342974507

-598.8487471271922,-672.0969201167071,-608.9422728197026,-671.2801936682273

-598.5851440561877,-669.2593251092362,-608.753878495952,-668.1438517139136

-598.2696164391807,-666.4341557677285,-608.4387193606399,-665.0125295150114

-597.878191057242,-663.6252167782661,-607.9764665564152,-661.893537473952

-597.360638353393,-660.839568180008,-607.4455338095318,-658.7814026442005

-596.519522060713,-658.1140081792628,-607.0604688252779,-655.6400278270107

-595.56893379457,-655.4050391826356,-606.5964821253493,-652.5196287843722

-594.5163035347223,-652.713105538786,-606.0660323004687,-649.4202467084062

-593.6258688201387,-649.9582773095891,-605.2129391098009,-646.4255402223235

-592.7317388539404,-647.1823042145459,-604.2562233426196,-643.4831738166043

-591.7872965181353,-644.3998660108033,-603.261734566308,-640.5766846537455

-590.8159568674283,-641.6101505368022,-602.2495891810609,-637.6961105203383

-589.8261782176114,-638.8190181714065,-601.2237101426567,-634.8318396634921

-588.834843196898,-636.0219730739103,-600.2016182725387,-631.975302059535

-587.8337289042524,-633.2209853446434,-599.1748000588669,-629.1295083643531

-584.8149437965764,-624.7773104149014,-596.1080295516763,-620.6380577841846

-581.7891366098823,-616.3004132973309,-592.992484156779,-612.2016724029958

-578.8022026096796,-607.8087091498506,-589.7287884863684,-603.8195354223559

-575.8145878741755,-599.3166259363094,-586.4476098494732,-595.4438206182061

-572.8246238108061,-590.8248538836318,-583.1639824784238,-587.0689509716851

-569.8377840791023,-582.3314402213042,-579.8838401035863,-578.6927354682504

-566.7911593175922,-573.8591480720071,-576.7577830669519,-570.2607605140159

-563.7304762127914,-565.3913329451336,-573.6984600941214,-561.8049747027918

-560.6750604281883,-556.9210040515364,-570.6463233610092,-553.3469816252781

-557.6476017122827,-548.4401162008769,-567.6209975721297,-544.8797562658898

-554.6257065852822,-539.9572832994081,-564.601051539164,-536.4105007283317

-551.6153504132092,-531.4708357701942,-561.5925357477453,-527.936639780508

-548.6153069978102,-522.9811980141081,-558.594345370467,-519.4586111264363

-545.6257172015988,-514.4883462197064,-555.6056510213022,-510.97671958620026

-542.6452535070636,-505.99276549715955,-552.6257651085139,-502.49122831717926

-539.671645673202,-497.4952703373504,-549.6533648923553,-494.002620034202

-536.7060092716239,-488.9954870614706,-546.6876802421843,-485.5111827552391

-533.7464143889429,-480.4941089006591,-543.727727252799,-477.017278554269

-530.7912426781326,-471.99171699678794,-540.7725800418306,-468.52124863099084

-527.847742444506,-463.48581253628925,-537.8492263842426,-460.01374341651325

-524.9134371220065,-454.97728312580415,-534.9681244517664,-451.4911935988764

-521.982928562247,-446.4680218260547,-532.0898081613807,-442.9673213319166

-519.0538716212241,-437.9588571684262,-529.2125074106809,-434.4427405800891

-516.1253902100486,-429.45010854302893,-526.3355031292817,-425.9177006758257

-513.1962018109483,-420.9422348688216,-523.4574666796932,-417.3926641153807

-510.2501482141318,-412.4408483165602,-520.5533090649575,-408.8763081792313

-507.2755254333157,-403.9500067239547,-517.6033152626319,-400.37548842236345

-504.29703700786865,-395.4612675194316,-514.6490049843826,-391.87579303789477

-501.316011303542,-386.97459616854957,-511.69160481806495,-383.3762901542514

-498.33219445090424,-378.49023479491524,-508.73009148701874,-374.8768366530319

-495.34526466575005,-370.00807665158067,-505.7656433249276,-366.3768616431171

-492.35564966029955,-361.52780081778155,-502.796813374537,-357.87663731869986

-489.3616087556281,-353.04976442270276,-499.82365193038936,-349.3759655833837

-486.3649029626205,-344.573280125416,-496.8459418676385,-340.8745226513967

-483.36606547678844,-336.09731656266763,-493.8635688800109,-332.372660105176

-480.4524336632817,-327.592553421472,-490.86722779489065,-323.87122619532744

-477.50194041364006,-319.0932370430076,-487.8343440938381,-315.38702153422304

-476.50033526995566,-316.25380074412396,-486.813343989436,-312.57572978030566

-475.4908526206186,-313.4017604088775,-485.7943512974744,-309.78082973260564

-474.4562171338439,-310.5459464738338,-484.75274451855176,-307.0079721267017

-473.42836949341876,-307.6740869018126,-483.72388420544894,-304.24490011685623

-472.4339116897652,-304.77728912429626,-482.73534877412357,-301.4816693669715

-471.4816653804022,-301.85270232473255,-481.79500043585404,-298.71581205972984

-470.58231689339914,-298.8808635870433,-480.9210683269243,-295.9587448639736

-469.76828501186884,-295.8399003739783,-480.13891596794286,-293.2227043465647

-469.054499073581,-292.73113430041565,-479.4628383129431,-290.50785572033516

-468.47670337490746,-289.5512250544687,-478.9202739052048,-287.81126257431976

-468.0703759633785,-286.3001165970576,-478.52252321833924,-285.13216962483597

-467.87635707363535,-282.9793372859736,-478.28997521884867,-282.46780913884635

-467.9188549403494,-279.6026281073718,-478.2947908556807,-279.8088778130141

-468.20385064614516,-276.20564532002146,-478.49567107982324,-277.15300232739554

-468.7122207667051,-272.8209944254845,-478.8099252052459,-274.50964207714406

-469.47311719988375,-269.4728285122802,-479.4482080611014,-271.9485524364186

-470.4958721648014,-266.187971620144,-480.4319883552816,-269.54441521494067

-471.6659522892173,-262.9403786447391,-481.3732746392382,-267.2079573184932

-473.10086767501156,-259.7692718154859,-482.42582957111205,-264.99071136418524

-474.8684956108991,-256.7641943252354,-483.66997257401795,-262.90901768296357

-476.83994084302327,-253.92137588238174,-485.083620957582,-260.8843801282592

-478.9407637815343,-251.1938152691671,-486.63835301654615,-258.8598868819981

-481.31301730121635,-248.73672298060805,-488.47456778442,-256.9891626405792

-483.88699164417613,-246.54049832610394,-490.5289404708111,-255.26049603222333

-486.84161898425964,-244.93715266007652,-492.87807819182495,-253.8496394589611

-489.7277110683019,-243.36578104344693,-495.2914101344737,-252.4984874608178

-492.5260086947742,-241.76095968698422,-497.749817648787,-251.18518193374035

-495.34261104157713,-240.28161228747513,-500.2543974375917,-249.89319470243626

-498.1631149381921,-238.90072622278282,-502.82206887093895,-248.6401037116892

-500.9630163460318,-237.56623048627148,-505.4396419457897,-247.3940386111819

-503.74629465975414,-236.28693945400477,-508.1128084493571,-246.16714275046186

-509.22727934236445,-233.83087810032123,-513.5931521934484,-243.71660368485232

-511.93218613339354,-232.61987705449448,-516.365134028038,-242.47840763217656

-514.6427696114215,-231.40985072036972,-519.1316948415557,-241.24630872732308

-517.3525676066499,-230.18647493521325,-521.887109233191,-240.0049948470515

-525.4935295932383,-226.45473061013618,-530.0973133795452,-236.25002655158517

-533.6467000931989,-222.65636589377618,-538.2565601144184,-232.45676460902752

-541.7975265863281,-218.8294462930401,-546.4045707368489,-228.63985962631423

-549.9511531847318,-215.00298216061168,-554.5543311454799,-224.82463858115062

-558.1153448752963,-211.1987993791351,-562.7105147126066,-221.03214346754854

-566.2855035659873,-207.41723040931808,-570.8711538178534,-217.26410722095392

-574.4560162640183,-203.6518206825283,-579.0347605813618,-213.5108725999049

-582.6283069181578,-199.89525976088686,-587.2046404735233,-209.76336531793217

-590.8022339695,-196.13448265646298,-595.3827021462516,-206.00963752011626

-598.97138216878,-192.3337916621788,-603.5561681204326,-202.21610098610427

-601.6778767301797,-191.05582244508162,-606.29033173552,-200.9278945342901

-604.3464425305547,-189.78967617288112,-609.0598150436668,-199.61661601789302

-606.9544797057384,-188.51252104199386,-611.8546753279803,-198.2503195647499

-609.5003805802602,-187.2224281023046,-614.6685042530253,-196.82341286444822

-611.9116635969467,-185.79383599724568,-617.4123050094269,-195.17849185382724

-614.1432867288934,-184.1797513674077,-620.0254367903327,-193.25121983673728

-616.4197409135953,-182.7250128985474,-622.7643213602714,-191.44705937319893

-618.6450575493315,-181.22722401339618,-625.4971932299699,-189.53421649571874

-620.6352978457979,-179.47613489080817,-627.9744657210543,-187.25068302839628

-622.4648085060368,-177.6259313959049,-630.3381352817468,-184.8017582611094

-624.1458659805688,-175.64668697021892,-632.5394409875607,-182.22007956575172

-625.7147809357118,-173.47226385826508,-634.5054489159522,-179.55832115395157

-627.228443581929,-171.11978323276512,-636.2738976505025,-176.88303335660518

-628.6813241411872,-168.62189925088228,-637.8639581874971,-174.1870182923963

-630.1291693164882,-166.10632576555773,-639.4253312558113,-171.48227910500535

-631.5491373567597,-163.61153134991739,-640.9739534578868,-168.7336685088242

-632.8598565218443,-161.09058594962252,-642.4643846010603,-165.92670282431166

-634.0581648479857,-158.55249563171773,-643.8705478001166,-163.05009317777422

-635.1042041657436,-155.98661076165885,-645.1560557070464,-160.09282086384886

-636.062123828451,-153.42682628494586,-646.3384931636524,-157.06512407361296

-636.938302534053,-150.86570448663645,-647.4048882367427,-153.96730218636978

-637.732125755051,-148.278027117763,-648.336110962269,-150.81349523404543

-638.3926521817026,-145.64291420345347,-649.1008553370223,-147.61212349654764

-638.7968369399199,-142.9540411503905,-649.6369719613092,-144.36180675454014

-639.0461121378615,-140.24606317276712,-649.9774779384294,-141.08340143641246

-639.1365707565963,-137.52938366283783,-650.1155024393767,-137.7889252636964

-639.0910977537143,-134.81470366975068,-650.0108294055888,-134.4920746057698

-638.9076012047466,-132.10587000227488,-649.7182848945948,-131.211078957613

-638.6140360083988,-129.4003306835586,-649.2991779027064,-127.95393496953832

-638.1999285164974,-126.70188122464802,-648.7439452136902,-124.72511084400756

-637.6736110034185,-124.01460898714767,-648.0654945104142,-121.52506215257431

-637.0352792155405,-121.34367936392536,-647.252609248102,-118.35994014526163

-636.2693232411373,-118.7005613936131,-646.2827510928408,-115.24287091299301

-635.3417866783074,-116.10812173582423,-645.0505607333333,-112.22583343153853

-634.3000653061173,-113.55267666411231,-643.7482663436779,-109.25600367769343

-633.1511908896707,-111.02742461525895,-642.4071998581019,-106.319020030469

-631.8485050583023,-108.56119762457088,-641.0070448016912,-103.41789587527197

-630.4117114840286,-106.15376841624679,-639.4931541232468,-100.58324299462099

-628.7540377058441,-103.87296263597214,-637.7316542700545,-97.9117373555387

-627.055831894302,-101.61542454809003,-635.8736945084374,-95.32411056772392

-625.3265582532918,-99.37072929078269,-633.929353356434,-92.82319937977674

-623.5224360732809,-97.16038187360462,-631.9327834122146,-90.39784212696237

-621.6484017250423,-94.97393410623962,-629.9003091094343,-88.03968984653747

-619.7109187195693,-92.80585609006151,-627.8598753864347,-85.7235342047555

-617.7517407201314,-90.62138733103274,-625.8263484182295,-83.43293900336901

-615.7798781537778,-88.40332447080841,-623.8179864650532,-81.15891415139939

-609.7420547495137,-81.71898658984966,-617.805853821141,-74.4591330300646

-603.7200370540054,-74.989749837147,-611.8474795830053,-67.75680417517559

-597.7510524784129,-68.23710626781677,-605.9226833293645,-61.00833197848022

-591.8123160962555,-61.462214250847424,-600.0230850013048,-54.232690132271685

-585.8913696798239,-54.67729632315437,-594.1351715492301,-47.44025071865367

-579.9717163759826,-47.896275992387594,-588.2436151357455,-40.64506695693552

-574.0462540095033,-41.125777724083946,-582.3263185178114,-33.86617802522739

-568.1103004705789,-34.36710287681839,-576.3744972273819,-27.114376460459706

-562.1715631455826,-27.6101333192074,-570.4200788772287,-20.365224758995588

-556.2299959235667,-20.85470546053269,-564.4641716410042,-13.618014319899418

-550.2871026289748,-14.099593424647255,-558.507657840495,-6.871933016754767

-544.3431413503838,-7.344587115177892,-552.5500564715298,-0.12744766541841468

-538.3988302384158,-0.5890939223275344,-546.5935793340725,6.617363337529586

-532.455542129324,6.168059676413326,-540.63809512745,13.362355139870752

-526.5126015086724,12.92624408040963,-534.6844316489318,20.108227258980122

-520.5714097964768,19.686656133943753,-528.7332270785769,26.855511616406687

-514.6324681912026,26.44970083783848,-522.7849826581621,33.604619711784906

-508.69639607845767,33.215887106542176,-516.8401263152232,40.3558989673042

-502.76311482507754,39.98511269955266,-510.91344763246127,47.12227404401764

-496.83375364359324,46.7583352793248,-505.00604177421934,53.904624811396005

-490.9084232921365,53.53562153961494,-499.103921286831,60.69064635271598

-484.98946691833845,60.31898766344408,-493.20827363828136,67.48133590048863

-479.07583147834396,67.10748487982339,-487.31944325413565,74.27695481920728

-473.16960411774966,73.90290389076223,-481.43803874473156,81.07799433309471

-467.2683135028328,80.70307135248834,-475.5631289087407,87.88362061436763

-461.3727714692935,87.50658904316809,-469.69238847988976,94.69397078026242

-455.4825231489094,94.31114517184886,-463.8228412087043,101.50881163285868

-449.5959747628667,101.11559647080034,-457.9536969807215,108.32772925060317

-443.711110135058,107.91842998766175,-452.0831379706545,115.1494207285356

-437.8268361928789,114.71892706282995,-446.20981871860494,121.97301837010058

-431.9180004488428,121.49558336278464,-440.2837117877294,128.75537662600897

-425.9809323355485,128.24510404824116,-434.29702440224077,135.48977041855048

-420.03227181326463,134.98276210073578,-428.2961679047791,142.2157846480901

-414.2973727726565,141.9045621276194,-422.52374118197497,149.14971959962563

-410.5229747330704,146.54237236116876,-418.7176355443607,153.83526973059523

-408.52154429478213,148.74631379123778,-416.6984510002148,156.08967780123515

-406.4565189760947,150.883035328675,-414.61364492218485,158.2929392200052

-404.3633916677987,152.98234139186215,-412.49327065139664,160.47085420698738

-402.2933132000663,155.09051559013852,-410.37770329136794,162.65973348191253

-400.24427094174087,157.20650275141637,-408.2642831880081,164.85769747484406

-398.23253745914354,159.34764278738308,-406.1641650853659,167.07667215687314

-396.20670915320295,161.46605662640718,-404.0396330372494,169.28151980368216

-394.1596585977484,163.55502045761452,-401.88287050392506,171.46471836308848

-392.0623139002405,165.58425463309402,-399.65786187725286,173.58850453299465

-389.9246110150804,167.56239622977392,-397.37823698040063,175.6646311781835

-387.7366332252717,169.47702903597082,-395.032111682269,177.67781342463059

-385.5144425252824,171.34010656834332,-392.6373807286536,179.6482991068475

-383.2737843619957,173.16265891022425,-390.2062617235641,181.5899641603268

-381.18174678146727,175.1545170204458,-387.9160211279798,183.72578728527952

-379.0322682549497,177.07092077483344,-385.549157705362,185.79830563405568

-376.8148397834094,178.89291259106759,-383.0954400369528,187.78891425935004

-374.38865041094954,180.39988869211416,-380.41081854734216,189.47568519040738

-371.8709371933458,181.73367086877238,-377.6149704133938,190.99274464762578

-369.3494757294569,183.04637875808734,-374.8145539116427,192.47418507528332

-366.8012933409727,184.3190976823122,-372.0020435764328,193.89936291618363

-364.2364907191995,185.57148502852905,-369.18685380690835,195.29162466873103

-361.6990557961958,186.90009712912266,-366.4168754719798,196.75512638734017

-359.1422496153604,188.2204653109736,-363.641784751666,198.20009978316762

-356.54222448382245,189.47664733866378,-360.83386494568816,199.56183323987815

-353.8990382613571,190.65535604927084,-357.98810398624937,200.81731423784154

-351.21421150497525,191.74831134996177,-355.10263919253646,201.95274539898983

-348.5044992702915,192.79423442174217,-352.2047314241759,203.032742684831

-345.7693369802482,193.79093950866348,-349.2952563958055,204.05872140453897

-342.99177614183003,194.68471362073433,-346.3668526908134,205.0068364477476

-340.19798229902005,195.54930245998474,-343.43554782852067,205.9230240813216

-337.38980841585277,196.39150370268212,-340.503722399414,206.81611421024658

-334.58300752850073,197.26685318410188,-337.5888767230383,207.7482037558182

-331.7630490087093,198.1288340060231,-334.67358689713666,208.66335471392327

-328.89640999676294,198.85091723841833,-331.71462550099426,209.398728334313

-326.01242080214786,199.53332888961805,-328.7502418656633,210.0848044212569

-323.11050163038425,200.1700070787096,-325.778679562611,210.71332008316065

-320.21417828220365,200.85807359592386,-322.8315298769782,211.40404552393935

-311.5076227057046,202.95126945275803,-314.029866760231,213.51612057953025

-302.7698832814072,204.97391895753526,-305.2323213382843,215.55209081358123

-294.01520566116085,206.96701548196444,-296.4414967213717,217.5526729559487

-285.2507441526555,208.97485349263815,-287.66804380080697,219.56306336346913

-276.4782486188422,211.0021978780517,-278.9099452966786,221.58645275343142

-267.70562339343564,213.04769646079257,-270.15883633383413,223.6259584763158

-258.9374863557798,215.10478956259035,-261.4081638726034,225.67894718018158

-250.1727230061099,217.1713485054519,-252.65765321740975,227.7411775412012

-241.4109813549955,219.24480402680987,-243.90690241566963,229.8113901890761

-232.6516694972987,221.32251466251077,-235.1553043268539,231.8864550414424

-223.89426406345424,223.40181473331074,-226.40239611825163,233.96410660561278

-215.13821409260996,225.48006187257383,-217.647516012757,236.04104804212952

-206.38320829287602,227.55520991768333,-208.8903622836397,238.1158532777758

-197.6291162584021,229.62750385054386,-200.13147381493823,240.1891099149285

-188.87484680977218,231.69717394741252,-191.37167592588818,242.25906077529112

-180.11987661687235,233.76492731042075,-182.61208350179675,244.32767334598654

-171.36431503089315,235.8308835188727,-173.8523065330617,246.39380207014327

-162.608165446192,237.8952514770117,-165.09249108532597,248.45803175110342

-153.85133336878351,239.9576732392944,-156.33279212486363,250.52112738279655

-145.0940486270656,242.01920657962157,-147.57321985756337,252.5831978239322

-136.33641982851344,244.0803825967604,-138.81355258350544,254.64336997072382

-127.58413899784154,246.16555377732604,-130.0506951861365,256.6885048662916

-118.83579870345086,248.2687972563551,-121.28516522597785,258.72086795278716

-110.08708637964222,250.37175665318208,-112.51983264518368,260.75278293848976

-101.33453211965771,252.45966232603053,-103.75706849198419,262.79445064604107

-92.57358962397355,254.51318539202484,-95.00016005101494,264.8599598595162

-83.81243253221729,256.56727766261804,-86.24337977364188,266.924932429396

-75.05137245164143,258.6233332701807,-77.48749654053888,268.9927147913463

-66.28967619651841,260.6783293604336,-68.73141536993012,271.05868948688544

-57.5281693930075,262.73577577936857,-59.976122738623985,273.1272096882343

-48.766266086459495,264.7935758077865,-51.22139100845624,275.1970656923205

-40.00466597156134,266.85330741591287,-42.46662625029065,277.2673080602594

-31.243978453445937,268.9131455615405,-33.71105088018981,279.33887550187376

-22.48468000786938,270.97281707447655,-24.95385995483488,281.409961310454

-13.726663818909778,273.03182765226154,-16.195557654855968,283.48197983942646

-4.969930773102917,275.0896829537318,-7.435623656527616,285.55250119728305

3.7855726497415088,277.1459054188043,1.3255021827367202,287.6229810224618

12.539884509448182,279.1997506449657,10.088225238398856,289.6917338827954

21.293083409019403,281.251708166341,18.85217093191345,291.7591292106964

30.044911008581323,283.29885891394537,27.618923145844143,293.8222532672086

38.80091352089732,285.33575883572865,36.38570187414004,295.87393693621357

47.57430844253363,287.3610732623568,45.14130649704553,297.9080762609685

56.434807378617215,289.1084479893914,53.89958562909522,299.8463223794299

62.31920260816715,290.42930408928476,59.72242777120701,301.1690076247818

65.2548078006673,291.1351929681701,62.62626992998176,301.85178446430535

68.1884653121467,291.8607553455146,65.52409117004373,302.5530287518651

71.117343187485,292.6170557624059,68.41307124588349,303.2837834843705

74.03853265954054,293.41460448567193,71.29033736279152,304.05451151759945

77.02259567894856,294.27337855211374,74.08305983107525,304.8462882105095

80.16185060960836,295.1211601086891,76.75694842450822,305.51013377164605

83.38072934264484,296.2475729370328,79.23539845721199,306.3058747102053

86.56171253685598,297.7584144058593,81.5402265698187,307.32278099765404

89.52419480560414,299.6849140446724,83.61200683552623,308.76141226931367

92.24026703270611,301.9146444182895,85.46210383465848,310.46214971862514

94.87573282820348,304.20175631722145,87.31797927797379,312.0847504611195

97.30112689947178,306.6692469146584,89.07189705081393,313.83669352458185

99.57354566553634,309.24472969920504,90.82452310729572,315.6741481742744

101.51124361965046,312.04967748167013,92.38872055166458,317.74094606382914

103.16125697231934,315.0033929832202,93.78330271403871,319.9867652272061

104.71197959740294,317.9842018457966,95.05454228906899,322.360011763304

106.00405084542459,321.0634425413305,96.08180666828221,324.882524761955

106.9988047771722,324.1941938240767,96.8055721502853,327.5589312045129

107.85675189904197,327.25711283295675,97.55389245833865,330.31003707173755

109.36554595207109,333.09231574428617,99.09620247694592,336.11510507834

110.13516807570345,335.8325158362261,99.97097536980904,339.14372497105984

110.99330098869353,338.4275110532138,101.00834682495129,342.22880278431865

112.0346193272048,340.83885862098464,102.32393956077844,345.32201689315406

113.2763513586416,343.1169967102766,103.91594932514863,348.33495513957797

114.66843818512034,345.34573764408367,105.84523393623249,351.12249609289023

116.12808847221817,347.5752636580564,107.89575910942517,353.78831678345585

117.57087724219066,349.88486701958965,110.00492232481736,356.3825577773685

119.26882153898386,352.04079394131696,112.34201494590225,358.75119280773464

121.1664807001589,354.0362900922778,114.79983586893913,360.9567450232536

123.42799043383884,355.61300619513645,117.17483829376307,363.21796214814776

125.74233058653813,357.0693826410833,119.66449705011404,365.3169908670818

128.10766277137714,358.4223211258097,122.25617826308873,367.2534984471028

130.52992541697958,359.6741048950367,124.85732685093595,369.166791900342

133.00085927286452,360.8480044739465,127.52602410357024,370.9752819902126

135.37960139553414,362.2410405264647,130.37679953602282,372.43744723983775

137.82737034307587,363.5841383302804,133.27366861733245,373.7743472623395

140.3315334132665,364.90353535454335,136.21136035346305,374.98690179085975

142.91746495451574,366.12879794723284,139.17654226896687,376.09608886453475

145.5693091050663,367.27917382236774,142.1603425957365,377.1158981164681

148.38594843368472,368.0239212236013,145.18381106286125,377.96968870060266

151.21849067348865,368.7633971438134,148.19295611394696,378.80667216835025

154.05085584020313,369.5525534154218,151.171261948511,379.68465154247446

156.89798001434204,370.33739939279906,154.1538052322014,380.4764044664106

159.75321431250126,371.1105449967976,157.13489033483148,381.20869922765723

162.5860914918763,371.97186391988976,160.13429928495,381.82330356921244

165.42877712688508,372.80350577224027,163.1301198786159,382.4042684806724

168.28128184184453,373.6060243715524,166.12287533041734,382.9527442843132

171.14137536843037,374.3897860290658,169.11083635411615,383.47984628333785

174.00888710084,375.1567085218141,172.0945484068233,383.9873668786335

176.88113224094315,375.92032004295913,175.0720524142839,384.4889192868579

179.75883048966503,376.67897310562233,178.04451388583792,384.9835279802503

182.64054807428022,377.4394205867275,181.01160628026088,385.47852134667374

191.3476134640331,379.55720541172127,189.87087660728372,387.0460310499829

200.1842605741156,381.20167321667117,198.67228497434627,388.8324604236624

209.0494297954227,382.79237682650023,207.48282031047916,390.623994968971

217.9268259865782,384.35335806966657,216.3115051970968,392.38681463053496

226.80510957984083,385.9206255966271,225.1313753799988,394.22232434510033

235.6787042206609,387.4942819745527,233.94591539963488,396.08733537598863

244.54521815583172,389.0918579229183,242.74731120390726,397.9751854071069

253.40276700462795,390.7453576147361,251.52328270927836,399.91440624220206

262.23961235491254,392.4972996398893,260.265250157361,401.9499251127786

271.0733551233398,394.3043362726146,268.9724318941493,404.0325299992436

279.88070943342393,396.0315410327064,277.71968334629713,406.0594067300434

282.7907060033733,396.57266701532956,280.6701291835853,406.74008570442504

285.68067532932236,397.0907876568846,283.64717010733835,407.44722153305463

288.5579145764272,397.5828772348103,286.65984421493044,408.13331334028885

291.4271961648856,398.030237772657,289.7168837971772,408.778874904295

294.2797368403123,398.52792378848596,292.8137434280455,409.4469584274504

297.10916749303146,398.9437833655354,296.00066965777654,410.0181972670983

299.8693476373343,399.2410653928312,299.29943697656444,410.4342026775468

302.5342939174934,399.2559018810149,302.69661320885274,410.50350005146873

305.0548291529702,399.02191547261174,306.15482297814714,410.2426069894625

307.3705500508439,398.4203404221414,309.60684365277433,409.47744767479975

309.5014955491235,397.7634913925219,313.0650394506654,408.45294705900335

311.60060598888725,397.09489367316814,316.51672433994605,407.18373002089913

313.79055622746,396.0792695363159,319.78498145150155,405.6416421104306

316.1195262640624,394.71873645470146,322.79368487224957,403.96439830079885

318.2070609585968,392.6906096190139,325.2477044385018,401.83967310053987

320.3108747573359,390.62091331629006,327.5840977391185,399.7550730721511

322.35922136830214,388.5917021696333,329.91029964936,397.6496769087034

324.4315238428638,386.6756321740105,332.32191182773005,395.6179431863818

326.46968198871843,384.7747601340865,334.75237481435414,393.5522835876398

328.5613762860568,382.9666351050602,337.32598028581754,391.56279713151946

330.4962697076705,381.04036961564015,339.75673395846104,389.3521000749261

332.2110956274199,378.96835813031447,341.95281198499254,386.8692094399972

333.7812869663975,376.84031080666466,344.0357164090322,384.2452127613497

335.1968706594241,374.65933712069017,345.9826008568439,381.4711673219241

336.47356990269384,372.438845030415,347.79038764096805,378.55103273896486

337.6002196190144,370.14484345915423,349.38129814085653,375.4792172548019

338.59141290495853,367.7680664323839,350.72033403450735,372.2903384134592

339.36304598612736,365.29625172891303,351.7890777383108,369.0028230708881

339.9434844335628,362.7658705217402,352.61667686276814,365.64966144279407

340.32898766237196,360.1986474700535,353.24226767370686,362.2560705250686

340.5482826826384,357.61996084571336,353.6768234921392,358.8330823361753

340.6021483005472,355.04436059147673,353.9309905496471,355.39036769371495

340.4673023933736,352.4803401968467,353.89547567968935,351.9434504744376

340.1605530567975,349.9391155684701,353.6402439605095,348.513936296321

339.69778059282515,347.4324756044616,353.3764851555094,345.077062584475

339.13611127860366,344.958694829257,352.900582616533,341.6512852554711

338.4974608267365,342.51118351911197,352.21607536528086,338.24630741177583

337.7677437453093,340.09395554512906,351.32294622365094,334.86809959112304

336.8816851388391,337.71594327310106,350.1886715305301,331.56098220980294

335.573170449657,335.4928234820204,348.449476691522,328.5771513626318

334.0918317409618,333.3254338633754,346.53304864941634,325.769928658258

332.4371740372839,331.22543499723207,344.44474925320577,323.14674767148176

330.9365097558373,328.9656671628844,342.5276141843788,320.47191573856037

329.419868973859,326.64322538982765,340.62858009806075,317.8266524982976

327.83675925597873,324.3004787587756,338.706740625204,315.2430807875924

326.06228658376364,322.067619136065,336.6918027628792,312.7833053689749

324.0837483040736,319.98965701693356,334.5760876717202,310.45193425521603

322.07904113625057,317.9158328416949,332.4497976720514,308.16755133238604

320.0432611047853,315.84541808907557,330.31141173431297,305.9311462622236

318.0292971007049,313.7256875218085,328.1611866031778,303.73955041798587

315.9756701791689,311.6073890988961,326.00900818951004,301.5895512158712

309.6691501669599,305.2811425441861,319.52110959912596,295.2858323977338

303.2445052323059,299.0250197255529,312.9593207903093,289.09520850900117

296.75149335822493,292.8240967571765,306.46438186906965,282.8416584930934

290.25116806825014,286.6100937421478,300.0332112651719,276.536813885988

283.75841906828003,280.3730284756118,293.6222931328297,270.22403227561904

277.2764867423986,274.1207350901722,287.2281773419641,263.8991298298124

270.8065894219479,267.85937041094974,280.8430057402058,257.5631594546335

264.34493306574177,261.5919743025135,274.4646593712432,251.2189659245612

257.88828534229395,255.32202967894042,268.08905999729984,244.87036237728853

251.43367348229097,249.05246288312614,261.7133231758042,238.52020756814818

244.9779669287326,242.78644274377723,255.33477862846655,232.17105638855702

238.51819506882845,236.52693108325494,248.94873251416638,225.82759343101176

232.05164774255206,230.27674642589997,242.55464635873025,219.49013938657345

225.57886368264082,224.03493563369355,236.15220035033423,213.15926502552773

219.09942789401043,217.800420106994,229.74250882115473,206.8353000514003

212.61343881209203,211.5722632313223,223.32700598645812,200.5176533963133

206.12140493614228,205.35006636789123,216.90506167517822,194.20686137071567

199.62322845431035,199.1338970045243,210.4778865391366,187.9017270098978

193.12032097814443,192.9223027422981,204.04527086171572,181.6024736858254

186.61259622903137,186.71536674731942,197.6087323133804,175.30754680913105

180.09999153788002,180.51315212911345,191.1679954073283,169.0172440834755

173.58373865013462,174.31437622135235,184.72330118485405,162.73132930485528

167.11972198695582,168.060864413503,178.15471771858523,156.57465251779195

160.70078897727618,161.75989614393023,171.4804174774062,150.52865652191034

154.2789419216588,155.46139713844514,164.80450536343693,144.4850517338929

147.8545868143136,149.16496182445223,158.1268219995964,138.4439655945909

141.42881520157806,142.86946814986973,151.4470607248561,132.4056809227597

134.97551450735722,136.60222516188466,144.83003731361129,126.3024171895831

128.4711055146062,130.38796039285464,138.33752009967705,120.0694157544383

121.96544633282771,124.17460002976819,131.84605482614418,113.83562249058419

115.4596062445082,117.96102715770947,125.35450790477215,107.60222709061334

108.95359529991524,111.7472331068556,118.86325852006509,101.36883837969353

102.44685169483519,105.53380930319474,112.37207781276679,95.13570257421021

95.94005036964055,99.32005262786122,105.8807502629559,88.90305306217692

89.43322275762003,93.10593433721576,99.38953066699668,82.67063109352769

82.92594818906997,86.89190015414903,92.89903083569874,76.43780393551995

76.41930992534095,80.6768197653802,86.4084212199878,70.20545000845286

69.91229126114186,74.46176433824171,79.91866492827309,63.97256891571821

63.40531609792242,68.24629504422848,73.42957753582694,57.73936333032962

56.89934239573319,62.02941344254202,66.94103448163445,51.505973215255096

50.39293417063378,55.8126300381701,60.45272030102481,45.27273833009912

43.887762691414466,49.59419899066141,53.96600227576586,39.03823519945212

37.38210365849348,43.37593154340958,47.47961526711426,32.803798055906086

30.877139509323502,37.15659352258553,40.993737426037285,26.569248115845618

24.373508392747848,30.935521554042637,34.509578077305534,20.333327483371594

17.869904693398567,24.714085053814653,28.026517034672896,14.096692776895793

11.367017237372856,18.491565657730426,21.543864841239095,7.86007063938427

4.865667725941279,12.267107045232933,15.06314237176624,1.621877156916197

-1.6353983402802257,6.042020060035189,8.583783893306133,-4.617291527432054

