3.169002349729107,-11.893098115659352,1.4058649277255704,1.5921288542930183

12.064538003154558,-10.54799134375596,10.333271679110235,2.7504541932600093

20.983456532418344,-9.380858076715832,19.26296067831552,3.8896928051662343

29.90503585778491,-8.233379263144672,28.193266901739374,5.022586693435329

38.827260299254164,-7.090048195357795,37.12394065640741,6.1510827533589305

47.74971806814772,-5.947631377807576,46.05459565376047,7.2782211717132

56.673394679401135,-4.8137933770946,54.986138162083556,8.396961712261685

65.59755236666318,-3.682769565910966,63.91778730508932,9.513418241071042

74.52219924061829,-2.5545977829854456,72.84964845830432,10.626800085573885

83.44729091441982,-1.4289047709208686,81.78178374618548,11.736644880088857

92.37298469215602,-0.3069149500087658,90.71406799614321,12.843966897008713

101.29920422832846,0.8119881981593755,99.646655369407,13.947568935443483

110.22590462089686,1.9281753548075224,108.57935517363752,15.048987005101733

119.15308204586883,3.0416907808726092,117.5122386651674,16.147678084727033

128.08180701646327,4.143977542044863,126.4455843794589,17.241432782794753

137.01138307830996,5.240581067177983,135.37914110043766,18.332271495504582

145.94130493432147,6.33555916522095,144.3126541258775,19.422258545553806

154.87158866630537,7.428802415815614,153.2463644110825,20.5094819077239

163.80216578636225,8.52088078710268,162.1801269307973,21.595126956748516

172.7331327367867,9.611034910851968,171.1139201717354,22.679388262585665

181.6643932232149,10.70005787437196,180.04772258428846,23.76246053399334

190.59581030823185,11.789074172027215,188.98141686181944,24.845312751681597

199.52756486932847,12.876638698098082,197.91511014952954,25.927099486691564

208.45955006340768,13.963631391125777,206.84877557475596,27.008057218704817

217.39166501660026,15.050885518106496,215.7823865911198,28.088419987184402

226.32404494933516,16.13732162677355,224.71589750244635,29.168577134790148

235.25661310548116,17.223576992665183,233.64919614538783,30.249456710895448

244.18929099759842,18.31030321120777,242.58238693254785,31.330231399766557

253.122043331756,19.39780150549024,251.51547322389703,32.41089274609313

262.0549295312816,20.485605602769787,260.448357421508,33.49225022938732

270.9878965291245,21.5741606983216,269.3810358036628,34.57435242669802

279.9209076488492,22.663778327901635,278.3134831343732,35.657422473069076

288.85394950801117,23.754583135653732,287.2455521555348,36.74266699711323

297.7869595066072,24.84709014648932,296.17747654174946,37.82822118258726

306.7201022751233,25.940007303343524,305.1091787386086,38.91471487450333

315.65338495414886,27.033224444899275,314.04075764883834,40.0014396990022

324.5869178935314,28.12615489096997,322.9722765927755,41.08767337389377

333.5206032035807,29.218584997851444,331.90385397135503,42.173397073381096

342.455141362445,30.308791312152387,340.8352298912221,43.25740877982706

351.3881468658327,31.396815740456717,349.76839888938423,44.339217877172715

360.3098084511228,32.48134863021839,358.70814852824685,45.41876600005854

369.21510318675126,33.559995969043584,367.651240409743,46.49582042477505

378.1706293834508,34.638014464414944,376.5626482524327,47.56275367439053

381.2118971025531,35.01958306116515,379.50619899248665,47.92983110511803

384.3865460737996,35.47982370331379,382.33129161608053,48.33660470907916

387.7322169755906,36.099349800898764,384.95976652378454,48.82117334562903

391.217120085218,36.99612336322429,387.3650190060725,49.43623417331636

394.6913824081308,38.37321074654412,389.50253967916166,50.42510815182746

397.99919146794014,40.156037757079574,391.4780206029172,51.63046503299126

401.0576281941087,42.32910854361673,393.28573063646314,53.02523075251628

403.87008883751713,44.820890535118416,394.900013391942,54.56740322416233

406.36042235019846,47.57652340575317,396.3444959330309,56.28376857165305

408.6562143311633,50.39539221850464,397.79505645484164,58.105021690439166

410.7102339670337,53.324374449049145,399.2019419737031,60.08679021496894

412.6507688489076,56.28770370007819,400.67600322530075,62.146654449637246

414.1558909407838,59.451729834666864,401.8155447748351,64.43496173063731

415.27076827394865,62.75102344412981,402.6434433713164,66.86730527137735

416.1147332947727,66.10313208456017,403.2454000311274,69.37849334976372

416.7838050003779,69.46944794184705,403.70019825195936,71.92797915131477

417.42296606289284,72.82774597220791,404.07678770027707,74.49759073047844

417.82168430221645,76.21337817927427,404.29229814044396,77.09222185582942

417.99677403053175,79.60115767764083,404.3513860005614,79.7011942633195

417.95140487976664,82.95310086511797,404.27739895520125,82.33845497117805

417.7408626758366,86.24933049532248,404.0629500981986,85.01776342052393

417.38918074827455,89.48880853805669,403.71331439054586,87.73565846964227

416.93514889077693,92.67166869483935,403.2804959906417,90.49619288654495

416.4034175511337,95.79843507781784,402.7729854665051,93.29836699017099

415.80985416433225,98.86792636635515,402.22937495120186,96.14571134055561

415.1798178101005,101.8804357045153,401.6326493555445,99.03064651683628

414.52346248704566,104.85488923195481,400.99859185189433,101.93195773705737

413.85468648821035,107.81537455022172,400.34981226408,104.83344261309544

411.8385064153342,116.63274760632625,398.3753585587316,113.5617765941934

409.8589110879777,125.387122992613,396.4102822416758,122.345389348503

407.8992596694152,134.13130452662878,394.45738286921903,131.15329468316924

405.94808778437283,142.89411647996522,392.5184469716496,139.95628138000268

404.00379243241446,151.67051609404456,390.5908365286568,148.75592156357538

402.0634268714978,160.4597695571861,388.6709956275759,157.5488117621389

400.1257110526636,169.257760264825,386.7570560559369,166.33558477801662

398.18701806056515,178.05655240736627,384.8425743585325,175.1204076688399

396.2439379764162,186.85239597082125,382.92349305362313,183.9052102387311

394.29536459894535,195.64552751019488,380.9982957008442,192.6890734893557

392.33710180545705,204.4348080915701,379.0629288847385,201.47115650356585

390.36556662139566,213.21938009375233,377.11475719810244,210.2507539188879

388.3746315766264,221.99781540065524,375.1524009522814,219.0274231202938

386.24827692535894,230.7437319281199,373.24211139456844,227.81615151797595

384.0850720342133,239.47979768023637,371.3208019113749,236.60205376188705

381.9130550250612,248.2100058082461,369.38922825699007,245.38754658765038

379.7691219288125,256.9645301486365,367.49610342893044,254.1623008812411

379.08527899320893,259.9012860440154,366.89138986003377,257.08330076225974

378.44344248944043,262.8555473530975,366.2945656558658,260.0010350458276

377.91518787166467,265.84497759782494,365.72200023577165,262.9209488461204

377.3207902772968,268.82845417755544,365.12616278929517,265.832428012205

376.679202504967,271.8103287045136,364.5082640376096,268.73674385558246

375.7396705642813,274.7539308922733,363.86421102219595,271.60530270656443

374.73567153864997,277.7379343542,363.14594780669324,274.39275673200615

373.64142476366305,280.7451217255752,362.29254556997665,277.0718538777159

372.4618710129533,283.7700027617488,361.26515170505917,279.61388648008807

371.1451550345858,286.79084761576337,360.0902822392732,282.0086572631424

369.90016589268276,289.9149040121907,358.9974787680443,284.356246431881

368.44668729639614,293.0437704521046,357.80008211186674,286.5980236476033

366.7542105681111,296.16872984324027,356.4869273003968,288.73897321724684

364.62546884101255,299.1126516511062,354.9605625222037,290.6668817950476

362.06668012483294,301.80991478432094,353.2693742197428,292.31933561298376

359.16194170112874,304.2160594976688,351.4621039402202,293.70875070220563

356.0779078584446,306.2433705528328,349.4666135629427,294.9316039391192

352.9652637474192,307.9231947411721,347.2419045557669,296.074110342933

349.85597915777913,309.2840252432382,344.8129557282688,297.13415328414953

346.8025151283266,310.42805569899394,342.2336780684468,298.12680056147195

343.80086400787025,311.4343086554466,339.55722686845996,299.0650171269596

340.8579676867097,312.36319097176204,336.79668562413593,299.9747226237886

337.9868724414744,313.2594398573924,333.9561818765172,300.8903208993825

329.361665317705,315.9131700815803,325.3893649770802,303.6141205149709

326.4469156361352,316.79002492786407,322.5613425035137,304.4932904101966

323.5342004031022,317.6592388209994,319.7310790765235,305.3663221364054

320.6271137421187,318.517280795721,316.89283745438246,306.23321661453315

317.72417911370366,319.36472716473895,314.0473551116342,307.0935056950462

309.0444820169389,321.8624578760794,305.46758944625964,309.6502473903601

300.40266760352904,324.2949829483508,296.82002406073974,312.1744610368932

297.5307450970188,325.09716582270534,293.9228838317362,313.0137734378809

294.66283852378865,325.89631599117547,291.01810690471996,313.8527625538542

291.80183636077066,326.7036889542976,288.10919439403017,314.70433083444044

288.9484819496575,327.52317109717836,285.19690451344053,315.5721971094534

286.1077905031783,328.37235101884113,282.28651977862995,316.4736287968109

283.2880974122561,329.2454915752577,279.36726918724486,317.40909886741514

280.5064519271711,330.1568635837808,276.43675609742684,318.4000281937584

277.76684896888304,331.10966978759285,273.49990167770613,319.4531499455777

275.07433089889435,332.11101827786865,270.5627316133707,320.57788396054997

272.44479690533353,333.1935967708168,267.6591825437413,321.8507313628637

269.8719900535064,334.33644803381617,264.7735946721809,323.2167930474335

267.3597775947525,335.54119685959324,261.9103385901128,324.6859424295754

264.8945630662602,336.8176511258512,259.08541578597504,326.24930932684555

262.45349235644363,338.18389854573996,256.3285604474967,327.8961995612123

260.0491250285063,339.6691242528498,253.62789163514267,329.589999979378

257.6797155440258,341.2565460553959,250.98434330624497,331.33519438744077

255.36035623424922,342.9583897578022,248.38237961262726,333.10542252111145

253.06365569659727,344.72629259086284,245.84032064341665,334.922169442686

250.7857176220044,346.5463650312481,243.3508128193733,336.7708621383567

248.50135220593364,348.3962695918885,240.9035415206343,338.61558983620586

243.83028737068588,352.1797895152304,236.1413429327139,342.2088046244034

241.38194027872692,354.05219029077233,233.80545637171153,343.9251904188208

238.89072757934667,355.8652502949643,231.44055545193032,345.6088737991442

233.99922374924896,359.3320861193985,226.54163541085467,349.0796844827743

231.64378741568117,361.05067879547255,224.0341913737169,350.91134240521416

229.37735487115395,362.7841151855609,221.51010238364125,352.84365909452936

227.22436830326018,364.54561335418396,218.99738446978768,354.9007667507495

225.23579274740484,366.36313767659425,216.51991187336364,357.11510511365094

223.35745893019555,368.25439439999786,214.1425615452375,359.4542000997173

221.4809112618251,370.27744835621553,211.91584351353043,361.80110593943573

219.5827993795724,372.45529428466057,209.84582264172758,364.1173127344618

217.6253427934094,374.7448745837339,207.87787895314918,366.35937836198576

215.67834290407149,377.11147866368185,205.99240539120117,368.61089269702916

209.90997507631798,384.0561510756434,200.20762461172708,375.52319789180154

208.0229540833493,386.3162708615111,198.23704696471677,377.8700991324833

206.15494419379496,388.54622133995406,196.24637659736854,380.23499619545225

204.29611511852733,390.7364193162659,194.26686861011936,382.6459149274537

202.3740903909773,392.84753429427525,192.30373471120595,385.0958033014188

200.46350354088617,394.9695789598579,190.39546444964947,387.59418197992744

198.5769815655734,397.12108331603014,188.54658760622127,390.1380753418774

196.94245440745965,399.45405986111024,186.75472349370204,392.72633275678083

195.39683952186556,401.8456095411782,185.03078640974022,395.3650314140229

193.96389230039304,404.30616626545014,183.384778666636,398.0588671372386

192.60180175596147,406.8070534514743,181.81292453914776,400.8033371734988

191.30907153117718,409.3450332117998,180.3132607948292,403.59694319425296

190.0787754920783,411.9109028146857,178.9260842111655,406.4582042370985

188.9121039984443,414.50015926753713,177.6121867566194,409.3613649201664

187.80159155049788,417.10577408635316,176.3707817962586,412.3019933964748

186.7505695234069,419.7263584905884,175.19412845609156,415.27394711936824

185.77167675421234,422.3642113138758,174.09580174251775,418.2800915212838

184.86700599609543,425.01658257428244,173.03249167764872,421.30488514356614

184.05633483750992,427.6885759109185,172.05275487176038,424.3626817587935

183.34423641986461,430.3873891117729,171.1430121662338,427.4396693449572

182.74828028193346,433.1200768085074,170.36430299704242,430.5443290685631

182.25527827955887,435.87975016242854,169.70233155558168,433.6699316363824

181.9401740225735,438.67474520357956,169.07249828282954,436.8001830126454

181.71686042340406,441.48540145579034,168.51994002815945,439.9438583988183

181.5878560473402,444.3100691325376,168.02907680289678,443.0982664911717

181.45617863146816,447.13967840690214,167.70666437286275,446.2702963445404

181.34812486753114,450.0064707996037,167.50906949661402,449.4198117949922

181.23335858043995,452.9351840498955,167.31417363892476,452.5072962636812

181.1368464244897,455.9286596912044,167.14301443413603,455.52275937382547

181.03464904941706,458.96095027699806,166.9698306526192,458.4818189210512

180.9591459097291,461.9381689839338,166.82004683463254,461.48868580303156

180.93685401401356,464.8088140845968,166.71872414502712,464.61073234687774

180.99427305507322,467.5804938947013,166.70350723425776,467.84804499418755

181.1610989549337,470.27600727267594,166.82033599560376,471.1819856574184

181.46102413015979,472.92472132395363,167.1026221520715,474.55967255139666

181.94606616404283,475.50816737067544,167.60492027008476,477.9486813766555

182.5986543135683,477.99923939352385,168.3314903871034,481.3337599555162

183.34230470415537,480.4991328051107,169.1887947773262,484.62561436555734

184.21755593222287,483.12619294672993,170.12930754353107,487.716910682307

186.1664914324328,488.7447644193107,172.0333570030697,493.4580826780388

187.19632981032785,491.6217444900809,172.98985026795563,496.2400439856543

188.21676116361743,494.4699759375375,173.9555362049965,499.0529154726396

191.09872342931143,503.0019236996149,176.754070159239,507.5965889820815

191.99133748579504,505.837184748005,177.68292649491397,510.47590141412314

192.78479153632517,508.694206349168,178.63835079116905,513.357684426917

193.5913131405087,511.55319602889,179.60695090699875,516.2306379720715

196.1099701615793,520.1845178580686,182.56013218197373,524.7506558443764

196.979745476287,523.0767368590776,183.55916365217706,527.5594884423369

197.8480458917003,525.9815093545146,184.5492370873393,530.3580355946655

198.71439841871305,528.8969522475393,185.5313274341852,533.1479916193373

199.5669019563556,531.8199413009345,186.49845048234417,535.939032107539

200.40211521920156,534.74743496387,187.44949027614007,538.7357223064357

201.44595304999385,537.6119745321107,188.46803650340053,541.5122924979053

202.49110291877727,540.4791162394037,189.47436429203998,544.2940814947106

203.54956578995692,543.3458503709955,190.47142059022497,547.0802746381055

204.44702428569312,546.2612860016634,191.3098273964934,549.9125477291016

205.24480592109734,549.205526968111,192.04996829267185,552.7712953949026

205.9323171969074,552.1793999861889,192.68168992125126,555.6572508656352

206.59451731411852,555.1590435911734,193.2885708669399,558.5469352670689

207.231944793434,558.1440845590793,193.871375299972,561.4399191817888

207.84609800475494,561.1339463786442,194.4304600221751,564.3359037311585

208.4370011556847,564.1284505448722,194.96621592104358,567.2346026001434

209.09678741564534,567.106941052299,195.70633681368037,570.0851980831501

209.74526905798206,570.0887241986514,196.4527636194626,572.9355698217283

210.39165331243825,573.0717261077226,197.2281225697125,575.7820227540018

211.01516006987333,576.0600252112066,197.98193803608035,578.635975296023

211.61541911845438,579.0534813796272,198.71380554436942,581.4973037981844

212.1859336606268,582.0530618538924,199.40555535242893,584.369085838109

212.71011497442237,585.0612671941757,200.01437801028797,587.2580726813477

213.16138947150102,588.0817054793047,200.4693395254214,590.1742589211339

213.58975678860364,591.105121789645,200.90223454685258,593.0935640214923

213.99465958076635,594.1314059733303,201.31250473538998,596.0158751165122

214.378751035476,597.1599799236859,201.7028088877333,598.940610582808

214.7395655101416,600.1910302889869,202.0708532583401,601.8679319584086

215.0779635127908,603.2242517245123,202.41770927202194,604.7975093508052

215.4079189615943,606.2578438927786,202.758876637166,607.7273732468343

215.72227439024283,609.292745860847,203.086330755713,610.6585973481583

216.03633614036363,612.327411519514,203.41899724564348,613.5893096509993

216.32669637930474,615.3643827577123,203.728721001488,616.5225467740297

216.59278025933423,618.4036318265676,204.01457090543994,619.4580664825843

216.83454708011433,621.4450342537497,204.27077959010512,622.396025404689

217.0517604342622,624.4884000153604,204.49980946140232,625.3359240003654

217.2459128515944,627.5334464032304,204.68798288301318,628.2782919605173

217.41431188252534,630.5801550929893,204.85086460891938,631.2217220741585

217.55566887373715,633.6283646546722,204.98794560556735,634.1660107239786

217.66936003369258,636.6778522743786,205.09781886623384,637.1109731292099

217.7562531090094,639.7283398464526,205.1815295969971,640.056317889079

217.8292994781894,642.7793691921948,205.2627022974321,643.0013941180795

217.87766525927557,645.8311441900549,205.32187648468238,645.9467514229225

217.90168124987918,648.8834997408862,205.36097863055093,648.8922742045512

217.89814809061698,651.9362625425662,205.37381262524258,651.837852192612

217.86754774648873,654.9892046289331,205.3607163628698,654.7832863426335

217.8133214054092,658.0422336422287,205.32435867892997,657.7284144752908

217.72611162134868,661.0932064643014,205.2563779803515,660.6744916728258

217.59807730829158,664.1396971803007,205.1494472237976,663.6226717485242

217.4456956695833,667.1820144799052,205.01862707844978,666.5732776425402

217.27100315569925,670.2201687700417,204.86581527877098,669.5262735454821

217.07856725815518,673.2543337311369,204.6960372463674,672.4818427327551

216.8692855956485,676.2845102243461,204.5080697917926,675.4398236411233

216.64680403353873,679.3108810699416,204.3035148314521,678.400194869118

216.41725483147243,682.3338604302288,204.0788705448334,681.3625355370424

216.17866906070688,685.3532653647688,203.8375210618073,684.3269013508299

215.9288400901665,688.3687886550119,203.58462640818868,687.2935684212588

215.66826442373952,691.3803883779374,203.32062663736872,690.2623610303381

214.83458066999336,700.3903469029934,202.47379871279512,699.1816150993885

213.94031234346286,709.369778212218,201.56380933351423,708.1112957897074

213.01250746191346,718.3312522280655,200.61718963636537,717.0448670135036

212.07478207327134,727.2796821270144,199.65853847874044,725.985901674718

211.15018391311517,736.2187818202322,198.71112774253163,734.9390235559918

210.2475567706121,745.1519421614657,197.78499352346984,743.9062774708007

209.36149080417675,754.0911238240187,196.87411106760513,752.8769010237008

208.46136817816028,763.0418736712975,195.94920796028046,761.8370850131973

207.54579912909765,772.0014792532212,195.0104247706382,770.785434962278

206.6273667839313,780.9696704501371,194.06999588631749,779.7203814648493

205.696958959986,789.9419920152673,193.1205465307367,788.6409198525394

204.7427231385876,798.9053252515374,192.14517171040896,797.5580263095962

203.7499217910397,807.8545784378932,191.13048636081146,806.4824817546852

202.70618914951527,816.7910006879933,190.06162887184848,815.419582893145

201.62191235310829,825.730996108173,188.95196199537557,824.3643714130837

200.65533705140894,834.6434375480359,187.94902489949826,833.3923437694631

200.40810661089097,837.5724209391112,187.68150598794406,836.4495140277598

200.2040855090759,840.4451728734773,187.45133744142694,839.5475686481882

200.0472448810318,843.3064788626464,187.2729242806537,842.6259907302887

199.89438219694773,846.2488279157164,187.10994291427818,845.6056574821375

199.69743334796613,849.3198696372581,186.91598521681874,848.483024325279

199.62227955273184,852.5470267572884,186.8518533752347,851.3177412379533

199.44455155779417,856.0556938951361,186.76040063466806,853.9941398844428

198.99342584076493,859.9379420055321,186.65285756520845,856.2975813260681

197.6996070899321,864.1691744404012,186.349368075077,858.0292996133858

195.07042688402055,868.3159434566847,185.79431184862403,859.2718375097885

190.9844279768202,870.9870373386659,184.3995773940854,859.771738111896

186.89745873777917,872.420002304044,182.56839161940275,860.1151285409663

183.2854369893542,873.0570565628283,180.12060886420076,860.373163594543

180.13939260633174,873.7936304403449,177.38233399849437,861.0229939464675

177.0706785981743,874.5155615783486,174.58986914363098,861.704705234164

174.06865128559613,875.1548427044098,171.71723665094993,862.3354036647896

171.13449983506135,875.7129335213175,168.76611244776038,862.9126713886214

168.27188845938753,876.2154865066689,165.7397640602558,863.4629857946532

165.48821765865273,876.7239279257203,162.64551494347546,864.0535902735544

162.7851517711538,877.2969311496465,159.4958691052,864.7518583640093

160.19447925421485,877.997912826949,156.2906294526735,865.6474661825998

157.78271261696113,878.8421417660524,153.02909347891546,866.8122919922415

155.61015145346283,879.8521103992875,149.76381354647594,868.335364945128

153.68336087579894,880.9927433086993,146.56651818296731,870.2812298357188

151.93601549519423,882.3252749607518,143.57983768275028,872.6356810338904

150.24630819637844,883.820620491888,140.84551604147273,875.2521123234351

148.65671503946447,885.492866285016,138.34733868381397,878.0998483264534

147.17293621315488,887.28879078773,136.0295405715351,881.1675647371858

146.3271756058635,889.3576795113719,134.158143913975,884.6302646835802

145.94894967880037,891.4079667192208,132.8199302437112,888.4576099164615

145.8609405001464,893.3064949217274,132.31610131221996,892.6068764764698

146.04294134013287,895.2381711752986,132.5781607509745,896.7094784939644

146.49471501943958,897.4041236327176,133.42366857043447,900.4805789840569

147.2016100375958,899.7704124056992,134.46915873677008,903.9678991138202

148.13400598107316,902.2555859344695,135.68295535080586,907.1807790260539

149.21664581744554,904.8060902852966,136.96029430989682,910.1669361095013

150.399402266846,907.4366437931246,138.23960907154728,912.9828801159865

151.64639387313622,910.1935712625473,139.46081053161083,915.6519582910698

152.91176276501398,913.0417889896394,140.63247621164305,918.2532027512339

154.12590864941234,915.8991512874377,141.7741010918326,920.9023335611913

155.3066830677482,918.713464942584,142.92927774900002,923.6193157270926

158.6929711927246,927.0624080689732,146.35195516671152,931.9578754638151

161.9976105247535,935.3900773648686,149.72447874168492,940.3501062822393

165.3344610948171,943.7095409643686,153.12220806469725,948.7152802299587

168.80593935711696,951.9703656268696,156.65497788318362,957.0223035738544

172.40974539750985,960.1741256438877,160.3209934784043,965.2745138238053

174.80475750638425,965.6894527243915,162.72964580627615,970.75432532858

175.9785479227671,968.4945799327108,163.88479110143035,973.4817980507243

177.13341937676918,971.3352045398073,165.00328342981413,976.1993332609904

178.250026277119,974.2169239194359,166.06849391186455,978.9145482079877

179.32491078542654,977.1415520158647,167.077229078857,981.6269183922024

180.34663499454223,980.1090379851489,168.02259164849832,984.3418569949403

181.21757719838016,983.1642909342933,168.8794430631723,987.0544417247239

181.99707520379644,986.3381144577999,169.6353060294461,989.7093014723791

182.62184901174928,989.669810741939,170.2844496481501,992.271131830074

183.1542898396482,993.12367550178,170.80130684296898,994.7716125980743

183.53070774814273,996.775724001701,171.15647407844887,997.1839930903354

183.45706672291138,1000.7130919728191,171.28433474193056,999.3386327938289

182.71694393556467,1004.9496314722653,171.01036546124826,1001.0067858112604

181.0409235448784,1009.4478562488965,170.185071124074,1001.9288895505429

177.79235828399104,1013.1060935403391,169.26778795143562,1002.7825493251062

173.9239419535113,1015.507497897061,167.80998311227097,1003.8298596619319

169.858123477032,1016.9747336584692,165.8021251656507,1004.4510384708583

165.77782726163608,1017.734407852102,163.72874405091858,1004.7184126602982

161.82178412541555,1017.8553496415077,161.737475432616,1004.6265296755363

158.01561229395108,1017.809203486299,159.69282830262523,1004.6716513159429

154.3241705443728,1017.4857575769288,157.4207978085447,1004.6098817748797

150.8774647757407,1016.3022243704148,155.17081497157082,1003.7359334952027

147.4822396467598,1014.8438178803531,153.01211347565206,1002.6874028339121

144.1001477186872,1013.145341079548,151.02407011405128,1001.5340482956487

140.7077520859209,1011.200723565788,149.24512442800656,1000.2990185861719

137.45538491722638,1008.8820478147877,147.6635290439858,998.9125510962979

134.5744108036051,1006.1262860011452,146.5593644635297,997.0771243105531

132.21634365892874,1002.9196531285384,145.60932497502324,995.1957668594648

130.5591123132744,999.4225932189672,144.70662429042994,993.2144662439414

129.30416889639437,996.0543730378936,143.86412400441873,990.9206456955029

128.31445659383292,992.9160640286386,143.03262999393698,988.2926396373616

127.39796822572667,990.0665575225763,142.09125837127795,985.3999190666283

126.49529895387664,987.3586142844465,141.08629745603807,982.4146671821688

125.55676316872406,984.623860134536,140.06994429786806,979.4880275673146

124.58185847221161,981.8460066371624,139.05218890700434,976.6222445198188

121.56721535649366,973.3944968104557,135.99808256081235,968.1567844124909

118.53267391629954,964.9100551355506,132.94139540057688,959.7063811697774

115.51839929541676,956.418669479519,129.90314712085302,951.2418567688792

112.48983280925853,947.9333875498464,126.85038854621051,942.7844201744733

109.4819317185338,939.4454320413774,123.81506598104907,934.3189517297503

106.47934794898968,930.9589874778386,120.78446560685585,925.8503587130853

103.48153983427089,922.4741058819593,117.75690781939889,917.3784655628784

100.48684149735945,913.9901661384725,114.7311992861629,908.903969296774

97.49325112462779,905.5061433703806,111.70628781823233,900.4285036876811

94.49910847945021,897.0221123987892,108.68177828538661,891.9527366513183

91.50440507303641,888.5382128644353,105.65477001432153,883.4776232783637

88.50712573654019,880.0551604295622,102.6260838682187,875.0029250018104

85.5054714269601,871.5736328535702,99.59299914361526,866.5296341910056

82.50274161335705,863.0924727586265,96.55878592349416,858.0566090375951

79.49778532208813,854.6121180022291,93.52231078252994,849.5842808284028

76.496560286338,846.130456474246,90.48975655182883,841.1104579331311

73.48288782795221,837.6533173353749,87.44426145282401,832.6412150301047

70.47228268485689,829.1750820757306,84.40206850974207,824.1708197092968

67.45941134706052,820.6975940987905,81.35765905855789,815.7013287257356

64.44505550873888,812.2205719102053,78.31182339042893,807.232456764093

61.42916576832278,803.7440327246828,75.26450686075022,798.7642217909828

58.40191970221032,795.2715134861976,72.21446085059097,790.2970719595005

55.350710263107814,786.8075622425634,69.15977059439011,781.8316964889226

52.29911612540675,778.3436901025725,66.10323029754349,773.3670883222471

49.24553527926967,769.880472905147,63.04607284328805,764.9028014784559

46.190724726061816,761.417636397168,59.98755517054125,756.4391022245818

43.13546436726178,752.9548976172306,56.92731980734411,747.9761181691182

40.078085652728845,744.4928574378895,53.866895001559016,739.5132961606213

37.02063643636563,736.0307750867202,50.805511422294714,731.0509122985385

33.961773642637446,727.5691342065799,47.74276503707533,722.589111121072

30.868243073211328,719.1199540302833,44.645594451710544,714.1398420521954

27.84244753593638,710.646217484724,41.61582763319467,705.6662956908245

24.780979132036812,702.1853023014588,38.55137305339525,697.2053736969366

21.71997195510044,693.7241454359671,35.4864965675676,688.7446884704278

18.658318404613706,685.2631460539769,32.420654503457754,680.2844352342673

15.59574016069683,676.8024035640989,29.355256947865335,671.824102444469

12.533364739992606,668.3415087228691,26.289526768436037,663.363969771232

9.46687400428981,659.882022737279,23.21882596327964,654.9057141149931

6.407372924355736,651.4199258347536,20.15663939542454,646.4444544030267

3.344711400284667,642.958889623723,17.090602154925286,637.984663582452

0.28109220945083013,634.4981156905727,14.023658215687036,629.5252749116434

-2.781334267096949,626.0368245756587,10.95795705388042,621.0655091411032

-5.843861775461887,617.5754831213851,7.892407437424909,612.6057597270647

-8.906624338163063,609.1141384533029,4.826819633627801,604.1460938595416

-11.968310549662714,600.6523148291993,1.7618215308397218,595.686282932032

-15.030289578489437,592.1905061613298,-1.302821897748693,587.2264105111007

-18.091417658651444,583.7282974166172,-4.366817856777893,578.7663692427549

-21.152095299235818,575.2658320726241,-7.430450231206119,570.3062602761805

-24.211016842544165,566.8026369232567,-10.492837899233642,561.8457636496692

-27.270158287851604,558.3394247191534,-13.554305789410439,553.3849953989579

-30.327864935295878,549.8755962077053,-16.615607475050368,544.9242261656839

-33.385547988674695,541.4116596001121,-19.675288276637012,536.4629290402299

-36.44176566476988,532.9470928245804,-22.73422785661889,528.001420175524

-39.49619177902224,524.481777169699,-25.791325390018052,519.5393006865281

-42.55011604735962,516.016175782843,-28.84752040671919,511.07690863932845

-45.596804965509115,507.5478646013138,-31.897782123540736,502.6124266391918

-48.60519787478112,499.06567407629575,-34.91456370127804,494.1359339466716

-51.557468052524094,490.56322204550344,-37.995615569136795,485.68263333532474

-54.410439156474155,482.02502325962774,-41.197125094008186,477.2727002303475

-57.25809755463845,473.484936400757,-44.40135725279775,468.8637408791638

-60.18244476250087,464.9724326399335,-47.54876979347463,460.43436776853736

-63.23700719072666,456.5066820963157,-50.60235458731501,451.9713398169389

-66.28672657842992,448.0391493800284,-53.65294089720456,443.5073127368047

-69.33905113840018,439.57251399272127,-56.70515341808073,435.0439524780119

-72.38726098516084,431.10437278794745,-59.752613585964184,426.5789788689005

-75.43306777613347,422.63534742218263,-62.79804405504557,418.11337588408253

-78.47682566498774,414.1655721534502,-65.84142446777797,409.64714349012604

-81.51694691116738,405.6944868875752,-68.88199872631316,401.1800187206758

-84.55543190064117,397.22281438895817,-71.9194686889766,392.71190287204064

-87.59151177825589,388.75028691229863,-74.95521157058582,384.2432953367976

-90.62566826592281,380.27708408526513,-77.98899425387685,375.7741189606742

-93.65844312038062,371.8034029235985,-81.02041491565797,367.30423987958306

-96.6892212004338,363.3290401865585,-84.05169071611698,358.8344442917129

-99.72060342193492,354.85489078531094,-87.08257422914889,350.36468342681536

-102.75371620122766,346.38149959831804,-90.0775227859743,341.88220921011947

-105.79726675803957,337.9129114269024,-93.02885427902022,333.38336117725714

-108.83821862806506,329.4451291288581,-95.98024839209822,324.88287787445535

-111.88110460057163,320.97963221108665,-98.93370788865495,316.38141206902975

-114.92517307788914,312.51611351367933,-101.88884503846374,307.8786791840615

-117.97098406626176,304.05470611183017,-104.84790398503732,299.37534438906687

-121.01896387495587,295.5954747813211,-107.80975485164936,290.87087514564195

-124.07048939952479,287.13887834179536,-110.7763743640747,282.36576841358306

-127.12454452081019,278.6842479171211,-113.74721831229488,273.8598587373356

-130.1783016092418,270.231176526979,-116.73555390472006,265.35699695693984

-133.2295642078004,261.77467193936855,-119.75140719585718,256.86488646493706

-136.28957518297577,253.30994515302828,-122.76930478842058,248.3843423953171

-139.35924366678094,244.83492068868142,-125.78754323585483,239.91919217636556

-142.38928220517778,236.33323870190353,-128.94904638887988,231.52079937871204

-145.33930407395866,227.79148106869434,-132.29585730945328,223.20184254122603

-148.24961189320797,219.22523876174304,-135.5978666051834,214.87726087006806

-150.1508037684396,213.4952940702356,-137.75718431725238,209.31757047242982

-151.08578555340816,210.62337177037057,-138.82077643713453,206.5333824969659

-152.00784312005604,207.74604693718533,-139.87056658799673,203.7452100988593

-152.91911374386737,204.86408239739382,-140.8654995841274,200.93966259470636

-153.8191887014918,201.97738108458964,-141.81445051606727,198.12008908070428

-154.70286833685887,199.0843261950282,-142.70985637066812,195.2845182761971

-155.57220968032976,196.1856532539014,-143.58626746648923,192.44430033231515

-156.42240519992905,193.27994503861498,-144.44396774209335,189.59962030015825

-157.25793220848064,190.36867423260028,-145.28588610094917,186.75145767991708

-158.07855375388237,187.45183383080735,-146.1119778730419,183.89982454686898

-158.88657788950607,184.5300836971088,-146.92618073706302,181.04594891207188

-159.68129587599935,181.60588311880562,-147.72799006897066,178.18709349229636

-160.4670768987412,178.6832411524514,-148.52237853412979,175.32195019409292

-161.24576276755658,175.76263832545456,-149.30592438721095,172.44947818497678

-163.57934366223267,167.02331854602662,-151.58486283487707,163.7869080448576

-165.90532133362848,158.31663242005482,-153.83481471591506,155.0787984892522

-168.2454469727391,149.65003462888038,-156.11639786281495,146.34224781266155

-169.8289614934168,143.89998320289308,-157.6715037406582,140.50673581397214

-170.62447170868657,141.03200335024061,-158.48912788716504,137.59459530898084

-171.42859013598007,138.16773995178986,-159.32302622077754,134.68625602826597

-172.23933314004807,135.30499367405082,-160.17287606720416,131.7833564595946

-173.05941797346307,132.4447447147829,-161.03202639692202,128.88376640897235

-173.8890570629287,129.58698811394555,-161.900649764002,125.98758837794361

-174.7285342926819,126.73182296004883,-162.77904474608488,123.09489055374927

-175.57884292028476,123.87955463387652,-163.66817962840938,120.20597665460204

-176.44049085054885,121.03036116258953,-164.56853891802334,117.32101203355123

-177.31444340395916,118.18457448552819,-165.48112841401837,114.44033868290693

-178.20022269355297,115.34208202324726,-166.4054585731528,111.56383725716296

-179.1006464382954,112.50383421409714,-167.34428436971965,108.69243454206627

-180.01531524977347,109.6697707158207,-168.29212995293761,105.82440203063264

-180.95329965736622,106.84297013552924,-169.24437255590473,102.95821067314573

-181.90522914820662,104.02045244013162,-170.20457873712084,100.09502086077862

-182.87019657351985,101.20199729521326,-171.17286444705954,97.23484893822418

-185.81898918586722,92.75665660355416,-174.12878802368496,88.68003519971104

-188.82872410429866,84.3160772934316,-177.13591978793437,80.15862041146522

-191.8715429191291,75.87051612635555,-180.16726048692735,71.66123048703164

-194.92479301215235,67.41172116955303,-183.19723950819804,63.17955637793784

-197.97540865708925,58.93702274062573,-186.21568868827254,54.709068212758496

-201.02362127557151,50.457641304797015,-189.22833844732244,46.24120761011932

-204.06503188470498,41.97963925824226,-192.2373950933936,37.768850224452066

-207.10238889140916,33.50322382169564,-195.24346528605932,29.29305435111158

-210.13503381963477,25.028552099551867,-198.2471078464955,20.813706656954793

-213.16412224611312,16.55551950148839,-201.24888487315096,12.331665427588073

-216.19144054783285,8.083095793758057,-204.24878507338622,3.848552856532891

-219.21674368492975,-0.3897526071633415,-207.247026716097,-4.6349488922775794

-222.24107541297485,-8.862711034048989,-210.24438617039604,-13.118900953883244

-225.26453255831802,-17.335974860552568,-213.2414521338003,-21.603251046584827

-228.2891421005047,-25.809007261604798,-216.23874540074578,-30.088019769218196

-231.31368104143903,-34.2824392871553,-219.23689958055107,-38.57317289843762

-234.34002856340237,-42.75579068666342,-222.23696692836577,-47.058537278607865

-237.36867478149463,-51.22909891750047,-225.23913388814051,-55.544221435776905

-240.4001484817598,-59.70229748332018,-228.2438979640075,-64.03031586927031

-243.43474060587258,-68.17590376899982,-231.2521804641099,-72.5158596188031

-246.47326888827288,-76.64894931975475,-234.2632869462651,-80.9985896389527

-249.5159126312564,-85.11922052957728,-237.27715094891252,-89.47594544029099

-252.56026639834664,-93.58498750031652,-240.29323582098107,-97.94598711569176

-255.59397209648276,-102.04905862941483,-243.2960549793555,-106.411072511439

-258.5803260079438,-110.51695037330704,-246.25907966243298,-114.89919629895309

-261.5961079751009,-118.99812718156782,-249.25838337871247,-123.42299504360463

-262.66375029683803,-121.7965209611611,-250.3352889653994,-126.27540643833176

-263.80535264459104,-124.70021472782065,-251.4076819851061,-129.01321841643954

-265.15153401557365,-127.93899099439933,-252.11736623364774,-131.43469720951782

-266.257165245421,-131.79884180093575,-252.38376429575294,-133.35645576363447

-266.58811734186503,-136.3503448066197,-252.11807119534802,-134.74032994683196

-265.46976894325076,-141.02338132302637,-251.80274006338473,-136.00633442153284

-263.0908312687797,-145.06384096705207,-251.35804845405644,-137.51066452217805

-259.77248531871453,-148.39462757080415,-250.85953986954158,-139.06902752956327

-255.87513365793345,-150.82887427093746,-249.96922802138795,-140.40208673438573

-251.95462323870615,-152.5391692967092,-248.35626680347494,-141.2006139075044

-248.09066736377682,-153.33901223570214,-246.21423741355622,-141.625138973701

-244.43209482319082,-153.5420038959342,-243.74326079495142,-141.69335065035366

-241.00272518099976,-153.59432364864549,-241.12974527741864,-141.61755591519952

-237.72316203879095,-153.4601287683968,-238.42702216181786,-141.42317444931152

-234.59413637088622,-153.21062705774068,-235.5970308427579,-141.21161994765325

-231.58711262908898,-152.88462271777442,-232.6538806337847,-140.90823785697927

-222.67275673958838,-151.8211742983557,-223.67029343165805,-139.89214236991407

-213.73156680769006,-151.0467585659779,-214.66142989775565,-139.16406422066316

-207.81143910580147,-150.5855406601483,-208.6605969774064,-138.73145653488675

-204.84026572463878,-150.31232344725146,-205.67179206298695,-138.4741138330163

-198.94430097237407,-149.64832355607987,-199.47064857730783,-137.8258064502665

-196.93637804926087,-149.53303232158777,-195.2135056964066,-137.8485733410033

-196.0984790625921,-149.71586080127113,-190.06605351982964,-139.61812650119933

-195.3645000975291,-150.513536480353,-186.20618648672652,-143.31132374681758

-194.83917920005956,-152.1718891277147,-184.20348195313107,-147.32478960124953

-194.56875029560595,-154.2007107859564,-183.28279104077927,-151.19701346227637

-194.145017653958,-156.6840499442239,-182.95452695613633,-154.69228611627753

-193.68314689276207,-159.65370090588758,-182.57623227464433,-157.75804613635069

-193.0791421598931,-162.78314655160102,-181.93641974067467,-160.57528867560524

-192.4713479480078,-165.83910877691386,-181.28209452867472,-163.40476236066735

-191.84663298729913,-168.81913158661442,-180.5897143717259,-166.2663572212153

-189.90689220411514,-177.6264287059694,-178.39890989240155,-174.9298235430755

-187.83760229146208,-186.41147138730759,-176.07373931217745,-183.58270845710985

-185.69291908373995,-195.19447966341758,-173.6758565399093,-192.22035127877965

-183.55312333520968,-203.98629125481767,-171.34139647442584,-200.87434046079753

-181.47976110034276,-212.79994480813022,-169.26063115430176,-209.59048270130396

-180.77395182169005,-215.73624830175686,-168.55402471106694,-212.48995805710368

-180.03417223394686,-218.6672900532418,-167.8129718294345,-215.37624836872484

-179.25739348945396,-221.59202900196942,-167.03439618552574,-218.24822253798098

-178.45641780260178,-224.51370125777063,-166.23339462278926,-221.10969317475278

-177.63713395632888,-227.43380768337212,-165.41632829041853,-223.96225361060706

-176.79666814228506,-230.35145120082143,-164.58054672544714,-226.80503852325566

-175.9346218405584,-233.26642499109803,-163.72552028070595,-229.63777374717225

-175.04891012010432,-236.1780310090754,-162.84928148635277,-232.45976407937707

-174.135143639848,-239.0848193175375,-161.9483465293655,-235.2698225055567

-173.1951466021866,-241.98724770119784,-161.02437251305096,-238.06832233245345

-172.22379051665567,-244.88350988251278,-160.07224054837093,-240.8535607686155

-171.22863042887494,-247.77623589276192,-159.09985674054744,-243.62789946492546

-170.20858588946092,-250.66444540655039,-158.10588891648902,-246.39174433725648

-169.21924931540804,-253.57142345656393,-157.10219495726636,-249.14694936043773

-168.2220654544461,-256.4668873349875,-156.07275087426115,-251.90538302899063

-166.27607315518077,-262.1441519175903,-153.96588858294692,-257.5367614294084

-165.3382770687255,-264.9161869327446,-152.89925433365795,-260.4193385226143

-164.39211877645528,-267.6946377991496,-151.83262609094626,-263.2907788660498

-163.4254585545197,-270.5398232754842,-150.79082139700478,-266.1014099929255

-162.41299895606832,-273.44701596189276,-149.7510575560752,-268.8375148206691

-161.3499238431812,-276.40300784828264,-148.7071272569587,-271.50652752007375

-160.23690639219345,-279.35620079250793,-147.630057121049,-274.1475245143234

-159.0840281190981,-282.279444650373,-146.50786067901237,-276.7857101904899

-157.87650127850213,-285.1701997560762,-145.33475877252167,-279.41436240460297

-156.581362011184,-288.00960487189406,-144.1136094753755,-282.0351608856166

-155.20433007564614,-290.7968509954999,-142.84604991376696,-284.64751314595344

-153.74657389880002,-293.5288884749221,-141.5368165515735,-287.2525234887828

-152.25198830168165,-296.22557056355464,-140.18074310981646,-289.8459944652395

-150.7287212796735,-298.8957481503492,-138.79002444748545,-292.42767455465054

-149.16941540996442,-301.5408621406134,-137.36176609822792,-294.99015803477045

-147.5825167627397,-304.16533337401523,-135.9041361149481,-297.53757188717935

-145.96872218900472,-306.7694210679964,-134.41770441617024,-300.0700784185148

-144.35246698453815,-309.36745897918973,-132.9194524650939,-302.5975329228707

-142.72624128463244,-311.95560849792025,-131.4053095652215,-305.117850679887

-141.12171573268697,-314.55372751248404,-129.89692566317484,-307.64452623959016

-139.50080027350816,-317.1393121623372,-128.3698472140928,-310.16307651841964

-137.86484104410997,-319.71322551483786,-126.82529295424314,-312.67422752830566

-136.21955863522314,-322.279176554697,-125.27022028464273,-315.1824333424074

-134.56012033491663,-324.83412265902837,-123.69908433807362,-317.6841489625919

-132.8926603269626,-327.38207726771844,-122.117414825478,-320.1829806635961

-131.21079868815136,-329.91886876083686,-120.51926906586999,-322.67482926746385

-129.51585204548093,-332.4449385470269,-118.90564377789856,-325.1604597963591

-127.80244100283589,-334.9583866884575,-117.27251344232734,-327.63498954230954

-126.06614832798296,-337.45938552464526,-115.61683097872904,-330.09242475973645

-124.27799389221126,-339.92761037626195,-113.8976055410712,-332.5019756046523

-122.46866298948302,-342.3836382572686,-112.16108913170505,-334.89548835439746

-120.63688211996069,-344.8260731709658,-110.40618696596005,-337.27160622526134

-118.78076552482501,-347.252954397443,-108.63044969591202,-339.6280016235727

-116.90260295063956,-349.6654676019588,-106.83591346800553,-341.96566086976367

-115.00527214677041,-352.06541770683873,-105.0222066422821,-344.283846512673

-113.10141649198488,-354.46260644170206,-103.19696134934101,-346.5882082859502

-111.19180204587346,-356.85811369502835,-101.36013808164752,-348.87872801281065

-109.25239674236062,-359.23267313230804,-99.49800342567744,-351.1441470196202

-107.28504377998928,-361.58737759809776,-97.61292085358993,-353.3859280746768

-105.28964811660849,-363.9217360185301,-95.70529389514533,-355.60415609342675

-103.26738838019276,-366.2368098360685,-93.77611976188432,-357.7992061817284

-101.21810867200408,-368.53113038400056,-91.82419313092107,-359.9710455717872

-99.14726316327956,-370.804257827711,-89.85035930764992,-362.12556244932335

-97.05191757231128,-373.05017489275303,-87.84940080847315,-364.26092487132513

-94.9224860407211,-375.2595686934706,-85.81881296152221,-366.37397303366913

-92.7714748970301,-377.44367371056944,-83.76340570053355,-368.4690561544583

-90.6002720783644,-379.6035033792514,-81.68458747056827,-370.5471990762277

-88.4117837765043,-381.741601888078,-79.58460214922438,-372.6103279602163

-86.20687390136327,-383.85848691063757,-77.4636471403805,-374.65826144835665

-83.9867998449393,-385.95505329689087,-75.32239132783411,-376.69123550152506

-81.75185708264416,-388.03114232469795,-73.16139332972904,-378.70931691078425

-79.50329207648706,-390.0875742627741,-70.98181303658113,-380.7131861961275

-77.24162088969763,-392.12435355007017,-68.78440441095087,-382.70306595192307

-74.96969222648667,-394.14407415986653,-66.57171373293303,-384.6811764108894

-72.68762703606862,-396.1463099190989,-64.34372641881015,-386.6468876324345

-70.39786065436763,-398.133230205849,-62.102808475882796,-388.6022670243741

-68.1009820564974,-400.1060334108699,-59.850455816253366,-390.5475997506676

-65.79746220302485,-402.06626747204933,-57.58839867885668,-392.4838950994004

-63.488763955428155,-404.0157595181978,-55.317801088669746,-394.41260087570686

-56.538715769626705,-409.8092522724111,-48.46089010689042,-400.1615691665809

-49.5785969644272,-415.5537930034676,-41.56217271585837,-405.88789686343443

-42.63358580411301,-421.2825393640954,-34.64723962856203,-411.62571722216927

-35.71144962548825,-427.00910830879957,-27.72550557704183,-417.3872511609084

-28.80037713780913,-432.74382908344927,-20.805538661989903,-423.16221932989686

-21.886888178854207,-438.48928227128766,-13.894261038211964,-428.9398602927863

-14.970100720415005,-444.2421042371769,-6.989040773513398,-434.71715181236016

-8.048037200952873,-449.9993683259429,-0.08841714975110326,-440.49061508332704

-1.11874456643041,-455.75586019706645,6.8116921211263515,-446.25589196264417

5.815272406556669,-461.50726194445997,13.714483225227092,-452.0150964450837

12.755743254394044,-467.2478297128675,20.625673582357685,-457.76529158865736

19.704731057293966,-472.97584778177,27.54744837723186,-463.5034837120351

26.64259014964973,-478.71513485096324,34.48858105865225,-469.21937142536655

33.583530677305646,-484.44881651167765,41.440172759647254,-474.92381882776635

40.52692663195773,-490.1778402281948,48.39607698430113,-480.6244816035157

47.46939760679018,-495.906505170251,55.35307477224755,-486.3254872179859

54.40752817146554,-501.6391750826903,62.30621678135531,-492.03305814975243

61.339779819468085,-507.3778546786724,69.25563963229811,-497.74730021919777

68.26990539004426,-513.1185042717611,76.20435287760428,-503.4643494408822

75.20338140863812,-518.8549547071882,83.15611130079111,-509.17883207837616

82.14384178316753,-524.5826402844062,90.11653307033308,-514.8833370019744

89.09592098830561,-530.2953300657186,97.08857382387166,-520.5741413585703

96.05678361211919,-535.9968449356099,104.06939742036938,-526.253630318475

103.01002184798328,-541.7004674103713,111.04866035608869,-531.9404844658784

109.93568047869657,-547.4212593448825,118.01582544979746,-537.6571679709091

116.81167373494246,-553.1844886373932,124.94274899774811,-543.4395004074671

123.62005595304494,-559.0116279663879,131.80700941499006,-549.3131406094881

130.38786122338945,-564.8693860738512,138.64635156284274,-555.2330580225052

137.2070133704369,-570.7481693023917,145.4603216156843,-561.1077216000679

139.51301324394055,-572.7086232514808,147.72594896582038,-563.0345450011719

141.83744953715083,-574.6670106574735,149.99065424610086,-564.9427444654178

144.184426080047,-576.6178610139626,152.25849044407846,-566.8277851896661

146.5533361065973,-578.563458260765,154.52697399442584,-568.6914169909068

148.9467698998802,-580.4919152304495,156.8067984057878,-570.5294893751525

151.35547792966193,-582.3976443683438,159.10492173437837,-572.349716133186

153.79195673289902,-584.2590430309288,161.43282339289902,-574.1412378968639

156.24718677903928,-586.087793205689,163.784530512534,-575.9099196754443

158.71761621390112,-587.8875071091315,166.1584250511373,-577.6574070585829

161.19939300132816,-589.6628247631261,168.55135384223726,-579.3871413142737

163.69109466596097,-591.414982350137,170.962056393762,-581.1001851688617

166.1913449428062,-593.1455992012685,173.38891617550976,-582.7977275771948

168.69827925054977,-594.8577552207931,175.82954176730553,-584.4822714053083

171.2114484391413,-596.5523247816959,178.2834037156171,-586.154446282779

173.72881980282835,-598.232341459017,180.74851586228294,-587.8171805328373

176.24934215268775,-599.8992979780872,183.22398679946747,-589.4719429712716

183.78504699813348,-604.8916210723695,190.6890321745874,-594.42243800855

191.29373440180083,-609.876157710477,198.1844798011995,-599.3741585218685

198.78028794422562,-614.8603556086853,205.68885802388084,-604.3464001821962

206.26148098270747,-619.8451391996891,213.19570617693583,-609.3243794168691

213.76626101108343,-624.8270272109321,220.69781236635296,-614.2808052766823

221.3075973913344,-629.792085017096,228.2024946260663,-619.1974804743027

228.89455902783783,-634.7241341330717,235.7192910405266,-624.0602583161062

231.43579106246276,-636.3576454118542,238.22944437267304,-625.6661249333587

233.98307194132684,-637.9859796184296,240.74185915515167,-627.2645832979283

236.53786166614066,-639.6071169373938,243.25763912685508,-628.8537217463115

239.09971892909397,-641.2204357153972,245.77742081458265,-630.4338060576874

241.6671912733857,-642.8256549377309,248.3026066697876,-632.0049085471161

244.24084653495103,-644.421066559431,250.83406764740198,-633.5661763355699

246.82049868501625,-646.007056797742,253.37102920128413,-635.1186509525493

249.4120636915122,-647.5735720809573,255.91533379358336,-636.6592134510261

252.01832851694914,-649.1155296531689,258.467316099246,-638.1871283452306

254.63659422060783,-650.6370234374912,261.0271402191757,-639.7019387925714

257.2634380194535,-652.143568232993,263.59400554196816,-641.2048350931306

259.8982391555038,-653.6360095131707,266.1689151215688,-642.6939103499844

262.54027839181396,-655.1154032742139,268.75101597936055,-644.1704535515294

265.19007129555814,-656.5806489021727,271.34075886120604,-645.6334895139137

267.8477966824056,-658.031219988721,273.93871323589246,-647.0817824931091

270.5122793857754,-659.4689877367521,276.54360139609963,-648.5174399720731

273.1837891693244,-660.8934074317301,279.155522971029,-649.9399919053748

275.86094828195775,-662.3063280605222,281.7735027696859,-651.3515152704964

278.5425582720238,-663.7075067579405,284.3982510345606,-652.7527758189237

281.22701260710784,-665.0985428440988,287.0295099751836,-654.1455843963456

283.9143766193471,-666.4795985048081,289.66704147868813,-655.5302216647167

291.98834087401593,-670.5737272222259,297.61081369110667,-659.6478719761612

300.0695568806161,-674.6160366294885,305.591110403846,-663.7306608147644

308.11588752265806,-678.6898690759784,313.61031184460745,-667.7736782924012

316.14279719717666,-682.7679307533236,321.6526908991506,-671.8033859418542

324.16973634967417,-686.8336514995237,329.70376790865225,-675.8257387031942

332.2031671249626,-690.8907555815882,337.7573684645262,-679.8375118416751

340.24159977697656,-694.9406344713939,345.8136303985281,-683.8401973647129

348.2855367704551,-698.9831508476938,353.87185645577784,-687.8346344469445

356.3335414464837,-703.020183212358,361.93218419158006,-691.8217575211386

364.3845967041631,-707.0507724233548,369.995438786391,-695.8030335603552

372.4373796104863,-711.0761887347471,378.0612840551192,-699.7806808382122

380.4913628878874,-715.0978511947252,386.1301579571016,-703.7536953516461

388.5468217098086,-719.1152225410824,394.20132828327377,-707.7237414162443

396.60262173916806,-723.1306940226616,402.27436703544555,-711.6917795778038

404.6589511705047,-727.1439485210175,410.3488972953146,-715.6587061381163

412.71832328165476,-731.1500408646854,418.4276627814885,-719.6190394712024

420.76667686525946,-735.1772462187611,426.4969716530484,-723.600741656663

428.82572094267795,-739.1825350113402,434.57746785122185,-727.5614859313486

436.8768626107096,-743.1967596910417,442.6563802999811,-731.5334878340718

444.9194604585968,-747.2100056148964,450.74020570184587,-735.511846515903

452.95179506417134,-751.2217905682677,458.829101155799,-739.4964892875977

460.9706191186693,-755.2384856626713,466.91903832538594,-743.4928495784611

468.95618489246993,-759.2935239878456,474.99302404303893,-747.537700580092

474.2957037367113,-762.0951293434135,480.2880084262508,-750.2795454563596

477.0012827886162,-763.5210985575634,482.90293192274737,-751.6415154615826

479.78442843990916,-764.941706559046,485.48819145049316,-752.947170192409

482.82407329652796,-766.3750174120088,487.9006823474947,-754.0775751009292

486.2898639957631,-767.6815885095017,490.04999219527866,-754.8935331482701

490.2118906181643,-768.7676132659524,491.9477505797365,-755.4927482964595

494.66779919137144,-769.0645882405731,493.71497504384894,-755.6277327024645

499.5961616346522,-767.9951109168265,494.8789976909767,-755.2279146689772

504.252232888575,-765.3605083485105,495.45871437326775,-754.7519021905115

507.666579266049,-761.5815109206858,496.04751614012736,-753.9599635986893

509.587008269442,-757.6838535133709,496.8953418445467,-752.4420527922637

510.7193132949421,-754.3086266929399,497.7749154552932,-750.0311326090862

511.6198155337437,-751.1218163424987,498.5574925479269,-747.3284359607353

512.4533705830806,-747.891008586887,499.2453069237726,-744.6824422406092

513.1557719416934,-744.7242067224074,499.8447551721263,-741.9917757000551

513.7531290553414,-741.6264475081938,500.3793820749037,-739.2403560066147

514.2541956346329,-738.5929319850235,500.848346621121,-736.4167816211843

515.1010063824997,-732.7117287825766,501.7018601876915,-730.5359944175262

515.5272760668028,-729.8570184328523,502.1665189767342,-727.4740526733358

516.0034491466604,-727.050983178941,502.7111136162969,-724.3299112156909

516.5663175025378,-724.3038061669572,503.3822177596426,-721.1145017479629

517.2367229448532,-721.6485241341568,504.2170468918599,-717.8562285443988

517.7780911388317,-719.0317768710229,505.19778285710703,-714.565649188859

518.4227469387125,-716.5243642756469,506.4173111667839,-711.2841558592346

519.396322884705,-714.2509018966226,508.01845617364205,-708.0972534506984

520.5355083165823,-712.173960995177,509.9528312093198,-705.0194097521168

521.8533772822924,-710.3109403388985,512.2637111565534,-702.1126465742897

523.4546734627702,-708.6953711229183,515.0033024017445,-699.5710739481972

525.3092443530509,-707.2881967862395,517.9695266852517,-697.3731973856984

527.4302212710085,-706.2236935220119,521.0004645801043,-695.3097013680525

529.5660244263578,-705.1836820510895,524.245556484972,-693.6088935532548

531.7474848913499,-704.1909469577296,527.6572019193223,-692.2768951057488

534.0498762494783,-703.5072243250792,531.1742453773933,-691.2620469892466

536.380648306167,-703.0654237988958,534.7902337609369,-690.5855351044456

538.7826202392454,-702.8237736870569,538.3927446806755,-690.2198664562029

541.3984953619848,-702.8075559232859,541.8072646736716,-690.1851592278659

544.2554005491385,-702.9462634321021,544.9678238531466,-690.3290297677528

547.3290036018951,-703.2473871746571,547.8707748328105,-690.6126988791736

550.6374888096466,-703.4629457255786,550.5227910286136,-690.8170418613189

554.1864332613924,-703.3051632360387,552.9206588671307,-690.7708870193118

557.967430662446,-702.8705935880839,555.0807713768701,-690.4306098000126

562.0491297030978,-701.8997419933,556.9381113176951,-689.7907295210646

566.4698302652714,-699.6352053736663,557.9173055154408,-689.0354149274447

570.1710922451167,-695.7592305218775,558.2828441122949,-688.3476368383773

572.1609713336128,-691.2939134083697,558.7472109587787,-687.1845014493316

572.933390131919,-687.1466035722285,559.0086792163676,-685.3765412242534

573.0342473597632,-683.368885390422,558.9985385001318,-683.1190858966379

573.038051031164,-680.0542512273424,559.0019101604622,-680.3689957731679

573.0135077972378,-677.1283927563852,558.9728500274637,-677.245952559771

573.0340313210154,-674.3077498274118,558.9942984779447,-674.0697036981142

573.0777907157004,-671.4063677821476,559.0406776469893,-670.9979027565731

573.1240686616356,-668.4313170330925,559.0857556518004,-668.0026183194042

573.1829008045811,-665.4029619809746,559.1407176438483,-665.0483135314556

573.3566652165534,-656.3726309283043,559.308868320888,-656.0690311541205

573.5653273903577,-647.411087448021,559.5153088729032,-647.0250291442163

573.7757437056059,-638.421324183914,559.7214821182478,-638.0240383457748

574.0314922644346,-629.4077045792076,559.9663405309817,-629.0569676760185

574.2493642300857,-620.362031153681,560.1721572939158,-620.1194549619455

574.3078390981095,-617.3388868588402,560.2262725763238,-617.1458167485745

574.3582898320827,-614.3114127284451,560.27246963981,-614.1746392392805

574.3988351867598,-611.281327228864,560.3089681335535,-611.2039010427296

574.4286155546885,-608.2506733294299,560.3349516660415,-608.231909482111

574.4470504142225,-605.2197089418817,560.3503747702994,-605.2589156844027

574.4503257462786,-602.1887149867861,560.3491706260608,-602.2852268909757

574.4323867440659,-599.1580638779681,560.3215228371034,-599.3112880878301

574.4004025524346,-596.1280288679038,560.2800424327686,-596.3373691580503

574.3550566680307,-593.0988923754345,560.2254071088532,-593.3637639105218

574.2910587173451,-590.0710635874267,560.1523135893132,-590.3908922231519

574.2123141772142,-587.044789974358,560.0646698697063,-587.4190148334304

574.1147893028708,-584.0205062805993,559.9584367899643,-584.4485683009876

574.0012015135426,-580.9984582081082,559.8630087858995,-581.4789358851343

573.8731753497042,-577.9789733523963,559.7717207436814,-578.5103461951677

573.6549133061856,-574.9652599689189,559.7066964230683,-575.5422343838128

573.4058047720962,-571.9566446683826,559.6398425223204,-572.5748975464619

573.10650958065,-568.9515028995845,559.5797037344998,-569.6110473337178

572.2501564901199,-559.9769517678176,559.4320605400734,-560.6001305153007

571.9712464929105,-556.8464404036959,559.410655976885,-557.6610605965061

571.5897028693536,-553.3804243250308,559.4011643691289,-555.0854717980596

570.8250475313594,-549.5448850492221,559.2723967259326,-552.9913317983082

569.2715089656103,-545.5041153149795,558.9396254383837,-551.2605582047066

566.5420850432839,-541.5011199621584,558.1936549753177,-549.975418485838

562.0471696844095,-538.4180939543766,557.4840767897954,-549.4139128081198

556.9907240754152,-537.6287635440335,556.3440899285986,-549.3719922946455

553.0425114998997,-537.8772018163827,554.1445310415392,-549.5809465138332

549.6655829737363,-538.4152710751149,551.548298718867,-550.0443253803695

546.5154308543113,-539.0958626909614,548.8209002289642,-550.6735130342819

543.602952010345,-539.7244403092279,545.8707599187987,-551.3344745535017

540.7621991349591,-540.2043363055925,542.8051261651412,-551.8808887470277

537.8869572582535,-540.6196567546572,539.7534135656466,-552.3517832399924

534.9808784777098,-540.9983745125007,536.7208510991117,-552.7764630587836

532.0545883270382,-541.4209451329947,533.7186160532563,-553.2363733007646

526.1278285681212,-542.3176817554987,527.791631921199,-554.183765226601

523.126974701074,-542.7949165113164,524.8708976770383,-554.6752125026344

520.1157810731097,-543.2948271537758,521.9676628576267,-555.1847261236013

517.1134237231284,-543.7896309788559,519.0547932619307,-555.6906476097042

514.1268329742214,-544.2892596142033,516.1279473749461,-556.2058220695299

505.24275027073793,-545.746321448808,507.259004979411,-557.737810738585

502.30836931979144,-546.2168549980242,504.2723003503225,-558.2425258914369

499.3820939918221,-546.6760885672326,501.2748621025013,-558.7386450681287

496.4549981639343,-547.1267902203539,498.27596542535355,-559.2258559145151

493.52469900248735,-547.569316765734,495.27772646190255,-559.7038667707786

490.5909462852455,-547.9990149796046,492.2788838278584,-560.1682724190472

487.65418032514043,-548.4204545716879,489.2802650307157,-560.624186778728

484.7137118113633,-548.8285232607847,486.2810248076236,-561.0657520289175

481.76976496515834,-549.2248633328395,483.2814287073945,-561.4945466058326

478.8200051002875,-549.5895342260728,480.2792563719006,-561.8914018120365

475.86606956035473,-549.9342102458246,477.27613543465793,-562.2677365939306

472.90771520671467,-550.2553636193136,474.27177730806255,-562.6194366935648

469.9459947236242,-550.5611647639704,471.2673531139565,-562.9554721193139

466.98089722038935,-550.850525448889,468.26286462923275,-563.2748952367925

458.06813318708186,-551.6395577792408,459.2519785419363,-564.1507185992969

449.1328269001756,-552.3489987042341,450.25126183136854,-564.9438668755754

440.17800477359043,-553.0278544310668,441.26613935350775,-565.7025153094959

431.20707864994944,-553.7219980821948,432.3001881708158,-566.4737601070037

422.2224219738724,-554.475834455809,423.3582442393258,-567.300659227943

413.2277219152777,-555.2879970859939,414.437143622164,-568.1831131856894

404.24338085903827,-556.1150661479916,405.50851944218454,-569.0832438969682

395.28327923805097,-556.9229098819077,396.55140079416054,-569.9676017791974

386.34313923890534,-557.6746522195238,387.5643980048484,-570.8014605963692

377.422711796527,-558.348055483051,378.5457205409651,-571.560224352592

374.455171474304,-558.5637050734219,375.53275054257136,-571.8054933201006

371.48758834541826,-558.7728176336726,372.5188111973193,-572.044130241955

362.51325442228836,-559.4419854824145,363.5511971506049,-572.7902875725813

359.4928851007967,-559.6834648283428,360.5931274235228,-573.0526221398115

356.4591814201736,-559.9423900348792,357.6513697031866,-573.3295092382679

353.4116590863195,-560.216267380545,354.7258686187602,-573.6172505468406

350.3510141356241,-560.5149190184119,351.81732392975425,-573.925666988063

347.2896534529071,-560.837145941549,348.9129084674117,-574.255778629366

344.2416341569857,-561.1914749506606,346.00037639022605,-574.6113519604276

341.2073263507674,-561.5765681879693,343.0799477177981,-574.9915221161024

338.1988326734565,-562.0695448816743,340.1498658864939,-575.3817356402623

335.2044699239497,-562.5827114801145,337.2128143342221,-575.7948699570999

332.22544388747076,-563.1133688619723,334.26788246703416,-576.2289886387167

323.3554589198601,-564.7615974948195,325.40154746690956,-577.6025724011284

314.53629669270435,-566.4095108490783,316.4954313042752,-578.9906272198486

308.65977709484633,-567.4541128562946,310.5262813843427,-579.8675448338673

305.7232380365223,-567.9504740792037,307.5244432912464,-580.2826933994237

302.80564794582057,-568.4173753615419,304.49020170900405,-580.6753974360148

299.91994252605963,-568.8561647131742,301.4152619873985,-581.0479703323111

297.0630966730411,-569.2450446237403,298.3009338283326,-581.376926004339

294.23492787356724,-569.5690719606407,295.1506215433675,-581.6953618769975

291.433446073678,-569.7928888969805,291.9564070402509,-581.9216985714249

288.6591869782212,-569.8900056642352,288.71836678745564,-582.0329417318527

285.9177663704558,-569.7782836536938,285.43983097381835,-581.9288863340416

283.2274983812567,-569.4966457414263,282.1299785534558,-581.6301484971126

280.60772943692325,-569.0589308890092,278.8052930259007,-581.1306434671034

278.07877896669595,-568.474282363106,275.47559289241383,-580.4217099436032

275.61458139550194,-567.727073280027,272.1951921736477,-579.4896608665867

273.1438217024821,-566.8262343895287,269.0161834194977,-578.4181536696452

270.6457259102199,-565.7881580017755,265.94977397450253,-577.2288947833575

268.0679799876626,-564.758931678746,262.95099315246426,-576.0307482928326

265.45987521158037,-563.6828224661356,260.0145252760119,-574.7899588543013

262.8237155432633,-562.6035667721454,257.10447317025825,-573.5280169481032

260.21283140030886,-561.4144653450306,254.2570989759618,-572.1757515214327

257.61899430727533,-560.1396146051633,251.4642045952435,-570.7563261732831

255.10814513900962,-558.6764158354764,248.7811536581186,-569.1844301777012

252.60448959483094,-557.1637599805015,246.14111455486665,-567.581652733811

250.1045986640691,-555.6081486116335,243.5409343546849,-565.9567515320472

247.61307045768726,-554.0134791742016,240.97591335178578,-564.3086661285951

245.13122715047635,-552.394188342608,238.4315483408734,-562.6423043262147

242.66378473504722,-550.7469237831365,235.90898429030784,-560.9515794180855

240.20356900252273,-549.081815271463,233.40140369704227,-559.247995660765

237.75056896631042,-547.3990595334674,230.90838795859065,-557.5318159945119

235.3009131758746,-545.7042209462228,228.42605621449218,-555.8088132228642

227.94626240332175,-540.5839547049028,221.01880630875962,-550.6323174782326

220.53438991162523,-535.4773106810838,213.6211412771822,-545.5157443583172

213.04879144603518,-530.4120302204735,206.21271681173542,-540.4834655878694

205.53209790076943,-525.3827041522819,198.78070580672284,-535.4911077133307

198.0215108548384,-520.3827861028966,191.31583184764818,-530.5017433100526

190.53309803718008,-515.3915599876726,183.8350952169318,-525.4952609221472

183.0833783742433,-510.3825450297347,176.36079245252694,-520.4513549602984

175.71101657156026,-505.33728743261736,168.90108867026666,-515.3264479241464

173.28642410040752,-503.65392351106976,166.40499208190755,-513.587389271341

170.89458394184638,-501.9644181071447,163.90239353628118,-511.8135796972343

168.52790953226545,-500.27102354656387,161.39381584014293,-510.0104460976489

166.21020590331915,-498.5406455799958,158.90543686531475,-508.13896304242064

163.95111889708596,-496.75986082674973,156.45112773310225,-506.18182401102104

161.7524694575062,-494.92430228929817,154.03539884202675,-504.1369042153768

159.61957651343405,-493.0380020556348,151.65447556635726,-502.0000846609717

157.56235745880605,-491.12138352655785,149.30714300242389,-499.76627827237803

155.59504721530277,-489.18284218077594,147.0121553927522,-497.42696186065723

153.7225233577214,-487.2294581996428,144.78934809903885,-494.97566335350217

151.96487169387964,-485.2504408808627,142.62838426767283,-492.4243407732394

150.35640638926893,-483.22029858838283,140.58789229235137,-489.7269696767338

148.95040167571082,-481.11517259889274,138.70643681924568,-486.85278206391996

147.8264384122967,-478.86379013316895,137.112278104517,-483.7907159129292

147.04015701155453,-476.4029910992854,135.88386671798585,-480.619392639378

146.34059583585088,-473.83497053580203,134.8347284763654,-477.45304640052814

145.72487199851028,-471.1604187620059,133.94051929843783,-474.29432893156593

145.04576135937776,-468.4156112836425,133.13030751469583,-471.16762299264997

144.40330716668052,-465.5824909497199,132.4157320983219,-468.07227280199174

143.75523897135008,-462.66984450891727,131.7639025262776,-465.04001206798114

141.95918105547838,-453.7955679658427,130.02857726715635,-456.16089454633186

140.18332771276224,-444.98516842094926,128.32236653812953,-447.39507863674993

138.36336625989648,-436.2066919835394,126.56617933601328,-438.63071890135456

136.50193828096147,-427.4039841324558,124.7666805737401,-429.8291629175896

134.624684161791,-418.58885161235577,122.94659739262966,-420.9965733931553

132.75403617732226,-409.7738019213641,121.13099580893244,-412.1491982975972

130.9154824895864,-400.9772651012605,119.3425873772143,-403.29676878416234

129.1350645622975,-392.18655535752305,117.61679678921274,-394.47528409377094

128.5547785010924,-389.24304965231187,117.06112152042296,-391.5502768219748

127.9680881586608,-386.2874657880753,116.5032827329503,-388.63567548878655

127.36177701651943,-383.32042028056304,115.93029613357464,-385.73091431330243

126.66025932549914,-380.36188375141927,115.26411989427639,-382.8438757754581

125.9230068909454,-377.37403616047646,114.57556357459495,-379.98359115271853

125.16732572952623,-374.45517613751366,113.83441149098059,-377.03954190997007

124.67991387411371,-372.1464347760335,113.12590493207146,-373.37726143233294

124.65124281419801,-370.60917426452005,113.17062864754311,-368.7984940228581

124.8267309796272,-369.35491073305997,114.5941380461108,-363.9777389660622

125.56045358478202,-368.23061866605065,117.82251517990042,-360.2091408142523

126.91611065162539,-367.30879874687486,121.98804347670922,-358.22241594261715

128.78231108992233,-366.57923971095835,125.71392232804324,-356.7239916527349

131.2508512051777,-365.9810238480184,129.05375504549983,-355.80152726958454

134.0590144764313,-365.3687690847782,132.0993938575691,-355.0675203232087

136.90422542196436,-364.87135741082596,135.16193325154933,-354.50183546727476

139.78911320093187,-364.4733880700352,138.2234150484332,-354.08778566582214

142.69554651263797,-364.07342739612176,141.2620750997546,-353.6817781585583

145.62710820419719,-363.6870892181944,144.28078537126459,-353.29693718523

151.55858613288464,-362.8934167828565,150.24784056317725,-352.52459103464975

154.54964060159568,-362.4961035976155,153.20534304413553,-352.1449284002715

163.50872068736348,-361.29720551873766,162.08569653427614,-350.99486473956955

172.43169108817392,-360.07733075265446,170.99594685799806,-349.81487071755504

181.3377498045295,-358.8528799459434,179.92575982147903,-348.62620169150654

190.24337204372017,-357.63817777631266,188.8606836005118,-347.44557272634074

199.14975062145498,-356.44794982327875,197.7996934873314,-346.29002555662987

208.0558391000818,-355.29408667162386,206.7424732528651,-345.16969752908426

216.95454804598526,-354.13158037317004,215.6805059132134,-344.04023019187343

219.9627289416733,-353.73168956851805,218.61604488188263,-343.6624841443414

223.06461803568888,-353.31011116361566,221.46692565581037,-343.29083044513237

226.25547159463923,-352.85813828374603,224.25400380265498,-342.8939922815407

229.60477487279493,-352.30454946620665,226.93836507176792,-342.4442823834487

233.50046048138842,-351.2753633481763,229.04438753016984,-341.8790086881861

237.511642077737,-348.87954463808705,230.3854579769861,-341.05689064372035

240.224232597579,-345.3366450641216,231.30534520813478,-339.49792798095314

242.002585501896,-341.8847825652627,232.08574261177776,-337.3703898092291

243.27520748801763,-338.39606719124646,232.57847918294303,-335.0419444516079

244.33764577522692,-334.9440025028013,232.94456005779827,-332.6006782754604

245.0739302222655,-331.5156912933245,233.15487981605125,-330.0433800620024

245.54408907786475,-328.1683354270595,233.32806340569394,-327.40201604921447

245.77241214388897,-324.9498470014777,233.44516857879023,-324.6290516867468

245.85648476477624,-318.85134627713995,233.5473220554693,-318.7492887673484

245.84138553579365,-309.91816928874726,233.5667372164652,-309.70670059482705

245.99167921621634,-300.9334484851901,233.74993160410264,-300.70131092573894

246.20155523343465,-291.93305090305387,233.9928813404955,-291.70420393403634

246.35297246015182,-282.9061018200657,234.17678910391803,-282.72844273836324

246.46235064569885,-273.87747870450016,234.3178443899756,-273.7577901928973

246.56208631513852,-264.9028454853563,234.45145405585404,-264.74225640437726

246.60304272970208,-261.92873780234305,234.5039303361259,-261.7216717039203

246.64334594392275,-258.96198167430026,234.55679257775972,-258.6940484612864

246.6955558104688,-256.0028574933256,234.62218667654417,-255.6590422793287

246.82980930600883,-250.01686384879875,234.77904077740573,-249.65241560631586

246.8993486021749,-246.96872813139743,234.85744108131118,-246.7022689086671

246.97216831584964,-243.88388063737386,234.93798770136033,-243.78717616664332

247.0027811338861,-240.7603796908321,234.9795659907498,-240.905092242706

246.9823438005065,-237.59662759001122,234.97826685946183,-238.05353006730192

246.76217242450144,-234.39897458167502,234.89589218559948,-235.23050832605279

246.31571823217712,-231.06235141046596,234.71105268232424,-232.55861220944317

245.54225069654336,-227.52581422729244,234.51130565802768,-230.15739791000001

244.26627894249103,-223.85707866589917,234.14321288400242,-228.03605840293835

242.35667212001414,-220.19835449623164,233.5867330804255,-226.0205808159896

239.5907824476387,-216.8886904007417,232.32103476790238,-224.43176357523527

236.08773045798694,-214.27972891051004,230.679775916228,-223.49128823054033

232.28105518851055,-212.78857174605236,228.7172877602392,-223.08245497979456

228.70707162831573,-211.99060144404362,226.44078683379297,-222.74923344855995

225.33859361360444,-211.5350582433927,223.90511700403778,-222.3756805049419

222.18603686835144,-211.19039362373826,221.08248511899515,-222.00922438515386

219.27032311697945,-210.85315099269044,218.00610248412886,-221.59383264816972

216.4624606170607,-210.47189294847624,214.86469667200637,-221.10577978729822

213.61457870529063,-210.02021115986778,211.805534685542,-220.55759952836144

210.71224075235173,-209.53799315156255,208.81478056355198,-219.99685629652936

207.76066779811842,-209.01906435077478,205.87861976598887,-219.41755392668597

204.78737310954128,-208.49678012305415,202.95493905363793,-218.84092298189327

201.81347792527254,-207.96375267496535,200.02928248824338,-218.2539651245212

198.83590547231654,-207.4465661486419,197.0994492482159,-217.6825581374203

195.83851053101677,-206.949052533208,194.18270649094353,-217.1359725712354

192.78882448699036,-206.4884504002273,191.3056837408292,-216.64011939037692

189.67726146129218,-206.09071515596776,188.47154352143835,-216.21790500004414

186.5063323473232,-205.7461216936462,185.67544945239538,-215.8772765114345

183.29232161030146,-205.50699868033394,182.8904402248949,-215.64878099191293

180.06265914226577,-205.3659144460737,180.09913950041283,-215.5354730369114

176.82560061354312,-205.53875359145016,177.31814483548362,-215.66098944886772

173.61730484367965,-205.93659522807394,174.55213083592878,-215.9661824759042

170.4761628992583,-206.40704824231034,171.7559652070678,-216.35366899101945

167.4305454784814,-206.89673616643393,168.87933919462074,-216.80202157803294

158.50954219642242,-208.22819998037252,160.01386510459412,-218.21401483473946

149.64312130131145,-209.52992182314853,151.0815211350874,-219.5815884530226

140.74641321895945,-210.74263780723766,142.1476068590438,-220.80738911945824

131.84250590028762,-211.90417897731214,133.20751386831697,-221.98178126623873

122.93445952601003,-213.07278046245568,124.27349945677882,-223.1603246038247

114.02327582436064,-214.24892633862618,115.34435069990293,-224.34588696385384

105.10859651556872,-215.43345859706224,106.42035428863437,-225.53888851973912

96.19034266142057,-216.62489489419053,97.5011659243079,-226.737095446159

87.26832993800679,-217.82123957793223,88.5867760117071,-227.9393025725723

78.34263198330756,-219.02210446225342,79.67723859182385,-229.1451047549024

69.4164363828374,-220.22588875156933,70.76900187532993,-230.35396195299063

60.49301904147786,-221.43223619594582,61.85840481317405,-231.56484082282887

51.57183719979182,-222.63696472544595,52.94526338590136,-232.7761550594289

42.653295343715584,-223.8425756942875,44.02967590908041,-233.98822092277246

33.737059035543986,-225.04591043182816,35.11142053860958,-235.1988973829505

24.823053899519447,-226.2459738439784,26.19049334805625,-236.40735471635037

15.911669204417064,-227.44432534044196,17.266842208271903,-237.61360461533272

7.002049061078754,-228.63728602889742,8.340652285820907,-238.81560592651047

-1.904353542211974,-229.82465090629805,-0.5897918345377359,-240.0127604525623

-10.81426191751161,-231.0044788977541,-9.517987715846614,-241.20217981940309

-19.754531653800694,-232.18322736011456,-18.417274968291945,-242.38288634568568

-22.746598137011734,-232.57140176812868,-21.374712148477457,-242.76887875769097

-25.742066251687774,-232.96384927072202,-24.32968186500954,-243.1582150641413

-28.749191109896472,-233.35610693040869,-27.27551843286556,-243.54421408658996

-31.717915529354446,-233.76225972461035,-30.260803455594672,-243.95478176075025

-34.56797920668794,-234.11768274301775,-33.37692945951481,-244.34651868993762

-37.273611825040646,-234.44711839997754,-36.64409455384006,-244.72877885683883

-39.86475851083019,-234.54354126832922,-40.08126312735891,-244.86119628730387

-42.379056989293424,-234.29816996858037,-43.6089120723996,-244.60027410303132

-44.80266802121819,-233.71552331874574,-47.12160418145828,-243.99943111430042

-47.05581821579587,-232.85960161548434,-50.59159001521623,-243.02716163649438

-49.18455488043372,-231.81602700500463,-53.96966167725766,-241.8038323516994

-51.309920837355264,-230.5354068032832,-57.11513718875568,-240.30285384880133

-53.5198317777324,-229.0633173834838,-60.04136439569296,-238.658447686464

-55.773604609502804,-227.35285363696704,-62.74072740753567,-236.88902329411764

-57.99897446164717,-225.5329451647883,-65.35119149062699,-235.01693542684316

-60.01160426547883,-223.6077393087049,-67.83711766593687,-232.8400390673445

-61.89845810035384,-221.7455726202749,-70.31667365276056,-230.5386476729245

-63.74571463063104,-219.99949790739413,-72.79977842624119,-228.15080125642604

-65.55107321533401,-218.18458927884026,-75.15086177394839,-225.6588677243898

-67.33209571028704,-216.21937215509283,-77.33045450119157,-223.09984824929234

-68.82938428001636,-213.9513096544229,-79.15424944582335,-220.35998432763483

-70.2669317343312,-211.5532388520007,-80.8239719159439,-217.60255170730318

-71.6587194090313,-209.04497582450247,-82.3713790180127,-214.84718809989977

-73.02001444519342,-206.4294813828495,-83.80780866342606,-212.12342994873478

-77.05135117220416,-198.3637809988123,-87.88689496872628,-204.06387708650772

-81.14349337819283,-190.31889568483774,-92.00153782133535,-196.0741863726941

-85.3037059570909,-182.33601586193666,-96.19664185730385,-188.12353868954

-89.47163959485026,-174.3664909938105,-100.40177165129906,-180.18063698955163

-93.62932977219138,-166.39815053160595,-104.60270029694348,-172.22807496027158

-97.78890320485405,-158.4231552391378,-108.80411248323068,-164.27279598113765

-101.96125866454014,-150.43762624368918,-113.00763472279348,-156.3262938223797

-106.15425675773889,-142.44707891683393,-117.22000110811713,-148.39501904558387

-110.37304068795251,-134.45567536441285,-121.44732873137279,-140.48457673693196

-114.70877977309323,-126.5170097692157,-125.73180750386305,-132.6179971308362

-119.14438616980978,-118.65161306752667,-130.0865655547406,-124.7779029307554

-123.6021743190478,-110.83874967677016,-134.49529859157101,-116.9334237500534

-128.09546929796713,-103.08253231751804,-138.96975687688845,-109.09141669891008

-129.59418732774026,-100.50521301708626,-140.46882648612117,-106.47341359170517

-131.08638653639215,-97.92770187885492,-141.96472527809888,-103.84930254140374

-132.55603346261708,-95.34114395521821,-143.44067388616014,-101.20982635650257

-134.00185316909304,-92.74484339429645,-144.89602413572985,-98.55472259021667

-135.40695591063263,-90.13002285613321,-146.3142455540079,-95.87528288749348

-136.69452166859367,-87.49519892623414,-147.65974656609814,-93.11316319218575

-137.85651886486573,-84.87880717990703,-148.9473404714274,-90.24318169293149

-138.91660183626118,-82.3027910490858,-150.18920273305767,-87.27524655405988

-139.89971583656688,-79.76378477652445,-151.3903440845438,-84.22680650631618

-140.8757513081508,-77.22637867892674,-152.5793787355938,-81.15606018055773

-141.7807120386906,-74.63721733467304,-153.6569849421658,-78.05572341233574

-142.5957097826829,-72.00613373242503,-154.6104357914516,-74.92420209725147

-143.316108754375,-69.33602625257544,-155.2396044282016,-71.73806282019869

-143.9161666253263,-66.61574436572644,-155.71964321510976,-68.56290391330928

-144.3872606779479,-63.84275364929624,-156.0480930957249,-65.4025232262233

-144.67413026636768,-61.014903530321114,-156.31426621715377,-62.26747878391817

-144.84245075299523,-58.14345480147346,-156.52013536555222,-59.15485528886657

-144.96676524536934,-55.238539323681664,-156.78593332330567,-56.066904097053076

-145.109629543333,-52.288585798034205,-157.06801377166767,-53.00840908013378

-145.35872849847664,-49.387288845053156,-157.46035279840254,-49.89212441057924

-145.50178229723892,-46.69901788655125,-157.76114861350084,-46.54453265713551

-145.45062706227932,-44.290151859093896,-157.79540297945462,-42.910036197115645

-144.63908961605122,-42.29171524466199,-157.30093115415013,-39.01704711215157

-143.65682865711696,-40.526684706197166,-156.1638306247353,-35.113052112692934

-142.56068341313187,-38.77392249841639,-154.45657287417825,-31.46163916173478

-141.3759044901122,-37.030004193820844,-152.0899147687933,-28.235082272894168

-140.02378280812613,-35.37753753467943,-149.26599445259922,-25.46605993446297

-138.2735583463655,-34.06376112943491,-146.16604951156938,-23.19522936371044

-136.32944325330476,-32.85613708129286,-142.99980427362217,-21.264883250452325

-134.23128986116524,-31.699040562838274,-139.8495160046811,-19.492000329965876

-131.9476041389557,-30.701269807144094,-136.62893228073435,-18.055310069070984

-129.50829463668515,-29.84607997648988,-133.39345586475898,-16.89458097372958

-126.91467554401036,-29.17194134445498,-130.15326383216893,-16.0599918437936

-124.20623249652346,-28.595840287212894,-126.97152322830759,-15.386400478406683

-121.42564326720394,-28.104723903061902,-123.83476127535376,-14.826316472587955

-118.60925488056185,-27.665553506482848,-120.72280255944281,-14.325731941227623

-115.75624964752735,-27.272575280584583,-117.63483663233767,-13.881351350843033

-112.87057859385045,-26.89010312155344,-114.57495293342492,-13.459305493643306

-109.95027399931313,-26.532140823124816,-111.54094031342915,-13.070909190224665

-104.01021599933254,-25.84544094370386,-105.56187609299042,-12.346278979276892

-101.00442032177517,-25.50242508183949,-102.60861480372706,-11.993112667543294

-97.99738500394992,-25.16719503026013,-99.65532460837412,-11.648041439652165

-89.01001256372518,-24.12317163094976,-90.77236845294183,-10.56763214651593

-80.06318148050883,-23.034655725610612,-81.86113342199197,-9.43438003729645

-71.13462555102562,-21.913848976800796,-72.94014603134026,-8.265554861868992

-62.20811659667635,-20.770984066004846,-64.0226674645555,-7.073875395115643

-53.28331047998171,-19.621491848766826,-55.10484857456527,-5.8763129957205615

-44.35829831618424,-18.476698858340576,-46.1859018525561,-4.682302511476727

-35.43293653980431,-17.338889084785993,-37.265196807449954,-3.4959077557692613

-26.507588606365598,-16.205384901943084,-28.34319997469284,-2.3140564884755435

-17.581992261960536,-15.07855968749903,-19.41982956355932,-1.1375245954440443

-8.683552063167529,-13.750220965924841,-10.495322344810825,0.035241678154713796

0.20585693548703565,-12.356792860944308,-1.569626098073728,1.2036336887260424

