3.0376193082357013,-3.7377754349401036,-6.58760496454137,0.05354131504836168

6.3827790283294945,4.615889174711052,-3.3251718497153404,8.43999819974827

9.727681217818105,12.969659965651468,-0.06245750611836609,16.826326559384118

13.072993893025284,21.323273045963074,3.2004809685703073,25.212547474785495

16.418463807150985,29.676827424335354,6.46358218573592,33.59868372150622

19.763140265658123,38.030696900109184,9.726985268261878,41.98467908226777

23.10823677174347,46.38440264873251,12.98912286266697,50.371149656375174

26.451693782143266,54.738755343548235,16.25054095656738,58.75787895055956

29.79515423251,63.09310694631379,19.51102130743392,67.14495154325427

33.13656326388605,71.44826628549183,22.77036947591344,75.53244262261177

36.47775546448751,79.80350977493416,26.028560150439944,83.92036072548025

39.81669026871386,88.15964057591779,29.285374900692148,92.308790455865

43.15537457374148,96.51586718656445,32.54139378201707,100.69750181057995

46.49309481672573,104.87246991747064,35.79700492107977,109.08634040339261

49.8306481544275,113.22913389070845,39.052068033000644,117.47536002582842

53.166643865370595,121.5864061467615,42.30594433037929,125.86481083385802

56.50285711259418,129.9435865306288,45.55927115808199,134.2544402414523

59.83811325163289,138.30113693021508,48.81218457672633,142.64419315449422

63.17326551833886,146.65872040555294,52.06480403667404,151.03402102944702

66.50838502044805,155.0163081331203,55.3171947639689,159.42389668938074

69.84270253672743,163.37420223539456,58.569306354244524,167.8138385024288

73.17822168412563,171.73161284393416,61.821735299129344,176.2036100953021

76.51297466263249,180.08931410134923,65.0742925827209,184.59328447154832

79.84898827497022,188.4465071610799,68.32806893505654,192.98243076693944

83.18429183450306,196.8039671934839,71.58114700579641,201.37180249824132

86.52098087809986,205.16086847801026,74.83466984742061,209.76094821583467

89.8573515214538,213.51788105336723,78.08881578663251,218.14979638418654

93.19499521579675,221.87437786217598,81.34365079321121,226.5383196983132

96.53324342128495,230.23062131677028,84.59926288958167,234.92648234339882

99.872942241099,238.58627829928983,87.85575638017055,243.3142416308385

103.2127057115177,246.94189209140814,91.11323602474046,251.70155664409052

106.55420372284425,255.29683418112663,94.37169991473691,260.08849863842863

109.8968808192031,263.6515252617775,97.63289446861523,268.47468080755107

113.2410685009626,272.00621480038217,100.89445531633307,276.8612538245556

116.58711146554316,280.36076790209506,104.15785909537959,285.2482430996385

119.9350256265008,288.7166063029642,107.42315190893305,293.63479094566617

123.28675743045672,297.06901732344784,110.69345570377727,302.02424918967404

126.6400800073563,305.43517361002904,113.9579556545606,310.405140747585

129.96676999268445,313.74600348570794,117.24087503925281,318.8465682324863

131.06316927681561,316.45256515724043,118.36954305781967,321.70872833306936

132.03586388784208,319.150062560344,119.48070915688314,324.6349130147655

133.05261885945538,321.7808475304418,120.67931671510863,327.57448737991706

134.13636565483887,324.3402657593668,121.99035631511836,330.5116586498073

135.37704189880236,326.7318489365712,123.83582402004915,333.2649453166331

136.71448986328653,328.8878090750148,126.08951540260577,335.91849926715395

137.96180062069925,330.9206633145196,128.3522692338955,338.7249002401817

139.38739899744948,332.78374745778723,130.9085367107043,341.4318567668601

141.04101052738423,334.5166638383276,133.66435511592724,343.9781658363223

142.97490103112378,335.87425996699545,136.73419755177696,346.1404361155484

145.04955224579743,336.9093679741412,139.9967800615588,347.88031964890035

147.2498662834084,337.75192365153106,143.34351419797164,349.19704985118585

149.58757567111195,338.44888070825795,146.7144395250361,350.1645339924513

152.06025048594768,339.0600283064771,150.07799718774976,350.8433253480393

154.70448067961874,339.29511576530376,153.4222010308803,351.15640463946704

157.44389765941716,339.3053028692403,156.71913175657534,351.2370678329634

160.1905709770781,339.3480338534633,160.0023742372258,351.31770668926254

162.91562228989656,339.33853074900895,163.30954107995498,351.314728392632

165.62438508817806,339.3200856275848,166.63896209812918,351.2615280599506

168.30123135310666,339.13561306097256,169.9817948377223,351.0166669008569

170.9323594072685,338.7901768680308,173.325727774645,350.56942591755393

173.4970616787322,338.2428186990544,176.64513982852415,349.8701815333037

175.97856879747272,337.49451400225746,179.91482168130048,348.9075318751589

178.3467380615731,336.52109371853635,183.10075605115176,347.6486977927297

180.61661372945767,335.401053496093,186.20494669166266,346.15417976706607

182.774638459804,334.1204194189241,189.20695264491812,344.40788591122663

184.78484503968582,332.6251060012607,192.0466745779395,342.3618546667875

186.68622963092608,330.9576667073797,194.71352552782227,340.09096424786867

188.4751964203439,329.12928378125736,197.1877739922473,337.628462239852

190.16213107562885,327.1884797063004,199.48706461726078,335.0144069410453

191.73107055761986,325.14844543171347,201.6015783181698,332.2610122261117

193.45323627226207,323.2019527960978,203.71966053873183,329.5031828928854

194.94089528967834,321.0921373313386,205.52395397899605,326.5336738091639

196.130236212028,318.8367975516321,206.93890362208086,323.3606233816291

196.98625395637407,316.46606388152867,207.99822410259586,320.0504655588906

197.5851395877038,314.0413683534276,208.75537893573107,316.65751589487576

197.9049485941597,311.5781818729443,209.27476179910934,313.2131407635059

198.05215954037303,309.101909473347,209.51779533129812,309.7173573728784

198.04275143732616,306.58637894959486,209.4880367360477,306.203545305519

197.92851438998275,304.0296555105148,209.19947247621386,302.71685122520194

197.65174067824705,301.4747063621854,208.65115025666407,299.28272451190026

197.26977690009628,298.8679163595027,207.94649726859544,295.9734349380472

196.66062460416669,296.16145655486406,207.07754425935445,292.8693860220985

195.871112362414,293.3719041516171,206.12093895633512,289.93405148013545

194.92523203529265,290.5824927881216,205.07446375280185,287.07924343744776

193.91703867229052,287.8104986370871,203.9789869235176,284.24120847200294

192.89657891595385,285.0323265259507,202.87684251641176,281.4129774903612

191.86878267703526,282.2481731326762,201.77112026368005,278.591246717062

190.8426024394,279.4544453231415,200.6711254095823,275.7730686118008

187.76650790792178,271.02358402261524,197.40126889259355,267.34204188303

184.68179963889264,262.53668162237045,194.16274140030876,258.9605566225589

181.6038680857715,254.04631815098466,190.9394647039495,250.59729456421107

178.52814468843653,245.5935592918616,187.69700278542783,242.2152811222145

175.43978901414758,237.17658470207186,184.42220468807778,233.8153270638316

174.4058618932016,234.37822859094325,183.32238353965695,231.01108002305222

173.36575063170454,231.58448794101164,182.21438466962027,228.20593291253712

172.32356640123294,228.78994938643305,181.10345827450834,225.40131822642698

169.15111384020454,220.39449882734317,177.7414090663605,217.01723928530697

165.93839784051815,211.97589011269952,174.36248161422733,208.6697845482642

162.74102116327205,203.51978961277632,171.02072967895782,200.3412060344766

161.68789251245695,200.6903445573534,169.92421747443325,197.56617133095887

160.64595957570012,197.85404358431117,168.84091143001788,194.79014556135772

159.6173485757282,195.01030519369564,167.77279402397636,192.01245951208216

158.6036382919556,192.15873831286564,166.7209219495167,189.23277357995568

157.6112582611623,189.29721992004912,165.69137309980613,186.44894010383462

156.67706199680643,186.41331162103143,164.71624865524285,183.6499963745997

155.7782004001607,183.51586741689607,163.7759965299,180.8433980624467

154.92202018814572,180.6031035498312,162.87707587329743,178.0274321161774

153.97364202496078,177.71798841264624,161.98140412871433,175.21454689368517

153.01404711824097,174.83211451404551,161.10716230383306,172.39842820345956

152.07846784711973,171.9337360378268,160.25766446641333,169.5777028416128

151.1662023610365,169.0224440561029,159.42524986084402,166.75415881764258

150.27554725248825,166.09844662366336,158.60486260632914,163.9277908651335

149.45515552072538,163.15108579924006,157.81500800364404,161.09141325839258

148.6860956341324,160.18792437244485,157.06064707536453,158.24339015873574

147.97439513428327,157.2088322080101,156.34568591612614,155.38377532060036

147.34391376016947,154.2105581652672,155.7006472768197,152.50720631932734

146.8100781803806,151.19272585066255,155.13741012280647,149.61361048903063

146.3349424635734,148.16519273222005,154.63215727367472,146.7098166233518

145.89838083807092,145.1327633855718,154.1745603273592,143.79910740799363

145.4140764148561,142.10879308636916,153.77336119686302,140.88135365154173

145.00385712586794,139.07408039707784,153.42590361614506,137.9584175570764

144.67992263348341,136.02934007916429,153.13722166405742,135.03108163401612

144.410086888911,132.98057379905092,152.8848901777516,132.10325074986832

144.18424020041758,129.93091043735922,152.66500967073154,129.17462501218918

143.96755035584255,126.88426879432292,152.40707447505463,126.24916618710989

143.7669344231634,123.83894917066362,152.19789812926194,123.31834898084045

143.5719195393167,120.79459923400925,152.0396199631303,120.38257862774823

143.39103501142276,117.74977390464805,151.9265117366414,117.4426886250015

143.24914580347453,114.70319999656945,151.85245201174476,114.49926934720733

143.2226528577601,111.65428933192335,151.81512421080498,111.55261352485871

143.2433922591962,108.60606108473637,151.80923924686724,108.60295664755381

143.31325951691267,105.55912686353952,151.8329080736548,105.6503870564921

143.4065421647158,102.51361539466974,151.87907265238061,102.69485366867069

143.51714153574673,99.4692123181385,151.94786471678896,99.7363201227082

143.56404172406525,96.43046499786143,152.00075453926107,96.7650407605439

143.7670925937097,87.42090795790112,152.24491218896765,87.7430082439345

143.82648996036238,84.4583127024282,152.32222465561037,84.70382673848565

143.86830044166757,81.5179858674468,152.3808200346556,81.65001518305753

143.88724605745983,78.60029608737405,152.40122413420792,78.58165852117375

143.88199196845824,75.70447303356681,152.37384196999665,75.49875985633821

143.83895967942362,72.82855927237712,152.28141001392714,72.40112314638344

143.72413964757953,69.97142083023978,152.10340148964184,69.28905730384169

143.47344163244762,67.13761910297204,151.82377037015908,66.16311462778994

143.10118322532247,64.32714166279804,151.43308272972558,63.02455591278228

142.58915855096933,61.54997324948342,150.9221297651477,59.88038197134047

141.99524076936478,58.80545203656735,150.33984714892327,56.72501368841359

141.28241044008158,56.1085769978667,149.61274558558938,53.57621956577926

140.399865986085,53.484712424698515,148.61577180307214,50.483099598386865

139.3666817599074,50.939874121949444,147.44522175787463,47.42927176940653

138.17106232644684,48.47518386121762,146.09930868672282,44.4368981508101

136.82005942490076,46.08476793717312,144.60275853151953,41.516461894355494

135.32342941090857,43.77541510620337,142.9427066204513,38.682956920171854

133.6736547259595,41.56663380292019,141.1089348180742,35.955734246906516

131.92210126675434,39.43409453676069,139.025814716149,33.41588315265295

130.08105358361732,37.374021048631086,136.684247436601,31.11560339014037

128.12467806908563,35.419458919394884,134.2745500354069,28.90968069307188

126.0615148188002,33.57752145991318,131.7751988001662,26.82267408185414

123.89374072354161,31.86464684366167,129.22043460867667,24.81740695850114

121.64404769903321,30.26981733998462,126.5402067224052,22.993995824024957

119.32259293191083,28.799707835254697,123.74543888043084,21.363027729648355

116.94210817156826,27.413188634559447,120.95142009736932,19.776104923488568

114.46571220463908,26.111850208978804,118.13433439576512,18.31444266889266

111.90277819294306,24.857046811029857,115.31514195287852,16.94867071129982

109.25546678499498,23.65443676001829,112.49516459455867,15.677645788858158

106.53968515994319,22.47926709352675,109.69275013089234,14.471023817434542

103.75412400834895,21.351253830378944,106.90529675473672,13.349491520140102

100.94541498496925,20.228834134782595,104.13067117388357,12.250359102277974

92.48353136474718,17.0458732245044,95.68295244775605,9.14060061444293

86.89316590221586,14.893096871717216,90.04058897671118,7.011223137365753

84.11158865083301,13.816455706032343,87.21445950031008,5.939646401471097

81.33489120473162,12.751736906699623,84.38106032985641,4.8752217047190936

78.56246280032966,11.701398542246316,81.539770024771,3.820590246936451

75.79375892337336,10.667296339897547,78.68988574672468,2.7781993254892265

73.02735859039387,9.653227125236757,75.83069015673114,1.7499119121717412

70.2687802476765,8.613873688007207,72.98877617670125,0.683402335570078

67.49327385367276,7.588422819737778,70.15252911354435,-0.36666234163328415

64.70329427596899,6.568464875042022,67.32483623051267,-1.4098600301790962

56.18534808221982,3.726771030461674,58.826624859645364,-4.296149727575954

53.28980602298931,2.8667100428309475,55.98735489965771,-5.177741073431857

50.36389174871092,2.046455605216816,53.144201480342645,-6.025869244936008

47.434492841560264,1.1798610546136654,50.319270654838064,-6.912319155342795

44.50046742561208,0.2634993876865943,47.51250594049246,-7.839174737611609

41.57615776056647,-0.7371679040257533,44.733620044708104,-8.841926027193361

38.663409455519506,-1.8699499037605785,42.020057650116534,-9.970036657264803

35.765704243327505,-3.187907517856984,39.4324002039294,-11.251896576689225

32.87444964564479,-4.642917048030933,36.967180991658104,-12.594599476378782

30.023163722737504,-6.271138746909255,34.653590642421015,-14.015552554229787

27.220689756090096,-8.078691076941062,32.48329532330873,-15.481634528321885

24.459167377736307,-10.072149495150773,30.409354294738456,-16.961539465032168

21.77386138364751,-12.265545147813203,28.36190666779535,-18.51073341279137

19.5188115473696,-14.895708755065945,26.597025205150672,-20.419113788387282

17.61602158577352,-17.78370640141746,25.078622177357232,-22.556133720305784

16.173434507906883,-20.91760428810591,23.923208403374613,-24.917163328879628

14.852036907207058,-24.069953095626108,22.977794978257037,-27.34847728687021

13.666322991826053,-27.268564265337226,22.25244521026129,-29.827966077399772

12.806841337241096,-30.558540475110245,21.69268940018268,-32.34002589850811

12.235113139339017,-33.897741402396996,21.34946572923892,-34.90266922693847

11.851725786383492,-37.26579464572653,21.24766057197666,-37.50068138761042

11.74537138626167,-40.660596778025464,21.333228817869976,-40.11371445149269

11.908530499290215,-44.0623361793041,21.596175308790393,-42.72994899223833

12.419529773669108,-47.43352168724583,21.963907987329183,-45.35192754845922

13.241195825026672,-50.74438481279045,22.516944058276945,-47.95793582002503

14.475649603993752,-53.92117537527537,23.297435708931523,-50.51320927028639

15.908617778647546,-57.00039613409317,24.33249387180423,-52.97347922695634

17.539575339997285,-59.970374216733006,25.603680505112656,-55.30659075336796

19.383002970534374,-62.80818844548287,27.063839905004595,-57.50140934015949

21.441988821366092,-65.47836264977231,28.688015411138753,-59.5599726587636

23.70239231783401,-67.95726632310351,30.4637961284902,-61.49162905353727

26.10629963100142,-70.28237386741304,32.336188371668875,-63.34528477216568

28.651421568262414,-72.44987504573577,34.31646178697292,-65.11552270633774

31.364291299602726,-74.40639694127036,36.48371068818397,-66.68652828893401

34.224777223634675,-76.15360286188285,38.79386307162915,-68.06825656824422

37.24634291298033,-77.64657716158193,41.254018125143496,-69.14075440193112

40.34523015288646,-79.02819109064954,43.68353764835057,-70.17161214209864

43.537588261710425,-80.27481221883428,46.09931090160611,-71.15325502053189

46.86607049739545,-81.24667128437707,48.5521499627019,-71.93485319108511

50.32911795451217,-81.81263147895825,51.04338754786431,-72.40749302042171

53.815312155095235,-81.68665752309953,53.58802055148061,-72.35300453853856

57.19250541645329,-81.25088244778932,56.18894394947526,-72.09542183198013

60.46006231329125,-80.57085730249362,58.84910006997068,-71.65620209468608

63.6397407661692,-79.77848982417434,61.58682381916131,-71.16589044264737

66.73180407234156,-78.88227266822021,64.37133138117964,-70.53126981043995

69.75683272696234,-77.97172173655906,67.16873658501257,-69.75278905361131

72.71791851804636,-77.00942459523043,69.95508424115445,-68.87715877679678

75.63141696134716,-76.0058036278599,72.72823736011534,-67.92833024795323

78.49677738120151,-74.95444006242215,75.49491511493486,-66.91885160908032

81.31919438883025,-73.87928323419638,78.2691336132895,-65.86760905881928

89.65263525042897,-70.56589158104791,86.62265363920108,-62.563809847876236

97.98507424724274,-67.28898359553499,95.02224065202233,-59.27795391954291

106.38050692906688,-64.11724691337427,103.46221949594829,-56.107119125724545

114.81503735887519,-61.01917301343684,111.93165147021782,-53.01261234198803

123.27028905828004,-57.96963752264593,120.4230823566972,-49.967379343162875

131.72805778294546,-54.951960484965255,128.93576886240095,-46.947550716014234

137.37315974266681,-52.97620909033055,134.62794470756762,-44.96542365156907

140.2119661671703,-52.041773081948286,137.4931824310673,-44.02577694152595

143.0551142159837,-51.12511547786693,140.36473570083103,-43.10260295198905

145.90195848365724,-50.224870127911394,143.242023682968,-42.19473949793572

148.7500552645993,-49.33411346816321,146.12277412657025,-41.2957621914547

151.60001650015954,-48.45498348691424,149.00765155251543,-40.40797567607526

154.4517912660828,-47.587603047122606,151.8967045827476,-39.53182479509833

157.30276938831477,-46.723840499244716,154.78996043119957,-38.667659388150106

160.1540718110402,-45.86708905299625,157.68770285271776,-37.81662909999498

163.00573164624026,-45.017265926064624,160.59037917550296,-36.98044773725928

165.86027430333417,-44.18263757766294,163.49812952166275,-36.15985543536566

168.71814080838615,-43.36484529718997,166.41103597358946,-35.35538734141197

171.57949507573088,-42.564628812877245,169.3295628108153,-34.56890299093613

174.44452342021714,-41.78276934507166,172.2538111941569,-33.80107404585074

177.28765702778148,-40.923811348398395,175.14972036076566,-32.92462858307627

180.13225580051724,-40.06902960760098,178.0479272755308,-32.04712529916917

182.97907983800124,-39.218360029087656,180.94840871528606,-31.168456141856968

185.833089424665,-38.39020989075671,183.8571774671912,-30.312821943799435

188.69398046126028,-37.584353764337834,186.7739831455463,-29.47991441607355

191.58557903208927,-36.90560831246833,189.71820068632996,-28.755208726028744

194.48677099311024,-36.270588653831126,192.67248792578457,-28.07027931362606

197.39968098283802,-35.69259864385605,195.63852691203246,-27.43584950876593

200.31634786015698,-35.1378921524565,198.60997357380853,-26.825203815870744

203.23656977981125,-34.606557194671076,201.58661905709332,-26.238365437097812

206.16145324905105,-34.10556626843519,204.56882641380528,-25.678333205359515

209.08970630023782,-33.629837691119334,207.55586896844721,-25.142566663985694

212.0214362309219,-33.18138080780959,210.54766021059777,-24.631693214861308

214.95701815147606,-32.764190375472865,213.54503360967064,-24.15201474251532

217.89580811772132,-32.376520237262255,216.54738782979948,-23.70191331428593

220.84363421522949,-32.060235316630234,219.56077686002206,-23.324658033366536

223.79305167837532,-31.77159527958277,222.57760349527112,-22.975524928528728

226.7428817289767,-31.503529320757938,225.5966911234448,-22.647392550571254

229.6846043437446,-31.185930820902698,228.60142010811575,-22.202893184313822

232.62244564448127,-30.840293001049893,231.59994669838588,-21.682510050628533

235.56201677325132,-30.50871074473656,234.6029776543274,-21.164920739528974

238.50492647840446,-30.206247142890014,237.6141911450792,-20.68377283344423

241.45171195149334,-29.942420952519043,240.63559091071428,-20.26640262359586

244.4030317189729,-29.729502105411076,243.6691117728769,-19.95617484631897

247.35625418485753,-29.561563543143148,246.7124394764732,-19.731949891583454

250.30720901611187,-29.429578311731348,249.76303168192845,-19.543403490343866

253.25370393185392,-29.325751085395588,252.82042126024712,-19.389877579398764

256.19474989041834,-29.24242913095427,255.8837340404935,-19.276768700855474

259.1301250804277,-29.191887219536007,258.9520181193836,-19.202655582108637

262.05917316880976,-29.178381092303024,262.0245207966308,-19.170801058189042

264.98236377510796,-29.105802378306457,265.1008182770982,-19.15712373603383

267.90129755832606,-29.06874280068473,268.18081156767903,-19.188324896262998

270.81572046450026,-29.075627554044903,271.2640676543448,-19.266959955882484

273.7244810876152,-29.14606006940772,274.3484574282987,-19.42034961276587

276.6263230373618,-29.279274820315056,277.4330971287148,-19.645898267682156

279.5181674625938,-29.516099587280184,280.5083626057263,-20.00345176569561

282.40957230060286,-29.81429181536258,283.56945815241085,-20.426758835064035

285.3052534438054,-30.16498651391902,286.6130952255396,-20.90312459425989

288.20199482391973,-30.581366454697893,289.6333719389511,-21.474130915678614

291.100284575721,-31.053280723822695,292.6314602201942,-22.119448078243614

293.9995251385993,-31.57762495357592,295.60845816509993,-22.82711539719504

296.90146316014784,-32.13955170228107,298.56887240320805,-23.570651019025295

299.8057772316161,-32.737086774901805,301.5135321591718,-24.34636347689918

302.7215237810942,-33.32204795159274,304.465275724966,-25.04741762283061

305.64787127219745,-33.90193237726876,307.4192345682286,-25.70073056472768

314.4562324214415,-35.6809557185798,316.2464559615265,-27.639621679969448

323.2657053700851,-37.572438893944295,325.0428713864486,-29.51950894430595

332.0810760617554,-39.51400314926465,333.832857077389,-31.27158370586898

335.0291558290577,-40.138779547093414,336.760080948409,-31.830692755043223

337.98360330855746,-40.74507466702779,339.6801621836658,-32.4060450684462

340.94417708347055,-41.33463098907846,342.5967074535575,-32.9817221113828

343.9119190989007,-41.90238786449483,345.50617572824876,-33.5784213757115

346.8824328368447,-42.45847177873836,348.4181965453836,-34.163067874271206

349.8536446483095,-43.00134627564754,351.335582679562,-34.735208678733606

352.8250795045167,-43.53433455390779,354.2576377141133,-35.299048777570555

355.7974760196568,-44.05378637356473,357.18514019372464,-35.8502246159989

358.7703808474245,-44.562120453651794,360.1177724757402,-36.390774799298065

361.74435841657936,-45.05750085389359,363.05542830027264,-36.91952536704861

370.6712414707307,-46.45566860285062,371.91087424920426,-38.3651163136943

379.61570525520546,-47.7020227869594,380.8332359211483,-39.504256425151475

382.59790879420154,-48.170141080466834,383.7904603038785,-39.95222764697327

385.59126620800424,-48.64632699364857,386.73335303471816,-40.409489645603415

388.59136631245644,-49.1459104156245,389.6615721539798,-40.89700707121187

391.6097253520446,-49.587589759865565,392.5880202668863,-41.3118760315787

394.6449647554609,-49.972754741721616,395.5104992744128,-41.66041205152805

397.6991618119591,-50.267886876781745,398.43117925617383,-41.89971500248105

400.7674854020333,-50.506291414785814,401.3426586989716,-42.082057726786175

403.8497754000104,-50.68383906077927,404.24418578686544,-42.2071278564559

406.946717301366,-50.76592827089128,407.13629302232783,-42.25184040716609

410.056696033517,-50.75186911441101,410.0176050663452,-42.213495376970904

413.1767836789119,-50.64372068209306,412.88883519040564,-42.08834708573981

416.3002217363522,-50.46057100903656,415.7558096873045,-41.91078856158827

419.4240346114257,-50.232036385143275,418.6254411548189,-41.73495876843369

422.54315819767726,-49.90937129852267,421.49113855091247,-41.486444116794004

425.6522503104265,-49.49143224612974,424.3497999729869,-41.15886884674954

428.746045260213,-48.9523934587638,427.1802668066009,-40.677867739809585

431.80068118027316,-48.32484258357902,430.00801450298906,-40.099533047619026

434.7818125177081,-47.65656580503111,432.8760963114693,-39.44021154976986

437.68515672055025,-46.97812391346356,435.80452397057917,-38.74312046194045

443.5218113336619,-45.62325082138477,441.6362682493771,-37.38035726985023

446.50172349811186,-44.89456917541267,444.4839308762928,-36.685524620714446

449.49743271243295,-44.12224308332449,447.3058514732773,-35.96038081121634

452.4928959864501,-43.304251195080354,450.11126020231734,-35.200199025901455

455.48350544300047,-42.42457864604725,452.89149110145024,-34.39104803991878

458.44908121248335,-41.43412758177773,455.6312696285832,-33.4929272729785

461.39283684840456,-40.350540983690045,458.3311446686661,-32.52512605523077

464.3001463821362,-39.17581369762434,461.003356409436,-31.49337094940505

467.15417688946553,-37.9245766043562,463.66069810542456,-30.377807607918903

469.9565161132276,-36.613317858131836,466.3118692298625,-29.18767863506771

472.61012946162737,-35.05284998858217,468.86484841530967,-27.749290871347387

475.2423811726476,-33.505849172115774,471.42885017190457,-26.289614751043924

477.9237231361124,-32.09659211091179,474.05544594664036,-24.90137232010326

480.60246166023484,-30.69957958105354,476.6904725336123,-23.506206497197415

483.28500991955366,-29.302677213869746,479.32151566950614,-22.106644334616043

485.9589569407707,-27.88361989873827,481.939657006975,-20.686950411935094

488.62686842898205,-26.44762625530827,484.5476999874779,-19.252922946636076

491.2890353199065,-24.99560635754399,487.1459618040925,-17.80562770262604

493.91949345475626,-23.483524686955935,489.71438934641003,-16.31122282334625

496.5247666926589,-21.924831975856367,492.2575773994062,-14.77949679620166

499.08888302272584,-20.29525341562982,494.76355066729457,-13.192399810097342

501.63897245503597,-18.641851269610605,497.2524221293123,-11.58511727000178

504.17767916115423,-16.969751322345644,499.7267024407378,-9.962004097903094

506.7045263543008,-15.277555012858036,502.18514020894327,-8.322311836761502

509.2144990308802,-13.563856246356284,504.6285200556393,-6.660977810554922

511.7697569041945,-11.930559428124687,507.1422986546478,-5.0928007653771825

514.3087348468265,-10.2856953060817,509.65482066587407,-3.5051547398199547

516.8281283162529,-8.62448737910177,512.1611324792004,-1.892341939350088

524.2417502768961,-3.512470491659251,519.6145389613332,3.127593217611178

526.6445410370748,-1.7372124628326453,522.0565695076165,4.88918228431257

529.0206512706517,0.06475850939478267,524.4844996612219,6.6860358706756085

531.4118397719581,1.8344865382352755,526.9352840977233,8.465827920229334

533.8179607989039,3.572781854153731,529.4108646274585,10.226716913767701

536.2980218506212,5.1903992890905055,531.9449224235784,11.91650610238121

538.8054200290402,6.7582641086449495,534.5124807700455,13.5663882760899

541.3512560447672,8.256969691022366,537.1219716370447,15.157041909088361

543.9147051267881,9.715548280141878,539.7623855924888,16.702703745328126

546.4950676643474,11.13249755133137,542.4310373237273,18.20464399896031

549.0543896765973,12.573594069542013,545.1088490264569,19.69437877075937

551.628238652752,13.977673633195066,547.813447523766,21.13996708770587

554.2163107685569,15.34436497224504,550.5485522762639,22.531932641157223

556.8236643366922,16.662797987852827,553.3062068464284,23.883569069892264

559.45113558622,17.929902944871746,556.0889214575599,25.188632429754975

562.0962436815313,19.149288167407168,558.8885878911711,26.465316328405493

564.765698590002,20.30775331074892,561.7118347431259,27.697568141978362

567.4662262464856,21.398871770617383,564.5478663339471,28.90050394225133

570.1959475585443,22.430985427691514,567.4009535619409,30.05747776309126

572.951578228377,23.408436186687517,570.2716376599543,31.166966446433424

575.7465823421554,24.286396339544613,573.1669386380256,32.20455633247292

578.5643560068777,25.106166599126894,576.0793652757561,33.186920232066534

581.4057667892006,25.85945760280022,579.0079984393893,34.11180939722347

584.2578925802842,26.585918543661673,581.950956722694,34.97956369900204

587.121219046358,27.282562914655806,584.9044976785719,35.79744192374864

589.9871682666391,27.98144008830707,587.8716751736831,36.54654166276376

592.8646850567258,28.645814923640764,590.8435778594859,37.25465373528248

595.7531971003452,29.272534450852895,593.818732714057,37.92216502239517

598.6345230907059,29.908747019661966,596.8041769970821,38.54228093312443

601.5074183729564,30.532626029872592,599.8052544794346,39.117786247614504

604.3682058410435,31.171227976090634,602.8201531731836,39.65545567799083

607.2292988560656,31.77072721841087,605.8495235196046,40.151279394137056

610.0916596497696,32.33236296660624,608.8936915364392,40.60759497511947

612.9690052301119,32.772292981070585,611.9473395442384,41.06546173595298

615.8602289684784,33.1110581972141,615.0114893077875,41.496776748324784

618.7625036101007,33.364659577779996,618.0878305153141,41.85013935626951

621.6716831351018,33.53541751098294,621.1759328129383,42.095000084358176

624.5856901253327,33.59666680318989,624.2729502558074,42.17151727716607

627.4980304011527,33.590782923194006,627.3697775957362,42.17622900877538

630.4116525883799,33.52035342749154,630.4589273658946,42.11202681699664

633.3362000424517,33.436809288658345,633.5313081077213,42.01793133152499

636.2760408616157,33.331661646248065,636.5857295604716,41.8915877351869

639.2320543618549,33.244414009190585,639.6253643808668,41.76191521041216

642.206551985294,33.13747576559255,642.6460288249442,41.614081409793

651.1744288104081,32.7477601793882,651.6516230727956,41.10700333951185

660.1401482209523,32.274929082591,660.643856474124,40.517255289592065

669.0930645754115,31.52846623647644,669.647339580973,40.049068231214996

678.0716532479315,30.77385214290348,678.6318837225123,39.584134781971386

687.0793479177628,30.05969528045157,687.5918880904084,39.161966853347366

690.0884502353713,29.83771593374467,690.5726183599071,39.03832339164685

693.1011156337604,29.626226450377388,693.5499192745106,38.92479537384529

696.1166687188395,29.42799375829227,696.524543974594,38.82471344947151

699.1319271797431,29.243075835997335,699.4995835925048,38.73803943882003

702.1457859406902,29.09040873525727,702.4767215515606,38.654676487494775

705.1581964367161,28.960703536443212,705.4560368038811,38.57704125053503

714.1901978512007,28.906430712826843,714.407097749914,38.21644645140196

723.2072121885958,28.906546152951613,723.3864105516282,37.90189364563371

732.2049944128561,28.863755973793886,732.4035597522811,37.54372921472248

735.1916869632253,28.823867617132564,735.4236471230053,37.39778586355774

738.166069537647,28.783280984977196,738.4561150834539,37.30745488782062

741.1290562153775,28.726265582982805,741.4974947441536,37.22028848724962

744.079964963232,28.65456823603787,744.5498463820411,37.16103989125024

747.0179103705624,28.549048892453378,747.6106431270701,37.064549239876015

749.9421921170847,28.401153430883248,750.6793982356066,36.92162854294239

752.8499018088258,28.181271414365174,753.7501065988273,36.67231096750806

755.7392084419254,27.883668861299096,756.8229269638966,36.340224422490365

758.6043427181213,27.476682500676475,759.8920850440647,35.89666959457036

761.4406573737303,26.954943321057893,762.9538970797402,35.33517384802124

764.2505381897067,26.33011937769866,766.0027257966805,34.6648967417127

767.0412507048064,25.62229377949759,769.0271699634085,33.88406654107443

769.8190993500715,24.860504769922333,772.0336351115983,33.04102218424661

772.5925799396863,24.076204259585896,775.0309249576155,32.165962781102394

775.3465642990757,23.216809734879433,778.0042452578887,31.20858831047446

778.0779947767339,22.28139694709388,780.9508236780591,30.168653230100464

780.8038591898621,21.320061231922235,783.89668970672,29.11899903590008

783.4971317670525,20.265304795594183,786.8036838241715,27.960887428392258

786.1460134501949,19.101930252669334,789.6550839334504,26.67020611650708

788.7307648680122,17.80349525545217,792.4212126715504,25.204142241362767

791.2594889088973,16.40341200780947,795.1164699847153,23.614755423811157

793.7754520727817,14.988851138785144,797.8554706862399,22.117122794220162

796.2481479240082,13.504778875634429,800.5539509499899,20.547118803015554

798.6757572231376,11.953323069033797,803.2136779615952,18.911278927573115

801.0552906017256,10.33463380643676,805.8343320442599,17.211638119864915

803.3837631540191,8.649034872907782,808.4096372706827,15.441675637827453

805.6581246814711,6.896901712718526,810.8939031544688,13.54631935730827

807.8759750717446,5.079518769057499,813.3129025190616,11.569085206034961

810.035061530619,3.1982561170424906,815.656051015425,9.503483231068605

812.1295074373246,1.2505756897882163,817.9399330862052,7.373626489207359

814.1577731079245,-0.7609844404965207,820.159601232989,5.1771209224227

816.1167894394671,-2.835423262969374,822.2983409647981,2.9011303505102086

818.0113333117936,-4.965675538356733,824.3640939275965,0.5583983841386195

819.8490619550365,-7.145794966837404,826.3565844777441,-1.8455908376900139

821.7651329136276,-9.272770175561718,828.391877859876,-4.218044723312253

823.7113005014238,-11.39904897403335,830.4304263612307,-6.601746856567706

825.3378950296214,-13.767631278646594,832.2067689719757,-9.181062337258632

826.859565798785,-16.20692391602361,833.8867585100468,-11.823886043622366

828.2612791421022,-18.71841129504554,835.471797914373,-14.524163642208475

829.6404441924128,-21.24076155266119,837.0546829288139,-17.22691399676624

830.9762247809465,-23.787729330869187,838.6051553555385,-19.953658841876173

832.2495550348124,-26.368793257832678,839.9121675001502,-22.80495432560543

833.4533553302201,-28.985424095452565,841.1362824147734,-25.69118217841127

834.5966615530134,-31.631810238169862,842.2970821363211,-28.602034706318342

835.6535295402299,-34.31605007694311,843.3861958985466,-31.54002817185048

836.6256631957013,-37.033818774601684,844.3955803005063,-34.506447226572995

837.4304830383384,-39.8058223124774,845.2224623300115,-37.529247992920695

838.1452822863207,-42.600661224218,845.9705163234954,-40.569495323994914

838.7658433453147,-45.41577583315397,846.6568278356025,-43.62164699262188

839.3037406742069,-48.24510527343469,847.2703657777837,-46.687905988379896

839.7564355777371,-51.08648806827058,847.8003689992283,-49.76909343809131

840.1909083968118,-53.928359524496656,848.3164043138516,-52.85414367011612

840.5022164580919,-56.78500676285336,848.7158497732463,-55.958229147556814

840.6560423095096,-59.652757097930134,848.9772867467859,-59.07804353759882

840.7586360016512,-62.5182541589325,849.1465284486401,-62.20536620841695

840.7897373880537,-65.38356033198383,849.2194671294155,-65.33708079996184

840.7925582531277,-68.25059073768573,849.2051705729951,-68.46912159174205

840.715161285216,-71.11970617818983,849.0953077445599,-71.59869752369531

840.5670358699083,-73.98948450011831,848.8931927048294,-74.72338945962856

840.2473569182757,-76.84654676968547,848.5269990152538,-77.83199000004348

839.8018427659658,-79.68687927821148,848.0347634219648,-80.92079932637756

839.342845786854,-82.52403188164391,847.5189889478072,-84.00231744506513

838.8144044447621,-85.34968421347492,846.9327513737725,-87.06994500639128

838.2320801156818,-88.1658281444834,846.297284403089,-90.12774335925474

837.5775731279397,-90.96709801214686,845.6221696479304,-93.17909206181211

836.8459083433743,-93.74952310450193,844.8818430052195,-96.21810877044788

835.9472526936896,-96.48079665483857,843.9353598733767,-99.19507697579807

834.9823149535921,-99.19196031473788,842.9128094254321,-102.13975152057182

833.970590371348,-101.89372885563346,841.8305577356925,-105.05533606570324

832.8869570377111,-104.57656598921967,840.6556542908801,-107.92814475700023

831.7357261038854,-107.24126871563656,839.4035804808689,-110.76188396871532

830.515116847816,-109.88546012440621,838.0474169081191,-113.54110130115292

829.2336626569295,-112.51136811388503,836.6339413800204,-116.2848538744349

827.8937691006538,-115.11831810008005,835.1670142941017,-118.99360879788519

826.5021081730401,-117.70780727289484,833.6537317941323,-121.66954968303051

825.0650884870062,-120.28133240832344,832.1009124608812,-124.31494178126708

823.5871256821171,-122.83945260566135,830.5139027676692,-126.93121601303457

822.0648856615505,-125.37759001434578,828.9044269775621,-129.52419386274693

820.4933186217729,-127.889337345329,827.2808991564717,-132.10001058454665

818.8918430389665,-130.38532608863184,825.6448767398923,-134.6611174000965

817.265141363132,-132.8687154550723,823.9942511902244,-137.20649595712734

815.6286221298594,-135.34964555135952,822.3383678017674,-139.7425310853912

813.9766037668155,-137.82474152843346,820.6709048797019,-142.26539055511782

812.3142623746666,-140.29766061112767,818.9969497654821,-144.77844735744068

810.6410683531496,-142.7678641860905,817.316803385231,-147.28225411242218

805.5678452966206,-150.17308907338105,812.2527803355388,-154.74363475996614

800.4917913229126,-157.60715895247378,807.1930268169173,-162.17148175207

795.4197795686354,-165.04946539491192,802.1327397517086,-169.59153666370273

790.363071133172,-172.50485459694073,797.0881749665692,-177.02462272184374

785.313985597131,-179.9720665549357,792.0504605244303,-184.46766016899454

781.9457566760153,-184.96310974399876,788.6973129556349,-189.4284108091573

780.2715374436011,-187.4743333193757,787.0380661249424,-191.91290696435556

778.6066595956818,-189.99789199118663,785.3939855299378,-194.40129114738906

776.9571447597332,-192.536972689812,783.7744465200576,-196.8994257990241

775.3245351570042,-195.09218029723885,782.1789097630214,-199.40631430251528

773.7107490471476,-197.66431107859825,780.6122025175624,-201.92447007986058

772.1193351683484,-200.2552213575841,779.0815709611079,-204.45773002512894

770.5541387955334,-202.86695650464782,777.5996401737034,-207.01277629275685

769.0195462702324,-205.50168913033974,776.1855741822317,-209.59946406400204

767.5179898643145,-208.1609537037292,774.8262875266032,-212.2079759550421

765.9823241575285,-210.8069394025227,773.5132643048332,-214.83411600492323

764.4584566202568,-213.4596343795005,772.244353121707,-217.48373041420348

762.9169454066989,-216.1006587941265,771.0209729336683,-220.161717034198

761.416007250678,-218.76042452857078,769.8344960018364,-222.86293690793974

759.9481459190267,-221.43372577662626,768.6776146592433,-225.58405780975048

758.4799553311038,-224.1037861274451,767.5987908513179,-228.34769160871957

757.0339973915959,-226.78036420072942,766.5437636310738,-231.12788599377032

755.6068347298944,-229.4606488545109,765.5138269123464,-233.92553159814804

754.1975226939672,-232.14263107820764,764.4962180502506,-236.73551485680008

750.0300759117506,-240.16721623932457,761.4687768519553,-245.220584174282

745.849059315836,-248.1222707703678,758.3822788080007,-253.72719705801853

743.3232728280676,-253.5191874050804,755.9480637689836,-259.2474010283352

742.0672151331028,-256.21432516420634,754.6899322412451,-261.9946326627887

740.8043133531656,-258.9025224828324,753.4222447136575,-264.7413792189877

739.5323367744782,-261.5828983357127,752.1424629376926,-267.4867508335234

738.2600963537573,-264.2598541449384,750.8591365782031,-270.2350387613165

736.9813582710751,-266.93088784212904,749.5657996826613,-272.9835309364554

735.7016405972611,-269.59887389497413,748.2675285278856,-275.7353105144823

731.800050647506,-277.7241471852358,744.3665913693659,-283.8475036481767

730.4848250459972,-280.4896911412464,743.0669404792935,-286.4832163085565

729.1668385557576,-283.288718121245,741.7907812510429,-289.09121671586837

727.8513726676395,-286.10574911714565,740.5287191969219,-291.68724255182883

725.3590567552391,-291.6105849068843,737.9996983617953,-297.0685175018688

724.1775994415519,-294.2561557017491,736.7022939504105,-299.87501924619

723.0270650310333,-296.8312247805545,735.3678865066522,-302.74922730441244

721.9047756016607,-299.34418421903945,734.0007205278636,-305.7021992445116

720.7463311518474,-301.77954136503973,732.5186125514686,-308.6976479082033

719.4900676846452,-304.0927995876959,730.9032537208699,-311.71895625937606

718.0516662689786,-306.1928265321202,728.9739651643765,-314.6387301029531

716.3271498047679,-307.9320005633103,726.5943237938267,-317.29642388856627

714.5950122901139,-309.48152740447426,723.8367029609858,-319.66905817604885

712.8088785044694,-310.83813554727806,720.7891273408127,-321.72361746568026

711.0732964138883,-312.40176218401757,717.9110135849834,-323.95967921460476

708.998583562747,-313.7234013284292,714.8399576009992,-325.8160522714499

706.6233696756501,-314.67813767767814,711.6173710971703,-327.26409789408234

704.1251906624435,-315.53530883018294,708.3698926454476,-328.4977667504142

701.5263289709868,-316.2810694846697,705.125367967935,-329.53519349197023

698.8722325826918,-316.9108192360055,701.8965952050696,-330.39627834265093

696.1828237512862,-317.32942995845474,698.6502388717715,-330.9958533998319

693.4662457003669,-317.5008625797003,695.3885073534312,-331.2944609869168

690.7515920801217,-317.62768519766627,692.1536274197048,-331.5108712939209

688.0257703000437,-317.69233903252984,688.937758748416,-331.63714659872943

685.2902396420232,-318.0012894010354,685.7456820041591,-331.9570669736651

682.5049240842558,-318.2281507144141,682.5546894312455,-332.1802897837288

679.6689842238972,-318.38367846957806,679.3761252271265,-332.3225590315357

676.7972373391732,-318.2965776659435,676.2222841614724,-332.2392686968171

673.8998574745732,-318.08367448773834,673.1011269206291,-332.03723074111525

670.9793943440701,-317.8212735398629,670.0157928796856,-331.7868451964544

668.042281537053,-317.5429324569208,666.963699229405,-331.52249034695876

665.0948812240075,-317.2638972812311,663.9359201343052,-331.25935644275717

656.1574132768758,-316.63378535795465,654.9474281258636,-330.6886554124906

653.1472445010437,-316.40140982173557,651.9863522522439,-330.46778106896977

647.1793575018305,-315.81811551008957,646.0148121669058,-329.8540161266493

644.2482318618199,-315.4922385805384,642.9784452235357,-329.4985939563109

641.3555545827681,-315.1415803556447,639.912270390584,-329.11124111852797

638.5038233314369,-314.7725840353316,636.8162646489673,-328.6987115870941

635.6880375576767,-314.3832658018463,633.6962072023317,-328.2588455184779

632.8822588976317,-313.9788820125863,630.5710474551132,-327.8046433276797

630.0764314473848,-313.5286162451421,627.457440637806,-327.3030254059556

627.2752274919508,-313.020050759556,624.3569254059989,-326.7372456412609

624.4702570929333,-312.4913214744203,621.2605486135423,-326.1527772919403

621.654879783717,-311.96407752018314,618.1601498863132,-325.5746734013412

618.8457610692378,-311.3697927454997,615.0742061523789,-324.9261097001111

616.0492854709887,-310.6947236320257,612.0102324278361,-324.1894025145362

613.3420725516435,-309.7096189127593,609.0597818767986,-323.0893379994893

610.6577864655616,-308.6603973811928,606.1428744106041,-321.9207908745305

607.9999994898506,-307.5433146509387,603.2632827993268,-320.6794081709288

605.334833775509,-306.45422686107406,600.3653745874185,-319.51826633280103

602.6785034705433,-305.3456674153339,597.4755321460602,-318.35445879842655

600.0344640892581,-304.207788297477,594.5991459958759,-317.1693575109659

597.3957897250217,-303.05500148104585,591.7409672851903,-315.9498256210156

594.7556370721837,-301.8993980632593,588.8982697520304,-314.701511224575

592.1161309330578,-300.7326013843593,586.0715738200229,-313.4225780850684

589.4856604760374,-299.53512550891344,583.2629995075935,-312.10845681069793

586.8655079916047,-298.3043780640748,580.4599246840594,-310.784161562999

584.2570513000102,-297.03814036739874,577.6654988572374,-309.4417976180345

581.6591425254026,-295.73926352335786,574.873742036035,-308.0913574740188

579.1184594045828,-294.32606257853195,572.1631404598517,-306.5928283358148

576.6105257512256,-292.84850900269987,569.4984250064347,-305.01776596701643

574.1400605573024,-291.3022882499029,566.8860065781605,-303.360138028697

571.6871237592899,-289.7234877101025,564.2974766745494,-301.67089673784534

569.251692054175,-288.11309590519863,561.7327260327016,-299.9511029840187

566.7977211745703,-286.52741243661455,559.1583327636126,-298.25296367742277

564.3454172759522,-284.93317080754224,556.5927331027854,-296.5460956692881

561.8874804913497,-283.3406864863971,554.0297671676059,-294.8391537724903

559.4459203332154,-281.71756836773335,551.4881522186943,-293.10460538513144

557.0215747044592,-280.06407277152056,548.9682078013176,-291.34313859104583

554.6667978373316,-278.30962459754045,546.4738783998807,-289.55073571815853

552.3467377591679,-276.50737863271047,544.001403394856,-287.7333162731518

550.0463513772244,-274.67719576858684,541.5532289067627,-285.8913125177035

547.7484938393033,-272.8585201519766,539.1063125384525,-284.0400803351602

545.4632382027529,-271.06679312730455,536.6466472864431,-282.1688137470593

543.1868123084461,-269.3114651998161,534.16409244601,-280.28082186091433

540.9496610236516,-267.54926840268087,531.6849075664663,-278.34179086837986

538.7541852348004,-265.77382403275544,529.209843339043,-276.34661948950117

536.6489718020152,-263.92784627379916,526.8019200002199,-274.22422709525495

534.6666534924091,-262.0075540338543,524.477192338302,-271.9383971560827

532.8825032329828,-259.98588265899735,522.3068944139002,-269.416957557868

531.2671898135212,-257.91779997910044,520.2549909041514,-266.7239399684884

529.785636783725,-255.84299484135786,518.2914103892718,-263.89973730844474

528.4490873977711,-253.75086995369819,516.4511088817576,-260.9202729272046

527.2498567702894,-251.62346613243201,514.7619884488428,-257.7771483023098

526.2280731283734,-249.4146025975036,513.282135278738,-254.47602915033445

525.4001800285015,-247.14376586921094,512.0681455720294,-251.0323454714551

524.7575120832878,-244.85625832086922,511.13882931715705,-247.4601377267811

524.3886855193174,-242.56903765182162,510.5787929539621,-243.76920252473786

524.3161002536197,-240.3311794747653,510.4382334416387,-239.98475083418947

524.5412738360927,-238.1528331061277,510.77193156705744,-236.18325342567167

525.0065648210497,-236.00279819073168,511.5446739087272,-232.46673346366293

525.4915248526632,-233.80922107142146,512.6658006227991,-228.86159374780465

526.3710980781019,-231.71882161781542,514.2257011887925,-225.43108287979726

527.6278073617835,-229.82321515231857,516.2022766146822,-222.22733134585252

529.0377013160639,-228.0584038057016,518.4813018516063,-219.22717484255253

530.6875120291019,-226.35026533719184,520.9636722175375,-216.5490750347856

532.6009037513169,-224.54402763447732,523.4217995000344,-214.17366381795694

534.8219572513499,-222.71491621330856,525.8436587202552,-212.11357751334813

537.1707889864017,-220.93374804113546,528.276681212968,-210.2050392805519

539.4476635953973,-219.22933560483227,530.7888660261815,-208.2777872704596

541.6747076224894,-217.60861623582642,533.3836056779788,-206.36245538981467

543.8144492738754,-215.8891164999679,535.9471523121892,-204.40125237808212

546.0322772534337,-214.2133289753433,538.5436048074054,-202.5321423010644

548.3198016765737,-212.57542701862877,541.1691879487606,-200.73974107710842

550.7340215657567,-211.07330086931415,543.856240420854,-199.082364390757

553.2391889185914,-209.65152272053763,546.5750615453514,-197.52310396682427

555.8589933982606,-208.40796411709567,549.3728934562439,-196.10503915963378

558.480918827698,-207.23813030480184,552.2417468666065,-194.7404821424284

561.0926355074846,-206.16539453003375,555.1914417584301,-193.44724387339122

563.6777993350886,-205.17508649397934,558.2077699651988,-192.22072715523282

566.2286669454495,-204.26826175572805,561.2886595630939,-191.06741357777415

568.7110290296037,-203.34669063023355,564.4110359680354,-189.91872663161223

571.2207486437316,-202.48441359941,567.5629448265015,-188.87255182604042

573.8140537732545,-201.6532118978469,570.6916433256143,-187.92332146937343

576.5066964321445,-200.92170424019622,573.8043028290799,-187.11765082952468

579.288358208921,-200.2860487603945,576.8906744005095,-186.44441510680633

582.1703774412088,-199.85998715489006,579.9596086192079,-186.02678785909896

585.1042710643325,-199.48520767543403,582.9899539335892,-185.67672045917297

588.0616176193763,-199.15454918261463,586.0075231335086,-185.37704807944667

596.9956139020975,-198.12289979824396,594.9806295998503,-184.4604585003725

599.9902836832588,-197.72152329656177,597.9391277223986,-184.10517350384436

602.9926270271882,-197.28749641853142,600.8813352903454,-183.72115361532497

605.9978227326576,-196.79189508057,603.8020424385544,-183.2767369406396

609.0037633927492,-196.22798742079064,606.6991476883121,-182.76470484914338

611.9850252964625,-195.46465940039369,609.5454786439014,-182.0422598289422

614.9861410015235,-194.76213495318038,612.3850966363549,-181.37512876575568

618.0059747854964,-194.11221227821244,615.2215095969249,-180.75539391511506

621.0388322099818,-193.51819383660333,618.0685907955977,-180.18378620011467

624.0639169327898,-192.901388669885,620.9178627933793,-179.58574336804318

627.0766799563867,-192.24019998118598,623.7618256719788,-178.93521145271876

630.0777961327442,-191.54184561497254,626.6025200983357,-178.2438676751247

633.0671998500454,-190.80879002390077,629.4396602181665,-177.51410691834948

636.0275011217356,-189.98262994543109,632.2618182253408,-176.70864699072587

638.9704044062388,-189.1122401181001,635.0772657608511,-175.86268378504275

641.892863860324,-188.1911952662671,637.8839021154178,-174.97245534681863

644.801742271846,-187.2455704027428,640.6860374354252,-174.05524104234928

647.6972108982806,-186.27778514362086,643.4837393683993,-173.11331808798147

650.6085437678277,-185.37918140955236,646.3071901539583,-172.2408257780871

653.5194333714716,-184.4781753706382,649.1280397527762,-171.36774354015776

656.4328715977881,-183.56366640258165,651.9377719131894,-170.4865306093196

659.3449336149787,-182.62291584646633,654.7326400378337,-169.58508026462488

662.2547511728349,-181.65261796438858,657.5119252154742,-168.66042648283448

665.1387762022207,-180.58942871974193,660.2543072819309,-167.65502416669187

668.0014135222349,-179.4499598576187,662.9639811499285,-166.58420998672239

670.799115827301,-178.13123608928666,665.6020338134985,-165.35562247433697

673.5827213237949,-176.76960827043618,668.2142340563178,-164.09174452035074

676.3503078287935,-175.36227544672846,670.799372066445,-162.7901186627204

679.192456541159,-174.1056995153645,673.4449466269097,-161.64215544919568

682.0500235057,-172.85619206182244,676.0974274310221,-160.50731148508902

684.9531593042922,-171.63862484348277,678.7652512028402,-159.42087928868048

687.8726999884943,-170.34161258021612,681.382689031161,-158.29675009880512

690.801337506663,-168.94222037779812,683.9348058163662,-157.12336543324787

693.625089246222,-167.26113457239214,686.2757907095171,-155.6697421571613

696.3976732618876,-165.41551007497597,688.4913370391668,-154.11862276094584

699.1144411740049,-163.41008524778275,690.5939542048228,-152.50030692977504

701.7216814902457,-161.21854750673037,692.5841877111282,-150.79191880908894

704.1909931579776,-158.85987968360914,694.4656705447572,-148.98438385464843

706.4529946469005,-156.2900013521273,696.1681731112915,-147.0288583175592

708.5355627826348,-153.56718132918573,697.7181835589931,-144.97748635115045

710.4006046479402,-150.6820564288801,699.087751637174,-142.8306572383991

712.1977398918384,-147.76646911035684,700.4040388558674,-140.66771769218926

713.8980424518179,-144.81316965014756,701.6678304378784,-138.44506003110013

715.486567380473,-141.8124996229335,702.8726930358779,-136.14694113599012

716.9316020117758,-138.7491709487317,703.9834483600129,-133.76254244427614

718.3023073796462,-135.6539083698777,705.0435452132995,-131.31585950598486

719.3962512005465,-132.46936788174264,705.9417759604431,-128.7810126230713

720.2224710458213,-129.2065680595502,706.6721036767799,-126.19740871461131

720.8460349011333,-125.88060272164141,707.1938498039158,-123.59319258361802

721.2799813505593,-122.50626396072882,707.534292177774,-120.9904128535046

721.5040337110163,-119.09188146910007,707.6392671333899,-118.39857596999374

721.5266717541059,-115.64648548342078,707.5968515445264,-115.83816950208508

721.3295395915829,-112.18257088819387,707.397478087664,-113.3069628418284

720.9200864918911,-108.72804096809473,707.054403574039,-110.79033498855947

720.2541142468153,-105.31473424383668,706.5499518718158,-108.29244651435943

719.294289834803,-101.97277448129255,705.8937606881711,-105.82884344819676

718.1197626836539,-98.70496454417273,705.094287326219,-103.41164703361942

716.7328007668807,-95.5255871346075,704.1491797429435,-101.05671659721196

715.3829242689741,-92.32011255809417,703.1367176998232,-98.73914688245976

713.8217915947332,-89.18977422712912,701.9786588459423,-96.50256349445809

712.0037116058047,-86.1780886997099,700.6683131254724,-94.36757486925673

709.9186857756367,-83.31892463874954,699.2061115148035,-92.35248117201522

707.5770646247395,-80.63496239365995,697.5986241821593,-90.47081707526537

704.9129428957641,-78.23743551457477,695.7410938961045,-88.86263783871036

702.051096733373,-76.1174365470942,693.7055832037223,-87.44869530678876

699.0384308702344,-74.33506954387163,691.4527700675559,-86.25939057492923

696.0620119378068,-72.62113508609885,689.1961260117648,-84.97997268979394

693.0881244075742,-70.99992230663818,686.8798923982953,-83.67151833234487

690.104699911687,-69.5134466706718,684.4698281063787,-82.40158947490684

687.0806071626249,-68.21225780504457,681.9702682346655,-81.27047099279639

683.9221089416823,-67.13606392214302,679.4588960989689,-80.38684659115476

680.6029628997428,-66.20159749422716,677.0359686326431,-79.68064407392384

677.1617985774687,-65.49003868886327,674.6345912618455,-79.162914049709

673.7962371874078,-64.89864929931899,672.0875894378224,-78.70944258064392

670.6166261326426,-64.47130253604075,669.288613552438,-78.34636829058641

667.5684551809644,-64.11897381673587,666.3450378985194,-78.04554075318467

664.5433619087557,-63.876994401955066,663.3717224247263,-77.82349253236404

661.5153197779978,-63.70405448423181,660.3990769867252,-77.65449200139555

652.4623345363243,-63.4390041903717,651.4639934178039,-77.22126236209802

643.4804145618485,-62.94758963832511,642.530085625174,-76.38433209587943

634.5327172933288,-62.40522398439508,633.5639361018814,-75.47367391223783

625.568733208851,-61.853405602806646,624.5922253144103,-74.55405055822081

616.5651412918261,-61.321111454223484,615.6394227372128,-73.65823869598269

607.5265923570653,-60.87999435380555,606.708388738505,-72.73603349835564

604.506970377799,-60.75674984819706,603.7360092141158,-72.42915328427534

601.4846390423296,-60.64363516554386,600.7652297392602,-72.13239797164931

598.4618076943257,-60.507371905929396,597.7921972418137,-71.91212057883105

595.4364958760248,-60.38118236083701,594.820610178947,-71.71612148944384

592.4088006684077,-60.26664838482524,591.8501683045479,-71.55590085896736

589.3783196967656,-60.17662779150824,588.8813939755007,-71.42991725868866

586.3454899618434,-60.108825633229905,585.9149890524316,-71.33180762446943

583.3107980788214,-60.0573073600965,582.9517061562892,-71.24922822710008

580.2743420106266,-60.024246059284714,579.9915761193192,-71.18493308909997

577.236276674468,-60.00956733766459,577.0347098287518,-71.13899357128025

574.1972292852864,-59.96304646414828,574.0814667615795,-71.08332923744808

571.1559656588986,-59.90849296366622,571.1311383593722,-71.03234815611668

568.1114601690415,-59.80638463607305,568.183141278476,-70.96360668320528

565.0651226045553,-59.72707281643333,565.2347263826791,-70.91804586979572

562.0192737525816,-59.67164477314343,562.2836453453904,-70.89558048685505

558.9772516797193,-59.741762256292176,559.3327874904301,-70.98556493510651

555.9399156694054,-59.895413732908835,556.382879289498,-71.15113324555635

552.9076942198031,-60.11161719077558,553.4342842050804,-71.3741336166262

549.87411313957,-60.253866254730035,550.4883996125376,-71.6665520168634

546.8290009232895,-60.1862044510705,547.5499094773703,-72.09001279278705

543.7810040137889,-60.102457893995734,544.6146943537667,-72.55214668952468

540.7308215335706,-60.0165560514359,541.6822820245131,-73.04391997643944

537.6947388645665,-60.13503123955057,538.7355141496787,-73.34729950778389

534.6654563200004,-60.330439155965756,535.7825630596484,-73.60117192331715

531.6498024735939,-60.66655429612123,532.816035836812,-73.73361570032591

528.6379321480066,-61.01797338405908,529.8469923706665,-73.88193008143725

525.6297633329258,-61.38331783382197,526.875549069306,-74.04466034980882

522.6254145538551,-61.763312450759514,523.9019929200334,-74.22204238320523

519.6246982631006,-62.15530182077117,520.9263315127575,-74.41177147599007

516.627547170625,-62.558902317730755,517.9488561058896,-74.61344582343372

507.6575289786955,-63.826900952801225,509.0060505719947,-75.27819266542414

498.6949542351875,-64.98859045186386,500.09408841023105,-76.34550232549664

489.7121772028725,-65.95198247506367,491.2489808661721,-77.91418797869783

480.72541919500645,-66.94809513831724,482.42602034569893,-79.51223911178256

471.7666205340738,-68.20294040013044,473.5681815245512,-80.74303597426604

468.7897761322656,-68.69626034394166,470.6031098538651,-81.05156352643881

465.8139079426527,-69.19910177305245,467.6397645521437,-81.3690213042457

462.83845517125366,-69.70780242968648,464.6777505068483,-81.69327686640403

459.86413289148413,-70.22710831369588,461.7175053698801,-82.02783422434368

456.8911428173069,-70.75822077035617,458.7591142044426,-82.37371570455197

453.9195647084566,-71.30152226485129,455.80248297649797,-82.73080996495379

450.9494280433405,-71.85710056068875,452.84759426390036,-83.0995109931772

447.9809073477897,-72.42591224455008,449.89475836899425,-83.48211414033855

445.0134700267935,-73.00487817844778,446.94532949435245,-83.88661335846686

442.0465383488318,-73.5910235060896,444.0016941634949,-84.32590098392963

439.07700121286155,-74.16818135189789,441.0723183459199,-84.84408103051926

436.10644323013753,-74.74641136877139,438.1528556867974,-85.41385764245895

433.137965928079,-75.34257754862838,435.2372020230409,-86.00156919417971

430.17054870348045,-75.95568905061647,432.32587366585494,-86.60513338046545

427.2042422672543,-76.58885824957012,429.4205587106722,-87.22700476616032

424.23930845184793,-77.24141045498278,426.52160115964807,-87.86682628828923

421.2763046919049,-77.91419801256411,423.62955150328463,-88.52535432126305

418.31270117757816,-78.59466385010272,420.74304475998537,-89.19503639864097

415.35148965855325,-79.29538487564407,417.86412832006255,-89.88389409528695

412.39280519819624,-80.01595089403209,414.993086524408,-90.59192364206166

409.43747355414763,-80.75885503807875,412.130330571213,-91.31990508998763

406.4863083895447,-81.52672606023285,409.2768079703012,-92.07045981992842

403.53861186627597,-82.31545377847088,406.43141674432826,-92.83966438998299

400.5951889545466,-83.13093491764798,403.59749241575685,-93.63610028307309

397.660893504454,-83.96937942873343,400.77050496263234,-94.46329030066667

394.7466772323401,-84.83247225102565,397.93995126002216,-95.32090337454902

391.85223469026374,-85.71058197576663,395.1008016700946,-96.20150329500991

383.2763645988317,-88.41047058030965,386.52640033949234,-98.96045742109362

380.44775632840395,-89.28005372383879,383.62339690175037,-99.87251826696222

377.6461625259329,-90.10498899513911,380.6736833328811,-100.76071938681778

374.85853437681163,-90.8734980447317,377.6784226152349,-101.58236572885087

372.03571211592066,-91.59166613656784,374.6904530733953,-102.33796770831165

366.23262811428134,-92.96758879132709,368.8191956859803,-103.71981723777786

363.2809100773964,-93.66752435336828,365.9283752359298,-104.3999860736733

360.31621988988826,-94.41232702462635,363.0681808403182,-105.11053494625851

357.3378348625997,-95.20229916242187,360.2414493763464,-105.84673475277731

354.35208474514394,-96.05316156574159,357.45037939055317,-106.61564992153853

351.35892495974434,-96.96263590213495,354.6976855135567,-107.42488825520634

348.388828990792,-97.93660826386528,351.96103803729386,-108.29479744162929

345.45077964957306,-98.9179732279959,349.21292081393216,-109.22879825313653

342.52459196712647,-99.85603513079565,346.4899557746499,-110.319732572527

339.5671905307064,-100.63616154167323,343.8423643969442,-111.68983185463806

333.75416235210673,-102.21483452387409,338.48485681146946,-114.5069159243547

330.87898843164703,-103.00807099272537,335.7872920416269,-115.93881074951699

328.02749329789174,-103.87917727967876,333.05554309480794,-117.26466509707771

319.7171924074323,-107.21263363668723,324.5436850155559,-120.32288670463093

311.39681982099677,-110.64568829972868,315.9823171041156,-123.11320458881663

303.0369316335851,-114.08598289920847,307.4552942781007,-125.88360359957287

300.248193086719,-115.24541839106031,304.62195033728136,-126.81563450071238

297.4625157359669,-116.41395538978414,301.79152350146694,-127.75607606448051

294.6811048481112,-117.5943676805456,298.9651840590612,-128.7079003848951

291.9038194917028,-118.78589758448491,296.142768850976,-129.67052333669534

289.0937807140021,-119.89447061991474,293.35198406913497,-130.7142147247882

286.2729582895777,-120.97798758358114,290.5759597876222,-131.79418836072017

283.4252648371424,-121.99742164159514,287.8268856681316,-132.9397194931037

280.58114674879266,-123.02998136861237,285.0839813045401,-134.0976772671619

277.740516553326,-124.07531902833327,282.3471312529661,-135.26747467955735

274.9036288363377,-125.13393697509261,279.616454987894,-136.44912599125269

272.07039417993764,-126.2055117364038,276.89199290257045,-137.6424691335646

269.24120975871807,-127.29089006311831,274.17421146419855,-138.84836115100262

266.4162625778945,-128.39040621460478,271.4631809320602,-140.0667138086462

263.5955683875407,-129.50400154469023,268.7590070420057,-141.29753766622477

260.78255720364393,-130.63933310437645,266.06372940249946,-142.54521698877488

257.98840643693035,-131.82090590362964,263.3836910655731,-143.8234933954465

255.23117826898365,-133.0870196890491,260.729117088936,-145.1538982638666

252.47895978571566,-134.36564229148004,258.0819987753234,-146.49563789114976

249.73235381332242,-135.65798675408604,255.44289812763245,-147.8497586638681

246.9908289898356,-136.9628773577054,252.81102430981954,-149.214377902908

244.25520975256393,-138.28187474311403,250.18732749989312,-150.5915136936599

241.5247876910488,-139.613943974209,247.5714781013055,-151.97986811873173

238.80086799031656,-140.9586100721443,244.96229076044725,-153.38018260718687

236.08597718997123,-142.31536351442003,242.35772428936332,-154.79427473089626

233.33173879495266,-143.58762608379058,239.75356791038175,-156.2155715463097

230.5625436503062,-144.82610816288988,237.15131025788247,-157.64702429141303

227.750195324404,-145.97696771266945,234.54826417302718,-159.08392695654604

224.9454565826109,-147.13953946942604,231.9489390916398,-160.53461941460785

216.611681783518,-150.7462920013666,224.14749871457133,-164.92713595143147

208.75089288777394,-155.1859187224944,216.15237883807197,-169.01280919472813

206.1502816482602,-156.73765091892253,213.49725104161027,-170.3576209734971

203.5251162624633,-158.31345358789903,210.87532464719447,-171.69442211635612

200.88160436440737,-159.9138700066198,208.28358802588326,-173.02686562722388

198.22060139837055,-161.53721065098165,205.71835763593913,-174.3539352600082

195.54991498053064,-163.2112920399138,203.1957615920538,-175.69552455681296

192.8989892988274,-164.8930600056343,200.66369584752843,-177.05928257035117

190.3617445842627,-166.56939572267825,198.0789509632646,-178.52278179000626

187.93836599333625,-168.2006236000621,195.4165248952534,-180.06768000407232

185.6305036186307,-169.80933351897392,192.69375471438536,-181.70489435522595

183.38602906435423,-171.33239432861157,189.85274318545942,-183.3503365108886

181.17409210054302,-172.76722279335462,186.91915093019404,-185.0809137491957

179.08863484287795,-173.97673920027898,183.60501152523887,-186.69178868983448

177.3392383475101,-174.8464428310411,179.6441298415423,-187.87978371492582

175.94022988097788,-174.97422038718935,175.01708706489737,-188.2723825806796

174.65042775461896,-174.54983706934334,170.3122541868924,-187.4183638917105

173.2213589473036,-173.65015750892525,166.3190725509091,-185.31985481112326

171.8714759513078,-172.3568688932249,162.92933883377574,-182.69261833750326

170.67955159000695,-170.71810505892682,160.11587008822272,-179.7697778316464

169.41879028222877,-168.8748067954295,157.84621695164526,-176.69935267147204

168.18458838108523,-166.76396734041296,156.00576634491216,-173.62224137475212

166.9019856595019,-164.42234289824592,154.47830914679648,-170.6705823675578

165.5883803604537,-161.7910126344606,153.18247589108222,-167.91531520948178

164.18730159626566,-158.9707620748307,151.98538452186202,-165.3383018775404

162.67967150076433,-156.10469690972857,150.7732014506927,-162.8633368051754

161.02799143610937,-153.2494689774121,149.49320127576772,-160.48910745280094

159.14533889328456,-150.45860989686088,148.07691140762708,-158.27030487961218

156.9868667036234,-147.78668092959043,146.6228763034234,-156.13613631020158

154.51598403755938,-145.30026587551714,145.11967599349367,-154.06490991962335

151.78343860868395,-143.03511774720445,143.53430480152696,-152.02212622294385

148.8691593404363,-140.99885868158637,141.7665630378116,-150.1041809133277

145.84775748646302,-139.13427224460804,139.62996198430451,-148.66913651546466

142.70587278015572,-137.4817003567393,137.41947705465344,-147.45427606342113

139.44170224076987,-136.0589527764825,135.16907467561876,-146.48566962555532

136.09299176051346,-134.8545732753876,132.92688776234462,-145.61176265586678

132.67636490522779,-133.97615982168392,130.59259449343827,-144.9210899969952

129.2238814995782,-133.42962914328982,128.15544583108573,-144.40372303052598

125.75751892589466,-133.3059813423893,125.62395837201805,-144.12592267725125

122.32690762454094,-133.56663236144152,123.02549220820971,-144.08036291066958

118.96682354519234,-134.14990713563324,120.39150222397781,-144.2755163886205

115.68404688742174,-134.9745480822334,117.7589121173166,-144.68700997475338

112.4775976955142,-136.00524630409484,115.17873911807825,-145.37277079690503

109.33177538841191,-137.16269034912236,112.62989683361181,-146.16791855710161

106.23684587713727,-138.43520368808774,110.11076388608308,-147.06333749142252

103.18129859874878,-139.81602784080232,107.61936324396032,-148.0583165144159

100.21188811784606,-141.40405316070587,105.20463783876336,-149.232019174119

97.38358644281314,-143.26966740692714,102.95993961591567,-150.66773972981076

94.79833718125207,-145.49124571602007,100.95202261654771,-152.3661614895051

92.5004182305353,-148.0307246404995,99.21332882364968,-154.2845928120169

90.38403396656824,-150.73554069719532,97.67217150067428,-156.30605113678052

88.49493554538434,-153.63651510614943,96.3340504874926,-158.4265957520669

86.76332487469519,-156.68243492935767,95.11958931995085,-160.6203179912462

85.37656852286483,-159.93189342233094,94.14621279867853,-162.9482922412809

84.36713310673464,-163.34778985314324,93.44557783226159,-165.34549328754474

83.7098989230679,-166.81776472181824,92.98946882015608,-167.81004837303325

83.4175856896142,-170.20954236561846,92.7609449578163,-170.42826543362887

83.44589031244918,-173.4583140160029,92.69955624536684,-173.20614856675542

83.59731080644461,-176.6156231175666,92.8434263357667,-176.04952140464565

83.84586427882412,-179.74535585982088,93.1546958313559,-178.8896709353037

84.16068204613981,-182.85056800928348,93.54193437682301,-181.7321771173879

84.55348636700114,-185.9305612073783,93.98458822591702,-184.5813477353859

85.02850493390221,-188.9836038044619,94.42679934282862,-187.44793686699924

85.54621404025653,-192.01497467153686,94.91409193562868,-190.3270233818051

86.09679154043775,-195.02617700332019,95.43825567978752,-193.21967922045997

86.67201646379915,-198.01808182193318,95.99284495797994,-196.1263718383623

87.26683754736855,-200.99095248430498,96.57303593294742,-199.04667558301762

88.48874601112252,-206.87866543875109,97.78499184404878,-204.9294811436609

89.10014266723464,-209.80114835103814,98.39883571268543,-207.8873782496583

89.7103916982466,-212.7226756707989,99.01251805956387,-210.84451728806766

91.4884469318183,-221.50898339529982,100.79398873776643,-219.7089660867454

93.20021137440848,-230.32360622813746,102.50132083197919,-228.5638968125617

94.88027779362717,-239.16229391651362,104.16963454264722,-237.40330959906856

96.55660153650592,-248.01076675329313,105.82867395027078,-246.2332591427962

98.25586789028861,-256.8523256717526,107.51322681391164,-255.05974046538805

99.97580582726393,-265.68704001877757,109.21946725402206,-263.8847665731186

101.710743241162,-274.5167464249718,110.94068286811338,-272.7099153828926

103.45474594417665,-283.34305533900084,112.67194583034293,-281.53672318597665

105.19989795818329,-292.1681227341342,114.40630068959047,-290.36701254315454

106.94092017999509,-300.9933538658603,116.13707692654448,-299.20278633457286

108.6714507299053,-309.82128668610494,117.85771546983327,-308.04513106633857

110.38656465521639,-318.65560224471324,119.5627275922046,-316.89192236777046

112.08629513425878,-327.4963620579026,121.25196592919137,-325.73997507223663

113.77851488256353,-336.3400740530886,122.93197468569906,-334.58656750196684

115.47243648345716,-345.18333062655324,124.61271986848243,-343.4280394821904

117.17379445058336,-354.02332733301205,126.30033119412153,-352.26152772358836

118.8910949123833,-362.8566641282379,128.00345892623085,-361.0837108518631

120.63242931169434,-371.68025047801666,129.72970842293407,-369.891179002404

122.40689958551518,-380.4885793416688,131.48845226670227,-378.68623290153914

124.20730279343702,-389.28977855267283,133.27613968655365,-387.48656618041196

125.98756319242949,-398.1101814041905,135.04644195302598,-396.31644137348144

127.69172938230143,-406.9716572254438,136.75148225591573,-405.206136729286

128.2489525580712,-409.9190850083018,137.34586460683573,-408.19016784293456

128.79064526644981,-412.8442670876674,137.94023765085115,-411.19921742149

129.3009031619234,-415.7489925898554,138.51529252804255,-414.23142587224976

129.83796135573624,-418.6209033156236,139.1043950287388,-417.28104778990274

130.3316329615603,-421.4713871383781,139.6473489963149,-420.35805751005904

130.7951941874071,-424.2998002184724,140.1488764778452,-423.4634870771804

131.05302285568172,-427.1204742169824,140.42924552187213,-426.61180124100974

131.11351633219272,-429.9208413748895,140.49361119455222,-429.7897184160384

131.0345689467158,-432.6907949877128,140.37681331087012,-432.9847930117702

130.8147088635659,-435.4273317201506,140.08867190776854,-436.1895560284401

130.4283160594433,-438.12701561939866,139.59009938623637,-439.393331831939

129.86701084646947,-440.79966116340563,139.02320695943342,-442.5972586326558

129.1386746439923,-443.44866940732146,138.36165875389693,-445.787566875835

128.25582152876035,-446.060914261005,137.30417036787156,-448.87255219244645

127.37824378356804,-448.67880967518926,136.1600920511972,-451.9142606557524

126.76326672424113,-451.4220906095267,135.1070570705514,-454.9882538734594

125.67604298912735,-453.98829700627135,133.79652220757794,-457.9554907864152

124.22111654409584,-456.35992756619515,132.26451935842502,-460.8057561165945

122.67002937392022,-458.6506284700855,130.52531477316754,-463.5261389604216

121.09586193291281,-460.90919647202634,128.74751885759756,-466.21176502723006

119.7405174914223,-463.3361778105982,127.24222036919095,-469.1172113840915

118.09653966319837,-465.576576387786,125.3585921604678,-471.78014850505207

116.21960265021805,-467.62662464762496,123.16431638772256,-474.20695915420936

114.19389911962348,-469.50718529664334,120.75425797548472,-476.44884995970244

112.07949251671232,-471.23980945045804,118.20492787656588,-478.5519891524331

109.88283163251033,-472.80352532596396,115.5210297413245,-480.49691644972245

107.61231300458266,-474.1781535680588,112.76350358100649,-482.355579837999

105.28101068715212,-475.35359970110545,109.88978656075894,-484.0730663486848

102.90442569114768,-476.4310122174992,106.84825050645418,-485.44900743713356

100.42758451396858,-477.40582102077974,103.75673714116928,-486.59238036591876

97.8834802379919,-478.3844259218445,100.64326251933495,-487.5560950676641

95.27210007829545,-479.393182219413,97.57491836222,-488.57689856754865

92.59076485312715,-480.4176750172976,94.53379909280983,-489.63869520392814

89.78214101873189,-481.0338517785401,91.45067480001524,-490.4025918123431

86.92914764160932,-481.4538625762632,88.34802430175789,-490.9438429333606

84.03103295871637,-481.5785150024296,85.21586069039135,-491.116438558498

81.12879277184572,-481.6808027428262,82.10858691274434,-491.25506786157894

78.21673752950132,-481.75148936469293,79.02109560831343,-491.35358666480226

75.30600412738474,-481.9997838669104,75.96371031239318,-491.6021590024344

72.37514806469225,-482.218058354073,72.91733904757027,-491.8162364350493

69.42521357219123,-482.4134562635443,69.88266496721842,-492.0046468072284

66.45638730136908,-482.5870248775477,66.86104813086057,-492.16921115726655

57.456040246351485,-483.04692552981163,57.87874768553906,-492.5952234463916

54.44043118317858,-483.19746545028056,54.90180875881159,-492.7326055227924

45.43185511434989,-483.7054811023852,45.9423905517221,-493.2044808145896

36.46670872077532,-484.2565253834666,36.94530879857779,-493.7233144048689

33.48660931654568,-484.43354351401615,33.93622111937995,-493.890311296383

30.509928437187046,-484.60038184923036,30.92156383463256,-494.0474293284655

27.53616333376729,-484.74900627245154,27.900859130186596,-494.18797995759644

24.564848855877454,-484.87010867140526,24.873733064909587,-494.30445050081624

21.595703293605595,-484.92595409966555,21.83897720677009,-494.36979453119784

18.63116516853863,-484.9330148721757,18.797432692144803,-494.3941620538416

15.672874566365989,-484.91015444568393,15.750383686249018,-494.38804910821

12.721765405751727,-484.8563332595582,12.698673134188398,-494.34696811617033

9.778736690137448,-484.7666464999668,9.64327607612867,-494.26173267729575

6.844789133083166,-484.63544592841936,6.585804824862113,-494.1115736923747

3.920879052858562,-484.4615570271802,3.5277317869330993,-493.9043341597511

1.0066403171505394,-484.26486338400326,0.4685243888283478,-493.67406360441555

-1.8997969267738652,-484.0648075836065,-2.593838394694899,-493.4419953949873

-4.8055177508031495,-483.9166949678207,-5.666936166551157,-493.2691787601255

-7.704553603712615,-483.7175192903158,-8.744269139638426,-493.0395208420812

-10.598364489845364,-483.4627804815341,-11.823752206619645,-492.74890344712446

-13.488317682384215,-483.14752280468224,-14.900273210042677,-492.3885555065259

-16.371221202505158,-482.75957223243506,-17.970249178709132,-491.95328512442904

-19.240567630071997,-482.27927059709486,-21.028281685185032,-491.426536473879

-22.084431425816465,-481.6689905717366,-24.06432261615072,-490.7779056157659

-24.903121021745157,-480.9565912062263,-27.078363473847208,-490.030116601563

-27.718410678772614,-480.24256442946165,-30.09130249530557,-489.278145974596

-30.51966777458373,-479.48157645658887,-33.09209567208121,-488.4744687459207

-33.309780828638,-478.6852310907838,-36.083694605158946,-487.63061226241143

-36.07610181563946,-477.8149394876706,-39.054851896733595,-486.7121257491957

-38.81786280259664,-476.8759389380905,-42.004558502618096,-485.7218892601988

-41.534069822261785,-475.8693811850566,-44.929381813224325,-484.65801613457427

-44.21983064778956,-474.7852505272769,-47.820886241476614,-483.50841298885166

-46.86471372415698,-473.60558042171846,-50.666003192487054,-482.25125015804355

-49.4794995473879,-472.3630763150992,-53.47797141606965,-480.9255877572778

-52.06358753085063,-471.06031142527405,-56.25636907749224,-479.53473287425885

-54.61178517286137,-469.6907838949365,-58.992265101885785,-478.0651828208438

-57.13110488177725,-468.2716535279405,-61.695052491141496,-476.53967841468614

-59.625609826011434,-466.81176787105227,-64.36715688019207,-474.96465080370257

-62.12166262108592,-465.354797815256,-67.02503830243981,-473.36834691212186

-64.60505309445972,-463.8729280839349,-69.65913215565823,-471.73317723281286

-67.04991716322576,-462.3260644200028,-72.25841488947376,-470.0426037667053

-69.45567949393568,-460.71719609866943,-74.82122737561899,-468.2963906081448

-71.81469741353813,-459.0394558784348,-77.34824949788901,-466.4976215098346

-74.09999220032383,-457.26254247923913,-79.79772788711541,-464.59434755160424

-76.32414916710192,-455.4104976072371,-82.18268920666779,-462.6113673379589

-78.50939768940191,-453.5150179015173,-84.52826297911241,-460.5839032629017

-80.67415806764815,-451.5983299268775,-86.8545766288299,-458.53575413764446

-82.84823558359088,-449.691059459535,-89.19645248605882,-456.50236383487027

-85.00938204344249,-447.7648942845537,-91.51734253429191,-454.43952682531904

-87.14486803841469,-445.80531147384795,-93.80676021654901,-452.3357386808146

-89.27655171769878,-443.8325083297677,-96.07988562829514,-450.2054003764853

-91.2863407425643,-441.7377388804552,-98.21733387537695,-447.9398677547318

-93.06690485592974,-439.4406689085249,-100.09833978488882,-445.4486641791385

-94.82224646271891,-437.13015608446364,-101.96443392835373,-442.9553372799736

-96.54007827122365,-434.7947343529815,-103.7966064863869,-440.44268930872636

-98.27486385365034,-432.47509584198315,-105.6767877095462,-437.9708183108884

-99.97276167484239,-430.1277620200279,-107.51816309286492,-435.4691562036156

-101.64941239732258,-427.7637190118356,-109.3365584906776,-432.9486241399821

-103.30344517495675,-425.38099609500847,-111.13057972236562,-430.4070373256751

-104.92101678398146,-422.9702505682454,-112.88568413354295,-427.8344362330944

-106.37354275225663,-420.4573061450719,-114.45907833530224,-425.14828119936914

-107.76007700483547,-417.9085537599401,-115.96138059670794,-422.4224786306323

-109.07364026577696,-415.32300350734727,-117.38441328889013,-419.6554965037863

-110.35066340762987,-412.7217299519553,-118.77024075668277,-416.87136457852057

-111.58002551429793,-410.099494921539,-120.10629669091924,-414.06387045084256

-112.76284280170981,-407.457617269351,-121.39416800536695,-411.2343643544293

-113.8945174099868,-404.7948938515964,-122.61859291292834,-408.3770548123263

-114.98500251169276,-402.11614206701006,-123.78000471014973,-405.4937466903021

-116.0170223408052,-399.41532262955644,-124.8762854691273,-402.5851971113094

-116.98795216694417,-396.692996183837,-125.90579356916045,-399.6524544620527

-117.87953426079181,-393.9451209222605,-126.93522239167216,-396.71756688972147

-118.70674630550572,-391.17875154300424,-127.8902541359128,-393.7561174661807

-119.46958831200615,-388.3955067724787,-128.76264751403113,-390.7680534739134

-120.15127299951409,-385.5930054880728,-129.53457787559557,-387.7518973957723

-120.75785847051733,-382.77532927773495,-130.21914178632687,-384.7139968618369

-121.18883631197593,-379.9255451823833,-130.71354807785735,-381.6396327760264

-121.62020708521166,-377.0784875174558,-131.13405202506087,-378.55866638562554

-122.12634526833676,-374.2396406570082,-131.48346124505142,-375.4730191733464

-122.56157606974716,-371.3845235481149,-131.77565975947672,-372.3851211818053

-122.92931267222528,-368.51510863827997,-132.0049562558253,-369.2946943974474

-123.0896864253747,-365.62403569708215,-132.24262815841453,-366.2069779396106

-123.17533895337658,-362.7276061366314,-132.39916035060364,-363.1143914562558

-123.17588351707,-359.8275718391672,-132.46234883975032,-360.01887449974083

-123.15259478264011,-356.926594906301,-132.4737414127764,-356.9234238033038

-123.08806799622495,-354.02398179907476,-132.42786542172522,-353.8286260754892

-123.03068166555647,-351.11790856006303,-132.34905651893905,-350.73439840322925

-122.91970837422052,-348.2094814086329,-132.20017585591495,-347.6425700228932

-122.76053235515401,-345.29943785600585,-131.9748659006973,-344.55553725984896

-122.5425523083651,-342.389781043109,-131.7054865673488,-341.47237866366294

-122.26767962823695,-339.4819207409142,-131.38526722494333,-338.39441705240563

-121.9284413087451,-336.57848830210787,-131.04675341743004,-335.3181525460008

-121.53077844010286,-333.68064037217977,-130.63498475273718,-332.25146499331345

-121.07150577579156,-330.79075585939853,-130.13596758849434,-329.19924313148175

-120.54647307368596,-327.9117039234792,-129.52958742464426,-326.1686534043161

-119.96387272810652,-325.0441025841366,-128.84463471770187,-323.1580015413126

-119.3418748192255,-322.1857353850031,-128.1325053102581,-320.1583226612647

-118.68709169994766,-319.33601025449894,-127.41257656513082,-317.16494911264067

-118.0166790716079,-316.491119517572,-126.72882603590641,-314.16532526802524

-117.20168015017852,-313.68642547366176,-125.95877088211155,-311.19185668548994

-116.29135235720958,-310.91100446700443,-125.12253504561963,-308.24131296643213

-115.31018035638695,-308.1588320396022,-124.22519458624373,-305.3126393683869

-114.29806209762127,-305.4169299296201,-123.28298478361612,-302.4008693350163

-113.2697316125418,-302.6791226475378,-122.29621279318039,-299.50516710536004

-112.23835061416757,-299.9369839158577,-121.27235773807755,-296.62418367944343

-111.18813842556308,-297.1876112567666,-120.21692851064199,-293.7627640526842

-110.16704951782617,-294.40887883585407,-119.13483663580016,-290.9232557601791

-109.1203593127034,-291.6210628864164,-118.03684651375633,-288.1035285490192

-105.88632190736162,-283.2106256989323,-114.70258979718818,-279.7341460680142

-102.59201638592002,-274.79141466669523,-111.40634711292796,-271.39214111976094

-99.35026272699933,-266.3737896359382,-108.151040104897,-263.0207489300687

-96.1454783345216,-257.9570271973416,-104.92504998700582,-254.62808516490935

-92.96214062594021,-249.54338041441463,-101.71326036026547,-246.22053674541309

-89.78159002662572,-241.1307195444276,-98.50386337478844,-237.81012804869258

-86.5979240065946,-232.7186414393624,-95.29078485454818,-229.4016848022308

-83.41174685545575,-224.30745004457657,-92.07521098503416,-220.99421408133048

-80.22053561408602,-215.8979606747195,-88.85508859770428,-212.58863574479292

-77.02591007173521,-207.48959032674168,-85.63090703645321,-204.18472086178244

-73.82576285757416,-199.08313742242046,-82.40258954102806,-195.78250612983172

-70.62054698635501,-190.67843357269865,-79.16838443760561,-187.3826623522728

-67.4091996522574,-182.27589186256748,-75.92812288206942,-178.98525827326006

-64.19450566826548,-173.8744410534549,-72.68502093592991,-170.589052920839

-60.97401433892925,-165.47503217524851,-69.43564615498777,-162.1953746352832

-57.74724979872306,-157.0778565822054,-66.18102929275742,-153.80382843326748

-54.51576088732229,-148.682319905145,-62.92178647561848,-145.41417840743802

-51.280296405369164,-140.2881360567229,-59.657170552450054,-137.02671843717275

-48.025354549253144,-131.9013531928532,-56.39916787917769,-128.63678015161472

-44.716490326717036,-123.53544455326498,-53.17108534436064,-120.23525310251513

-41.404056757322124,-115.17080478140598,-49.939441169448536,-111.83517963616502

-38.08679476652843,-106.80792575246477,-46.703148668858816,-103.436991987929

-34.76603478653699,-98.44628756807496,-43.464297215122016,-95.03988063690058

-31.442942095876095,-90.08543317027298,-40.222221706200045,-86.64411279390666

-28.115828428986973,-81.72602365247546,-36.97715780928014,-78.2496035475095

-24.786843714567723,-73.36721556731054,-33.729367167810274,-69.85625768718515

-21.45469510473665,-65.00951573369089,-30.479218269281343,-61.46393789841632

-18.120377790051357,-56.652533028692865,-27.226457638829075,-53.07275115393292

-14.783940857199891,-48.29624762555705,-23.971449417293343,-44.68256183938345

-11.445427723487416,-39.94064199900742,-20.714463916577053,-36.2932710160095

-8.10485101893606,-31.585710760615083,-17.456408628805878,-27.904528772585227

-4.763664176574208,-23.2308811712915,-14.19694431065102,-19.516475684038955

-1.4207469050425718,-14.876593559581856,-10.93637386496393,-11.128999615691427

1.922997953484793,-6.522491704090142,-7.674903208908877,-2.7420265199939338

