-7.648546470881552,-0.1516913320464418,7.648328868119339,0.15750902866872815

-7.4662551829274655,-9.148825485124272,7.830601587387889,-8.83870784864191

-7.28344422713224,-18.145924993681092,8.013396609466273,-17.83502240480135

-7.099797625002389,-27.142978679010145,8.197029933153214,-26.831423457498293

-6.91772982464367,-36.1400310138185,8.379087127227873,-35.827955476591875

-6.733964134627782,-45.13701047799318,8.5628448965765,-44.8245469395329

-6.5499880897204665,-54.13394262412618,8.746815716466475,-53.82122339698355

-6.3657395109272406,-63.13082143044739,8.931061772500335,-62.81797882572669

-6.1817881350619865,-72.12765379970368,9.115013331047468,-71.81482012755248

-5.998051666752996,-81.12443329603813,9.298752687238135,-80.81174086613623

-5.814972212304063,-90.12116418799911,9.481837731102429,-89.80874531004787

-5.631374596018633,-99.11781770835006,9.665443631246092,-98.8058046925612

-5.448036111621772,-108.11440499463703,9.848793083428475,-107.80293015222051

-5.265068528944093,-117.1109235766236,10.031774303878441,-116.80011922027411

-5.0825478642695785,-126.10737025321968,10.214311258946346,-125.7973686976014

-4.901724170252232,-135.10376554373798,10.395153875187088,-134.79469910596694

-4.720421210070192,-144.1000606519257,10.576478365205691,-143.79206165204988

-4.5398865566216635,-153.09627609616595,10.757037128460917,-152.78947685764095

-4.360117355295921,-162.09240707262077,10.936832988493919,-161.7869399227865

-4.181220973397788,-171.08845099349918,11.115758543502885,-170.78444826403572

-4.003311547413658,-180.08440539131433,11.293699619077689,-179.7819994187558

-3.827370072698919,-189.08028481844156,11.46967517850721,-188.7796079444522

-3.6516819335620063,-198.07605072611582,11.645399792711679,-197.7772352986298

-3.477121591454808,-207.07171568807615,11.819998951988165,-206.77489405918934

-3.318631755351669,-216.0675628926592,11.978529895865494,-215.7728674286103

-3.170047223323916,-225.06346324392825,12.127157770659338,-224.77102628994697

-3.0231577486689636,-234.0592519367388,12.274092766561562,-233.76920595024808

-2.876398730072279,-243.05489434731237,12.4208994155641,-242.76737140299355

-2.7324581273226114,-252.05043523440182,12.5648897198027,-251.76556887266239

-2.5852103432858184,-261.05763100257695,12.711734902944105,-260.75190868765105

-2.3856597673456053,-270.0869519538931,12.909774608250206,-269.7132043628079

-2.1071793710574767,-279.1368280659773,13.18500572846612,-278.6478752237639

-1.9863668521520612,-282.1574833027375,13.304176973291352,-281.61964548127605

-1.850466090074045,-285.1799879533173,13.438078009471308,-284.5880256941682

-1.6944363686119965,-288.20404723752785,13.591693902006362,-287.55272446832265

-1.5376759875214514,-291.23043325727224,13.745565351799826,-290.51451834329066

-1.387436050231834,-294.2596491231476,13.892374962411207,-293.4739167145551

-1.2375201873693014,-297.29162717627446,14.038247562330906,-296.43086027564516

-1.0783482226511945,-300.32602334854687,14.192686605895485,-299.38501576870794

-0.902620058316244,-303.36248509834627,14.36291037213725,-302.33604431734705

-0.7091571693455183,-306.4009710387548,14.550010571311986,-305.28392141475535

-0.4968747221469094,-309.44144297057403,14.754980368817511,-308.22862959489635

-0.264597450404902,-312.4838529942103,14.978898603189824,-311.17014523978315

-0.011300764122436746,-315.52816116385156,15.222689103513906,-314.10845953577854

0.26427378939021917,-318.57411264503645,15.487526531428102,-317.04356504628754

0.5675160551092837,-321.62068294682234,15.778716031970532,-319.9746588692535

0.9026186189147074,-324.6668848056421,16.100339518379194,-322.9007366063167

1.265103244716519,-327.7126920449635,16.447802982589064,-325.8217587649124

1.6544295173340346,-330.7577258822304,16.820444829132153,-328.73733493929257

2.0698644537047945,-333.80168262563615,17.21740554866669,-331.64715279840226

2.512971757391762,-336.84397033202475,17.64011696270914,-334.5506151617026

2.9846753051081647,-339.8840766259857,18.089365761551697,-337.4472085099352

3.4866100688379715,-342.9213670485861,18.56664450695621,-340.3363019923123

4.019489376038744,-345.9553447528733,19.07251901780864,-343.21740782810735

4.58588895320986,-348.98516112865696,19.609412586379683,-346.089692661623

5.18446549900692,-352.01069107979276,20.175824777750424,-348.95305359708965

5.815925981012328,-355.03146728478083,20.77230101196738,-351.80705323980703

6.481930792757457,-358.04681542107204,21.40033607100082,-354.65105571902

7.183427835584827,-361.05619557258586,22.060708601574525,-357.4845689109773

7.920818542694341,-364.05920290855175,22.753647632936826,-360.307245928567

8.695429848377806,-367.05521186185905,23.4803051315843,-363.11853015513833

9.508072577626205,-370.04371838972105,24.241315018532443,-365.91799818865564

10.363328964354174,-373.02311284527013,25.04108156918543,-368.7041339762121

11.260639437622878,-375.99315788063524,25.878866538915315,-371.4768057669223

12.20695313448375,-378.9512568372203,26.76144253788237,-374.2335414784521

13.194948077937775,-381.89803307759036,27.681990221740477,-376.97709719874734

14.22432380117834,-384.83169740665244,28.640803982886837,-379.70772441975976

15.295163456243653,-387.7513994960295,29.637916211200707,-382.42453893748547

16.40583021820311,-390.65694273685705,30.671637212200245,-385.1273179023838

17.52834322513733,-393.55887887628876,31.713929571963906,-387.8265896305574

18.678033277574887,-396.4514057649822,32.780063614309896,-390.51653083944205

19.846827564172095,-399.33796790950964,33.86190551289212,-393.20057513315083

21.058967311692022,-402.2078976877933,34.98362198009786,-395.8680244741049

22.314502891242064,-405.06023987718976,36.14522619274945,-398.51798545251773

23.62520815173168,-407.8884842952837,37.358297055047416,-401.1436885849878

25.025754543781403,-410.6726926637869,38.65797612652024,-403.72628821838424

26.537322033718556,-413.3953436822142,40.06777161179303,-406.2527297198623

28.08549519831641,-416.0911060196932,41.51483168186171,-408.7601496283538

29.66858253764203,-418.76092141751,42.997563369818664,-411.24904615393785

31.286076023615337,-421.40476147907486,44.5157871235233,-413.7194023974853

32.93018557026462,-424.02698502249393,46.06195738090231,-416.17545210762046

34.597306790746615,-426.6297928828328,47.63271676617779,-418.61929434825777

36.2254437019466,-429.25236194850277,49.16629543941046,-421.0899875201285

37.85858772008609,-431.8691647395973,50.706897022687194,-423.5618819067636

39.51949538290561,-434.4657702567108,52.277475037102484,-426.0204191602141

41.205964225382296,-437.0431398011564,53.87601015447956,-428.46643086622305

42.91762989049637,-439.60329428703153,55.500185307060576,-430.8987380554313

44.65503035200567,-442.14765611811913,57.148452333071454,-433.31564574657733

46.41946099175589,-444.67481239685407,58.822079497456826,-435.7157357590501

48.2202925776116,-447.1773022956573,60.53041014600051,-438.09154390945514

50.04869376360239,-449.6607820027209,62.264584716185,-440.4487242394082

51.90517979172996,-452.12425696147955,64.02508963754941,-442.7862815208817

53.787094142636725,-454.569183734048,65.80923897276054,-445.1056730913992

55.69457748104,-456.9949376637896,67.61714341957786,-447.4062765767964

57.627388699323,-459.4011902300578,69.44853139455303,-449.68776728142586

59.584907627647766,-461.78793988802244,71.30275179158792,-451.95014907150204

61.56665657051675,-464.15509986738937,73.17929556890161,-454.19334221659346

63.573002897151966,-466.5018712590581,75.07849839124836,-456.41655651754763

65.6043590773229,-468.82738033464864,77.00074072950378,-458.61892867742677

67.66147580989184,-471.1304036626041,78.94674102400558,-460.7992474326793

69.74249871122005,-473.412085194395,80.91461253492747,-462.9586707899946

71.84682064192017,-475.6725178854371,82.90371536889695,-465.09730729668036

73.97688792529196,-477.90885288740736,84.91646416234353,-467.21232673385

76.13199639665089,-480.1211754966636,86.95211895043877,-469.3038307244466

78.31204258702883,-482.3089891723025,89.01055627952053,-471.371356669262

80.51660705288425,-484.4721871873351,91.09127772174686,-473.4147760868516

82.74549516404194,-486.6101844341368,93.19425967642708,-475.4337216589685

84.997316639594,-488.72309189014015,95.31894360457132,-477.4291104488657

87.27296586711644,-490.8090624528246,97.46672974549901,-479.39954107847313

89.58214292446539,-492.8566369655149,99.64728423210552,-481.3334893722036

91.9181141395902,-494.8724581957256,101.85392813166474,-483.2376139632102

94.28224839257629,-496.85414316429797,104.08806005430873,-485.10952492211436

96.66848577527495,-498.8082057558693,106.34365554207898,-486.95573386248265

99.07603902150464,-500.7351775093218,108.61996015873761,-488.7767675261226

101.50447858004566,-502.63518612305853,110.91657679238854,-490.57274825829785

103.9536429944907,-504.5080244573876,113.23337541070771,-492.34346255473724

106.42331147217912,-506.3535501596324,115.57016578041281,-494.0887608722477

108.91345190889658,-508.1713537003895,117.92694543481628,-495.80822567960917

111.42334465478649,-509.9619575366789,120.30302344752275,-497.50237068406494

113.95252782388923,-511.72556819173525,122.69796571370698,-499.1713929454142

116.50065752349958,-513.4622421961053,125.11145524484184,-500.81533891498043

119.06743716764244,-515.1719740484283,127.54322122006292,-502.4341922675712

121.65061754392644,-516.8577631256614,129.99104002911992,-504.03094150966945

124.2514705975844,-518.5173545958576,132.45620538613272,-505.6033185478366

126.87036743747248,-520.14971491691,134.9391201442916,-507.150283015623

129.50693384297216,-521.7549922125329,137.43939991826258,-508.6719504421965

132.16082289406035,-523.3331207434874,139.95684070279552,-510.1683151495607

134.83194093150445,-524.8843755406872,142.4908443706753,-511.6393312557685

137.52527501586115,-526.401726607283,145.04420662520883,-513.0767250142643

140.26492607309257,-527.8409517630965,147.63970768486257,-514.4356320660994

143.0243626790304,-529.2458217974223,150.25088863669794,-515.7600024829292

145.80367676786844,-530.6142219747209,152.87768338600327,-517.0477769589261

148.5988467759543,-531.9519322107286,155.51597432808836,-518.3048319169847

151.40980394714646,-533.2575215889525,158.16558034900152,-519.5298311346868

154.23601956968753,-534.5304627214441,160.82586575776142,-520.7223518000499

157.0657758953674,-535.7944979689926,163.48500602482673,-521.9062480956269

159.8971338481136,-537.0548575789169,166.14095762155102,-523.0868704409554

162.72189861302724,-538.3322053334417,168.7854238445091,-524.2850112446857

165.55769657634676,-539.5884584654455,171.43593258418474,-525.4627251593067

168.41059759198495,-540.8087139622115,174.09845932168946,-526.6052556177181

171.2808649016454,-541.9909168036105,176.77317795995023,-527.7107033153753

174.1683023207457,-543.1340820603772,179.4598086836403,-528.7782483886099

177.0737228796147,-544.2343668958686,182.1590884401672,-529.8042228523898

179.99707452670617,-545.28995806707,184.8708944223517,-530.7869970030386

182.9440085490105,-546.2810033527189,187.60082580814344,-531.7069149416023

185.90638428683945,-547.2290941557003,190.3406637607345,-532.5857623781507

188.8838664644184,-548.1335185031286,193.0901420285193,-533.4230716751479

191.87697407229325,-548.9915085251348,195.84935183612106,-534.216183997347

194.88458787279689,-549.8016974820493,198.61889332030165,-534.9644146167558

197.9027913192212,-550.5623642219679,201.4020530081501,-535.6678965365354

200.92860663193866,-551.2752679788904,204.20006933323512,-536.3291135639906

203.96163186571326,-551.9420835048675,207.01212422744862,-536.9492686807262

207.00141308135468,-552.5626833237682,209.8380765335339,-537.5279455322711

210.04705839457858,-553.1395988063357,212.6771165320042,-538.067346347139

213.0979814205089,-553.6737102455968,215.528770083894,-538.5680402348373

216.15337017022875,-554.167318957246,218.39230041134013,-539.0320227468827

219.21258055931557,-554.6218422425752,221.26712253408385,-539.4604156186089

222.27358683858438,-555.0499007859527,224.15125095692602,-539.8655543245901

225.3369344740087,-555.4457642886596,227.04525608981456,-540.2414347323466

228.40231950219092,-555.8087067380669,229.94884536203605,-540.5870689232709

231.46922880521552,-556.1392265819846,232.86150562345782,-540.9027058091381

234.53703093192541,-556.4388031186978,235.78259584801972,-541.1895877933182

237.60509079758157,-556.7090015201067,238.71146370598134,-541.4490559439404

240.67311924795587,-556.9460516777793,241.64779662402503,-541.6771288600893

243.7419894723502,-557.1222510601556,244.5924405308829,-541.8459055221336

246.81044733930204,-557.2359566949538,247.54410886665752,-541.9535569893028

249.87727146547533,-557.2849449301439,250.50155445485547,-541.9976864856362

252.93970528267354,-557.3127492477396,253.46196382713782,-542.0216653746868

255.997269793167,-557.3208354827941,256.4249167118738,-542.0268131827934

259.04972494596035,-557.3110832558388,259.38975493534895,-542.0148621667489

262.09766318132114,-557.2849881527176,262.3554689074299,-541.9871603262716

265.1416396106167,-557.2435877746263,265.32172925960475,-541.9446476898255

268.18170403373784,-557.1880191195635,268.2887359225687,-541.8883934975172

271.2179983061602,-557.1187355293769,271.2566078520427,-541.8187842450437

274.25063442723155,-557.0372518730046,274.225477511747,-541.7372725550576

277.2798504769176,-556.9652241357179,277.19558952000705,-541.6654561606426

280.30599752802397,-556.9044614507374,280.1673020068485,-541.6050901057308

283.32966530566915,-556.8785025085365,283.14121338603735,-541.579663144912

292.38526554520206,-556.7789898466802,292.0756146747745,-541.482123620605

301.41783345574544,-556.6230077358344,301.02927824051176,-541.3279423602071

310.4282533006091,-556.4343156255335,310.0026089357502,-541.1402374619217

319.4160464425853,-556.2316755228363,318.99707849511674,-540.9374130084491

328.3907180989199,-556.0370847654781,328.00425549832204,-540.7419663723979

337.36557746297854,-555.8606419996092,337.0115248611898,-540.5647390594371

346.3428410396648,-555.7019589452517,346.0171295238718,-540.4054262659652

355.3222057654311,-555.5585205835241,355.0217608614721,-540.2614707745025

364.30400999771194,-555.4282165738181,364.025488218025,-540.1307518943936

373.28842613634345,-555.3091753851628,373.0285544928349,-540.0113825140032

382.2756057964507,-555.1954341750031,382.03109122593145,-539.8973881355639

391.26557221075933,-555.0726760943238,391.0331280265685,-539.7744418922587

400.258762473287,-554.9529435023696,400.0350965902036,-539.6545784402872

409.25540493437165,-554.8374498504977,409.03724377588236,-539.539005298553

418.2557076925793,-554.7234345501678,418.03971543422455,-539.4249592227264

427.25972986736383,-554.6086301550218,427.0428105776651,-539.3101679440101

436.26810243630405,-554.490210607317,436.0462750632652,-539.1918187762593

445.27932586299363,-554.3684461441052,445.0519255242813,-539.0701361365927

454.30904456628315,-554.2371168272157,454.04463288819323,-538.9394017538955

463.3765069708912,-554.0641272504682,462.99877666230236,-538.7687907123606

466.4072365042241,-553.988635425738,465.9731247177707,-538.6947952619054

469.4415383527722,-553.9013177244844,468.9421212873161,-538.6094707923859

472.47930816407614,-553.7998995619907,471.9054270694985,-538.5106660792655

475.5203042552978,-553.6825368104464,474.86284977607,-538.396669036331

478.56436925782987,-553.5483177404022,477.8142076806803,-538.2667190803089

481.61127123828544,-553.3947612122054,480.75926832303935,-538.1185021468316

484.6608081036334,-553.2200828931091,483.6978286330346,-537.9504178496576

487.7118849296883,-553.0099172935159,486.62880086755575,-537.7483010975045

490.76398531207224,-552.7625565883814,489.55168373214013,-537.510660808535

493.8172264805988,-552.4839333264673,492.46662064376994,-537.2436622044196

496.87155803943375,-552.1756725839376,495.3735978013544,-536.9491787286493

499.9268166613623,-551.837259210116,498.2725109061781,-536.6269576855451

502.98266767630287,-551.4661979316555,501.1630725652684,-536.2747834605834

506.03876378399815,-551.0605786788421,504.04510944444695,-535.8910255419041

509.09490044189175,-550.6180975525846,506.91821296959307,-535.4737246158156

512.1505469781794,-550.1401402541705,509.783336516444,-535.0243764749283

515.2045266790981,-549.6374999117048,512.6449180976625,-534.5531237592137

518.2543373502522,-549.1054125290983,515.503568924461,-534.0547224097825

521.2999738333607,-548.543710329939,518.3587943907604,-533.5290686929759

524.3392646756096,-547.9434163051383,521.2085238101398,-532.9671530317687

527.3716555677207,-547.3046137089112,524.0521458387209,-532.3690569680638

530.3965887388422,-546.6274806767633,526.8890879307227,-531.7349510702444

533.4134896926407,-545.9120974782056,529.7187497486354,-531.0649126694221

536.4217975455099,-545.1586161503333,532.5405478706274,-530.359092476876

539.4204783639973,-544.3654706745752,535.3534254152661,-529.615925586261

542.409269362715,-543.5340823669079,538.1570973524439,-528.8368365978848

545.3875145345831,-542.6643478721205,540.9508859585222,-528.0217276531133

548.3548693039489,-541.7571915038972,543.7344256326911,-527.1715307276165

551.310773408535,-540.8127561227528,546.5071358674742,-526.286398479692

554.2545069308333,-539.8307218992261,549.2682773277999,-525.3660229965238

557.1835257755055,-538.8057599180883,552.015287611784,-524.4050892988756

560.0900261103941,-537.7192884467427,554.7403450759738,-523.3850318273724

562.9798157993253,-536.5906512619575,557.4492430029023,-522.3252117474011

565.8523618993349,-535.4206879306988,560.1414273797008,-521.226490985734

568.7089345812045,-534.2145204496537,562.8181773752656,-520.0940041864047

571.5490040074978,-532.9722815994443,565.4788669018855,-518.9279433979102

574.3715203441968,-531.693793966659,568.1229954014984,-517.7279092456513

577.1865560652278,-530.403226853265,570.7616218480754,-516.5176148644017

579.9932139754515,-529.0976056068472,573.394095946859,-515.293923444297

582.7877119356928,-527.7681388935813,576.0165842338131,-514.0480139070938

585.5655862127321,-526.4058819625291,578.6246396828284,-512.7708806325321

588.3258351814575,-525.009566037076,581.2172562716194,-511.461204295426

591.0680345362939,-523.5791867146809,583.7940080826196,-510.11892894778634

593.7920050347892,-522.1152224168734,586.354710842646,-508.7444836527096

596.497941230037,-520.618794792784,588.8995524607093,-507.33894207861005

599.1784260048922,-519.078004824748,591.4211072350182,-505.8903588823304

601.8124571719254,-517.4597903560027,593.8983626911721,-504.3656272078779

604.422389410883,-515.8044683354545,596.3536616051626,-502.80502097807835

607.0084769503585,-514.1136055408277,598.7872448084731,-501.2100656362423

609.5753714899871,-512.3953848114988,601.2037492205598,-499.588904398129

612.1223313953451,-510.6491742282211,603.60241715416,-497.9408674439618

614.6510004800485,-508.8779102083275,605.9848752041524,-496.2688550215788

617.1699555645863,-507.0941246902118,608.3596819102848,-494.5853646343021

619.6777105652818,-505.2952397495317,610.7253319467909,-492.88778565648

622.1652374052102,-503.4687267869747,613.0727771307018,-491.1635585168336

624.6320643436533,-501.6145479727818,615.4015248453419,-489.41261613515405

627.0783002605388,-499.73345313667573,617.711662415405,-487.6356808013196

629.5043543180835,-497.82653758996486,620.0035768558434,-485.8338219836899

631.9099198582197,-495.89394853491837,622.2769388531201,-484.0071627222863

634.294577051082,-493.9357154744348,624.5313054941341,-482.15571002005186

636.6570968371158,-491.9509422803416,626.7654242854306,-480.2785468907809

638.9956784529974,-489.9381831310378,628.9774707529212,-478.37420827469475

641.3013810556853,-487.88808764522736,631.1584801365146,-476.4333261486319

643.5752764659687,-485.8032100347877,633.309500201103,-474.4584386541155

645.8270159755644,-483.6952209744686,635.4401581080335,-472.46120194120584

648.0568253341426,-481.56487630334027,637.5506554635809,-470.44235884321006

650.2674606275501,-479.41552159719515,639.6437242556827,-468.4052434217327

652.4817525488495,-477.27062165566247,641.7421711810733,-466.37331042559674

654.6964121057497,-475.12575793365926,643.842683405027,-464.34213269484894

656.8895397570777,-472.95874684324025,645.9233377519422,-462.2895194306035

659.0605757601127,-470.76955418139084,647.9835510885486,-460.21543060690306

661.2107278569208,-468.559826180144,650.024508102557,-458.12150794361384

663.343988919106,-466.33364780847205,652.0501788207722,-456.011833362224

665.4594237723237,-464.0903832358613,654.0596061058454,-453.885768732067

667.5528326682526,-461.8266012520752,656.0485668418476,-451.73988385762965

669.6230685495664,-459.54179891422643,658.015897823985,-449.5736703161791

671.6700945233274,-457.236449902,659.9615215913518,-447.38762662728294

673.6937938972131,-454.91104792664424,661.8853733277338,-445.1821629106572

675.6941314627938,-452.5655472115161,663.7869184400315,-442.9578275012749

677.6717902608183,-450.19998321680185,665.6660064648679,-440.7157249197659

679.6240909972616,-447.81236394722754,667.5197975899553,-438.45415465752683

681.5465670538616,-445.39976756179635,669.3439217466829,-436.1701712809621

683.386784543757,-442.92399323173885,671.0859839375626,-433.8256250018503

685.1532131935037,-440.3943480755571,672.7545112780501,-431.4298519485165

686.8905114448803,-437.8450849343138,674.3942179960831,-429.0171378319831

688.59886938493,-435.27677926434535,676.0053536879881,-426.58808762573403

690.2771183364639,-432.6890469795581,677.5868115079879,-424.14234512450696

691.9251354976053,-430.0822367146266,679.1385331702744,-421.6802845056042

693.5425691898465,-427.45652710163614,680.6602340809815,-419.202107549487

695.196037349649,-424.8539094209009,682.2186018264955,-416.74982605247527

696.837734419429,-422.2424222380846,683.765903012916,-414.29149627441825

698.4832290588475,-419.6307094326958,685.3177809340225,-411.83577674071313

700.0966517262801,-416.9967597629619,686.8384430464569,-409.36066766017404

701.6779072671666,-414.3408771247875,688.3278736090995,-406.8664807392273

703.2234913961963,-411.66148588607433,689.7826495738774,-404.3516451827893

704.7156223021904,-408.9496685959752,691.1850738741458,-401.80724189097214

706.1116713110829,-406.1848827485458,692.4925993913927,-399.21273243129747

707.4418051435025,-403.38539409741,693.7354949989601,-396.58634547119675

708.7144041863554,-400.5569571958573,694.9221764990327,-393.9339325529128

709.9437413363265,-397.7080623462696,696.0673582610154,-391.26322000939143

711.1353261598192,-394.8429169096767,697.1771967841332,-388.5770870100055

712.288546852539,-391.96220533491123,698.2512000361571,-385.8759179315252

713.4052395562695,-389.06741506975754,699.291139320019,-383.16130175209463

714.4850745101198,-386.1590987989037,700.2966662890689,-380.4337977454381

715.5996494549942,-383.26576771701957,701.3393514610325,-377.72195124067287

716.6898999884183,-380.36285945299693,702.3601089065111,-375.00122839995976

717.7623613010797,-377.4528774552482,703.3654543069423,-372.2741643909671

718.8039826667248,-374.5311854588405,704.3423204452895,-369.5361553495107

719.8129217003466,-371.5976027929521,705.288851249494,-366.78705422354017

720.7979763419617,-368.6554188377776,706.213833875725,-364.03018494914954

721.7505548814213,-365.7021495831132,707.1086687510999,-361.2630989473687

722.6770044519553,-362.7401045023971,707.9796981048645,-358.48814188029354

723.5717909254281,-359.76795890208973,708.8213858996081,-355.70402588415425

724.4331203186156,-356.78566264625397,709.6319392608733,-352.9107382217096

725.2658589455192,-353.79490503137083,710.4162287019983,-350.11000589696977

726.0609919807151,-350.79384222826155,711.1652465834326,-347.3000235352932

726.8167838661993,-347.782717215408,711.8772680409465,-344.4810711248917

727.5292361384801,-344.76137975221025,712.5483071237594,-341.6530416341959

728.1991922210428,-341.7308324769253,713.1792276737766,-338.8169579087831

728.8171590805082,-338.6901051605688,713.7605438229016,-335.97195560905266

729.390517644357,-335.64180226700785,714.2997377496887,-333.12022296611906

729.9133966446502,-332.5860235305014,714.7910792842104,-330.2610466166074

730.3713498482723,-329.52149809970973,715.2201434003501,-327.3928968753275

730.7723226175999,-326.450435183153,715.5948541248946,-324.5179626340758

731.11920345399,-323.3740740800068,715.9180854605085,-321.6374072299031

731.4237949301531,-320.29439546415813,716.2016213282421,-318.7531521889791

731.684748839034,-317.21160991774474,716.444093523923,-315.8653463603469

731.9006771854123,-314.12599850874375,716.644092123476,-312.9742119625896

732.0736845220247,-311.03813703128526,716.8036981234659,-310.08026679590324

732.2081765341682,-307.94861230666766,716.9272919258341,-307.1840434171751

732.3037789705716,-304.85761807776754,717.0144728174348,-304.28567633627915

732.3612849778524,-301.77056339437047,717.066260043418,-301.3804195042099

732.3776754240043,-298.69269030189844,717.079393931371,-298.4633796563703

732.3596440495177,-295.62431284555305,717.0599054540052,-295.5348762256279

732.320041923764,-292.5656076404338,717.0200703432178,-292.59509720594326

732.2597774013021,-289.516558977035,716.9603091745653,-289.64412064475283

732.183997915316,-286.47731676030014,716.8853664967403,-286.68195477868505

732.0965950852616,-283.4476008420871,716.7988295700711,-283.70907788170786

731.8041890121784,-274.4203569900392,716.5071959410279,-274.7236769220849

731.6367158196149,-265.4419196056288,716.3386687025255,-265.6863667437026

731.5649260442946,-256.46164563695737,716.2661568348199,-256.65570922248827

731.5201215358209,-247.47641909000112,716.2209554263422,-247.63615748419363

731.4913980023169,-238.48656364663788,716.1920339876821,-238.6260654304919

731.4705882647879,-229.49111552245526,716.1711744756069,-229.62504724916252

731.4486113445089,-220.48953018349863,716.1492775005797,-220.6323024917616

731.4164340209538,-211.4808862676992,716.117340188798,-211.64740327851572

731.3665487797623,-202.46850564981986,716.0678232575648,-202.66598323452408

731.2654746457381,-193.45741604832963,715.9671508239726,-193.68388512878377

731.1136719396695,-184.4481678914386,715.8157611672432,-184.70100380439845

730.9457390194497,-175.44024442748133,715.6482422025657,-175.71699546619212

730.764810298535,-166.43363520048828,715.4677159509489,-166.73180381226797

730.5717387890123,-157.4283373641999,715.2750251988434,-157.74543883115038

730.3679648539375,-148.42434626575292,715.0716010188688,-148.75789300191462

730.1548997589265,-139.42165557051547,714.8588466812938,-139.76916132046077

729.9340970355632,-130.42025604514265,714.6383089124259,-130.77923472430314

729.7070732027346,-121.4201386380611,714.4114986447177,-121.78810458777082

729.4753692772925,-112.42129339763213,714.1799525181783,-112.79576124005159

729.2404645865568,-103.4237116023297,713.9451466948055,-103.80219619947351

729.0028038906603,-94.42741012778579,713.7075239786407,-94.8074264602876

728.7659350921155,-85.43232851842201,713.4706315293275,-85.81139173500496

728.530172476987,-76.43783792108368,713.2348155236429,-76.81474065361087

728.295713895251,-67.44329395458908,713.0003055674615,-67.81810602241295

728.0625380152122,-58.448696962854974,712.7670802979023,-58.821488081290354

727.8306141572167,-49.454047457637586,712.5351090083797,-49.8248873717505

727.59985899344,-40.45934724177124,712.3043083442103,-40.82830569044983

727.3808992082783,-31.464341013890092,712.0853049641191,-31.831487739392017

727.165347569454,-22.46923256776966,711.8697116110474,-22.834637313084386

726.9518881305962,-13.474053595873489,711.6562123148126,-13.83778610535385

726.7392479032463,-4.4788341744353986,711.4435340640935,-4.840964193555755

726.527210347408,4.51642104998114,711.2314602969851,4.155823774632225

726.3167189927066,13.511734731675842,711.0209345221574,13.152600452464084

726.1069164039092,22.50708703603659,710.811099284375,22.149346004331232

725.8982292496822,31.502488351044025,710.6023812332558,31.146070817269838

725.689770496539,40.49791840350954,710.3938933172174,40.14275461719855

725.482909916018,49.49340941827178,710.1870052906564,49.13942962811202

725.2759760673723,58.488923035905756,709.9800456966376,58.136057489788676

725.0702889631687,67.48449017287393,709.774334532493,67.1326691179432

724.8644410501677,76.4800788154003,709.5684642307019,76.12923249809577

724.659988819278,85.47572510134151,709.3639912688458,85.12578376744581

724.4554579613293,94.47139562582937,709.1594413253803,94.12228952051157

724.25223677939,103.46712248516134,708.9562026919542,103.11878185301981

724.0484719738698,112.46286382494071,708.752422058511,112.11521891004654

723.8457269825022,121.45865562543705,708.549662853272,121.11163667137393

723.6431364252971,130.4544785930173,708.347059687689,130.10801584292545

723.4414800784288,139.4503507674073,708.1453923303313,139.10437446402202

723.2388449060805,148.44622925928402,707.9427477387324,148.10066964497554

723.0369931412552,157.44215431235173,707.7408881401979,157.09694162916625

722.8356020415682,166.43811898817225,707.5394907876014,166.0931834778698

722.6342515860565,175.43411418653858,707.3381356561907,175.089386090633

722.433573496826,184.43015452212282,707.1374544652376,184.0855640819197

722.2321571714409,193.42620859452097,706.9360366104257,193.0816860511553

722.0313458265646,202.42230704434724,706.7352253074918,202.0777826388231

721.8297406257964,211.4184187424222,706.533621720063,211.07382271565038

721.6289242621409,220.41457972183443,706.3328085421255,220.06984231467052

721.4273382504686,229.41075524631034,706.1312272904853,229.065806699593

721.2269258631212,238.40698952520933,705.9308212403743,238.0617600797989

721.024568548755,247.4032125714622,705.728471844292,247.05763246827942

720.8226746005772,256.39947911390465,705.5265874002438,256.0534785939689

720.6204897982966,265.39577250926504,705.3244136936902,265.0492818137344

720.4185822660634,274.3921060312177,705.1225188554873,274.04505540142776

720.2152764560157,283.3884420543476,704.9192273454332,283.04076173185234

720.0119637975334,292.38481252310993,704.7159306015217,292.03643274972166

719.8084230348378,301.38121283018756,704.5124073775416,301.0320638480165

719.6037930205691,310.3776236978543,704.3077965366551,310.0276357493594

719.3996343074867,319.3740812139084,704.1036586430978,319.02318454190925

719.1940950585305,328.3705433590763,703.8981418722369,328.0186682069016

718.9885530746277,337.3670421621483,703.6926240383906,337.0141187732947

718.78154048443,346.36354417726176,703.4856372845214,346.00950279687765

718.5748048416723,355.36009020864407,703.2789291797533,355.00486107820245

718.3663225713321,364.3566337257818,703.070476164941,364.00014710318385

718.158128640313,373.3532225146807,702.8623132255641,372.995408599449

717.9480489111395,382.34980610352335,702.6522662371382,381.9905953162137

717.7376707619609,391.34642245300836,702.4419226162573,390.98574439267344

717.5261687856253,400.3430510528102,702.2304569033536,399.98083838802484

717.3141963588587,409.3397135658716,702.0185227678193,408.9758875135074

717.1003436413674,418.3363539056829,701.8047093044102,417.97088129372185

716.8859093361624,427.3328531732537,701.590308080171,426.96599868204925

716.6709931141096,436.3291099265278,701.3754137355863,435.9613444098011

716.4558193719611,445.3251407008953,701.1602511194185,444.95691273914827

716.2399322439119,454.32093139422807,700.944364181536,453.95269553336124

716.0242029559719,463.3165036867904,700.7286241857141,462.9487128728221

715.8088764412058,472.311863175461,700.5132760943003,471.9449707828674

715.5940432947043,481.30701204590144,700.298410585041,480.9414713353418

715.3810360146982,490.3019820259267,700.0853602756232,489.938246290717

715.1682094558778,499.29673389468417,699.8724801814294,498.93525642266104

714.9578571280036,508.2913220056318,699.662064012965,507.93255609039716

714.7482600294737,517.285705932948,699.4523930097429,516.9301048717724

714.5412788356391,526.2799293247123,699.2453281285171,525.9279464198801

714.336441244381,535.2739812409485,699.0403973888841,534.9260698000413

714.1347446116375,544.2678844995486,698.8385985088067,543.9244978357802

713.9275604689961,553.2614480303477,698.6313034222061,552.9230394628978

713.7085273740885,562.254542644801,698.4121511293762,561.9215654981338

713.4924215908918,571.2475028289367,698.195918377219,570.9204104351124

713.2801633144171,580.240351119919,697.9835258841883,579.9195968087655

713.0713314231103,589.2330814178732,697.774553091759,588.9191185514377

712.8675739851832,598.2257304365511,697.5706486741702,597.9190122771722

712.6676155850937,607.2182747959307,697.3705378524648,606.9192549940577

712.4726992054159,616.2107430263408,697.1754643216294,615.9198737940969

712.2829928448165,625.2031383672845,696.9855967041998,624.9208772877089

712.0980276228966,634.1954653705171,696.8004672504633,633.9222499760828

711.9196031883497,643.187722877864,696.6218750957372,642.9240655159488

711.7459396018663,652.1800198450319,696.4480458926407,651.9261536179833

711.5792780356974,661.1718892534366,696.2812046854783,660.9290893948759

711.42128359158,670.1653772272385,696.123082428621,669.9307686646547

711.2936923602059,679.1737714923355,695.9958411614967,678.9173563949753

711.1523520648783,688.2050021817936,695.8558468629482,687.878002782215

710.9543484337761,697.2569297242302,695.660802769323,696.812563873506

710.8708422829086,700.2787357875764,695.5788198299916,699.784722326741

710.7768073686691,703.3027119256016,695.486656201153,702.7538246197657

710.6780767534588,706.3291041662017,695.3902019948875,705.7201005814486

710.570868732137,709.3578395456866,695.2857371192785,708.6834868356068

710.4740479227896,712.3899150925175,695.1921933386421,711.6449852508742

710.362180740857,715.4243512039379,695.0842093984467,714.6036249033436

710.2339869503497,718.4611246189253,694.9605825924597,717.5593933283609

710.0886466555238,721.5002351165533,694.8205756719227,720.5123037223165

709.9252633235898,724.5416796678026,694.6633796536323,723.4623711647846

709.7424857883425,727.5854250167495,694.4877361690388,726.4095789161247

709.5397146178258,730.6314810069402,694.2931417368026,729.3539774321329

709.3158907711519,733.6798634487765,694.0786481839614,732.2955086029705

709.0654780512551,736.7299166619196,693.8388477979108,735.2333435337564

708.7898312238598,739.7813364082897,693.5752231512931,738.1671179601889

708.4861043946747,742.8333787844787,693.285058318469,741.0960825549682

708.156803853426,745.8859002705976,692.9709977560719,744.0200778852776

707.8008233255442,748.9384003883117,692.6320799940044,746.9385939622136

707.3958277632756,751.9873812371121,692.2461218868598,749.8481262597678

706.9532024349115,755.0336054654332,691.8246675276113,752.7494356909647

706.4732903275171,758.0765119840659,691.3682255964902,755.6419649067867

705.9628621194386,761.1166819581383,690.8837391732445,758.5263053110916

705.4211900166523,764.1536528772755,690.3706593623383,761.4020120897535

704.8418032641796,767.1858629163077,689.8227005143863,764.2675496035959

704.2260924609277,770.2131156001038,689.2414441741794,767.1227570897606

703.5742034401549,773.2350510805434,688.6272324859426,769.9673210895653

702.8628063160362,776.2459312558708,687.9569367329036,772.7955614248757

702.0764520026911,779.240755862057,687.21531297486,775.6025493264857

701.2313063619363,782.221838040215,686.4187362505492,778.3906806830654

700.3401382054435,785.1914299950596,685.5801843754385,781.1623155841597

699.4438582557473,788.1606586240187,684.7407888275837,783.9286674389377

698.5107204323106,791.1211008486594,683.8689840337897,786.6815563634411

697.5426133837858,794.0735053598243,682.9669967641172,789.4214735288452

696.5324262660773,797.0140590617929,682.0270223064337,792.1475145004481

695.4831393360842,799.9406795349613,681.0504583395926,794.862518523974

694.4392709327259,802.8686075139605,680.0813145864697,797.5828635210106

693.3536061206539,805.781466043388,679.0723590229354,800.291841162405

692.2269734945869,808.6788118918804,678.0242876309991,802.9890215389552

691.0747507176619,811.5663249321976,676.9523858802387,805.6800008331768

689.8881841680579,814.4401711832703,675.8478048368466,808.3608827186806

688.6673105181663,817.2998552511956,674.7104947691431,811.0310998605444

687.4074134879871,820.1426254817815,673.5356584559617,813.6878278605174

686.1090755235833,822.9679311449585,672.3238036927825,816.3304406138218

684.7684209491364,825.7729947914241,671.0709860732306,818.9560836272444

683.3894934755454,828.5588116221509,669.7811864465137,821.5656735709173

681.9703732133538,831.3234313070581,668.45242778252,824.1571804512062

680.5164943703589,834.0687503391451,667.0900927429535,826.7324202389108

679.0285664392248,836.794313830928,665.6948447326942,829.2908569307525

677.4902897475449,839.4898163354569,664.2503433197027,831.8221036003667

675.9083237926403,842.1575068662711,662.7632124246032,834.3283276550188

674.251577560198,844.7769115819638,661.2023305589158,836.7889736315582

672.5683295962534,847.3753393893129,659.6159505860494,839.2312692781201

670.8594724193975,849.9526687398268,658.0049447222017,841.6550113787383

669.1398427226233,852.5180241274136,656.3841319315487,844.0692465700113

667.3962117761664,855.0624857766513,654.7402865408826,846.4649537796821

665.6251958818524,857.5835466822355,653.0700116875196,848.839557326891

663.8314410612086,860.0844441009235,651.3778839232526,851.1963107416818

662.0157017323844,862.5658672274378,649.6645779826042,853.5359313407544

660.2220479730377,865.0609719634302,647.9740873109391,855.8915957785589

658.4138300888663,867.5441563877837,646.2696855531525,858.2377202548867

656.5793352359481,870.0067803479571,644.5395842237318,860.5656789522598

654.7182863068812,872.4485235197005,642.7834315046265,862.8751625190332

652.8310584133684,874.8695589344236,641.0015289356551,865.1663516123105

650.9043635812135,877.2586080690124,639.1805162235164,867.4279721214544

648.946919741861,879.6222490208443,637.3290403593197,869.6666034539952

646.9534088860992,881.9553843555183,635.4417138814006,871.8771465076206

644.9357452639855,884.2679003459439,633.5303831752254,874.069483036171

642.8944932557732,886.5601863651183,631.5955464334199,876.2439951733252

640.8292237642461,888.8317263959699,629.6367101259378,878.4001570770091

638.7397861077269,891.0822141314186,627.6536609640282,880.5376501623276

636.6122394313107,893.2979261445487,625.6323973591724,882.642736419776

634.4611525185181,895.492252596615,623.5874293235314,884.728789219114

632.2862201369092,897.6646736217054,621.5183947004434,886.7952699871998

630.0891347969334,899.8166778360691,619.4269315442049,888.843646267833

627.8695463582088,901.9477191088629,617.3126354885421,890.8733508248516

625.5901078880556,904.0187339741191,615.1392712687963,892.8442087512049

623.2842344184826,906.0642665157179,612.9414328415701,894.7896731509613

620.9484490972437,908.079283357175,610.7157029529932,896.7047105587211

618.5910531832317,910.0717543075849,608.4704414550308,898.5972949195789

616.2149327925474,912.0440881387628,606.2085944465445,900.4698411695077

613.8674770570271,914.0514722936589,603.9776117183645,902.3775456370828

611.500302848611,916.0383324228027,601.7291716069095,904.2648455027164

609.1144869620013,918.0052647051162,599.4644130651714,906.1323512553466

606.7194684624925,919.963477429866,597.1928379539945,907.9912883587498

604.3070811698053,921.9026011661692,594.9063434424893,909.8313075245492

601.8714343149729,923.814379968521,592.5991025761555,911.6441760209564

599.4074574838214,925.6909680422486,590.2661091194395,913.4220744457986

596.9137105068835,927.52884248245,587.9059873334459,915.1615095755249

594.3997079334238,929.3396077231448,585.5283163252599,916.8741189266875

591.8655637848906,931.122519611496,583.1332746635445,918.5591949439879

589.3110763179537,932.8763573684738,580.7207249897534,920.2155570755189

586.7366358422189,934.6007356009902,578.2911216692881,921.8428638993769

584.1424243776089,936.2949714391119,575.8447102668478,923.440480374271

581.5284886706977,937.958161570786,573.3816003645287,925.0075549855019

578.8955142588908,939.5904161775509,570.9025394108861,926.5442537885889

576.2442943786557,941.1921075733405,568.4083813965605,928.0510091513275

573.5767690454568,942.7656985644347,565.9011256835646,929.5303482108914

570.892829846842,944.3103758393534,563.380721529224,930.9815263532058

568.1923067129483,945.8251910084863,560.8470545686878,932.4036683326779

565.4737958915504,947.3068328636157,558.298774482955,933.793540600581

562.7377150959394,948.7551897143388,555.7363498206128,935.1511136971501

559.9841058062627,950.1694632521908,553.1598699540601,936.4756761560835

557.2130818588952,951.5489831205938,550.5694933051165,937.7666490973559

554.4241363511651,952.8917412152113,547.9647538679013,939.0221205306033

551.617560256005,954.197305524928,545.3459794243929,940.2417591768785

548.7941436592682,955.4664272369369,542.7139923665027,941.426421529777

545.9536080339711,956.6975108033593,540.0685415403494,942.5746218508237

543.0961445501314,957.8899773151369,537.409840113234,943.6858954422765

540.2093055792363,959.0103382208935,534.7254566242834,944.7268722325816

537.3028690672683,960.0797087606762,532.0251788959272,945.7187900416203

534.377483995961,961.0972611061861,529.3096590262445,946.6609475159263

531.4371137575696,962.0720288875244,526.5828562997791,947.5625084084222

528.482003599703,963.0033553834025,523.8450041463909,948.4229494881614

525.5172177590857,963.9065617421103,521.1011468752213,949.2577284114766

522.53933430255,964.7708959727411,518.3478338595489,950.0562324007691

519.5489359086565,965.5980386542285,515.5856105496193,950.8202833409742

516.5434669948052,966.3778074672784,512.81187307315,951.5398424179913

513.5257522948689,967.1086253873336,510.02427685285375,952.2146779680305

510.50181533686606,967.803230038763,507.2236095906541,952.8585531574951

507.47080232909605,968.4575807365839,504.4088867022191,953.4670946639482

504.43508979005736,969.0828201983668,501.58237983928103,954.0511188330275

501.3920845203253,969.6648420036817,498.74141483702545,954.5962007168889

498.3425051786095,970.2045527600162,495.8866509095461,955.1029376209285

495.2872807271683,970.7041529458464,493.0189767181147,955.5732310663801

492.2273732537245,971.1664376281228,490.1393309201992,956.0095883772592

489.1640547848138,971.5972247982916,487.24897677258565,956.4175516724605

486.09749837431895,971.9944986414223,484.34809111530916,956.7948415978531

483.02842575307153,972.359995370368,481.43741002280467,957.1429434566087

479.9566611861082,972.6860829132195,478.51678077914755,957.4539870491025

476.8835978721497,972.9795068509518,475.5876265143058,957.734492641721

473.8098994425527,973.240267000661,472.6506460590982,957.9842474807158

470.73481683729534,973.4468226741325,469.70512929651017,958.1815108997745

467.6594094438914,973.5958276793474,466.7521768847083,958.3227491067886

464.58675437420175,973.7215645626495,463.7949082478047,958.4420691615537

461.5174360542981,973.8254405014537,460.83394990700276,958.5407145737031

458.4521580046268,973.9118532657207,457.8700463813116,958.6229309342415

455.3916344606304,973.9876798742678,454.90394996858106,958.6954542731261

452.3363451760606,974.0551580304525,451.93617769141144,958.7603920634875

449.2858041653883,974.1082754474884,448.96761098263516,958.8115845276047

446.2392880920335,974.1466448759446,445.99886179432593,958.8485340384794

443.1967071700831,974.1736636861866,443.0298142385196,958.8745739502124

440.1579026403621,974.1891600928333,440.0602888687124,958.8894714832052

437.1227415116039,974.1941456191807,437.09013390113955,958.8941803661568

434.0910933057684,974.1889205947708,434.1192025512617,958.888946416024

431.06284420634427,974.1729680567904,431.1473669978934,958.8732015259669

428.0378800104374,974.1483050338973,428.1745001313076,958.8489150152536

418.981657666463,974.0249053733698,419.24859603391815,958.7272341810615

409.9514356632708,973.8426641436781,410.30945815054866,958.5468536094631

400.9444517433959,973.6200987527734,401.35471557263355,958.3256002781447

391.95922700933414,973.376406751574,392.3809016868076,958.0822186244984

382.9868667536575,973.1289404070133,383.3921717747596,957.8343097204008

374.0146938949443,972.8871475942826,374.3989862087485,957.5919745185195

365.0397696786821,972.6522955471407,365.404036809049,957.356632454037

356.0626703608626,972.4251718718698,356.40658614786645,957.1290376566031

347.083162745289,972.2055260018155,347.4067536731509,956.908948315568

338.1012019289082,971.9948038602612,338.40440042865873,956.6978083817448

329.11669986411613,971.7939433395331,329.399464565184,956.4965564998199

320.12958954818936,971.6039278053554,320.39187104512024,956.3061760615085

311.1398021426677,971.4256565251193,311.38155967730074,956.1275666674132

302.1472963053888,971.259548598012,302.36846528627206,955.9611472344088

293.1519748383981,971.1062306277842,293.3525801129106,955.8075457979095

284.1539426788372,970.9667830315856,284.3336778734805,955.6678387784743

275.15255443112704,970.8419656438618,275.31235158264343,955.5428001479805

266.1499925513235,970.732659368301,266.2861633216133,955.4332653436569

257.1315667119817,970.6391344369156,257.27162939753447,955.3397755469452

248.07486607397695,970.530018330974,248.30235883149106,955.2317096974917

245.04663672402052,970.507227155868,245.32507242799036,955.2097609095005

242.0139393086981,970.5012308672925,242.3535086217492,955.2049995444589

238.97711381065278,970.4825770189628,239.38844160310737,955.1881071214099

235.93635996417234,970.4486138306186,236.42998065850816,955.1565786943091

232.89180945415265,970.3969404857055,233.47830666644103,955.1081857613999

229.8435843222429,970.3259317617102,230.53355040405697,955.0414969731436

226.7918158154049,970.2334285582182,227.59585713574097,954.9545700421119

223.73717777622167,970.1083784229477,224.66590495327156,954.836591827051

220.6796694287955,969.9539569113053,221.74368847942955,954.690999679501

217.6198605670601,969.7640638549283,218.82976038979004,954.5119773609774

214.55757752771666,969.542906540713,215.923914670226,954.3040377239996

211.49305207649408,969.288226804818,213.02633220026135,954.065249038886

208.42720974229584,968.9917213351335,210.1378659162444,953.7876542656113

205.359970040759,968.6556786920606,207.25833684189732,953.4739066120848

202.29189759291842,968.2762870200954,204.38818395232602,953.120575769898

199.223106254076,967.8534541541318,201.52735613003054,952.7279646576175

196.15735324293746,967.3858466176346,198.67304642956643,952.2940843682898

193.10078714171948,966.8613126496241,195.82494729131082,951.8057837157281

190.05264489574694,966.2896228699091,192.9823061741191,951.2727295562437

187.01481410666028,965.665364057548,190.14702122855488,950.6894073754007

183.9858682625839,964.999450129385,187.3176826829205,950.0666334939193

180.96624424299114,964.2924773874702,184.49474834457155,949.4049101313625

177.95640630525372,963.5449185803683,181.67870764488626,948.704619636716

174.95856184232483,962.7506703968597,178.87179695481467,947.9595720280983

171.9814903925482,961.8813144538119,176.0828282936296,947.1412660339066

169.01642767588206,960.9739375906219,173.30307304624745,946.2867094154785

166.0637563332612,960.0291481776009,170.53295240681183,945.3964352898223

163.12386386098945,959.0475308834532,167.77289502741644,944.470956895935

160.19620670620574,958.0324671105708,165.02240085392825,943.5135880199355

157.2780180341796,956.9933285535035,162.27874860948265,942.5336365196727

154.3661611325678,955.9392033025664,159.53884907545208,941.5401304349982

151.46058257247418,954.869685939704,156.8026976025107,940.532607889911

148.5678722882633,953.7672960980282,154.0769355687093,939.4935361949039

145.68855342437593,952.6321662942338,151.36213413114962,938.4229973542948

142.82253539653593,951.4659448167571,148.65826903660516,937.3225996367029

139.97265431370155,950.2633571889364,145.96817938705658,936.187005420997

137.13922115054416,949.0252240989231,143.2924461386013,935.0170899531366

134.3210410005257,947.7546148513597,140.63079184941904,933.8162848141964

131.51762461305685,946.4529873436845,137.98323089949963,932.5862669185547

128.72853222298917,945.1222328787393,135.34925044298686,931.3288978849318

125.95284130394582,943.7649121432485,132.72794855316624,930.0467518525404

123.19095642938301,942.3807333228335,130.11972483690678,928.7395395204238

120.42076614954931,941.0125586404513,127.50246903682009,927.4501294990172

117.66188369307505,939.6208943321267,124.89579323313934,926.1390341946618

114.91804353711733,938.1991592427436,122.30343062927349,924.7996794954171

112.1897472671526,936.7471711114099,119.72588077422769,923.4318907251942

109.47738965715925,935.264962047205,117.16353576541756,922.0357081754818

106.79787120432621,933.7248900085268,114.63329270431421,920.5834985328296

104.13971981123602,932.1485046386504,112.12367535384412,919.096820690069

101.50450487811945,930.5344875292323,109.63624819205539,917.5743659759343

98.88661554574459,928.8928398342699,107.16539462076292,916.0261457356664

96.28652661852016,927.2233852874938,104.71158285399609,914.4519943127774

93.70613566481286,925.5238703893096,102.27670298454241,912.8496691987815

91.15318908202457,923.7838314589195,99.86849301587262,911.2087180462837

88.65079564025014,921.972200865421,97.51005237340958,909.4980848592277

86.17471618990903,920.1260068359007,95.17713158057748,907.7548097582588

83.72487179720407,918.2464619734316,92.86964036356297,905.9801174540675

81.29692375386217,916.3402760063091,90.58322763133361,904.18072995001

78.88896677530494,914.4104437285364,88.31597464514684,902.359654433974

76.4925041412208,912.4679170533653,86.05937013161939,900.5278552812573

74.1070701302981,910.5128318463907,83.81293269122999,898.68548083493

71.73384676962617,908.5433212890192,81.57782752286975,896.8306767144678

69.38545150176093,906.544377235388,79.36665406757567,894.9484471157222

67.06188375276888,904.5166923421303,77.17939255487734,893.0394968815982

64.76594311009065,902.4578133393239,75.01882216073867,891.1013847117675

62.4623734646462,900.4066945455809,72.84966513170737,889.1730766144154

60.152343231792265,898.3601729364352,70.6730669899158,887.2514209090806

57.86381496038219,896.2876508620262,68.5169661287116,885.3058308769454

55.60040602143937,894.1858318501401,66.38495448936028,883.3330204934886

53.36777555707915,892.0497320549274,64.28266450413989,881.3280158082937

51.18017816225272,889.8666216436968,62.224322761959066,879.2780962477422

49.03664045538366,887.6392843990554,60.20892661415891,877.1860541812501

46.928283362638304,885.3775479585154,58.22756631884751,875.0617249338837

44.84880933647633,883.0880715791063,56.273912780155214,872.9117750375723

42.79797142839756,880.77165609854,54.34768472319564,870.7370099758327

40.807953909216295,878.401560426652,52.48103634070505,868.5106986569341

38.87487162568894,875.9835537125186,50.670030844200035,866.2385950666355

36.97287843931148,873.5405916171627,48.88884390158393,863.9437292600206

35.0999070176433,871.0750907225893,47.1351225309831,861.6282082978173

33.25211195692432,868.5914400521898,45.404006592126564,859.2951259022192

31.444850744988237,866.0789405799272,43.710333542519976,856.9330162557568

29.67637628928409,863.5398131734249,42.05249498930732,854.5441650076208

27.94035243259888,860.9794897253316,40.42418826395349,852.1339347435463

26.229335953482835,858.4036686956141,38.818031964044,849.7079954753465

24.52708581299557,855.8234660820457,37.21783977975039,847.2774281839729

22.812704468911633,853.2519758042803,35.60277092820408,844.8552978917436

21.094303838582036,850.6824079152713,33.980993518576895,842.4347883137428

19.402768721508913,848.0943912844464,32.383448476713625,839.9955053676787

17.73961611293789,845.4874361583619,30.811708558439353,837.5369393753764

16.10327590739505,842.8629815941437,29.264258977870046,835.0605124581156

14.495780376221356,840.2202926811576,27.74318676024956,832.5654756293654

12.917213930357129,837.5598556272994,26.248630415445525,830.0523037959024

11.40402436752068,834.8622070238133,24.817091059439022,827.5015248599001

9.92656461042789,832.1452769349537,23.418974187606807,824.9310629235973

8.4842539762406,829.4101577526169,22.053750432375125,822.3420062313949

7.072954118467752,826.6597051879257,20.71733302911252,819.7372111183904

5.692396928108098,823.8946416434918,19.40949982945778,817.1173938249607

4.344054544512657,821.1148165528929,18.131784547659592,814.4824337713941

3.025281247461458,818.3221622280729,16.881540825263933,811.834167891411

1.7344147777773582,815.5176982500477,15.657353108166973,809.1740566895426

0.46671192529580363,812.7028860443143,14.455304303099668,806.5053636935965

-0.7762694136370323,809.8766708494712,13.277362328808024,803.8280813570572

-1.98626803640202,807.0359516301475,12.131663293903527,801.1390019989587

-3.1642909481724395,804.1816564720901,11.017156742857406,798.4391359987627

-4.308031576406643,801.3133658668136,9.936080512392923,795.7280931965033

-5.4186331056073636,798.432051055503,8.887225297347582,793.0068860483716

-6.495729751157625,795.5380459795502,7.870886056836473,790.2758838549579

-7.538165565958074,792.6313955580755,6.888145092853414,787.5351655028816

-8.548074991235373,789.7132961162663,5.936790999962652,784.7859583749464

-9.52863299009474,786.7851433972178,5.013568669795832,782.0296864388304

-10.474019397766664,783.8453128373086,4.124214929968271,779.2647501521637

-11.383683022695694,780.8940412152376,3.2691944959981547,776.4914078643718

-12.256943862476149,777.9315283982606,2.449097795410176,773.7098772098615

-13.092989991086634,774.9579450679305,1.6646442137409307,770.9203427253882

-13.890176222429844,771.9732598029753,0.917383330115646,768.1227818978551

-14.65445771901042,768.9793726383675,0.2012621363631535,765.3191011212995

-15.384271408085954,765.9760821851952,-0.48225874766025445,762.5090923281994

-16.062120158539845,762.9597374757107,-1.1157801938528138,759.6891226007981

-16.70509670468969,759.934776530331,-1.7165196062771928,756.863529785938

-17.331209983316075,756.9046068521337,-2.3025272449650656,754.0360366246526

-17.920077541458852,753.865730565851,-2.853794083204134,751.2016917606682

-18.47063706096877,750.8212166049378,-3.3702804130472996,748.3576360591521

-18.98311064455861,747.7730112410695,-3.85253480811902,745.5024001211834

-19.457487969940775,744.7210816317996,-4.300183187776387,742.6363486175802

-19.89553867224779,741.666020265974,-4.714742298889025,739.7598666859554

-20.29439075091252,738.6077838457235,-5.093070413466276,736.8728890367097

-20.65636451467869,735.5470758013539,-5.437233981126069,733.976067907457

-20.974901423202915,732.483717702938,-5.740429372913188,731.0691996405078

-21.26126511313266,729.4193159862593,-6.013686377853564,728.153874280188

-21.51829438526916,726.3544534089554,-6.259621131548065,725.230669383363

-21.74288842043955,723.2892735770032,-6.474921724349605,722.2997317804688

-21.9376850430097,720.2243950998484,-6.662026605666459,719.3616904541994

-22.006942929907517,717.1556003736924,-6.725006874331995,716.4123437603341

-22.042772871850666,714.0892741626507,-6.755797534057426,713.4580966743788

-22.057245011692054,711.0262634629145,-6.766304670318522,710.4998192811101

-22.051264725398703,707.9668038351103,-6.757281205692402,707.5377722524128

-22.026367052187346,704.9111617689961,-6.730121215076109,704.5722468967093

-22.034777619462602,701.8604505973194,-6.736920572470593,701.6043846491795

-22.034710672836646,698.813679614924,-6.735775086667061,698.6332082037975

-22.028860951351525,695.7710784765775,-6.729271401537306,695.6590088231666

-22.009672790962583,692.7329375717422,-6.709757756167596,692.6819480820963

-21.97874179783448,689.6993152793722,-6.678742179840809,689.7027342548806

-21.975727788780027,686.6690159811692,-6.675822213646875,686.722769046287

-21.96915462010643,683.6411156512888,-6.669491165635973,683.742595599757

-21.930285169982064,674.5712954154689,-6.6319798637922975,674.7990118149795

-21.832846466585227,665.5209898401409,-6.536376714983066,665.8496433633535

-21.68242005539233,656.4887872166086,-6.387759404356957,656.8929599144373

-21.494994946470847,647.4731918284685,-6.20173601983034,647.9273189062018

-21.286327196712957,638.4724913285901,-5.993820166826232,638.9512697124643

-21.02487120053967,629.487166370129,-5.732307564153773,629.964133273685

-20.723433872443422,620.5102259805803,-5.430328853449192,620.9695068075407

-20.43176310225554,611.5319419324758,-5.138120439804499,611.9729567998639

-20.15034917068043,602.5512205564601,-4.856239405729615,602.975727915214

-19.87909423345341,593.5684777267624,-4.58456645379106,593.9776476146288

-19.616130028907502,584.5838006266688,-4.321233843254266,584.9789596707132

-19.361106075820864,575.5973348946103,-4.065886369130962,575.9797667500891

-19.13156591973512,566.6087665898185,-3.836064626524064,566.9797654973356

-18.912493344925487,557.618605535236,-3.616749408816272,557.9794620731818

-18.699332449184844,548.6270765316495,-3.4033822492066177,548.9790814744929

-18.491817162070014,539.634298513296,-3.195694822810255,539.9787420970634

-18.2875472528661,530.6404384369143,-2.9912849624850715,530.9786099080162

-18.08667883141009,521.6456034964596,-2.790307235598595,521.9787941368611

-17.88943834116641,512.6499061871203,-2.5929866272303004,512.9793981645963

-17.693027638069783,503.65350335029325,-2.3965247678309822,503.9806118044428

-17.49777782210591,494.6567647886411,-2.2012402107554108,494.98224459529524

-17.30441282410435,485.66003167001935,-2.007842431953061,485.9839672160166

-17.11110863573984,476.6633640501315,-1.814506389322017,476.98579189459485

-16.918557754998297,467.6667384874103,-1.62192483423987,467.98770778122116

-16.730912813717797,458.6700674504286,-1.4342503140678389,458.9896239740714

-16.551730983684187,449.6732751707139,-1.255040006757631,449.99146561119517

-16.373327014819406,440.67652049720823,-1.076608644753728,440.99339130194596

-16.196051811467118,431.6797936373014,-0.8993071217635036,431.9953913211084

-16.01931248970689,422.6831043570842,-0.722542541939208,422.9974754197975

-15.84096864665274,413.6864939148466,-0.5441744913463236,413.9996848632844

-15.668241925718132,404.68981196175514,-0.37142460264972144,405.00186930372

-15.493474272048015,395.6932127421307,-0.1966348107003233,396.0041829879036

-15.319563790320776,386.6966344549349,-0.0227032102958864,387.0065641167624

-15.145061788342794,377.7001038969192,0.15181890021333366,378.00903948903925

-14.972370114381901,368.70356998152306,0.3245296815939538,369.01155802004695

-14.796335162148608,359.70713389297777,0.5005827487473935,360.014220895811

-14.62047045718742,350.71072213794776,0.676464584318671,351.01695462470104

-14.445254737305056,341.71432263621426,0.8516964582680497,342.0197471281179

-14.270542975823052,332.71793583799274,1.0264234046183942,333.02259885781

-14.091903650726726,323.72164734046544,1.205076952306114,324.0255954124072

-13.913421023404037,314.72537313527835,1.383572846442247,315.02865278491737

-13.734433872381786,305.72912385404504,1.5625723145762063,306.031781608231

-13.556131001883756,296.73287350366394,1.740886558137566,297.0349558904383

-13.378083452592886,287.7366281667796,1.9189445416738415,288.0381817152914

-13.199948861807943,278.7403921649875,2.0970886326937768,279.0414634054084

-13.023007808409844,269.74413788933975,2.274038256700959,270.04477335278034

-12.84547784189483,260.7478979914001,2.451575868160621,261.0481442098256

-12.668318831033812,251.75165118456817,2.628741601840246,252.0515546907147

-12.491665831526475,242.75539242869226,2.805400405155426,243.05499975598335

-12.314476999702945,233.75913972288438,2.982594124468192,234.05849740534723

-12.138471710595976,224.76285700729505,3.158603387014759,225.06201157947723

-11.961967857459705,215.7665747920254,3.335110301386776,216.0655727889116

-11.785157912900232,206.7702868932033,3.5119223964007205,207.06917485013204

-11.609060913242605,197.77397099497287,3.688020636730904,198.07279544755346

-11.432196260838744,188.77765362009507,3.864885620601521,189.07646110412443

-11.257069544274799,179.78128341813573,4.040011759579303,180.08012046951535

-11.079586288515646,170.7849379715016,4.2174935284290065,171.08385112615443

-10.903077746178989,161.78854979904236,4.393999673839321,162.0875855928298

-10.726716558308672,152.79213265433012,4.570357553649531,153.09133762296884

-10.54958809564286,143.7957020254451,4.747481795581402,144.09512270442394

-10.37340761354011,134.79922193535225,4.9236571423130595,135.09890485984891

-10.19615941660984,125.80272944616736,5.100899286848563,126.10272115096521

-10.018755783901744,116.80620429620912,5.2782959473285205,117.10655131561363

-9.841508768317127,107.80963794226923,5.455535067618754,108.11038681002451

-9.664272796116443,98.81303081124817,5.632762217802801,99.1142280604532

-9.48497629573756,89.81642132350449,5.8120489653636795,90.11811348652934

-9.307330548736344,80.81973392838465,5.989684024243328,81.12196753678636

-9.128252242359858,71.82302703949743,6.168750702269465,72.1258486239358

-8.949350282919411,62.82626645946796,6.347640087782566,63.12972254962104

-8.769832932223661,53.829465449544365,6.527143913202803,54.13360257402375

-8.589822002467175,44.832619199845816,6.707140360141548,45.137483886111944

-8.410140408801578,35.835708866164346,6.886806506830293,36.141347640439925

-8.229026197123021,26.83876720860293,7.067904300333107,27.145226595792497

-8.048004306518948,17.841761330512654,7.248908794100444,18.1490878540976

-7.866242471282262,8.844705480662068,7.430652245953193,9.152945662685735

