-2.95642137072676,-3.783543510679703,-0.9360916510964793,9.757569767924041

5.953767412995786,-5.131770261972045,7.959621941563934,8.441408645307378

14.869319468493407,-6.4389885417375785,16.85798385078085,7.139153561459796

23.78664811661441,-7.7291004622695505,25.759016860809044,5.851015501062034

32.7043891015449,-9.011424278263041,34.66171051657687,4.570060848149276

41.62266358323672,-10.285164128284519,43.566244188657144,3.2974841933880086

50.541525755494014,-11.549941576405402,52.47264486816535,2.033474009251816

59.46055634760003,-12.808695374942417,61.38066173372399,0.7762814489678016

68.37989950464586,-14.060401998273777,70.29015848863652,-0.47504695638830796

77.29908115306033,-15.308413187812594,79.20094054164977,-1.7218797128590175

86.2180648437219,-16.552981145919816,88.11269461313616,-2.9664407153700365

95.13686415633013,-17.793980756942982,97.02557080022207,-4.207631865010372

104.05543345509183,-19.031696810117754,105.93952614315475,-5.4457168770106925

112.9734484248674,-20.268420656387747,114.8543722938305,-6.682001650661297

121.89115088707858,-21.502352455039187,123.77007707168232,-7.916666554326984

130.80823161389972,-22.735678045710458,132.68660325606635,-9.149915462259194

139.7252456456058,-23.96679302334125,141.60361643782753,-10.381827356773526

148.64230117141395,-25.197354744476787,150.5206367626827,-11.61360620415946

157.55956281317185,-26.426186616786218,159.437917396147,-12.843450218673489

166.4767636818635,-27.655242562061098,168.3552990616806,-14.072531167542866

175.3941543611284,-28.882731958699505,177.27276029542753,-15.301026626847156

184.31144653704345,-30.110761360247714,186.19028137452293,-16.529100907509488

193.2288241145299,-31.33802302054504,195.10783434071786,-17.7569779991201

202.1461633036097,-32.565433625694084,204.0252602316399,-18.985828486550034

211.06087795601414,-33.811701022769505,212.94014327775056,-20.233128717459973

219.98068517757477,-35.021087156693106,221.86028090331683,-21.44256058317372

228.89794074340173,-36.24884701785318,230.77778443381732,-22.671145133651354

237.81497703024596,-37.478148906601476,239.69517121895063,-23.900714730264585

246.73194676301077,-38.7079115969647,248.61244135698203,-25.13128932854231

255.64886661672372,-39.93803419449282,257.52962188836,-26.36269682821672

264.5656274470269,-41.1693336916446,266.4468363932484,-27.5940591861086

273.48246981395505,-42.40018670390459,275.36399220936164,-28.82596519858122

282.39921520021,-43.63195581512504,284.28108441481896,-30.058366597491904

291.31590217334406,-44.86434732357409,293.1981167476247,-31.29123134763232

300.23252226894414,-46.09741349470732,302.11506795551304,-32.52470130251677

309.14920073420666,-47.33024095726688,311.0318768000736,-33.7592081361802

318.0657379715523,-48.56425867258976,319.94874715798005,-34.993272068667814

326.9823891120964,-49.7976177560999,328.86557063742384,-36.227664648492436

335.8989338899321,-51.03189568281848,337.78235040451864,-37.46235310599062

344.81976606862315,-52.23543075591366,346.7033596770245,-38.666544430264466

353.7320760594205,-53.50048986247136,355.61590945834894,-39.931636826010184

362.6485476316584,-54.73569256370539,364.53232243751637,-41.168850577420784

371.5650039893445,-55.971117421489666,373.4489719183175,-42.4043022520182

380.4815589376439,-57.20593506338393,382.3655591154917,-43.64013396909284

389.39802456087443,-58.44148875953678,391.28214782217856,-44.87587647048459

398.3145723936231,-59.67653350777313,400.19870464161534,-46.111760355520424

407.2310189888281,-60.912380164695946,409.11525108318943,-47.347620881369956

416.14761289893283,-62.14722944679297,418.03164634587705,-48.58446177309173

425.06408003071635,-63.38304464094109,426.9481666927096,-49.82028435956403

433.9806991043305,-64.61780941576554,435.86467807598973,-51.05604377723801

442.897198444257,-65.85346953072177,444.7811840138305,-52.29170480876767

451.81382530242223,-67.08823523082408,453.69768885529334,-53.52722624766082

460.7304037269383,-68.32336317636435,462.6141949788118,-54.7625810632499

469.6471152639241,-69.55753653956597,471.53056802019955,-55.99872660967617

478.56372011510655,-70.79247163510885,480.44708626155983,-57.233649674540395

487.4804919821321,-72.02618810750144,489.3636157705007,-58.46830442342452

496.3971750514624,-73.26051763082586,498.28016051292286,-59.70265239503269

505.313966307251,-74.49403220235538,507.19671799688933,-60.93670131970626

514.2307724873044,-75.72739244035482,516.1132842003728,-62.17047101068796

523.1476844194783,-76.95993741033935,525.0297174475892,-63.40496870210916

532.0644749866301,-78.1932799831774,533.9462839280518,-64.63828016362795

540.9813757842581,-79.42567590840038,542.8628563402008,-65.87139676043832

549.8981956271799,-80.65847080534611,551.7794327572901,-67.1044012002314

558.8150838666435,-81.89061587127613,560.6960736855026,-68.3368729719631

567.7319754050521,-83.1225997719562,569.6126913381095,-69.56946741891161

576.6489138746879,-84.35412975643794,578.5291938340383,-70.80286767358363

585.5657183370726,-85.58653106625688,587.4458256283632,-72.03533342275556

594.4825945006031,-86.81834247536752,596.3624773612612,-73.26767399822315

603.4043652873855,-88.01481776042525,605.2840513084993,-74.46457125115357

612.3162742867631,-89.28235400918071,614.1958159638967,-75.73224268999115

621.2331862732901,-90.51381553895334,623.1125009341234,-76.96452709248585

630.1499783854364,-91.74615340917705,632.029057389367,-78.1978418502784

639.0669053141613,-92.97755262454704,640.9457611411501,-79.4302196847618

647.9837390394722,-94.2096785468284,649.8624732989198,-80.66268325187252

656.9006095867292,-95.44161494828987,658.7791938525766,-81.89525391825268

665.8173862810835,-96.67432541586675,667.695922150228,-83.1279576743525

674.7342940066417,-97.90620958492265,676.612656586436,-84.36082738216334

683.651059000244,-99.1392629026776,685.5292607588306,-85.59486796772232

692.5679554486117,-100.37152940720914,694.4460088513204,-86.82812346865093

701.4847284626153,-101.60486847265494,703.3627631585605,-88.06160817891302

710.4015911831896,-102.83776432206717,712.2795226147485,-89.29535103866887

719.3183279486932,-104.07179342222739,721.1962857630036,-90.52938379736113

728.2351894795302,-105.3051690014474,730.1130487764323,-91.7637552842228

737.1519152441109,-106.53979103014748,739.0296884753143,-92.99937494746466

746.0687644749011,-107.77381139242709,747.9464640935528,-94.23439467152974

754.9761067140881,-109.07669035788903,756.8538825285814,-95.5372842043495

763.9022608326009,-110.24426009041024,765.7800235702036,-96.70560005727091

772.8189965080177,-111.48009288517454,774.696824610716,-97.94170355642807

781.7358592177584,-112.71538076688707,783.6136640237963,-99.1779977808583

790.652649619685,-113.95159375117271,792.5304410390877,-100.41521848357549

799.5696230207167,-115.18685773912335,801.4474337026274,-101.65143125099644

808.4865464747086,-116.42251784498242,810.36457246318,-102.88718469848669

817.4035606989468,-117.65708428302624,819.281840313008,-104.12232746023842

826.3205251433278,-118.89119331871488,828.1991672410376,-105.35695525856859

835.2375148214165,-120.12390827405491,837.1165458132788,-106.59073379311286

844.154284824228,-121.35660262537729,846.0338134775656,-107.824441068616

853.0710500379089,-122.58733843586334,854.9511947155805,-109.05606966427041

861.9876007368136,-123.81723382427812,863.8685352360542,-110.28634300328756

870.9040026084906,-125.04543467427028,872.7858157791595,-111.51500349545466

879.820275248683,-126.27138523537717,881.7030274252311,-112.74175685017372

888.736273361174,-127.49584762088956,890.6200047259916,-113.96729876356605

897.651862576393,-128.7190155161697,899.536776150299,-115.1914397339796

906.5666212304474,-129.94496246364832,908.452500854268,-116.4183294125823

915.4783446887653,-131.1837560366959,917.3665163633831,-117.6579120065745

924.3881958309616,-132.4465761843511,926.2744031804689,-118.92059194292123

933.2811600866077,-133.74066806419066,935.189166669446,-120.21861766937826

939.1709485901763,-134.69254505215548,941.166232133699,-121.05657331621873

942.0763614485796,-135.3584511366917,944.1891670898781,-121.34062672734309

944.9734042116932,-136.02834918132447,947.2216037885839,-121.63192066607098

947.860873881682,-136.70642080141698,950.2642954350003,-121.93518370280007

950.7403195134132,-137.3831005549617,953.3199443707388,-122.24151019006673

953.6102558522598,-138.0723577551218,956.3869118784653,-122.56509653414243

956.4710405459392,-138.76023619304374,959.4713752643605,-122.89380773858713

959.3379023157422,-139.4234355728922,962.5742925979599,-123.18350816769555

962.175651445625,-140.06186901545556,965.7348516993547,-123.45137702391904

964.4822067368708,-140.57899287377268,969.4656779246902,-123.81252590541595

965.5842906221195,-140.9429951587356,974.1911942207387,-125.24991671511454

965.7763249311802,-141.03381832207458,978.9817810658246,-128.85794241684707

966.076013892067,-141.46595805742547,981.9852629269725,-134.00789731872126

966.55324136823,-142.72351135392694,983.0915339424702,-139.11663395359747

966.6996586650106,-144.25232738817658,983.3211550826333,-143.88985224403436

966.6155437883347,-146.19625643732942,982.8921939679109,-147.93887901156222

966.353275931824,-148.9326393949352,982.3858571836874,-151.08114730800918

966.0559534923196,-152.12375548314733,981.9479376302838,-153.78700619715528

965.8436115541602,-155.2618912240987,981.5665994872886,-156.6045663078596

965.3313335287398,-164.31178820052713,980.4623204342881,-165.51808193907735

965.0311636853248,-170.2763998189907,979.7545495843946,-171.53400792270006

964.8766674068097,-173.25505257241053,979.3964161217992,-174.54209587679026

964.7099273733344,-176.22457176128728,979.0247538514215,-177.5546565514143

964.5275376905412,-179.1871098037038,978.636584409677,-180.56833940905918

964.3053309225152,-182.13946497229372,978.2326672872041,-183.5833754507174

964.0520049309009,-185.0821334515021,977.8112754076473,-186.59911451987028

963.701583957699,-188.00750318658135,977.3866945122459,-189.61634044667218

963.3273124255302,-190.920793811354,976.9364373230051,-192.63426589005405

962.9245743773041,-193.8432252209775,976.4615636816166,-195.63160759838624

962.5180282971958,-196.80956666350934,975.9940956024873,-198.58611772333862

962.1213270640807,-199.8276454684961,975.5483093950028,-201.49976529330624

961.7687127544253,-202.902814049417,975.1550009179288,-204.38070654095003

961.4722328328953,-206.03696519958197,974.8232354030451,-207.23405588740997

961.2612345936564,-209.23684557693645,974.5771649765157,-210.0629379907105

961.0846497564244,-212.53210736039298,974.4601613026479,-212.8321923524392

961.0348316910539,-215.94519494822023,974.484971100932,-215.48866652242342

961.1543210964908,-219.46663147088145,974.6111742301686,-218.01545305129778

961.5499228063038,-223.10296596817167,974.8620154262123,-220.39564849811217

962.2851187694978,-226.79811570054287,975.2427377628603,-222.68890551404135

964.1955469941917,-230.57124145233607,975.72316713982,-224.6191867247718

967.3994410440504,-234.22801125621262,976.2814456612264,-225.87917023955026

971.1442100796115,-236.87741401509817,977.5508184271946,-226.81562924028873

974.5828338886631,-238.50900626479756,979.5869018908255,-227.83537855340387

977.6911108525877,-239.7425578089894,982.1193605781192,-228.81172249383084

980.4213804432325,-240.7940692760953,985.0295470255465,-229.9324754992432

982.9887137080033,-241.892224114818,987.9931781107523,-231.20201628368733

985.6097642473535,-243.1003060663682,990.8225521246169,-232.50407259513136

988.2918978317074,-244.3708081142417,993.5530490098113,-233.7994139414336

991.054544707966,-245.66238976116898,996.2061390007892,-235.0464348096092

993.9670325431823,-246.87266805003947,998.8071518357243,-236.13973000349634

996.919481718034,-247.97260231046423,1001.4545158993332,-237.14114035609842

999.6170418713974,-248.99475550470805,1004.3795687125563,-238.29555505462884

1001.9371958938686,-249.98614099147088,1007.6496696209654,-239.7984238132496

1003.9307135529903,-251.09234552508568,1011.0669543670787,-241.8856709678194

1005.2825333597497,-252.6134103457616,1014.4128531753405,-244.66329240141968

1005.819121527513,-254.0698584870128,1017.3331321553073,-248.48256542178666

1005.4818583189631,-255.51236345791898,1019.1136607622192,-253.04763131595226

1005.3366509809529,-257.29381268244157,1019.4857099732819,-257.4121901632873

1005.1915116871136,-259.70104010901525,1019.1214867245567,-261.1725476330054

1004.8615760311643,-262.4204587818415,1018.5341214481876,-264.48833683335283

1004.4438963557798,-265.26139751158087,1017.89617261386,-267.5695582452449

1004.0228207885166,-268.2330443954023,1017.303121871803,-270.48725764795745

1003.6178528620336,-271.2623490482512,1016.7418234529524,-273.353401227963

1003.2420754462976,-274.2817372626855,1016.2014600965705,-276.24534510531964

1002.8830904460493,-277.2958404234256,1015.6721596463063,-279.1536123611549

1002.540047241098,-280.3028717911051,1015.1543135741339,-282.07919268713795

1001.5530369852842,-289.2760748668568,1013.6191828547663,-290.9393146632853

1001.2232691779838,-292.24868758656055,1013.1003671637519,-293.9151779612665

1000.8851770052419,-295.2108038197418,1012.5709125584585,-296.89947942879445

1000.5338724803387,-298.16157342408593,1012.0265321672573,-299.8906236144985

1000.1656123864722,-301.1004662198953,1011.46275327663,-302.88686459715086

999.7750975132294,-304.02544429683235,1010.8733450110014,-305.8875936146719

999.3555429331233,-306.9339831531628,1010.2515785547333,-308.8923891362424

998.8788825367724,-309.82079499189757,1009.6074599599325,-311.90258577790297

998.3040196030438,-312.6767408979736,1008.9617666127295,-314.9225299870805

997.6774807243621,-315.50929174771073,1008.2647010595683,-317.94327695875177

996.9949170014564,-318.31889031052214,1007.5086602709422,-320.9612573341486

996.257883499658,-321.11882186605254,1006.695783909879,-323.96295185681913

995.4657485110284,-323.9176394413181,1005.8333109790701,-326.9391060754529

994.6248613013636,-326.71470905103865,1004.9328252509974,-329.8929872975198

993.7364224760402,-329.50899459581933,1003.9942011686687,-332.82301279826606

992.8078636691195,-332.30051566515226,1003.0237599239374,-335.73012127096354

991.8418408257902,-335.0929872079139,1002.023892045464,-338.60901504648723

988.8475966012056,-343.55900909304233,999.0086953564629,-347.1011129107967

987.8574570995121,-346.42852456234726,998.039351941168,-349.8992694197389

986.8970987512383,-349.32813179429303,997.1099270581084,-352.69351943007035

985.9677063161231,-352.22906260134806,996.2042582097084,-355.5084382796294

984.1547109257456,-357.9523657819685,994.3824041188955,-361.23591548795144

983.2389347758237,-360.7646930842523,993.4349537895317,-364.13391732500696

982.2928331431514,-363.5326335990986,992.4356400043418,-367.0461838901642

981.3124360082899,-366.2631853417651,991.385782605362,-369.9625491131634

980.2949661763327,-368.9779371209531,990.2980592203957,-372.86491486539137

979.2437664441602,-371.68734395059994,989.1820175196368,-375.74902328711164

978.1569816341072,-374.3894053492628,988.0341619816547,-378.6157673958288

977.0287579857119,-377.0820446115666,986.8459475488946,-381.4609601750199

975.8587380561643,-379.7644445373399,985.6184949885977,-384.28460330112256

974.6499731321161,-382.43732434940546,984.3556933708447,-387.08771317171636

973.4045719622798,-385.1008799930251,983.0599572591968,-389.8706647627348

972.1256071307756,-387.75575438679294,981.734630967013,-392.6342322677784

970.7518806970875,-390.3691143327275,980.3270572002106,-395.3501094355668

969.344182470643,-392.9702014586579,978.8907813876378,-398.0437532079734

967.9065156661076,-395.55962804692086,977.4293825454647,-400.71680362558135

966.44625715031,-398.1395654148141,975.9484615208474,-403.3734318135076

964.9659495709492,-400.7109866196476,974.4502537299147,-406.01549281630906

963.4666774153889,-403.2747259595664,972.9360593535778,-408.6436477894501

961.951676221319,-405.8326880231808,971.4090823872823,-411.2598162997982

960.4225733749461,-408.38599003364925,969.8708840062995,-413.8649075580243

958.885400671669,-410.93808236137426,968.3262285096766,-416.4619569194564

954.2900780041022,-418.6289208941725,963.6949677091926,-424.228273174263

949.6914245156323,-426.350555421071,959.0697787713476,-431.9665264577066

945.0827490519375,-434.0776037368055,954.4448474260264,-439.69472919326336

940.4681546260556,-441.80180314405817,949.8146915731782,-447.41991720568814

935.8494132683978,-449.52580638945875,945.1813128218986,-455.14120576356873

931.2237899104988,-457.2466714935994,940.5425846131413,-462.85817650549865

926.5950802278763,-464.965802510485,935.9007100006584,-470.57290140771613

921.9617366558646,-472.68206489452206,931.2543598943454,-478.284798934927

917.3251451208492,-480.3963513620534,926.6048334170804,-485.99460556778405

912.6853528799991,-488.1086834571183,921.9524596659414,-493.7025414037281

908.0422986763949,-495.81903465083013,917.2964130745894,-501.40811157573444

903.3957417647182,-503.5272652308165,912.6369657356839,-509.11148827121184

898.7473915065252,-511.23441544638473,907.9756947432595,-516.8136317469482

894.09563260693,-518.9395162741416,903.3119754860631,-524.514172746102

889.4278986871902,-526.6349699498836,898.6375509342097,-532.2081224571723

884.7719880062685,-534.3376025118481,893.9791569405114,-539.911668282568

880.0684229189383,-542.0114097962355,889.2737670960994,-547.5866600530884

875.3864200403259,-549.6983049555636,884.589266836975,-555.2742048521554

870.7031771612067,-557.3844926196028,879.9035829288879,-562.9609486922318

866.0191282168337,-565.0702450183932,875.2180043513412,-570.6476822899575

861.3340203928813,-572.7554181345116,870.530567175353,-578.3332243740934

856.6490982005722,-580.4407760940214,865.8433733026454,-586.0188588040463

851.963041829709,-588.1255276163671,861.156373862171,-593.7045656386724

847.2774654463019,-595.8106614176132,856.4690750742774,-601.3900546938344

842.5924738230625,-603.4962506527975,851.7819802317873,-609.0756407467055

837.9079783960266,-611.1822509666478,847.0955599374109,-616.7616188896669

833.2230079496721,-618.8680817046231,842.4093303654637,-624.4477046027155

828.5673748590386,-626.5718621396217,837.7551546020325,-632.1532631688934

823.9275810347298,-634.2854075654166,833.118317464359,-639.8693710958473

819.2893261713918,-642.0000395061186,828.4831444433605,-647.5865152059096

814.6527900118307,-649.7158744981393,823.8501393196756,-655.3050085071352

810.0172587686147,-657.4324851477577,819.2182479340947,-663.0242178556584

805.3820111966485,-665.1494420455804,814.5865931942038,-670.7436145240308

800.7440492351072,-672.864921535988,809.9518656774982,-678.461202081064

796.100302651717,-680.5770941766849,805.3120647185731,-686.1757389341825

791.4509566229646,-688.2845056512803,800.6653031783331,-693.8877515629089

786.7933058807472,-695.983785897704,796.0064983871227,-701.5958497753237

782.1181822269103,-703.6691920439811,791.3291740892388,-709.2960092922718

777.4166166302413,-711.3350687640644,786.6247254392007,-716.9828009332897

772.6990112667298,-718.987580069265,781.9013113326988,-724.6610441926433

767.9643734225785,-726.6259766538262,777.1581206067983,-732.33011864247

763.2099848585303,-734.2484756039647,772.3914781621831,-739.9876644494344

758.4344361330022,-741.8541495958531,767.6012896282924,-747.6335901736455

753.6346018987063,-749.4410501926222,762.7831661197973,-755.265171775566

748.8082933834705,-757.0078757663449,757.9353618860647,-762.881397480438

743.9529833608252,-764.5531813917703,753.0555021936289,-770.4809386666428

739.0651100577697,-772.0749298037175,748.1390460855772,-778.0611161617509

734.1311439356701,-779.5644427851157,743.1745318687491,-785.61467433251

729.0189114951908,-786.932229648119,738.1275051165288,-793.1183538253267

723.6340131070691,-794.108801664807,732.9729101343929,-800.5545107827282

718.1726721004279,-801.2471656710709,727.7567963463364,-807.9303298441793

712.7043041243653,-808.4226759790284,722.593128601946,-815.2986677528374

707.3587882986302,-815.7295621634433,717.6677164277414,-822.7828456300051

705.5968877009796,-818.1892368758498,716.0568590966275,-825.2863489227623

703.8470625541104,-820.6626472834901,714.4634088832573,-827.7946468779991

702.1141406445779,-823.1512716801809,712.8913803049239,-830.3116151305312

700.3951972165607,-825.6497992321923,711.3342999610571,-832.836258219249

698.6905067268362,-828.1577598492869,709.7910604548703,-835.3694075965916

696.995265192209,-830.6727901484056,708.2575368379563,-837.9087409493457

695.3095702645858,-833.1954351096086,706.7337130229506,-840.4549555568528

693.6243491123563,-835.7206175795224,705.2110788140856,-843.0032532979764

691.9450618731871,-838.252234623231,703.6942334789683,-845.5574794941147

690.2613953800397,-840.7853538120668,702.1730252462942,-848.1113090915902

688.5751439490627,-843.3187748669696,700.6477219753049,-850.6685743102632

686.8826836162984,-845.8626862517175,699.1244175998241,-853.2232518086554

685.1888782013456,-848.376569295461,697.5716903345924,-855.7965331511251

683.4236814008298,-851.0778558234516,696.1675093468656,-858.2622756949535

681.5890867271578,-854.5010815443259,695.385513633374,-860.2888549099109

680.143089582396,-859.0963423464913,695.3513917803808,-861.4691588524338

680.0209929818442,-864.4086553288814,695.7538383468773,-862.1713534453507

680.8694754596684,-869.5090340451856,696.1815600722928,-863.2513847796163

682.7689867817184,-874.1398988495881,696.9375364902322,-864.491325314855

685.6836582969681,-877.9002639133502,698.0097419126596,-865.5247432770566

688.9159983134983,-880.64849399874,699.4746718601007,-866.6285409108286

692.0102973209422,-882.6119659816858,701.4627778297611,-867.8933596201063

694.8597819406762,-884.246637683867,703.8090741195873,-869.284545540868

700.1949965859887,-887.1634912698129,708.985056427396,-872.2427265217015

702.7312575087349,-888.5702896646077,711.6735906046781,-873.808888622555

705.2634197422701,-890.0042320936767,714.3369635665505,-875.3923190309616

707.7838845247478,-891.4532742351767,716.9895643799538,-876.9940821589582

710.2896855673736,-892.9292710764245,719.6227260828072,-878.6220985286881

712.7807008046312,-894.430896594585,722.2380201111349,-880.2757185936607

715.2531270015236,-895.9643842914096,724.8307987069944,-881.961372310726

717.7080310054548,-897.5276824872278,727.402456405072,-883.6769954226781

720.2174411576334,-899.0206711273835,729.749587610437,-885.7057961229353

722.7126295606089,-900.541545410267,732.0518887060373,-887.7856166307577

725.1902463332627,-902.1023659634172,734.2963216554192,-889.9242084957041

727.6367157446779,-903.6901076116889,736.5211064405172,-892.1000166170143

729.9663807686983,-905.2600107300566,738.7890831179994,-894.3884081419975

732.2739409775752,-906.6702142833418,741.222809398949,-896.7028653479219

734.4853319184843,-908.0547037806699,743.7277116508841,-899.230396370399

736.5012819348237,-909.2008421422861,746.4297042096383,-902.223916431017

737.347427775303,-910.2934013695495,748.2994564793929,-906.6615704827351

737.4222999661555,-911.2756766080778,748.4346425148283,-911.6945115972366

736.9319852492567,-912.7053323483116,747.5029453866189,-916.19708832391

735.9606883669965,-914.5689921463652,745.815229573014,-920.0188832059878

734.6788642617015,-916.4699149714825,743.7786320998091,-923.363719469719

733.1204582819968,-918.3581377405698,741.5241836127472,-926.2011341217726

731.2555978540487,-920.301508219564,739.2489596300378,-928.6226043994378

729.1506577641549,-922.2024240430787,736.8747850266847,-930.7010230982227

726.9798815762921,-924.0540982133258,734.4607553180887,-932.6957335165504

724.7487363966325,-925.8585585329072,732.0094645219862,-934.6148681412892

722.4829978329233,-927.6489110504167,729.5618608254927,-936.5081098452026

720.1784169483115,-929.4212886294342,727.1063389518289,-938.3649496040505

717.8474685480276,-931.1924645231298,724.6615062465532,-940.2111576405553

715.4819967248806,-932.9516614399788,722.2087972914251,-942.0233340665361

713.0877551170518,-934.7054735486527,719.7542605107758,-943.8089105169242

705.8070349657818,-940.0247172285259,712.4575204512142,-949.1028459633386

703.3744076239385,-941.8325214695643,710.0582003386392,-950.874247100616

700.9543203062442,-943.6508035337023,707.6655300478789,-952.6602780763527

693.7489974285127,-949.1345115973287,700.5037944080644,-958.0733462153893

686.589161623166,-954.606621086677,693.3338880792219,-963.5159980375131

679.4326041005748,-959.9971455400611,686.1093802151199,-968.9195798055234

672.2384774161659,-965.3039986170936,678.8447792429951,-974.2415081593946

665.0115130835522,-970.6438083530584,671.6120399170834,-979.5496525015254

660.1930736398061,-974.2759515113771,666.8268762223756,-983.1318065610606

657.7895395638566,-976.1277013373983,664.451547182136,-984.9497155196248

655.3897659505941,-978.0016682516172,662.0838408769077,-986.7867293703825

652.9890231200834,-979.9082933575487,659.7335250670953,-988.6420462341194

650.609518225012,-981.78081675638,657.3289920826344,-990.5216894717428

648.3292286067375,-983.5086435428136,654.7655794583183,-992.4473181766582

646.1690186302056,-985.0085417480607,651.9698571789116,-994.3321168946645

644.1272530256116,-986.2403008371799,648.8941215671142,-996.0727457655717

642.1904813122774,-987.2040121215009,645.4640980235337,-997.5354156959888

640.2114898179876,-987.5932969403643,641.6372469537471,-998.5413865397268

638.0734146336679,-987.5625976362525,637.6087681080897,-998.8898614081712

635.687519909348,-987.4052537897583,633.6702570123642,-998.6846128200114

633.2917719571344,-986.7802827251581,629.9563172395365,-997.7623973149233

631.1283924964705,-985.800603967929,626.5459838924205,-996.2531146502963

629.2803546114394,-984.5059037704116,623.5182607572918,-994.1158509814518

627.5757701656555,-983.0756701189439,620.7603475501106,-991.7242863556314

625.5936612486595,-981.818081602966,617.8068733144329,-989.5617554778069

623.7895473187749,-980.1809185676763,615.1516898771077,-986.9875922596046

622.2727648723435,-978.242718015731,612.8539176081775,-984.0488951924016

621.1983594513999,-976.0631813252792,611.0730829134193,-980.7557711641942

620.5065147759232,-973.8363576131319,609.675795765266,-977.2544240007803

620.2479896435606,-971.590512913486,608.5240903156676,-973.6733480777756

620.1624875030349,-969.2761852682545,607.9592263785694,-970.0783675215065

620.2257843119146,-966.8035749890798,607.842748651236,-966.5958851619279

620.3414426402358,-964.1626037408253,608.0887625322374,-963.2548653609219

620.5692468953476,-961.3315296687757,608.4724228084489,-960.0926404592792

621.4548511439626,-952.4257771191267,609.7576879997479,-951.0343119711648

622.4446482875915,-943.471165074472,610.9583422791611,-942.0614073451742

623.5182798209798,-934.5479545850317,612.2031826387484,-933.0978341641638

624.6743831469315,-925.634029434425,613.5237743849797,-924.1658399115403

625.840532952014,-916.7229976920014,614.8503339435207,-915.2480513453562

626.9952305482819,-907.8080624738346,616.1646623910624,-906.3403250773698

628.154993237784,-898.8891999354637,617.4323875442543,-897.4349297012286

629.3398760145907,-889.9677852826394,618.6125500659925,-888.5227764258043

630.5201166905588,-881.0426370273825,619.7801093753566,-879.6085082884194

631.6935933496039,-872.1159056347246,620.9417045486334,-870.6907996147974

632.8623574689875,-863.1877168398448,622.0976995687753,-861.7702461932579

634.0281966847066,-854.2586072856717,623.2511000265382,-852.8473567630866

635.1903438211235,-845.3286626371728,624.4019218096062,-843.9223654278538

636.3514905397059,-836.3984565423463,625.5505856421252,-834.9955324804308

637.5116965984755,-827.46821284657,626.6993070329152,-826.0673625386488

638.6722146200395,-818.5383158977862,627.8488464154943,-817.1381705338205

639.8345486880633,-809.6091838844613,629.0003834651149,-808.2083290786207

640.9993937074536,-800.6811334692968,630.1536196970992,-799.2780210164004

642.1686409774044,-791.7546359840126,631.3124375928496,-790.347974592055

643.3418273385857,-782.8298693197754,632.4743866947197,-781.4180909307382

644.516512869176,-773.9067188521805,633.6390066374887,-772.4885617389967

645.6942450000008,-764.9857143348711,634.8126564593654,-763.560339880805

646.8763168450303,-756.066803597963,636.0007704767204,-754.6348040781589

648.0553596534485,-747.1471721684554,637.1854413617185,-745.7112628827839

649.2305388785925,-738.225196920189,638.3652907599966,-736.7899625038328

650.3997664928281,-729.3002013718154,639.5392844311003,-727.8700527069794

651.5614723666552,-720.3713684747668,640.7051763504583,-718.9507472478534

652.7210497261082,-711.4389530553448,641.883096078618,-710.0339970008494

653.8816403523437,-702.5024199635814,643.0914151456802,-701.1218205779949

655.0472661520259,-693.5629118401965,644.3038490172925,-692.2087898176916

656.203397037781,-684.5936828332577,645.5015315308349,-683.3169091790066

656.5697414143436,-681.5895547302725,645.878807202413,-680.3626097283285

656.9184002262102,-678.5779374765713,646.2373193416761,-677.412573284063

657.238873922094,-675.5558882098031,646.5661641597097,-674.4679437421947

657.5203395588343,-672.4167266170581,646.8151199159066,-671.6247715052995

657.6563038872918,-669.0550721701297,646.8938477085709,-668.9813115750393

657.4933771843426,-665.4820884375893,646.7509672000883,-666.5328318922412

656.9058500286035,-661.8371964670024,646.3238772385026,-664.1807648782855

655.8982969234243,-658.2746812132219,645.5745711488743,-661.9203500856422

654.5455555723864,-654.8269160900628,644.6152572253047,-659.8067770695015

652.8714201352619,-651.5851431671298,643.4271733092347,-657.8034909079773

650.9006633073486,-648.6080055274089,642.1269925053213,-655.7484587180237

648.6744276801932,-645.9055237505313,640.5428216339906,-653.7546314625783

646.2051361196155,-643.529585258555,638.6376937878518,-651.9119544965494

643.6282482332948,-641.3949133005004,636.5270497082008,-650.1646713410223

640.9925587439322,-639.458626941066,634.2685634993857,-648.5103766091853

638.3213047505195,-637.6699478640327,631.9102917571214,-646.9357562133205

635.6376789700466,-635.99121265448,629.4748922376465,-645.4138644068656

632.9569471207702,-634.3973100245402,626.9753939636481,-643.9260735916694

630.3152481811503,-632.842869165514,624.43801734128,-642.4179468657445

622.5383378867983,-628.2503253888281,616.7609686883889,-637.8094378614066

614.8443034191821,-623.6916078969695,609.0647802438708,-633.1705676550732

612.2920166886225,-622.1686495789862,606.4974068835854,-631.611774653083

609.7471259209104,-620.6399493767395,603.9283478782055,-630.041633137984

607.2081814787515,-619.1039688780868,601.3572574895453,-628.4595858784317

604.6752763291422,-617.5581693530038,598.7843622294256,-626.8624647535316

602.1489137280341,-615.998785773633,596.2105720116232,-625.2465783032948

599.6278954342279,-614.4251781742996,593.6349313275742,-623.6105680023086

597.12260710516,-612.8305453122633,591.0559858586026,-621.944732586442

594.6480956586673,-611.20683033564,588.4750306062881,-620.2419864797156

592.2103274160479,-609.5519050992008,585.9020393635251,-618.4937192879612

589.816362887883,-607.8624690830565,583.3450698443114,-616.6937435540018

587.4729041797391,-606.1356468299496,580.8138328952128,-614.8337203303803

585.1866936606241,-604.3683866827402,578.3160814227139,-612.908084385435

582.9666729016852,-602.554825135518,575.8618144472084,-610.9085548278227

580.8201757141048,-600.6911379142356,573.4600778456983,-608.8285332311668

578.7539359899918,-598.7741446931693,571.1193575782532,-606.6621371539565

576.81220233928,-596.7636509248906,568.8872842089187,-604.3669062962823

574.9772077163233,-594.6875156358111,566.7471464046229,-601.9663921127649

573.2600005670395,-592.5266141035723,564.729090412086,-599.4571046617787

571.6214047862848,-590.294360230599,562.8182617048092,-596.8820178647517

570.0561350354388,-587.9907145780612,561.0119672445963,-594.2496776245802

568.4998917330759,-585.6593424605238,559.2562980435114,-591.5959738607122

566.9865014996537,-583.2737295720971,557.5750245088067,-588.9032124915941

565.4800360124558,-580.8548075253929,555.9371017162671,-586.1899728976147

564.0334271326525,-578.3731482876927,554.3809012353203,-583.4353666555558

562.6428761598721,-575.8356935218873,552.90029914248,-580.6467929705402

561.3488797202513,-573.2287191217658,551.5306128500013,-577.8120070851725

560.1492936893336,-570.5612466790471,550.2672280506716,-574.9405682129178

559.1175005198476,-567.8107426724587,549.1749201776595,-572.0107423531017

558.1262419975443,-565.0356946867722,548.137624520552,-569.083415373528

557.1613729471431,-562.2298386780794,547.1489208048725,-566.1756432982472

555.1969103854119,-556.5436629249306,545.199844408212,-560.477382377591

554.1039082879535,-553.698403321095,544.1156903087776,-557.7324320743323

552.9340117931171,-550.8533800998557,542.9673081522839,-555.0562976920078

551.681704497736,-548.0125443702304,541.7583914726346,-552.4508950251238

550.3581975692705,-545.1716391488808,540.5290833529087,-549.9002123888158

548.941775690175,-542.3397184938125,539.2563118965417,-547.4132774882929

547.424127880025,-539.5195262206427,537.9480700667871,-544.9801820328514

545.7669415258986,-536.7273263392119,536.5523380511804,-542.6246662358005

543.9546352496824,-533.9839675776899,535.0476392959558,-540.3425128922431

542.0195894120534,-531.3113171310845,533.431492502967,-538.0992972654802

539.9610030438366,-528.7436562158939,531.6781771397453,-535.91247990047

537.7797165041857,-526.294957593467,529.7846325605286,-533.8133014331979

535.4817913160579,-523.984018135757,527.7564970943943,-531.8250979127574

533.097548275525,-521.8022062688672,525.6301890594057,-529.944425727086

530.6626782823001,-519.7481621081746,523.430930883795,-528.1545035860725

528.232489293992,-517.7831148338879,521.1878007001036,-526.3934534446114

525.8437833589393,-515.8526814968977,518.9294246659146,-524.5986196411097

523.4991645357444,-513.9369832424077,516.651750291225,-522.7572382381501

521.1965817735469,-512.0303093874792,514.3464956735388,-520.8651202766781

518.9229289934335,-510.13195494222356,512.00632884324,-518.9315478318617

516.5835337705626,-508.18056075648116,509.7000641013713,-517.0226139086774

514.0525559613145,-506.19008099118827,507.4544277648824,-515.2627229661198

511.31129563374316,-504.21136741226957,505.2614368224597,-513.6739798482998

508.3793233428478,-502.37494951453937,503.0352837602552,-512.2685222434761

505.2633971930492,-500.85542359357584,500.68615642198705,-511.1156708314392

502.0395151344653,-499.6063900596797,498.24557356649683,-510.16568833666287

498.79104202617896,-498.6563447669809,495.67222331426876,-509.4097540738717

495.5967328922469,-497.9133677110557,492.97214290672935,-508.7733621885998

492.4562967641033,-497.312123111147,490.1829506615804,-508.22649522233485

489.3583597767741,-496.7995132336851,487.3362348964531,-507.73948728841117

486.3027438321506,-496.3418775263222,484.4418497846409,-507.29136619739177

483.2734154265353,-495.90313966515896,481.52459316489177,-506.86078794746453

480.2550228541152,-495.4409996300394,478.6047620818467,-506.4366269912594

477.2432515229839,-494.9802021666876,475.67929426271695,-506.02711779004164

474.2337493234181,-494.5451350100937,472.7467050542485,-505.640702536249

471.2269895908834,-494.13167681682273,469.80706379146744,-505.2740414918108

468.2231591351602,-493.73687734816014,466.86045518920974,-504.9243764516527

465.22261747363706,-493.3569475523729,463.9069498072994,-504.5884630538195

462.22532864402683,-492.989468269419,460.94673492158466,-504.26385005500475

453.25164073339647,-491.98014906357514,452.02731664437704,-503.3072867643077

444.28032109865046,-491.0666379770122,443.0758990959848,-502.3596338856114

435.2924828948966,-490.1831980284039,434.1263572349373,-501.4439284601888

426.294525186237,-489.33229810349576,425.1895960747888,-500.5639510836885

417.29838517941835,-488.51673495516934,416.27080324711886,-499.719578786331

408.32139897024746,-487.7374166679728,407.35303967212155,-498.9094929417893

399.36025222011153,-486.9950533664113,398.4089908458124,-498.133614346888

390.3943503886597,-486.2892511017951,389.4254706773368,-497.39028025183086

384.41358586656605,-485.8236055140639,383.4007599267226,-496.8966657962701

381.4409943817274,-485.5744952566113,380.3617362018508,-496.62922062070817

378.5005075566462,-485.29506473787023,377.2959589355673,-496.3247605047724

375.59423969347876,-484.97380039714295,374.2111141127428,-495.9704049571575

372.7279458727841,-484.59969634405553,371.1112075054947,-495.5522199400242

369.8950936522828,-484.22615953778563,367.9906121628874,-495.1164769008271

367.10566689173197,-483.7863258210058,364.8591318863696,-494.59504693149796

364.36009336691353,-483.2758432191533,361.71835898943596,-493.9780675487536

361.66403317951944,-482.66473718338875,358.576187478008,-493.2295204294733

359.01951252915296,-481.9400383449175,355.4385643920211,-492.3302477441303

356.4445738776337,-481.0479221040564,352.32491490073664,-491.2300559799272

353.95003686705337,-479.96936032873714,349.2536390875172,-489.9047983689348

351.567701288396,-478.65276256009486,346.2708021529555,-488.3132181145815

349.2747915884209,-477.194457792773,343.37368315151934,-486.53171275861916

347.09537119371885,-475.6034212023595,340.5825560238593,-484.5600709044231

345.0544603348358,-473.88471778796315,337.924689992262,-482.3933443924682

343.13259330299786,-472.09521757490614,335.3861477361682,-480.06760913292

341.3097849407609,-470.2468238649953,332.975935154462,-477.5993723914557

339.61371275861154,-468.26609082269994,330.7627118492703,-474.98320728518036

338.03603334891073,-466.1446322070247,328.75454242954197,-472.24879036343543

336.5796284203785,-463.89393260800915,326.9416496786572,-469.41326798792005

335.28792653480537,-461.5047717286052,325.366399279092,-466.4720207811335

334.19055814596214,-458.9892702022334,324.0527382360387,-463.4376518452009

333.21501198382066,-456.3926400908323,322.91560638267003,-460.38037712665783

332.3323144484737,-453.71689265303513,321.9246841810098,-457.3314366891875

331.50657308101887,-450.9714722315362,321.03432822910247,-454.3081626557052

330.7096279857255,-448.16457100886095,320.20278739206327,-451.32258781658805

329.07251422874526,-442.41439412349433,318.5321559075347,-445.51205707027646

326.55134390476167,-433.7762582295975,315.92132014265854,-436.90534049395603

325.7697448757548,-430.9212203019444,315.1190598364112,-433.9792375014878

325.0264788082423,-428.07605246549514,314.37139443184236,-431.0158640507644

324.31273113379433,-425.21448720717444,313.66654088547574,-428.04570720350955

323.5773388760696,-422.3086892922418,312.96388318691476,-425.11922824176963

322.815579113663,-419.3542981661375,312.261426764682,-422.24290712246767

321.99955395998995,-416.3615986822339,311.5325843528913,-419.422371911465

321.1177146134697,-413.3330671198235,310.77107738801885,-416.6594782664281

320.13428000957214,-410.280460202173,309.9414043505668,-413.96119787954484

319.08350566670816,-407.2134943927072,308.97458136083327,-411.3316832795932

317.9132524442714,-404.17447643829985,307.87907436761105,-408.76047861275725

316.623784138305,-401.1662907544139,306.643374246947,-406.2666095242392

315.168685075191,-398.2196315501572,305.278910839636,-403.85704537147126

313.5571644731091,-395.3370193532522,303.8012685626969,-401.53674155093734

311.7743826461617,-392.5496241663538,302.1907653711315,-399.3203493745132

309.8635576605249,-389.87289914997774,300.4746821001406,-397.1680181305038

307.8483853868075,-387.3125539088818,298.65745094660866,-395.06209437788056

305.73834242665674,-384.86596322838,296.7710350438345,-392.97673567490835

303.5667396196405,-382.5107225337221,294.807099983911,-390.91885466121676

301.37842800291656,-380.21147715004486,292.78906688054735,-388.8660727174829

299.1474708468683,-377.96544534624036,290.7188296591942,-386.8471355304271

296.8512650352844,-375.75406141635773,288.6184121353529,-384.8856818071915

294.4691112509897,-373.5980649423664,286.47699128803436,-383.008316350251

291.9990297666123,-371.5094988001713,284.2943749239087,-381.2222434275337

289.4197074577279,-369.51820658244475,282.05766466952633,-379.55772952018776

286.73705664314537,-367.6485839011093,279.76871355248704,-378.00747630830745

283.98186516362864,-365.92999749166,277.4050389361009,-376.55881481500165

281.1868238144538,-364.34819420625655,274.96600224690525,-375.1881851051005

278.36830138545093,-362.8727295099087,272.46166772341087,-373.88160445428326

275.53904572495327,-361.48208674709855,269.8987702484093,-372.6243882406533

272.70637418318404,-360.1611202805788,267.2831569602648,-371.4053323511825

269.8773361540122,-358.89547373902815,264.6206953105504,-370.2132198764367

267.0609163012332,-357.6664518454214,261.91972894976124,-369.0318439414846

264.2612979565791,-356.46591648698967,259.18429131189816,-367.8548717998658

258.7473391731564,-354.08354946047444,253.64371361202808,-365.4497604364932

256.04215219059057,-352.8851034161713,250.85023755266505,-364.20531748391096

253.35735808145841,-351.67445849121634,248.05827255750103,-362.93947443238966

250.6817128122688,-350.4413499308028,245.2822103923028,-361.65325904829507

248.01245812487113,-349.1926233200688,242.51772080885323,-360.35282881607054

245.350771167547,-347.92433016640064,239.76640457232944,-359.03459250026094

242.6955820776837,-346.6380126415166,237.02706017478772,-357.7001844080581

240.04771493735905,-345.3314083916171,234.31005652084616,-356.3292164502795

237.40697770040728,-344.0044730225168,231.6108618151768,-354.9307866464974

234.77428468232782,-342.6551759641249,228.94276990389184,-353.480326282186

232.14695253306337,-341.2882718724911,226.28623209661677,-352.01473938128794

229.5241658353895,-339.9048826995725,223.6403750531333,-350.5351896263776

226.9065032480317,-338.5038562599365,221.00536633224334,-349.0407518484591

224.2937080860767,-337.08766681902165,218.3789985731298,-347.53291728544036

221.68791764999162,-335.6546102927224,215.76186814598765,-346.00911365917773

219.0878751432045,-334.20726774156327,213.15273499358796,-344.47203503565663

216.49372567224037,-332.74586154622153,210.5516703305194,-342.9218937364826

213.90627070920763,-331.2694736480907,207.95945760333927,-341.35773682736277

211.32444393642035,-329.78037501198406,205.37492612002944,-339.78194204272233

208.74987468188073,-328.2762978898707,202.79939038324463,-338.19264971201557

206.20055235667903,-326.72793545106964,200.24940662213936,-336.56298432230153

203.67979892635827,-325.1313065313108,197.72773299504988,-334.88919706332405

201.1726681036032,-323.5109605393447,195.22125804145043,-333.19474184733593

198.67287138164824,-321.88145939168237,192.72107468192056,-331.4908050812305

196.15335499395894,-320.24930742639486,190.23324764282464,-329.80346808068913

193.58380024734132,-318.61107028501544,187.77254254406972,-328.1574416622922

190.94620829009057,-316.98896019227607,185.32775765801523,-326.5764108691206

188.2075574528881,-315.44510111901604,182.82249627373636,-325.19267905449107

185.3751222690205,-313.9688088214377,180.30751306507335,-323.9354013886133

182.45437416285048,-312.5663433331158,177.7915840907884,-322.7767157110798

179.51582240124745,-311.27705592897127,175.20164326259024,-321.6872364893668

176.6427738058961,-310.0798567727121,172.49749853467117,-320.6061808164257

173.84276020277466,-308.96009878704257,169.68918057232904,-319.5309937215835

171.14036197424338,-307.87009715728067,166.80271846545438,-318.4116421187248

168.54631109004464,-306.818040623673,163.83916893385197,-317.2243036819532

166.0152679034365,-305.6679343474634,160.92520705555083,-315.90024333822396

163.41512884241655,-304.3888234949988,158.16001651587135,-314.52655627503157

160.7642341026412,-302.90063723187745,155.58522650229966,-313.0673630604878

157.99282547069203,-301.37858936534485,153.08949372377052,-311.67119808302675

155.06676101787272,-299.95112204828604,150.60483587409195,-310.4322019603055

151.97786429538604,-298.6921900765206,148.1144176571629,-309.39839473090456

148.80144468774026,-297.68194633052343,145.55314396113624,-308.5811209755979

145.6273865019018,-296.907361950138,142.883192950455,-307.9378743430462

142.4790330792295,-296.28713889600283,140.1305671957449,-307.4030955542924

139.37338765943952,-295.7477240250852,137.30936690651998,-306.91449651808057

136.31781258203395,-295.26026965310115,134.4224108777888,-306.45168860015156

133.30839448037057,-294.78744485275047,131.48914432093446,-305.98661649451066

130.31352886355927,-294.32599615518404,128.54233539599693,-305.527508846753

127.31944697593072,-293.8720102286027,125.59523632112982,-305.0760336392905

124.33187784965116,-293.4041854739112,122.64777061662147,-304.6136987795145

115.38112441067888,-292.05343453634646,113.78795226237965,-303.27591320667074

106.44961077799687,-290.7713752248261,104.89977710198468,-301.9989115341283

97.53166652170788,-289.5399637209126,95.98810026139839,-300.76727180404396

88.61384459210704,-288.34032716990777,87.0672051598537,-299.5662850562798

79.69260461950644,-287.1550759386326,78.14478948571039,-298.37986232018983

70.77139393521902,-285.96781934597755,69.22203444735436,-297.19191167397776

61.85151310477706,-284.7672667986079,60.3009033946645,-295.9906579762736

52.933115989717166,-283.553251586921,51.38145221884874,-294.77548757366515

44.0158983261619,-282.32816781104145,42.46321636134711,-293.5502629681919

35.09946735887494,-281.0952336276362,33.546065768945915,-292.31621965830243

26.183198956264714,-279.8592727919083,24.629379484057896,-291.0781818764758

17.267397365847103,-278.61841141046864,15.713086875120315,-289.8369760254926

8.351233609449917,-277.3789492663607,6.796658005114801,-288.59674404476544

-0.5655086085586156,-276.14276150107384,-2.120165622129552,-287.3596636442454

-9.482864646210418,-274.9104149090725,-11.03744888530034,-286.1265201035718

-18.400700069917963,-273.6812670218096,-19.95511491069877,-284.8970649650128

-27.318894561990547,-272.4547292023399,-28.8728756572444,-283.6695776968847

-36.237498579386106,-271.231703257674,-37.790928057167434,-282.44554801050657

-45.15605044632669,-270.009368464949,-46.70896636514809,-281.22234541797405

-54.07464601375438,-268.78840064527986,-55.62709510547586,-280.00043270096063

-62.993222450041564,-267.56815629247694,-64.54532588896033,-278.77976529845967

-71.91181003650473,-266.34870277887507,-73.4636088297061,-277.55981532426586

-80.8302207189122,-265.12851950322016,-82.38170052677022,-276.33866666576034

-89.74843780041643,-263.90732624382787,-91.29978547747469,-275.1174916924234

-98.66649418852721,-262.6852006404007,-100.21762236817258,-273.89438693425404

-107.58444715322968,-261.46239676899853,-109.13526847845687,-272.66960646710004

-116.5019746496385,-260.2364278921258,-118.05277704525179,-271.44337539158045

-125.41919580350731,-259.00799514009464,-126.9699636818027,-270.2142027049958

-134.33597002442065,-257.77592607231196,-135.88673630449836,-268.98126231705567

-143.25258698855018,-256.54214789356854,-144.8034082318863,-267.7466683884396

-152.16939234300517,-255.30902883470387,-153.72038827532936,-266.5131857694274

-161.0865910039273,-254.07778083356092,-162.63769635918612,-265.2809130820389

-170.0046635730792,-252.8522599916778,-171.55615493218446,-264.0552146995551

-178.92383555036557,-251.63426699543163,-180.4754032092737,-262.8353161337861

-187.8434047351677,-250.42481602634732,-189.39630476242044,-261.62467095868277

-196.7654283671329,-249.22485973960227,-198.31646903786225,-260.4245250548073

-205.65492839772082,-247.9765107585314,-207.25508794757678,-259.1687011346376

-208.59907331118345,-247.5190563281041,-210.24167401697167,-258.70509668746917

-211.53542461127878,-247.06940130610744,-213.2379925906846,-258.245970304293

-214.46685437510914,-246.604706315296,-216.2345750151556,-257.77064509082015

-217.32016136967775,-246.10890477020442,-219.29818718034107,-257.2395129697751

-219.98852254207165,-245.51060061411812,-222.49591407425135,-256.5347544985672

-222.43223322151127,-244.73196614113027,-225.79832906656398,-255.52674279806115

-224.68908890150107,-244.0419398381159,-229.28442978688366,-254.37940344577578

-226.63157009686165,-243.30194834310717,-232.90335403346592,-252.72622941776686

-228.266647246769,-242.27686534172855,-236.31516084962763,-250.27291865777573

-229.67450708444215,-240.7369586864704,-239.07693432123307,-247.18572984243818

-230.786256325463,-238.72644750947381,-241.11124259464563,-243.78170087312233

-231.6859148062723,-236.49636263893234,-242.62514729418695,-240.28731891200624

-232.3753192373356,-234.06977298571408,-243.68115546272907,-236.83222553588055

-232.9050460527856,-231.44295355245455,-244.36261867064752,-233.49702692400385

-233.29413315332164,-228.68480205327606,-244.8283808024407,-230.26798331329294

-233.56844449508588,-225.86978522192098,-245.15032727672866,-227.0786245724794

-233.7527993436924,-223.00693803792674,-245.36300200576446,-223.92750322918135

-233.88574637944888,-220.1004780312313,-245.5120425404559,-220.81827614569607

-234.00498150993155,-217.14531070437616,-245.63885037784587,-217.7624412900256

-234.364862293945,-208.15400206392923,-246.0059776639697,-208.74580953759872

-234.75868226536164,-199.1309149485182,-246.40274818153912,-199.7834382035908

-235.19633797735398,-190.10345877137624,-246.84077006917275,-190.83722247487546

-235.35393370578188,-187.09096398992108,-246.99848360236507,-187.86015979010324

-235.518720021004,-184.07704479978102,-247.16272692545166,-184.8848777494731

-235.69212336743192,-181.061510358719,-247.33494141939593,-181.9114103805976

-235.87313428301707,-178.04546093623668,-247.51508156247257,-178.93829073139378

-236.06382424950075,-175.0299484866543,-247.7047498880442,-175.96478451100273

-236.262391605804,-172.01481045226052,-247.90174026036945,-172.99086103624558

-236.47153761035122,-169.00035958942115,-248.10956702483608,-170.01685615193887

-236.69104345508086,-165.98665649232964,-248.3279503196004,-167.0428416106125

-236.92267091871588,-162.97395555783214,-248.55732750983597,-164.06894798324453

-237.16515037891196,-159.96223969882283,-248.7976439315238,-161.0952682301258

-237.41973578650936,-156.95173198228417,-249.05094650488667,-158.12210763383186

-237.68482342674707,-153.94237623359675,-249.32810938137087,-155.15071621149718

-237.95997764028493,-150.9342252158706,-249.6257572452292,-152.18095466981876

-238.82386529368,-141.91540596321957,-250.80309476407956,-143.302039960492

-239.7717538516077,-132.90983271536933,-252.07438120504412,-134.43592416503796

-240.76866676723046,-123.91545318430565,-253.3923558150724,-125.57895765184986

-241.77698809318895,-114.92978037852373,-254.72404456699488,-116.72748931799049

-242.78981723072965,-105.97747957672307,-256.06705388526916,-107.84978833211571

-243.50364832627827,-100.05781584121428,-257.0167026869163,-101.87432650307011

-244.2809743022096,-94.06476594463541,-258.01376863758526,-95.9384431704701

-244.72400110125918,-90.9709527094885,-258.53663151690347,-93.07210313313044

-245.18312974756665,-87.78971217986543,-259.03956872967404,-90.3054584575882

-245.7576104072264,-84.5420676202198,-259.61752078227465,-87.65748479211018

-246.48774314904196,-81.25256312001699,-260.3250222949289,-85.13341399934893

-247.52321635789446,-77.85980560324977,-261.01960645126144,-82.79370419293657

-249.1149381376865,-74.2366581439362,-261.68013074343935,-80.88027476596939

-251.74795639002278,-70.6022790338487,-262.24397097513634,-79.43536514901098

-255.38964583612582,-67.5404632223209,-263.133082766989,-78.28416549946911

-259.5683613835483,-65.54817822813943,-264.6793578381609,-77.47025071571082

-263.91033997095997,-64.44778604007564,-266.41032020932835,-76.81776083446661

-268.2513841800722,-64.24309039013694,-268.1420403181541,-76.4640922636207

-272.4299589428347,-64.49027674443573,-270.0110974267452,-76.28426982658813

-276.38297352111437,-65.45757689212228,-272.0521738768176,-76.5394473021572

-280.00196143664283,-67.0820428625826,-274.11393731957463,-77.33682957963663

-283.09756778202745,-69.39946696781614,-275.86582488470987,-78.8485117222152

-285.67026413992414,-72.11193167154373,-277.2811022959594,-80.75177712617246

-287.90480814942146,-74.88792154317058,-278.7084405938621,-82.68419426440343

-289.8596747267429,-77.68788495250429,-280.1623616577701,-84.76689151611237

-291.6693919654971,-80.43927965358803,-281.77007877157524,-86.94577519391964

-293.35143880817645,-83.14220061472705,-283.42030928311675,-89.2999660803053

-294.9488749780913,-85.76097592858643,-285.12868767392183,-91.79148804154438

-296.5188051309833,-88.26710540215109,-286.92517844065077,-94.34956325850081

-298.0802794918528,-90.66183313172597,-288.80495576422186,-96.93057232249684

-299.6523503236765,-92.92546540323484,-290.7952432196329,-99.50181406672712

-301.1653958806573,-95.11550142843383,-292.80540649083554,-102.1354586758899

-302.71923602942235,-97.18375736317536,-294.97638730279914,-104.74685755691901

-304.26681800058145,-99.23883711824662,-297.2522040696897,-107.44463146018329

-306.04690367864674,-101.01359819613877,-300.00509735547234,-109.8566814186182

-308.03767929820725,-102.31828682101805,-303.3030083950289,-111.71190455893331

-310.11411368681576,-103.0324825422246,-307.0355495922742,-112.86327432961312

-312.11430829357715,-103.21980844824763,-311.0085989338619,-113.25091991167847

-313.9174332671132,-102.82164124624087,-315.0961109708747,-112.73023244392859

-315.97996196841115,-102.18705015114237,-318.93791038167495,-111.8439832221703

-318.880857713376,-101.40741727206884,-322.27068947662605,-111.38896606523296

-321.3259336027984,-100.73958629127785,-325.74392341214843,-110.45052402509437

-323.2511077629016,-99.85832361632089,-329.3027642202786,-108.63195719577553

-325.51842607739115,-98.34157927906489,-331.97263064415404,-106.62550017914681

-328.0567528192609,-96.31024493172113,-333.9598342303494,-104.79740821917274

-330.7542271888821,-94.18919911586488,-335.7861117190465,-103.02568350054014

-333.577353222138,-92.29528171681643,-337.80146097930333,-101.29129129017953

-336.54744592265854,-90.66639124383536,-340.03893933521266,-99.74907104422512

-339.71961706139723,-89.61103663754766,-342.64650710980993,-98.97201259355109

-342.9183127218643,-88.77229490485293,-345.3406194317225,-98.40304687008742

-346.1202318581684,-88.12635377979213,-348.1006409826759,-98.02822001198686

-349.2956172693421,-87.58144259156168,-350.8996632166527,-97.71844752372198

-352.4435979385156,-87.13807395057866,-353.7485061787571,-97.48382957324768

-355.558643289035,-86.73958571649008,-356.6404285770405,-97.2755915031647

-358.6278288460898,-86.38647310133341,-359.5855423337543,-97.09940508664955

-367.65593295839983,-85.45066276923647,-368.559835697774,-96.62133519947135

-376.6139136415672,-84.98232319358094,-377.5437374874071,-95.91261799127334

-385.55505065005525,-84.56455786654635,-386.54051938055363,-95.22973835902344

-388.5341175563473,-84.4203082166766,-389.549734802933,-94.99602461514715

-391.5147678161521,-84.26715649059008,-392.5652103430143,-94.75307829523535

-394.4973969281742,-84.08712093146394,-395.5852569606686,-94.48187901820191

-397.453367871164,-83.87970380984085,-398.6431896928788,-94.17575358137233

-400.33947914667914,-83.59463626102145,-401.7639499759414,-93.77343519292305

-403.1356565045289,-83.16938094158418,-404.9406685862815,-93.2693620401491

-405.82526067751337,-82.58160907988352,-408.1583184464717,-92.61481747501705

-408.4055646381528,-81.87824623673195,-411.4125572028115,-91.77932213302317

-410.8840990697074,-81.02025271290975,-414.6672435976267,-90.70250877626317

-413.3439166497083,-80.0044685065231,-417.84437441543093,-89.42714701582919

-415.8036868979426,-78.75536840232951,-420.85905113638415,-87.96128745620226

-418.22078889928196,-77.32975226113682,-423.76562165028,-86.33488475690453

-420.30836072394123,-75.72394537169407,-426.7940347354249,-84.50249164949868

-421.89233018777975,-74.152992663852,-429.92534223243604,-82.09531167884589

-423.0992556062851,-72.58941062377745,-432.8578255824097,-79.01670176308319

-423.8907191846867,-70.73074667726934,-435.01248031167034,-75.34010517583273

-424.2801916423127,-68.68944533020967,-436.35836284911744,-71.35919713581076

-424.27302520935496,-66.56636093679163,-436.9010233072952,-67.3088263230207

-424.0139507744863,-64.24428379336067,-436.9243944557926,-63.51408701099574

-423.6243247103943,-61.63182561237842,-436.7458880437515,-60.063052576770524

-423.1101990667504,-58.88544177442719,-436.4052912179446,-56.80971618554693

-422.50877024501455,-56.15387864122371,-435.9383800628882,-53.59182730220876

-421.80749168692154,-53.44573401665803,-435.33194823151456,-50.409554499175336

-421.02289323456733,-50.75674615596198,-434.63013942179094,-47.25957010877979

-420.162604484387,-48.08564986933365,-433.8429145175578,-44.14098878641454

-419.23494750446457,-45.431074892719415,-432.9795648493607,-41.05210853256446

-418.23947808271384,-42.797966282349,-432.03868458994043,-37.99041591160903

-417.2553417554365,-40.16034221089291,-430.98419450135077,-34.96848417811695

-416.2252545141512,-37.535831060712184,-429.8402831633161,-31.98204877070813

-415.1736267906525,-34.913814552319046,-428.5979592922296,-29.038261831948834

-414.05564033214984,-32.31325940281756,-427.2851822400615,-26.128453933425995

-412.8725410865875,-29.735840309295845,-425.903519194489,-23.25396779556143

-411.6223062532197,-27.185045238422248,-424.45125122853017,-20.41795433454849

-410.30810516285794,-24.661961075829012,-422.9317159596004,-17.62120704350964

-408.92980177589084,-22.16949391390905,-421.3449207433756,-14.866328823756852

-407.48587524660167,-19.711664223398056,-419.65162684015155,-12.180503594352194

-405.98253390032795,-17.28799862493289,-417.87859988663007,-9.553078003442543

-404.41811960430357,-14.900868869804947,-415.9761726241794,-7.024119190722791

-402.80002634278264,-12.544834010176759,-414.02540267458073,-4.5459094846605925

-401.12928184471946,-10.21964752394727,-412.02780561551293,-2.117800106485836

-399.4102703779125,-7.9226962275975445,-409.98970743558857,0.26462680830824326

-397.64452664563885,-5.653368813222189,-407.91269353351385,2.6024822326277266

-395.86308031957344,-3.3865524614778324,-405.84839144361445,4.93855778383778

-394.04698265467647,-1.1368920003105192,-403.76306888150066,7.24778277385263

-392.2071907111742,1.1051015514408746,-401.6737585020314,9.546099591664673

-390.3327193383154,3.3297090372351485,-399.5570851739943,11.813884900577762

-388.42240012899737,5.534877417586181,-397.4120057478058,14.049861508064033

-386.4821713681102,7.725473019969158,-395.24443071008267,16.258754141596974

-384.50676441196555,9.88420472068251,-393.04367816492555,18.4404485136537

-382.49581905968336,11.995934179633323,-390.8019946613013,20.596634898789485

-380.4044706061459,14.008587034339783,-388.5239938222036,22.729550022650592

-378.2598099669442,15.94316328570841,-386.20239815256383,24.82897879322042

-376.09274689132405,17.82898771536629,-383.8470058799286,26.90421109592189

-373.9035694354933,19.66447942364251,-381.45650075424504,28.953994067088857

-371.69706685461824,21.45493474777824,-379.0421893450724,30.994801413818486

-369.44184392690744,23.15867982451317,-376.55338731103905,32.963374269865284

-367.1412222000535,24.77553958314375,-373.990672290592,34.85703383048467

-364.71129933110245,26.16952192352984,-371.29784669473383,36.58337848431218

-362.250807526672,27.471928150950134,-368.53641745756397,38.22547624551094

-359.7537778313145,28.682061483803242,-365.7099824915744,39.77378245516586

-357.2248488841284,29.83122959307839,-362.84211317007777,41.24240342942978

-354.65585166425234,30.90881694446059,-359.9329837654278,42.620350256616106

-352.05608296896395,31.929363560395956,-356.99043501635265,43.921468596117485

-349.4179452184769,32.8697969607447,-354.0098145991283,45.12784131744178

-346.746635356866,33.732774672397596,-350.9965011484789,46.24327089978365

-344.0805917020136,34.630099024832845,-347.9804980629941,47.35272639301273

-341.3984007634112,35.506609754366224,-344.9465931479138,48.4151120821186

-338.6896370522333,36.31992957814894,-341.8876184338506,49.3988471338311

-335.9552399992929,37.05703570063188,-338.80567754165963,50.29457850271805

-333.20151134080845,37.717488547505994,-335.7043081599945,51.10281115732859

-330.421499052033,38.26739174825027,-332.5808507497378,51.73041031565061

-327.61003339978663,38.7339723288396,-329.4662920018013,52.2312884707801

-324.7627289033111,39.11763436301205,-326.3658897230437,52.59525488179992

-321.8833177173127,39.452242414566264,-323.2889097183304,52.9001226605237

-318.9706835981567,39.744204276544174,-320.2344963883605,53.15486092250824

-316.0234474302956,39.99820336140679,-317.20160137794113,53.365305100334126

-313.06130259122614,40.230555022592114,-314.1680153252578,53.552404956871015

-310.10637826384084,40.436950865359066,-311.11180718005335,53.716107318725214

-307.1629445095879,40.629919976767056,-308.036294036171,53.867302984786946

-304.2332829099043,40.81200775364487,-304.9441783352874,54.00728405015434

-301.31958009974886,40.99102916366778,-301.8372496775408,54.14407424407713

-298.42104288751915,41.14001106505526,-298.7160970317471,54.24899763510906

-295.5348509434833,41.25673145065465,-295.58493971399406,54.31866614249511

-292.65854734438096,41.30598665814227,-292.4458000122368,54.32138317900482

-289.79362005550985,41.275092708290245,-289.29916703704885,54.24735802417558

-286.9431504950268,41.12295588236104,-286.1482391059855,54.07125639668938

-284.11070855661296,40.87730970367235,-282.99217792807013,53.804087297422164

-281.2870003517504,40.52379737045506,-279.8500082370218,53.42147299132084

-278.4437971592999,40.10556714025585,-276.74676593540124,52.97403064970536

-275.5737241862137,39.637739344903466,-273.6853058630792,52.48193678506224

-272.6671939676384,39.15140989331312,-270.66534750290407,51.98084516155795

-263.79440536620723,37.69122602885263,-261.7553802765385,50.5220997062108

-254.8529347137889,36.305734660809335,-252.897050658663,49.15686820645414

-245.923146789472,34.985061350180615,-244.01226915419534,47.85038243756047

-236.99982216798384,33.670801793538104,-235.12290932788062,46.54922309749911

-228.08814546866984,32.34735148152234,-226.22708091947564,45.234755690127955

-219.18751868680062,31.008976644944582,-217.32583826290352,43.90336163048632

-210.29811610726577,29.654266430889113,-208.41872629397216,42.55414427952437

-201.4193406793472,28.285467200323925,-199.50547359864225,41.18755092114742

-192.54462017501245,26.90875741073321,-190.5871791447717,39.830783582723065

-183.66951227471748,25.516627514770434,-181.67250747763933,38.46211267321613

-174.7942851126,24.107528240689675,-172.7621407268032,37.07770627728134

-165.91878336333377,22.683177396423694,-163.85618587479712,35.677700597979765

-157.0431672071586,21.243398435299596,-154.9546836692985,34.26293694720434

-148.16707161197544,19.79151154716849,-146.05717699854583,32.83738279034284

-139.2902495178874,18.32987922007477,-137.1636384097214,31.402605956229518

-130.41284284932473,16.859685114775044,-128.27378011931748,29.96056567525914

-121.53463340792914,15.384835238925492,-119.38709180136641,28.512495117936396

-112.6556394759947,13.905561590540085,-110.50271731107163,27.062518833292305

-103.77516026500766,12.425483097207557,-101.62041500894776,25.611925083640685

-94.89278267662928,10.946648501096835,-92.73975544424592,24.16293167955094

-86.00822358086366,9.470264781585653,-83.86050066940916,22.71657692889331

-77.12072313845489,8.000330703679081,-74.98188347802588,21.277250139439786

-68.23024151993494,6.53689069644799,-66.10360640385089,19.845930146624408

-59.3370650253202,5.083710937471095,-57.224350366703845,18.424722165890415

-50.44162778811455,3.6433062255443254,-48.34303697681179,17.015685435789443

-41.54382015016313,2.216374449237919,-39.4594884139101,15.620536278605474

-32.643071520618314,0.8070167538771598,-30.57323972000178,14.242546642341814

-23.739860979832304,-0.5874960452186428,-21.684560330039837,12.880398016498846

-14.834164182174945,-1.966640421994775,-12.793639021081919,11.533226254898139

-5.92621764008029,-3.3316249992657836,-3.9008308034409485,10.199028296557508

