5.391984939023137,0.5330139301541319,-6.224680796342239,1.657877563128385

6.263894550169414,9.491693039842593,-5.340217438528332,10.615428656193789

7.13428145168516,18.450220317605087,-4.457257847885229,19.573009033047224

8.003379038311863,27.408589182380492,-3.5755703180931246,28.530611758399512

8.871447972743773,36.36679058594049,-2.6948937031369105,37.48822713337189

9.73868820939349,45.324821472724906,-1.8150317423245559,46.445851877425575

10.606296822617256,54.28258207115394,-0.9357717776713939,55.40348122937003

11.472608790660635,63.24025055019542,-0.056799166467196294,64.3611006137376

12.338861420253618,72.1977234657672,0.8221316916412693,73.31870221518125

13.2052892516054,81.15499472651722,1.7012525615430274,82.27627961673937

14.07210687570917,90.112060230538,2.580783258300632,91.23382760968495

14.93968647382463,99.06890050676246,3.4610968083505487,100.19132603893836

15.807967176995742,108.02553842257682,4.342120914742455,109.14879828807632

16.677423212041298,116.98194454005102,5.22434408684522,118.10621291562576

17.548356540148312,125.93810615925595,6.1070655563345,127.0636552641044

18.4209156971721,134.8940256277708,6.992421128064055,136.02093177401753

19.295216685392283,143.84970846849288,7.879542883279214,144.97814404522256

20.171770333408073,152.80512137996934,8.76893270070228,153.9352586476703

21.0506431168648,161.76027392545421,9.660657349774588,162.89228598845398

21.932063250402187,170.71516307790336,10.554948899810393,171.84921650410422

22.817366112706992,179.6696621755658,11.452147535802219,180.8060430652458

23.70475329184291,188.62413873032233,12.352410523582797,189.76258100428967

24.59487956223657,197.5787299476255,13.25535269325686,198.7186476329646

25.487308415791478,206.5334815836975,14.160538025824156,207.6742611824161

26.381672740752347,215.48841421073487,15.067597712164435,216.62945220428574

27.27721342638214,224.44359286366392,15.975774572239,225.58428549682256

28.173600701389876,233.39903812245294,16.884735478423515,234.53878456787993

29.07009664235602,242.35481218239903,17.793742954055524,243.49301344701644

29.96670676132174,251.31090218779488,18.70280741700249,252.44696084683372

30.86245451031329,260.2673945027472,19.610950258957924,261.4007153484039

31.75689268279057,269.22432206899396,20.517719720085285,270.3543123693721

32.64983678947811,278.18169152231224,21.422940969151043,279.307759584015

33.540481375691144,287.1395719668567,22.32580140047404,288.2611288211628

34.428405185918876,296.097993877147,23.225886430093645,297.21445189405114

35.31362023010555,305.056944830685,24.122976604727313,306.1677413445487

36.21975308513296,314.0140799945989,25.03422216196668,315.1192939860463

37.13465772992036,322.9706202020005,25.949398952014853,324.07013329187697

38.05273257883476,331.92712794350473,26.868029310838185,333.0203144815058

38.96166812699575,340.88481047438205,27.777296835327974,341.97109211839415

39.864668944173516,349.8433432415929,28.680807406061227,350.922112664218

40.76179135271187,358.8027360465204,29.57895210065223,359.8733175488653

41.65237662249537,367.7628727621054,30.469710376466143,368.82507078032927

42.527151846825895,376.7243745479032,31.356678822840088,377.7772783467092

43.3400225647563,385.69149791340647,32.2196133378876,386.7318778527833

44.146550912378636,394.6589809575848,33.08123197586516,395.6867151149447

44.94701820906269,403.6268007136199,33.93682165713383,404.642238741119

45.74289968093059,412.59482827067836,34.78670258269168,413.5984201059283

46.53188614118638,421.56328126394334,35.630697057562045,422.55527696890994

47.315757738942175,430.53200178459497,36.469601006382334,431.51273791493657

48.094668090432805,439.5009816879043,37.30358014109878,440.47078955471153

48.86836475102431,448.4702489577574,38.13237473859092,449.4294563529546

49.638646228686795,457.43964839528473,38.95695216080107,458.3886527802716

50.403457936571115,466.4093683536598,39.777118232122916,467.3483974271005

51.16429742211087,475.37928060850135,40.593351526087,476.3086489345663

51.92078930379381,484.3494231382458,41.40526463794708,485.2694421564621

52.66566615854288,493.32043317119616,42.21141324620768,494.230902989478

53.36943247604251,502.2948642636093,43.003588879288955,503.19374144606064

54.06930592729427,511.2694678297243,43.79349760933914,512.1569361186422

54.76843595251116,520.2439803106087,44.58244183512999,521.1203772567

55.46081108896198,529.2189272072555,45.364235729409785,530.0845982967887

56.15212608168247,538.1938263558694,46.145022597943345,539.0490716186986

56.8544703154798,547.1676567530736,46.91825759541872,548.0143573888708

57.5909995138569,556.1384673424484,47.67360327769048,556.9813317741953

58.336951662080075,565.1083862775246,48.450446336516634,565.9466472455498

59.082929540998634,574.0782186937189,49.23216703578116,574.911724958274

59.826486137470724,583.0481752151301,50.01148801216158,583.8771833611418

60.56940464469727,592.018108106583,50.79018905362625,592.8428723065975

61.3116601997785,600.9880227097776,51.5679081684004,601.8088228348354

62.0529043867928,609.9579514347139,52.34432751979431,610.7750620060281

62.79314748276188,618.9278963548886,53.12116228556691,619.7414457669195

63.533514794982565,627.8977657949374,53.89665783264401,628.708122066335

64.27388553593707,636.8675729284391,54.67291861313032,637.674914202896

65.01443368888599,645.8373060995231,55.44837798736072,646.6419542321063

65.75470947088583,654.8070061461265,56.225121101615976,655.6090670853662

66.49609801259787,663.776559517603,57.00191999479486,664.5763563778208

67.23751942940817,672.7460602160486,57.77925797880875,673.543781810161

67.98147949926151,681.7152998473721,58.55912151079312,682.511176163771

68.72566354530052,690.6844770123076,59.338789659269295,691.4787691550072

69.47160482447845,699.6534642345615,60.120954873898114,700.4463346947759

70.21911355026347,708.622284613485,60.90397222955032,709.414008490998

70.96859966061047,717.5908917545879,61.68952083760851,718.3816634057333

71.7203352698724,726.5593457316324,62.477328016631056,727.3492384603067

72.47407654278642,735.5278136527098,63.266453959564,736.3166033447764

73.2295464380848,744.4963181001158,64.05813718170447,745.2835365424343

73.98605573149577,753.4648445600634,64.85036454796214,754.2501663863363

74.74417953260419,762.4332857629695,65.64417209965467,763.2163436390139

75.50279998032858,771.4016757110186,66.43784961140469,772.182159319262

76.26102104664389,780.3700306288164,67.23216428179495,781.1474901787298

77.01949772461792,789.3382328436414,68.02662942429518,790.1123211653901

77.77869062646485,798.3061816174929,68.82118806930869,799.0766002424386

78.53614227735191,807.2740272993761,69.6144363938989,808.0403912818053

79.29323499509702,816.2415900233981,70.40643644670585,817.0036319542797

80.04747372982563,825.2090227518105,71.19728953594607,825.9662567954023

80.8014312690108,834.1760443258245,71.98643895296263,834.9282568105247

81.55302603792994,843.1427720309517,72.7732528526771,843.8896295813004

82.30185404964494,852.1091803919444,73.5577389299026,852.8503170554441

83.04693720606295,861.0752879942794,74.33846369314998,861.8103875330892

83.78988536836977,870.0409110333424,75.11702347700376,870.7696374970993

84.5293441204438,879.0060569386028,75.89155069007761,879.7282141905032

85.2650418761169,887.9708639113576,76.66231965844034,888.6858688719325

85.9947456967318,896.9348049951723,77.42763597090843,897.6433159700288

86.72194893775202,905.907026041092,78.1898030759127,906.6011163294503

87.20421692443858,911.9808031265902,78.69049781240764,912.6143343958036

87.43354935726421,915.0425951258604,78.93423462018569,915.7005135453451

87.61962787409138,917.9296312127015,79.17624554227974,918.9732486241113

87.87040636432812,920.4674532241488,79.620153839773,922.4502481778835

88.31060331129976,922.5824770121953,80.43344355994772,926.170213173108

89.12754842328098,924.32499613257,82.23801730888182,929.8476761171287

90.49035745231822,925.5488838253755,85.39364711036663,932.6501172434615

92.19628660086414,926.2896718846629,89.22673117284555,934.2700769339899

94.21140890351559,926.5785283626278,93.16655539967566,934.7564310842962

96.45230282918695,926.275600075667,96.8937981785712,934.8590227184129

98.95515642795282,925.7461635761864,100.37747366513845,934.4241838587938

101.81279393650796,925.208869286459,103.58065594689249,933.7376410842993

104.94757228596869,924.5926985574897,106.52189197037545,933.0727696600143

108.28989576190895,924.1074492094177,109.22167644999615,932.5958255719038

111.79568595598607,923.959398999677,111.6975679430035,932.4314423506486

115.45253250419664,924.3287859783602,113.91332082992827,932.7003480235749

119.15872404334618,925.4209935074595,115.85643865685573,933.5112951330029

122.67238400343729,927.2498275808691,117.78952312674399,934.6330911454334

125.78849602461295,929.6391961159569,119.6963250617308,936.1476649815869

128.43331259172217,932.5185848323154,121.38408362959015,937.8788077572339

130.56278305999737,935.7415214423605,122.62691002877264,939.7170517089274

132.12190021404422,939.1552392428883,123.42336251424612,941.6406826653932

132.87136681741342,942.686738716161,123.99970024172706,943.7204039750424

133.0177063346875,946.1687891083311,124.2887504603967,946.0372913435975

132.68423847639224,949.5331488395673,124.01086379713638,948.5462199898041

132.0440552086252,952.7644224849072,123.49311566230872,951.1973075686881

131.1906229491868,955.8623402067501,122.79176908538776,953.9675275448309

130.34844301995793,958.8656949010569,122.00545482319865,956.8417941502793

129.5273414191205,961.8203232126094,121.19142012195736,959.7548518646081

128.7872660211103,964.7889850845213,120.3727838649965,962.6608413068451

128.03051044163303,967.7461278349506,119.57684930735843,965.569315367869

127.25678572141514,970.6923778988383,118.81516054725297,968.4835569086661

126.4741463470061,973.6298848720428,118.04368576192059,971.392850701142

124.08720326435521,982.39636005855,115.68372096824832,980.0969366423393

121.66612215259666,991.1052461122457,113.28060564946698,988.7773306411813

119.24649055878363,999.7724317399119,110.86966330874225,997.4501181947098

116.85789016127232,1008.412119135174,108.47965667971765,1006.1293953445762

115.2992513688757,1014.1641914499071,106.9158293072834,1011.9271065111714

114.53321347194729,1017.039467144838,106.14594038358251,1014.830963690025

113.77787616130111,1019.9150522691762,105.38579026282663,1017.7389246424362

113.03493231652718,1022.7916361235226,104.63667490570427,1020.6515665250382

112.30511209748916,1025.6696601593194,103.90015123831593,1023.5695297420748

111.58961974037511,1028.5496928312507,103.17753538685017,1026.4933884139127

110.89273007690161,1031.4330375499792,102.46733509061576,1029.4230434567196

110.21381681629592,1034.3197844228741,101.7725049303266,1032.3594960488845

109.55518654621864,1037.2107285193651,101.09379863143134,1035.3032109923483

108.91539662457426,1040.1058161808933,100.43370932217263,1038.2550463008208

108.29555783010262,1043.0056038207292,99.79348454636198,1041.2155680154453

107.69713924124198,1045.9107491903703,99.17391152535423,1044.1852248025427

107.12203714803766,1048.822063155007,98.57785988876472,1047.1643426047897

106.57491551568239,1051.7400778971144,98.01298273974122,1050.1534315860417

106.0604518872717,1054.6647478105149,97.48493112910323,1053.1526013966752

105.58128296190242,1057.5955602735482,96.99724270269077,1056.1614085650547

105.12937004185652,1060.5302408164287,96.53710857695681,1059.1767249985526

104.70539079097982,1063.4681428525441,96.10534587273234,1062.197954603082

104.30984511120847,1066.4086073607002,95.70297541647365,1065.2245384669257

103.93322038867502,1069.3497230500786,95.31105860217654,1068.2533805703952

103.5743858846928,1072.2910060338072,94.926806766992,1071.2841221464785

103.238360118541,1075.2327351051185,94.55983801356342,1074.3179173696483

102.93288225605258,1078.1752862501944,94.22250831836513,1077.3558352474956

102.662051662211,1081.1184442364226,93.92064264073565,1080.3979039351698

102.42650761445444,1084.0615888703414,93.6549721819849,1083.4435915885924

102.22732023158407,1087.0042105278112,93.42668713345314,1086.4923365270465

102.06443142059906,1089.9454918502702,93.2382295409868,1089.5438958388404

101.93880815932228,1092.8866015233666,93.08918826657234,1092.595922529228

101.84898283002542,1095.8299244650887,92.97849043351657,1095.6455176141303

101.79341583565403,1098.7760009660835,92.90338586029476,1098.69213764843

101.77013883337537,1101.724788734364,92.86170361458952,1101.73587607165

101.77704210269486,1104.676379429551,92.85115208265972,1104.7766832812817

101.8125786322019,1107.630814744699,92.87000022822399,1107.8145498823035

101.87581409735809,1110.588107430472,92.91713441528942,1110.8494274387695

101.96729358706294,1113.5481758758524,93.00542893405526,1113.8807238240222

102.08545804135082,1116.5109597871017,93.13462614619995,1116.9080025617204

102.22617703644414,1119.4765326023717,93.28604601620181,1119.931783835851

102.38592225547289,1122.4449907429582,93.45648734374373,1122.9521834931174

102.56196632392005,1125.4164476085018,93.64366155811578,1125.9692588410335

102.75207450949766,1128.3908905107994,93.84473105059989,1128.9832314665641

102.95419557972527,1131.3686938788562,94.05751771367464,1131.9938366614545

103.61681028731668,1140.3178326469542,94.75046829278399,1141.0110270139096

104.33274255325864,1149.2835876550791,95.49460700816486,1150.0130070028483

105.0755820821883,1158.2615777310396,96.26349544436891,1158.9999512630698

105.81902337165262,1167.2494536499207,97.03072869119453,1167.9696387866388

106.53480611455788,1176.246331923984,97.76801040842203,1176.9186355399117

107.19657620261658,1185.2423753589637,98.45059699695435,1185.8539167748336

107.8059223560174,1194.222395187966,99.08259906461029,1194.79553263229

108.39229046313126,1203.1849987625865,99.69389627372621,1203.7531107071804

108.98840873356004,1212.135211202067,100.31699060347077,1212.7290164101908

109.62590047914257,1221.0767925689036,100.98382637427483,1221.7272224517753

109.85327267490895,1224.0561201369944,101.2215939418648,1224.7321748660452

110.0901563832786,1227.0350762171731,101.4692220303513,1227.74004421511

110.33690169964065,1230.0134785186597,101.72708886599499,1230.7505525783351

110.59562753032085,1232.9907591893752,101.9973467546923,1233.7631123454344

110.86742767695824,1235.9664196934307,102.28113012746535,1236.777223506333

111.15304130697561,1238.9399978520187,102.57922433872719,1239.7924189497942

111.45446343739827,1241.910906011566,102.88663422079131,1242.8088458444438

111.77592265435308,1244.8782888144183,103.17694787686143,1245.8291621448793

112.11731386206382,1247.8417172907357,103.46501527078419,1248.8519042325156

112.4797952195903,1250.80062855994,103.75137278005018,1251.8770951449344

112.85431089292489,1253.7557820729444,104.09354853459392,1254.8973981502686

113.24581599247514,1256.7063009517608,104.47344352389725,1257.9142756493031

113.64860263623179,1259.6527574282895,104.92139442761027,1260.9226557821728

114.07449106198249,1262.5932616838998,105.39341118777097,1263.9278920165777

114.52455830939454,1265.5273236522878,105.89064286249078,1266.9294537041599

114.99975069728532,1268.4544756182936,106.41359983099079,1269.9269174678145

115.50086861999701,1271.3742813317845,106.96377123594935,1272.919704619329

116.02866212025441,1274.286325755807,107.54290125051216,1275.9071731699141

116.58525153250753,1277.1899329183393,108.15183683275795,1278.8888348804705

117.17168684539479,1280.0846111633252,108.7917204654061,1281.864147897906

117.82702308352594,1282.9613666388343,109.46471368579547,1284.8323391929412

118.52200400420621,1285.825497166509,110.17104289010754,1287.7930398623232

119.25431505000869,1288.6770070659234,110.91232721206863,1290.7455742349346

120.02005355465026,1291.5164648153973,111.68915280484863,1293.6895071801025

120.82022378631096,1294.343344771729,112.5026524313661,1296.624277465385

121.62833788386358,1297.1650479165717,113.31232853949386,1299.5613150163715

122.46565345413586,1299.9761204098882,114.14997936866018,1302.4925778693546

123.3307685751492,1302.7771925154289,115.01261188201636,1305.4193604255345

124.23482415939847,1305.5648733044497,115.91689266053403,1308.3367232424887

125.17887020198798,1308.338773204345,116.86400377182441,1311.2440883210904

126.16367487376029,1311.0982762379851,117.85628151422793,1314.1408074239698

127.19096808925373,1313.8439154514876,118.89952284855849,1317.023187568605

128.2629473152369,1316.5783701038613,120.01253758023913,1319.8788478165363

129.37558583624437,1319.3043989056061,121.17992725104381,1322.7102015767975

130.52592652184168,1322.0222385649367,122.39758969599151,1325.5179791610042

131.7101892554639,1324.7328965527477,123.64606131616203,1328.3094410822664

132.9258746846356,1327.4367276979847,124.92308868565634,1331.085032251534

134.169291104045,1330.1346486640007,126.2251928008416,1333.8456944779982

135.43831394656561,1332.826845463338,127.54991776068107,1336.5919077062322

136.73006625962864,1335.513847674453,128.89421711775879,1339.3243963572727

138.04195135374457,1338.195999861757,130.25424024967202,1342.044324693972

139.3719364151979,1340.8735183064637,131.61989328919807,1344.7558298829867

140.71959753078661,1343.5451801762895,132.96078250466311,1347.4741080026104

144.82063272918654,1351.544960344956,137.01171405085012,1355.5673513738489

147.56891286720887,1356.85187675838,139.72449660999288,1360.9322923522036

148.94774346664616,1359.4819126355058,141.09794044226757,1363.6149533465123

150.33726957646545,1362.090132126437,142.49344299020444,1366.2972041311784

151.73273289798075,1364.6815605867034,143.917185471161,1368.9754087493152

153.1494060030448,1367.248877082535,145.37705570962143,1371.646922608341

154.59344681825064,1369.7904128858402,146.8815253136034,1374.3078657782323

156.0755606080516,1372.300805270674,148.43768728700928,1376.9562180719881

157.60442216182688,1374.7829541023043,150.04851764652147,1379.5836982738194

159.18197273290502,1377.2450326709325,151.7059086163962,1382.1832046250695

160.80605200344633,1379.688194247928,153.40617652296308,1384.7534274461843

162.47168804475658,1382.113329633833,155.14478331858538,1387.296026724926

164.20144746189004,1384.501922142593,156.9401240740064,1389.7953765250534

165.9882485479102,1386.8553133840448,158.78542830753912,1392.253136443543

167.83837937249746,1389.165328925233,160.68620693788637,1394.661572578806

169.7212675740238,1391.451061133774,162.61534348490144,1397.0394592125888

171.62886273871425,1393.7143286397963,164.56773582879575,1399.3928111501202

173.55954967424498,1395.9547617295505,166.54394090338215,1401.7225291778864

175.51307934412227,1398.1726869459465,168.5434102603874,1404.0286030496254

177.4327317937794,1400.4165639276523,170.52682334115656,1406.3446687829708

179.36072850566663,1402.6523336773005,172.52305175103263,1408.6473403371197

181.28784342916128,1404.888869180399,174.52517170115965,1410.9431733208867

183.23816956256977,1407.1052737772077,176.55055489566712,1413.2170109004885

185.21132299478262,1409.3016612390904,178.59874643015814,1415.469006523453

187.2069180689627,1411.4781485689896,180.66874348493897,1417.699840583916

189.22680586336395,1413.6326827381072,182.76234542646552,1419.9075215840817

191.27720508373505,1415.7587165809998,184.88480597897734,1422.0864720263023

193.3496274775108,1417.8640336029302,187.02852705703168,1424.2436477947977

195.4435401884471,1419.9488589448345,189.19303062937644,1426.3792374042278

197.5574702584361,1422.0144155783435,191.37794171740865,1428.4933295236633

199.69190969025485,1424.059914334067,193.58256571758218,1430.5863544587792

201.8482146161557,1426.0835572950944,195.80673757402477,1432.658191974476

204.03518299099488,1428.0751588849275,198.05151348539755,1434.7073518159516

206.2501598234689,1430.0367142209004,200.31615118936287,1436.7342577689697

208.48329979627232,1431.9786572634619,202.59889406697954,1438.7405282478455

210.73419864331404,1433.9011509939146,204.89922472989835,1440.7264453024934

213.0026837573603,1435.8040859118173,207.21672771490492,1442.6921821088151

215.28324966042854,1437.693796787672,209.5516820410072,1444.6370747197657

217.5765955828745,1439.5694045887917,211.9035786029453,1446.561376226609

219.87968507929648,1441.4346283128002,214.2728300768976,1448.4641956837534

222.19810675942932,1443.2824214580653,216.65780383437485,1450.3471830582891

224.5323210492227,1445.111879913759,219.05771571757688,1452.2109964986505

226.8819661312477,1446.923113618123,221.47268652465436,1454.0551363757645

229.24669474427034,1448.7162089866054,223.90231459230674,1455.8797651531822

231.63679001753565,1450.4767810447822,226.36777593950347,1457.6556346468853

234.04609310347067,1452.2122118123416,228.8569349226926,1459.3977632350068

236.48160911608701,1453.9112167687927,231.3855021702827,1461.0836571214327

238.9297251392056,1455.591341963197,233.92664844057578,1462.7500180246545

241.39038304983984,1457.2522417596601,236.4802817454969,1464.3964723026654

243.863450120418,1458.8936373666845,239.04627176261204,1466.022740618706

246.33862950923037,1460.530567367888,241.60271592536517,1467.6613160940103

248.79194237956233,1462.2001166737477,244.09877622460334,1469.3913498005684

251.24851191663004,1463.8654649973353,246.58834494002897,1471.1343348868784

253.71084324836121,1465.5230405012,249.07676020048666,1472.8831523025308

256.18700986264037,1467.1600191736466,251.58016879836472,1474.6126872309926

258.6790323300767,1468.772607488253,254.10286554959387,1476.3154836200965

261.1919929266237,1470.3516013872302,256.65393108733093,1477.9754970193358

263.7477448192406,1471.8583749055356,259.27076703902736,1479.5269420185227

266.33821038831604,1473.3035373055677,261.9395716376891,1480.988266863048

268.9400587464249,1474.7257831444465,264.6203006944051,1482.4262365251113

271.55321621061574,1476.1247295891171,267.31288576544443,1483.8404500428567

274.17769950022466,1477.4998197148343,270.0173473220132,1485.2303333906661

276.81305716591964,1478.851364034588,272.7332311966877,1486.5961905816325

279.4592109307229,1480.1790039212497,275.4604601675769,1487.9376483885758

282.1120258060446,1481.4904252997176,278.1944164006621,1489.263336713462

284.7646112670101,1482.7996467952692,280.92746838513034,1490.5888292072714

287.39458388677076,1484.1542363448054,283.6347348111641,1491.9670464987596

290.0331882442973,1485.4922656020021,286.3513752052751,1493.3282830287276

292.68143729994716,1486.811627399297,289.078409557263,1494.6704056987262

295.3540066391269,1488.0794735236814,291.8305968183835,1495.960366682528

298.03827862931996,1489.3221973033112,294.5952466855728,1497.2246975193277

300.7294876133277,1490.5505561390348,297.367563741983,1498.474204769056

303.43267331772506,1491.752778355343,300.1526235969226,1499.6970222374575

306.14774545658815,1492.928586911209,302.95032341931477,1500.8928498653534

308.87450730369807,1494.0779170569444,305.760698475722,1502.061116139726

311.61818836813677,1495.1866543812205,308.58759601727957,1503.1908365685292

314.3896557139333,1496.2264869414382,311.4376000863005,1504.258683232349

317.1877381792588,1497.1990465561635,314.30855262318045,1505.2638219781245

320.0065562024902,1498.117127313947,317.19547801251565,1506.2173229986154

322.8341785279808,1499.0133424035103,320.0879031876585,1507.1477351999126

325.67084295970653,1499.8869179314024,322.98615539880194,1508.0540247160982

328.51624054585545,1500.738573750722,325.88981159000895,1508.9372237437158

331.37018317591236,1501.5685884131942,328.799003390217,1509.7965756428437

334.2320666295444,1502.3785192136252,331.71301473786144,1510.6339117237753

337.09847789840006,1503.1793846436833,334.6284027088424,1511.4602826526386

339.96736738699275,1503.9783967915785,337.5441328748023,1512.2793612326423

342.8312754739141,1504.8020871791027,340.45477395412996,1513.1103051737919

345.7015947491208,1505.6115991548368,343.36819554830026,1513.9261585470188

348.5778084354412,1506.4080341755018,346.28389906328016,1514.7279663551028

351.4591877139399,1507.193118696436,349.20157530717177,1515.5162117626778

354.3454228021437,1507.967622442163,352.12032627298487,1516.2929608253464

357.23489929534907,1508.7326245234478,355.04043189052874,1517.0605037297025

360.12525248667885,1509.490485397569,357.96239439476943,1517.8225389362406

363.0166307787651,1510.2393785666475,360.8869724706214,1518.5768823583135

365.9054626339121,1510.993488265756,363.80936143969376,1519.3421791861485

368.7959585165641,1511.7362138746348,366.735050607638,1520.0970831448465

371.68854715377006,1512.465513499193,369.6644409197463,1520.8396892860674

374.5832095730584,1513.18109838179,372.59782319299546,1521.5684839718322

377.48000777589215,1513.8823648568568,375.53523679060646,1522.2829563220168

380.3789143952057,1514.5691044932344,378.47660861019654,1522.9831041952798

383.28514678964257,1515.2173629960037,381.4205268549966,1523.6750590273477

386.20696480190304,1515.7864756371287,384.364533802879,1524.3705647572253

389.1304633157123,1516.337273380569,387.3131099631361,1525.0495688611518

392.0555303468911,1516.8695896015272,390.2663589496752,1525.711407557222

394.98212043907506,1517.3831077276263,393.2244766731295,1526.354796897963

397.91010193093507,1517.8774693085422,396.1875455429955,1526.9795237820388

400.84027255070845,1518.3518260674346,399.15491781900573,1527.584709198199

403.7733963801724,1518.807837710391,402.1253306963172,1528.1708657964841

406.70960279649245,1519.2459740602364,405.09847491176464,1528.7385082952578

409.6330086763945,1519.7632354011982,408.08349839997726,1529.231702971062

412.55855908039933,1520.275907837568,411.07143481269065,1529.7005626577304

415.48585937603787,1520.7876693349654,414.06225066336,1530.1444186180252

418.41732007802887,1521.2834547556065,417.0545694573488,1530.5716024393948

421.3527762797207,1521.7639451549608,420.04826377120906,1530.9828417462315

424.29198875057904,1522.230384771167,423.04305249155567,1531.3800120577594

427.2348878209597,1522.6828275294595,426.03901031308845,1531.7624778548086

430.1813506644163,1523.121664259112,429.0360971366343,1532.1303198771286

433.13120001939774,1523.54770196763,432.0341079213885,1532.4848924045177

436.0842906229715,1523.9615114920998,435.0329410938165,1532.8267924470385

439.04046486142164,1524.363769570114,438.03241897557626,1533.1572816472367

442.0000224674406,1524.7510409511483,441.0324542641169,1533.4768973479731

444.963450140818,1525.1176171914879,444.03285815769146,1533.7871070701542

447.93276774996457,1525.4422848422125,447.03302835912075,1534.093461350944

450.9063589023723,1525.737301746688,450.0331580140276,1534.3942152727795

459.8385279594385,1526.57315327922,459.0347088879854,1535.2458309849244

468.78570054064096,1527.3460413592247,468.0358550930723,1536.0325932931617

477.7449357311439,1528.071941539284,477.0336719047377,1536.7707752910267

486.7134247590943,1528.7668693179055,486.025078811977,1537.4765800113805

495.686051223067,1529.444237209059,495.01057441498534,1538.1630091600075

504.65942423865056,1530.1081814864503,503.9928087453829,1538.8376418387259

513.6333045950087,1530.764621958086,512.9720428459558,1539.5035167499805

522.6078629727847,1531.4164602492647,521.9482802801797,1540.1645086013093

531.5831524970635,1532.0675082385944,530.9215821147584,1540.8244326522076

540.5592443950785,1532.7215295142855,539.8920737862658,1541.486076401077

549.5361939496428,1533.3823932231123,548.8596461778719,1542.1554493273381

558.5140647983044,1534.0541079870045,557.824411688832,1542.835374199558

567.4928916246023,1534.740165391926,566.7865055384457,1543.5293332419897

576.472912450323,1535.444759593774,575.7457355947626,1544.2416452589598

585.4519715043199,1536.1708313760594,584.70450983862,1544.97407272617

594.4274000178528,1536.913396856722,593.6659559396593,1545.7246804937574

603.398223282356,1537.676412636838,602.6301560252076,1546.4940242005493

612.360911294978,1538.4986483207251,611.5944891170159,1547.3084506042605

621.3201424923545,1539.3246608020454,620.5624833248839,1548.1261785464694

630.2772348809947,1540.1385243221,629.535330979543,1548.9323423489498

639.2325915596126,1540.9348691380394,638.5135409243046,1549.7199658864215

648.1869300416096,1541.7043924385086,647.4976150258708,1550.4824163358387

657.1407979041201,1542.4406431084524,656.4880348816458,1551.2124326867483

666.0945104358788,1543.1369107370322,665.485566395176,1551.9028300616997

675.0506680288994,1543.7883329394658,674.4881382743007,1552.5473449176313

684.0133366933707,1544.37339738604,683.491604886312,1553.1549596462792

692.9949817251858,1544.6604737973676,692.4898435474141,1553.824337919168

701.9803236806678,1544.8809991215335,701.4881975856965,1554.4683309258066

710.967477351067,1545.0683879220987,710.4864717043214,1555.080675077465

719.9561755559395,1545.2286755600876,719.4839557203954,1555.6639966617183

728.9463801086769,1545.3634091906497,728.4797853386026,1556.2236512155084

737.9378029382881,1545.478852380383,737.4732164007827,1556.7632216925758

746.9304689290238,1545.5770361684863,746.463391364252,1557.2858293591623

755.9237836129423,1545.6632016449394,755.4498574500632,1557.7968143181242

764.918013020731,1545.8184435364349,764.4321129489717,1558.224628944628

773.9026239223133,1546.5220553884092,773.426270790232,1558.1321694936075

782.9018489551469,1547.2597929747485,782.4174868268063,1558.0767874998298

791.9184933928351,1548.051680087577,791.412275895932,1558.077903849388

800.9521537053004,1548.92070106134,800.4191036050215,1558.162684186704

803.9725916538034,1549.230094493807,803.4206178012032,1558.2121315586546

807.0640937161404,1549.562184529873,806.3547850006005,1558.2732337128186

810.2584897328248,1550.005374872078,809.1595520915164,1558.4141723958408

813.56667843194,1550.457007959585,811.838642917824,1558.6561399552813

816.9516830490752,1551.2263925604866,814.3851566580057,1559.1434522736188

820.3279097150163,1552.4305403193857,816.7793572143108,1559.9872214406448

823.4729339961666,1554.2776221927118,818.9535302803326,1561.1693200816565

826.3076500880045,1556.6879643436498,820.7717511978518,1562.6787632067624

828.7099089470977,1559.5539075227075,822.0131195714521,1564.6257019965033

830.4901205112313,1562.71894160052,823.0812022176862,1566.7548291015487

831.7491637980235,1565.962698941673,824.033635284559,1569.140105306178

832.8858702606117,1569.1085142975267,824.9932667875701,1571.681934850073

833.8214107837298,1572.1822279904306,825.8384075265401,1574.3540625937408

834.6915130485759,1575.168044031765,826.624419630467,1577.1125288427786

836.2447664690678,1580.9529618361444,828.1370467979905,1582.95020844335

837.0470842799945,1583.709601284387,829.0005186497322,1586.043534652933

837.9205651114229,1586.2752287378808,830.0420350268505,1589.214655511103

838.6118712982453,1588.727724105275,831.0658386322641,1592.557832253157

839.6787783740717,1590.8490407238023,832.7293102517858,1595.8078372306677

841.1744010259481,1592.6209726969544,835.057130404368,1598.715485499708

842.8729121256162,1594.237738495553,837.828339665374,1601.1940165504752

844.8411017815872,1595.4912938500283,841.0295874316698,1603.130908609792

847.1175558241001,1596.0694295758597,844.5731763422632,1604.207685446469

849.5859823722992,1596.374624297088,848.0424343885844,1604.760138556213

852.3124757077693,1596.5051678250088,851.3485085809544,1604.9846942367344

855.2556420026956,1596.7819785866125,854.4628956045194,1605.3254794780667

858.3538492556963,1597.1089243381407,857.4192353881365,1605.6893645719144

861.4505330302844,1597.51785329672,860.3097486723453,1606.1253805948172

864.4986360370178,1597.9892478111633,863.1930175924907,1606.6128266151732

867.5156919724639,1598.5136869132043,866.0703127770074,1607.1441579666423

870.510535389423,1599.0872682227584,868.9489028204862,1607.7089428651911

873.4941317413846,1599.699580267178,871.823382363827,1608.3099472645317

876.4676933349069,1600.347276044348,874.69328166354,1608.9460717555291

879.4401638937658,1600.9879498758903,877.5674454456775,1609.5771232151235

882.4114218212774,1601.6275075086535,880.4456721422667,1610.2088024385964

885.3861228338295,1602.2496508390316,883.3323337531072,1610.826003551792

888.3554590332556,1602.8938986007563,886.2191507069653,1611.4658859322803

891.3180594187305,1603.5644042561535,889.1049869742736,1612.1317812162636

894.2729886682665,1604.2628296211267,891.9885876378833,1612.8267053369398

897.2204350064983,1604.9863343352952,894.8701289516035,1613.5478885376308

900.1527461125481,1605.7600590568884,897.7445865767668,1614.31117272327

903.0729586810423,1606.5696648356632,900.6137037545709,1615.1073593654557

905.9719517037596,1607.4435507847847,903.4701942849244,1615.958870743184

908.863909678099,1608.330421142899,906.3251452920209,1616.8251024762267

911.748978708118,1609.2284068522279,909.1788224603325,1617.704228257473

914.6281636110828,1610.1363551625902,912.0305863105893,1618.5943873007177

917.502895840907,1611.0536130955452,914.8795831232231,1619.4942639134517

920.3736372977255,1611.979341873226,917.7259827948808,1620.4029477815805

928.9807789537443,1614.749472870267,926.2602587391626,1623.1505843886707

937.5602519389591,1617.575949707823,934.7779620368249,1625.962139227673

946.1139423518181,1620.4546860614387,943.2820296146496,1628.830312272099

954.6459878291306,1623.3743522118132,951.7768848107471,1631.7430210845778

963.1608390566544,1626.3226641586382,960.2670909533769,1634.6877728616512

971.6637697145903,1629.28500886552,968.7573275556689,1637.6517374575944

980.1589656182558,1632.2498937850914,977.2521997542614,1640.6223460145125

988.6509471345812,1635.205007028158,985.7563696840083,1643.5867015677259

997.1443282907009,1638.1371770279238,994.274309098553,1646.5330213892425

1005.6469355592826,1641.037940616365,1002.8056182093028,1649.4492446179825

1014.1617965635919,1643.9133864055052,1011.3439655999828,1652.338285565441

1022.6875221655481,1646.7674920953236,1019.8875897438368,1655.2040503803476

1031.2224600426962,1649.6042327566734,1028.4338285903425,1658.0538564987105

1039.7708459495968,1652.409852494469,1036.9710458688749,1660.922130551875

1048.325410618478,1655.205507342321,1045.5049419980921,1663.790673927331

1056.8825480506246,1658.001379119454,1054.0354771036943,1666.65847929592

1065.4406264458305,1660.8018976326678,1062.5610672520388,1669.5289729773353

1073.996946855648,1663.6138969322242,1071.0795533267851,1672.408254191922

1082.5504801613256,1666.4423450399097,1079.5877301499634,1675.302166812111

1091.0932768196324,1669.2819685442842,1088.095912770199,1678.2109459277633

1099.6216084936618,1672.1083006905976,1096.6251253159635,1681.1178440153744

1108.14528867058,1674.8914749423332,1105.1886420046524,1683.9945638426177

1110.987676906042,1675.804045208965,1108.0529040836543,1684.941331751002

1113.8306988205445,1676.7092403193865,1110.9224218658642,1685.881510260258

1116.6754637510992,1677.6038831241906,1113.7982038990465,1686.8123706804397

1119.5220840733623,1678.4882006058672,1116.6802511649205,1687.734106965147

1122.3707838962355,1679.3610331180003,1119.5692562738316,1688.6460249734016

1125.2233160179433,1680.2204851557892,1122.4650502056675,1689.5454484133957

1128.075501036202,1681.0636491489322,1125.375910193515,1690.4244817955305

1130.910987668262,1681.8975443665067,1128.3343697745718,1691.215969230664

1133.7184576650873,1682.7404501058893,1131.3741863389832,1691.7920984428938

1136.5180242148626,1683.5196056229092,1134.442090585757,1692.3103006791587

1139.3111762110643,1684.2225548611123,1137.536205312331,1692.754561250107

1142.1137562559322,1684.7574320141666,1140.6160362284036,1693.3275448908526

1144.9097391216624,1685.181026656588,1143.731034918364,1693.8159751652386

1147.6991282474453,1685.4754872823382,1146.8855451260695,1694.2046869150815

1150.4894388688224,1685.6759845944543,1150.0734644712848,1694.4443122988034

1153.2942160697453,1685.76948297873,1153.2737504178772,1694.5333457988565

1156.1107213324633,1685.7724139318887,1156.4769865473063,1694.4768259980508

1158.9328483436136,1685.6548418030206,1159.6765865879547,1694.2806726402528

1161.7537008147463,1685.4189811502579,1162.866170038073,1693.9502215474768

1164.5510756705341,1684.9785257973178,1166.0462206884495,1693.525582733337

1167.3116996120737,1684.3604574972,1169.2128728353466,1692.9937982819292

1170.0362505087255,1683.6224648886127,1172.353808048469,1692.3245769900147

1172.7269920809542,1682.7826527415523,1175.4509112357462,1691.490676756145

1175.3927996235693,1681.8691223746619,1178.476244751515,1690.444845886205

1178.02778614473,1680.8656995117599,1181.4293311099689,1689.227180335248

1180.6277127384083,1679.7673784222131,1184.3091101558832,1687.86264574171

1183.1809596012547,1678.5579103476223,1187.1386041113599,1686.4162676724304

1185.6844427131468,1677.2435610217701,1189.9301614827416,1684.91222333058

1188.1315639833892,1675.8240130809331,1192.7198005807118,1683.4066957003024

1190.5206483658314,1674.308172714512,1195.4431480089227,1681.7847082356982

1192.8496432443196,1672.7007531309146,1198.1003134125278,1680.0544200647341

1195.108612796661,1670.9940133283856,1200.6501476607923,1678.169131393908

1197.3049227149352,1669.2038584882077,1203.1295686827564,1676.190414089024

1199.4380273292018,1667.3337209264,1205.537982618818,1674.1222610997038

1201.531886318189,1665.4120723743747,1207.8464992167005,1671.9388666177924

1203.5738903808483,1663.4245006466506,1210.0622202941233,1669.6572169263848

1205.52697594441,1661.339666988486,1212.1711992905805,1667.2710063416612

1207.3649640578383,1659.153957856576,1214.1782167121835,1664.786724822075

1209.0198357809484,1656.840148278673,1216.0485698753191,1662.1858906198897

1210.6014340308159,1654.5038180703843,1217.841209694936,1659.5291228512156

1212.0867962585444,1652.1353900368103,1219.5333179125603,1656.806327026474

1213.5552997977743,1649.7855641308154,1221.185316498746,1654.0567642684994

1214.9047566301347,1647.3898994790081,1222.711646967523,1651.2289319204876

1216.130913375259,1644.9530165100095,1224.1114055669555,1648.323739203275

1217.2100216879487,1642.4550569563526,1225.3409722988738,1645.3388266414918

1218.155192640707,1639.8723771410073,1226.394157565811,1642.3088020934217

1218.9553740647693,1637.1942185299486,1227.3060854835448,1639.2608334481638

1219.6548017412524,1634.441322672811,1228.0895168630466,1636.1997718760779

1220.2740898934296,1631.6232294956028,1228.7701631239004,1633.1372954774095

1220.796598298294,1628.7446728233263,1229.3354492668448,1630.0776048493385

1221.2549444586289,1625.8187877060113,1229.8227636864046,1627.0350153885324

1221.606381358751,1622.8488660681205,1230.1894656613392,1624.0083569242456

1221.9431091015222,1619.8682981256597,1230.537608899949,1620.9968272792198

1222.2681100399882,1616.8897906762302,1230.873967625724,1617.9868279499574

1222.6100466097826,1613.9155686028632,1231.2245742397722,1614.982589088972

1222.956240467571,1610.9438357912588,1231.577941752593,1611.9818772840486

1223.3042332556686,1607.9738289037505,1231.9322506279261,1608.9841969957672

1223.6423410923712,1605.003886656108,1232.2764225592528,1605.9879247011897

1224.6012178453068,1596.0925344195862,1233.2511267284588,1597.0057529628148

1225.490497756072,1587.1755767534278,1234.153593403526,1588.0304960454864

1226.323417904302,1578.2482454257167,1234.9996951956518,1579.0578523784466

1227.1172808968656,1569.3072800493485,1235.8041272841674,1570.084816081208

1227.8849572984006,1560.3533968019558,1236.5816504455954,1561.1126923742827

1228.6430528526694,1551.3887740943992,1237.347373679402,1552.1435021875648

1229.4046143877777,1542.415210661465,1238.1171452435465,1543.1794139871697

1230.1860860907352,1533.4350456771865,1238.904018821978,1534.2221314936874

1230.9943146640762,1524.4545648034866,1239.7180692523618,1525.267988755489

1231.8235314232033,1515.4783636061939,1240.5530022134753,1516.312181161706

1232.6750766629127,1506.5070148896118,1241.4119518630164,1507.3557446032735

1233.535118134514,1497.5398277953932,1242.27834435567,1498.397628314133

1234.410961775204,1488.5781122360452,1243.1525222522598,1489.4384592662864

1235.287036646551,1479.6209398133688,1244.0263034370946,1480.4780231304799

1236.155567710141,1470.6681398985897,1244.8930959554757,1471.5162578109591

1237.0107105437473,1461.719714241894,1245.7460421218716,1462.5531033932607

1237.8447702948097,1452.7755832064809,1246.5802125616003,1453.588603812495

1238.6538539228548,1443.8357118869524,1247.3878482010311,1444.6228715082002

1239.4387456279928,1434.892295994434,1248.1716812462355,1435.6618869101383

1240.2211765807147,1425.93434315656,1248.9508406677746,1426.7070178051936

1241.0247078579555,1416.9567903448888,1249.7495261092424,1417.7520106356028

1241.8719590614562,1407.9525701816087,1250.5897807856059,1408.7925083219702

1242.7870785498642,1398.921781827689,1251.4965144516675,1399.8176548813608

1243.096560145185,1395.9361199702444,1251.8091782334045,1396.79225663882

1243.368120467803,1393.0056652678152,1252.0926616241172,1393.7156280517165

1243.5999972757345,1390.1339794172973,1252.3243796322943,1390.5955994723379

1243.7450862426358,1387.3240574164588,1252.4568925258368,1387.4322218724021

1243.7682364515856,1384.5783079399225,1252.444833228176,1384.2272585418257

1243.6292233069344,1381.898156333887,1252.254920149989,1380.9836259895374

1243.2984252337983,1379.2873730579208,1251.8521718475122,1377.6996968491437

1242.69645969385,1376.7429965830913,1251.0896632342817,1374.4258695459796

1241.8414002081558,1374.2418146995026,1250.0078171211683,1371.226303239155

1240.7051328551677,1371.8188261543853,1248.5757352489622,1368.1701243239331

1239.471484539036,1369.4265783567246,1247.023455142381,1365.1793995858045

1238.2135316732863,1367.0195850855023,1245.4354421484252,1362.1911708924101

1236.7063226777116,1364.75517945235,1243.5334896897389,1359.387623966155

1235.0002347282707,1362.6522309078641,1241.3715399366392,1356.7815729769923

1233.0046343948638,1360.8616800992688,1238.7976649825923,1354.5990897883776

1230.9193804128572,1359.1893702722757,1236.1514411177932,1352.6185954597856

1228.7439276216526,1357.5664187355426,1233.4846739547738,1350.7914849421015

1226.432265903578,1356.0382358383902,1230.7899888016668,1349.099676590328

1224.0019710784372,1354.5811276671673,1228.070559702673,1347.5288711925705

1221.4707366709567,1353.1745348105694,1225.3634055525517,1346.0127920587393

1218.862919638313,1351.7881391950123,1222.6615881634343,1344.5655673046551

1216.1978149498188,1350.3931922475122,1219.9900110976107,1343.1570978177865

1213.5064704446747,1348.9725830768184,1217.356888240988,1341.7566250669247

1210.8272105862407,1347.5292063473912,1214.7435911554307,1340.337957740061

1208.1674641619893,1346.0737649323175,1212.1361447287359,1338.9009568050712

1205.5230957602575,1344.6073208590176,1209.5350065718403,1337.4480039227126

1202.8915988543993,1343.1342481518914,1206.9367651851019,1335.9826163227474

1195.050271398404,1338.7058871810084,1199.133726346356,1331.5435588751739

1187.2262319708163,1334.2989903472971,1191.3019610149286,1327.0995163367668

1179.387364253974,1329.9061412224548,1183.4585393860461,1322.672149845672

1171.5358566738853,1325.523859286049,1175.607439119605,1318.2581997020666

1163.674538316524,1321.1497675837359,1167.7520524103627,1313.8534522551588

1155.8072713660724,1316.7790110888263,1159.894725192475,1309.4562297403272

1147.9373177478124,1312.4101914881826,1152.0377230388776,1305.0621586331868

1140.0667637771041,1308.0425979664994,1144.1807008319367,1300.6697614981958

1132.1962148349967,1303.6751198551722,1136.324040893729,1296.2781878785336

1124.3256285308698,1299.307705502522,1128.468017171159,1291.8868742589134

1116.4550891230433,1294.9401024271353,1120.612980465934,1287.4950936901753

1108.5858750469367,1290.5699118934701,1112.7594584942772,1283.1018090876144

1100.7174578566128,1286.1979731634003,1104.9078328413987,1278.7062427502542

1092.850827192279,1281.8224048805068,1097.0585867060126,1274.3074393317147

1084.9861483387122,1277.4428137851846,1089.2114689580771,1269.9057435758104

1077.1235125737815,1273.058890876436,1081.3671879336894,1265.4998275011023

1069.2636822819363,1268.6706120213007,1073.5253559709877,1261.0890080808736

1061.4069761594512,1264.278901837902,1065.6845621664893,1256.674338534068

1053.55107671628,1259.8878881525716,1057.843218493539,1252.2585269268552

1045.6960706906455,1255.497370595893,1050.000509052925,1247.8429578246023

1037.842695653671,1251.1060012824018,1042.1575636293692,1243.4255411287493

1029.9864136885767,1246.7218153646866,1034.3105981831236,1239.0129239325133

1022.1275895410523,1242.3441164605285,1026.458681000616,1234.6066966279527

1014.2657352826407,1237.97376700685,1018.6015852924155,1230.2071441317582

1006.399021844436,1233.6138354417037,1010.737868784226,1225.8168836159941

998.5267660281608,1229.266055577807,1002.8666634771037,1221.4368857559016

990.64584872982,1224.9289161095644,994.989701588336,1217.0701486377977

982.7558229156592,1220.5944403554006,987.114655337956,1212.7113233653429

974.8636800949429,1216.2496163693718,979.2487745125478,1208.3489456350546

966.9757813607778,1211.8837564921753,971.3984724574192,1203.9720305133678

959.0986539186649,1207.4855509552556,963.5709656184753,1199.5684238984381

951.238602127638,1203.0441564939033,955.771789533039,1195.1288865387842

943.4030180857851,1198.5468101100646,948.0082584288568,1190.6410309292892

938.1955519638325,1195.5129158107945,942.8555341128398,1187.6169630331995

935.5975711518332,1193.983762685619,940.2867937853222,1186.0940438530856

933.0040082295357,1192.4454841412676,937.723462039629,1184.563315483265

930.4286619169644,1190.8752077232427,935.1599305715775,1183.0340654231513

927.8751244337293,1189.2675623886412,932.5950264698422,1181.507977941993

925.3337595464807,1187.638962260429,930.0331456332384,1179.9775661874194

922.7999282640504,1185.9972304210714,927.4765724110939,1178.438971187701

920.2720290438741,1184.3450485681005,924.9261300602063,1176.8907930150735

917.750361139437,1182.6820210526776,922.3824368400105,1175.3319639259103

915.2352904480175,1181.0078213319632,919.8457821711233,1173.7620589474966

912.7271890649116,1179.3221827261295,917.3163158586456,1172.1810394854997

910.2264140715953,1177.6248337043855,914.7943553053904,1170.5886304130368

907.733356987606,1175.91545667866,912.2802516030226,1168.9844982412958

905.2483673492959,1174.193797256674,909.774159844349,1167.3686078410587

902.7718175625217,1172.4595664167684,907.2763782338088,1165.7406984831337

900.3040760075208,1170.7124814622568,904.7876877872201,1164.099794912397

897.84555027613,1168.9522027899595,902.3082149615303,1162.4459062343062

895.3968800803538,1167.1780593860776,899.8382108475853,1160.7788480351785

892.9385510010768,1165.418089321934,897.3836667670864,1159.0902590762282

890.46673761962,1163.6768845037736,894.9461243466241,1157.3784284894382

887.9832230035794,1161.950932031564,892.5273606402111,1155.6414130070432

885.5038733334483,1160.217513940913,890.1217772890745,1153.8874709084416

883.0342837488203,1158.4688350128924,887.7270718912357,1152.1200429975302

880.5751127214907,1156.7043228592963,885.3441656893237,1150.3378453820355

878.127172980903,1154.9244657852328,882.9725791424426,1148.5403564672156

875.6910056755044,1153.129714782748,880.6117045080911,1146.7275466026572

873.2661758571112,1151.320687438199,878.2611357277373,1144.900123266528

870.8526962106747,1149.4975593147394,875.9205730625896,1143.05853696172

868.4496792326805,1147.6616193460582,873.5895974998404,1141.2034229411454

866.0567699088584,1145.8134721963588,871.2678649269699,1139.3353113712028

863.6740733209746,1143.9531527360066,868.9552730256075,1137.454437804497

861.3056879834922,1142.0758511256734,866.6510268806028,1135.5618933129695

858.9766990847526,1140.1516160766125,864.3535241886348,1133.659723164432

856.674431311196,1138.196745499898,862.0631441072935,1131.747549203215

854.4010146496108,1136.209360195577,859.7794434796641,1129.8260036050324

852.1387281226224,1134.210982709828,857.505104949043,1127.8920382125552

849.8846220572339,1132.2051989509705,855.2371053010157,1125.9493781905899

847.6331027313561,1130.1985539172822,852.969503029905,1124.0050566400755

845.3907274735974,1128.183495014854,850.7093442600166,1122.0509010989324

838.7040173485985,1122.1068297877478,843.9578350925331,1116.1460595574013

832.0769110400475,1115.9833532690502,837.2486046704571,1110.1781473683193

825.4778417641759,1109.846433613308,830.5505720289705,1104.1822025311778

818.8356232859354,1103.7735350542434,823.8522236696336,1098.170853792226

812.1249495587123,1097.791531880266,817.1378608947871,1092.162103521105

805.3973917722968,1091.8327266894923,810.4025832797901,1086.1722556004936

798.6477761365608,1085.8937676195662,803.6501909410005,1080.2068107038083

791.8813987078858,1079.9690794579856,796.8856315044598,1074.259900888223

785.1031273761221,1074.053061501862,790.1141183763108,1068.3258636476626

778.3192645782474,1068.138725337502,783.3417837456622,1062.3976833294278

771.5352968791145,1062.2224390712006,776.571504466625,1056.4694483052908

764.7527616996481,1056.3047661783633,769.8024684209546,1050.5396584332334

757.9728219378395,1050.3842822954193,763.0359292535682,1044.606972154073

751.1946743247821,1044.4619250628625,756.2707252570311,1038.6726836015507

744.4177731879682,1038.5383054759257,749.5073131199989,1032.7362723552078

737.642529667812,1032.6129518211565,742.745043644696,1026.7984705267395

730.8690372323274,1026.6857529361187,735.984462744839,1020.858650221192

724.0964472887397,1020.7576712768703,729.2242699791349,1014.9182864693659

717.324633048731,1014.8288463397374,722.4652587801473,1008.9764690607425

710.5541723579227,1008.8986157055238,715.7076720996585,1003.0329154198262

703.7844651808173,1002.9676579975486,708.949792144308,997.089574491187

697.01529868145,997.0362108115787,702.1929184608298,991.1449607655235

690.2460819383198,991.1049418371521,695.4362695810239,985.199957224155

683.4631650500252,985.1893753575176,688.6652940127815,979.2711121460474

676.7095412387539,979.2405950962689,681.9232181222471,973.3092421717664

669.9407007793867,973.309233468048,675.1667517121971,967.363590514251

663.1722489474585,967.3775323121612,668.4093626469737,961.4188290257674

656.4035685756371,961.4461892932278,661.6522044685383,955.4736387583323

649.6341363955006,955.5157946874084,654.8944882633843,949.5289114649919

642.8641963957871,949.5860684942982,648.1354801956376,943.5854738797053

636.0942858208549,943.65629226694,641.3767970939941,937.6415854107869

629.3220751045067,937.729014088594,634.6158855978282,931.7002700699062

622.549938731228,931.8015362798233,627.8551314744418,925.7588234174508

615.7769817896803,925.874886977399,621.0936378939399,919.8182755624329

609.0039523571731,919.948222230916,614.3321540027212,913.8777828140798

602.2304506408321,914.0220058866257,607.5696940852682,907.9384776429787

595.456278821533,908.0964717766461,600.8078168786893,901.9985936105294

588.6826500852885,902.1702459258423,594.0459803312751,896.0587577730273

581.9089480145592,896.2440390961458,587.2838359869047,890.1193767331134

575.1349953990781,890.318061635631,580.521954377216,884.1798099070736

568.3615274876812,884.3914841682353,573.760663027882,878.239693654055

561.5884231684984,878.4644531705997,566.9997142978141,872.2993197491902

554.8155328606061,872.537147523218,560.2386197233867,866.3592542164716

548.0431240999332,866.6092708748403,553.4786456072427,860.4180640182879

541.2709763888141,860.6810828329756,546.7187836324573,854.4769072977269

534.4996641603989,854.7519374845065,539.959817092175,848.5349015499248

527.7287981891894,848.8222869405975,533.2014861220907,842.592351842091

520.9583071052521,842.8922189581807,526.4440770606121,836.6489433253681

514.188460834401,836.9614407195394,519.68648806104,830.7059331838759

507.419523484156,831.0296363810204,512.9303956236282,824.7614453769045

500.6510224847208,825.0976510296791,506.17511843500466,818.8159496079846

493.8835334434337,819.1651325448404,499.41911383734197,812.8707196034646

487.1158112421216,813.2334059239261,492.6630074168784,806.9248708486462

480.34836950044024,807.3017482138468,485.9062027319223,800.9789536344914

473.57942365801944,801.3720612080085,479.14766429484035,795.0340066647572

466.8091335673239,795.4440362237153,472.3867173736404,789.0906568538579

460.0365991211021,789.5185519491189,465.62312009576414,783.149054701259

453.2606022113647,783.5969217217681,458.8553810755624,777.210708065937

446.4855156876391,777.6738048863726,452.08807833546115,771.270442782461

439.69973554600745,771.7631146200549,445.3088247366225,765.3415314006052

432.9101012315296,765.8507917622526,438.531034926517,759.4156188153727

426.119877132092,759.9283339389594,431.7692041904146,753.4940802629421

419.34650750270123,753.9870247844086,425.03939202894253,747.5675732448494

412.6086818479239,748.0156804851746,418.34141700656403,741.6073247285035

405.9023034904286,741.9863191250085,411.6497418568818,735.5651941392573

403.6616425580142,739.9497057932247,409.42582976566354,733.5322877628162

401.3641608069623,737.843975149865,407.28103165165874,731.5298142977307

399.05332077696636,735.5681531867431,405.30826772254846,729.5646426605845

396.81667897422165,733.0535494141284,403.54077545334815,727.6237128312446

394.746122159317,730.2504924406294,402.0240355466085,725.6379283117436

392.9814309438759,727.1991122574116,400.733999283408,723.4975148323977

391.50511249669336,724.0183824004306,399.6432820245428,721.1810348585917

390.4622174651564,720.6836536024639,398.8648369449912,718.7202250735186

390.0202305873174,717.2646284827509,398.52934191948384,716.1592124776428

389.90104282008815,713.9055359182906,398.4395151346603,713.5493062096766

390.0417683517934,710.6245006133246,398.5586446049949,710.8728324344974

390.30402598370495,707.4116437421244,398.80717696731335,708.1251672574101

390.6870901765909,704.2609162659687,399.173625981763,705.3045267950484

391.1096770719554,701.1667007795359,399.58983664221154,702.4079907628028

391.99031507802937,695.1597952455242,400.51574008074834,696.4290037730311

392.40837079609463,692.2242452706762,400.9732211096043,693.3968178526976

392.79827400929275,689.2953608318682,401.40094012036474,690.3727530760968

393.1652517963075,686.3752607171259,401.80484268004636,687.3502723739862

393.50145358518296,683.4588876941759,402.17741103573144,684.326985354185

393.80360742186963,680.5433369557443,402.51514417909374,681.2996333398398

394.06881585600394,677.6255512428929,402.81421963275903,678.2653642936406

394.2909148079585,674.7020464581831,403.06755917277275,675.2216722591432

394.4621946354714,671.7719186643968,403.2652114802131,672.1638950898048

394.56183139657304,668.8394593780755,403.36857216779157,669.0873021345451

394.59128213215973,665.910293421842,403.38428288517537,665.9955672078178

394.5572602914774,662.9882280014426,403.33441500635297,662.8935822062964

394.45933358800454,660.0767561137146,403.2161567925854,659.7844972267314

394.2912819287119,657.1791791784411,403.0213488365836,656.6715613153542

394.0797288118496,654.2959872709707,402.7388914257627,653.5585470147148

393.8091934033821,651.4289973657676,402.3641153468833,650.4487525022207

393.4625496593396,648.5756223220465,401.8985496200431,647.3502387691094

393.0259865881197,645.7334662481259,401.34673991898734,644.2706164954345

392.492770641437,642.9061081180516,400.7192968805265,641.2097487902774

391.8027011186071,640.1112250364752,400.06724386317944,638.156409453388

390.9871608543342,637.3494356734385,399.3669875360634,635.1134391483519

390.10952254491724,634.6082944474367,398.58181569249126,632.0906077828324

389.20495390306587,631.8771197298568,397.71143371079324,629.0904105908091

388.3409900720091,629.1295534975376,396.75615384005806,626.1153503636353

387.4004643955742,626.4029272373009,395.71932511145286,623.1669054861603

386.3851454255347,623.6992032566399,394.60294206138275,620.246905804169

385.2720624538016,621.0314887400434,393.38318618255477,617.3687865943326

384.0661250003188,618.4025447723673,392.0652283532623,614.5352066996631

382.7412345468609,615.8307650326211,390.6218888969373,611.7651376621395

381.3495581690818,613.295353775811,389.107090083511,609.0368879568209

379.89323968008324,610.7979434120318,387.52342459403707,606.3519689098728

378.3754359276228,608.3415040850829,385.889974938039,603.6992571273271

376.79811721360187,605.9293457015564,384.19495471571435,601.0842566623404

375.16272826537323,603.5624134615607,382.44724170545635,598.501789232874

373.476137325267,601.2370693707951,380.64013311496495,595.9565713672224

371.7335792260857,598.9573780313714,378.76765044134675,593.4534226977989

369.97046230085635,596.6944154485965,376.8716714711987,590.9582458902978

368.14307985502336,594.4817642438658,374.90008264817783,588.5103978459546

366.2449307453331,592.3249580939303,372.8470851218307,586.1177981046459

364.2309187195365,590.2649032525272,370.6843465437787,583.8211422082721

362.12438469769495,588.2874496001234,368.43667646333313,581.6138559769813

359.9542644138418,586.3744710080498,366.1265074729722,579.4818756575106

357.7332132972451,584.5209427705438,363.7666911620918,577.4196518806908

355.4675746661918,582.7286624238768,361.3633056079613,575.4280789169061

353.1666651968196,580.9949104429071,358.9179204832198,573.5148845799439

350.8372417412247,579.3226478039151,356.44035095411107,571.674854228108

348.4655487827657,577.6887157820988,353.95465145485156,569.9261469891819

346.02431218366036,576.0465970387615,351.49918858986257,568.2415648185226

343.51164732285633,574.3531608300423,349.0766931763212,566.5795901329168

340.9456880626265,572.5490247595635,346.6915671402006,564.8838820401447

338.32784019951447,570.5783335973443,344.3706718675759,563.1273295255179

335.7896787152862,568.313568364243,342.21434468506664,561.3028442184383

333.3347983188252,565.8265248415998,340.29096903339234,559.4563551943273

330.9982301362718,563.1345387530502,338.62286788628325,557.6187643016814

329.11645097539713,560.1589278516344,337.3401538711602,555.5807588078642

327.67379866384147,557.0665986900967,336.3322293890529,553.3372634649593

326.5664009878886,553.9272094123676,335.57986501047674,550.9100696806611

325.5953883904993,550.8131014272716,334.94492539482945,548.3476909586133

324.6058157328446,547.7481037596114,334.36641606145884,545.6617386444602

323.7710421406916,544.6949019392533,333.88141721056724,542.8502833037167

323.0266049981802,541.6922992668565,333.4459215123771,539.9344145463804

322.33715417752285,538.7259389656275,333.03956115704676,536.9673656292061

321.6591633087121,535.7606305089032,332.6440236996463,533.9983410012682

320.9911481348958,532.7941803956217,332.2585923910284,531.0295468007138

320.4800995883908,529.8047903754202,331.82896430442236,528.0685754555564

320.04608723134095,526.8057809836998,331.38463007204524,525.1105032375791

319.6307895554766,523.8063547274094,330.94455152270496,522.1521913236523

318.4350542379051,514.8141892977535,329.67114451004835,513.2718695698651

317.3042820471176,505.83107489941824,328.46026475930415,504.3831874640992

316.2271154042103,496.85667541499464,327.29959789624536,495.4862431147633

315.1925690153738,487.8907152750914,326.1788497534126,486.58099538933334

314.1879655528454,478.9331909282925,325.0863593429482,477.6676871280617

313.2035933135731,469.98383321511614,324.01187957096346,468.7464414348493

312.2275527767547,461.0425489367656,322.9441285293683,459.81765246297806

311.2481053728684,452.10965366473556,321.87073578625535,450.88148030697926

310.2553648248424,443.1804236538871,320.783461863634,441.94215212098874

309.2478980476527,434.24907531475,319.6819195204505,433.0047467947135

308.22915250638346,425.31497478887024,318.57013560329654,424.06941619215877

307.20307780604145,416.3780860840357,317.4509142345918,415.1358873508203

306.17275443839617,407.4383129290558,316.3280202525677,406.2039279796914

305.1419096044969,398.4955287744867,315.20612922837233,397.2731588771993

304.11402250427676,389.54962930493724,314.08672037022734,388.34360090566526

303.09276437805545,380.60048282844735,312.97445475606577,379.41489402425685

302.08153695535776,371.64801911540013,311.8734356428562,370.4867219695842

301.08393334964853,362.69203235620614,310.7859189923167,361.55908781559737

300.10402957932325,353.73353605012244,309.7152546245378,352.6306490869142

299.14078249109195,344.7742147067885,308.6616805176501,343.7000272862247

298.1871659174837,335.8149379528708,307.63001601081277,334.76655670495796

297.2178411421149,326.858368959627,306.6464226790241,325.8274312187285

296.25397511308046,317.9020557080461,305.6813278793946,316.88597785558113

295.3005744120104,308.9454035785838,304.72496933663194,307.94323969259864

294.3609330821404,299.9880394102024,303.7834949803891,298.99853708879493

293.4328419842654,291.0301835192168,302.8533662561879,290.0522346490684

292.5147795761881,282.0719797679094,301.9327651896941,281.104507337021

291.60564459019133,273.11352718036227,301.0219612108218,272.1553146713181

290.704562599869,264.15490187072606,300.118094698191,263.20493681268977

289.8104289814928,255.19620369262546,299.22105841845325,254.25337238074695

288.92224990863843,246.23752136781548,298.3302889242637,245.3006684796806

288.03899152998895,237.27894777668894,297.44446565696256,236.3469482548293

287.1596602177199,228.32057182204844,296.5618905665365,227.39237149219696

286.2827883467598,219.36252933713806,295.68249345797466,218.43693676010872

285.3993715615885,210.40569631088647,294.7947876300908,209.4817668778073

284.53538320463,201.44751209151877,293.92722232550744,200.52405450728472

283.6612463683991,192.4908682433234,293.05040019833945,191.5666903931221

282.7858196222147,183.53491447446547,292.17117952419005,182.608964247091

281.9081572241449,174.57948025238892,291.28965752964797,173.65110172183404

281.026553095924,165.62435038334766,290.4048379961089,164.69356403965585

280.14517188341785,156.6690490829109,289.51998392236254,155.73609128219044

279.25998669432175,147.71399489043947,288.6309843935031,146.77907893967762

278.37295775845473,138.7589914003422,287.74115385276576,137.82220367079248

277.48388900574935,129.80406207290756,286.8483063011342,128.86568524106684

276.59359920106334,120.84912733612184,285.9536163338598,119.90940937135522

275.70137708988943,111.89426143058434,285.0582913233548,110.95325730143833

274.8075655364422,102.93943292455072,284.16075559777124,101.99739004411315

273.9123464102932,93.9846265243405,283.26183077156094,93.04172785160883

273.01614020468566,85.02980281565752,282.36277837359336,84.08614618621166

272.11895239185395,76.07496421796183,281.46207458600395,75.13080156225428

271.2209988419663,67.1200919349351,280.56047028751743,66.17562106512302

270.3225558644321,58.16516103602498,279.6593895825955,57.22046345504831

269.42367356615284,49.21016947770987,278.7568932092638,48.26552771249736

268.5245043290646,40.25510484534231,277.85412817134505,39.310700680700144

267.62544327175556,31.299930274260106,276.9524846655411,30.355844363478276

266.7272861877634,22.34456789799277,276.0497737061565,21.4011835401257

265.8286019890871,13.389166979134252,275.1475485259457,12.446562438521383

264.9321644883591,4.433444879777336,274.248583307804,3.491708566272434

264.0330031151814,-4.522059841623817,273.3459130075412,-5.462704310962449

263.1361790243577,-13.477796349530793,272.4455795017699,-14.417346419075672

262.23936295751446,-22.433513103220204,271.54715068489924,-23.372189097344318

261.3421707034999,-31.38917473988475,270.6510222585889,-32.32726787242375

260.44530835009,-40.34485118552168,269.7552773082946,-41.28238988274843

259.55010058256676,-49.30067563199478,268.86107281076494,-50.237670917854125

258.65482380376585,-58.25647402183557,267.9675075277073,-59.1930197918338

257.75988018493973,-67.21228648346465,267.0739588909136,-68.14837347671055

256.8655295607617,-76.16813871057447,266.18091887013065,-77.10378106236026

255.97174048884983,-85.12402709389154,265.28897664183586,-86.05930125961683

255.07846548117033,-94.07994641538073,264.3975462999963,-95.01487475198796

254.18594858320768,-103.03592069535493,263.5062128625609,-103.9704594923089

253.29331865601804,-111.99186213762431,262.61508688746073,-112.9260661837267

252.40152373756783,-120.94786534155331,261.72512986093193,-121.88179073291889

251.51006216302326,-129.90387956964761,260.835503714461,-130.83754868452743

250.61910242422758,-138.85992124245996,259.9455159111568,-139.7932703040787

249.7283155315148,-147.81595698207138,259.0564263561645,-148.74908127895367

248.83816114784878,-156.7720323212213,258.1681008509077,-157.7049676793073

247.94796836262293,-165.7280797094983,257.27973451665383,-166.66084856094903

247.05841041177072,-174.6841660001247,256.39100566221435,-175.6166913758592

246.18135117082397,-183.6414757699858,255.51576588113448,-184.57387936199723

245.27995764319476,-192.59632936258424,254.6161947086335,-193.52863417187353

244.39101930007226,-201.55240118116828,253.72907374454743,-202.48462943569209

243.50240976736134,-210.50847946852056,252.8412843352667,-211.44055437431098

242.61400009723394,-219.46455088875538,251.9546875367916,-220.3965943018454

241.7257820201519,-228.42061415526544,251.0682801017245,-229.35264861517243

240.8377238178537,-237.37666564135105,250.18203027687022,-238.3087136973698

239.95030572139757,-246.33275277747185,249.29542334943827,-247.26473776667115

239.06164661495635,-255.28868750204566,248.40856788460096,-256.2207312181474

238.17427761620988,-264.24472176652665,247.5230005388689,-265.17684682252286

237.2866291555915,-273.2006985860176,246.63715138066644,-274.1329275773855

236.39887644074523,-282.15663498101543,245.75020061913267,-283.08889130282654

235.51091355114644,-291.1125198935742,244.86403261386107,-292.0449254473274

234.6240255688341,-300.0684810987269,243.97893688944708,-301.00105826747324

233.7361378984416,-309.02431082269476,243.09275907469552,-309.95707508234267

232.8489278050098,-317.980177649777,242.20642233841062,-318.9130654557453

231.9591905125554,-326.93575473598844,241.3184693046733,-327.868891141533

231.0735997592245,-335.89173260342864,240.43466558241528,-336.82509845164293

230.18554192844144,-344.84735593068143,239.54809492897118,-345.78110231609423

229.2978453161319,-353.8032621074614,238.6615095083955,-354.7367844624376

228.40975701358045,-362.75772160121016,237.7749553705131,-363.6940006251568

227.5148757475733,-371.70543328522723,236.88025100985848,-372.65790536310413

226.59726566148834,-380.64332337372247,235.9608820200717,-381.63026672116655

225.64074218839176,-389.5710752439953,234.9995651413708,-390.60977547526034

224.62799803795846,-398.48778766263996,233.9806774431829,-399.595850598214

224.2750449403896,-401.457388466867,233.62507797547755,-402.5925642557887

223.9028941064795,-404.42457242499955,233.2633737309759,-405.5899872093594

223.50940817517835,-407.3754803386336,232.8906210402269,-408.60180928743307

223.09203638567288,-410.2931687375709,232.48989450425213,-411.6393695750843

222.63160459787284,-413.1713179779428,232.03726021538492,-414.6975245345815

222.1002319466909,-416.00209228825486,231.5051421498047,-417.7696997885093

221.44995714542526,-418.7714852702973,230.8542814893629,-420.8458555531597

220.66685395293592,-421.4693362377337,230.0644474897264,-423.9167606309841

219.8314685777305,-424.11158587263117,229.20743537496844,-427.0015519941031

218.90205336604618,-426.69630969823874,228.22678950669564,-430.08413494470625

217.90167074619916,-429.2620657639887,227.1737264361914,-433.1619879784381

216.7058333562139,-431.76771788720026,225.87861396138405,-436.14296347482514

215.33029548936256,-434.19829437579637,224.36128934220753,-439.01376311291693

213.86414439491847,-436.5864422213905,222.73570382554246,-441.81614051250534

212.31286518197902,-438.92795562351864,221.0111417578584,-444.548665201346

210.73321607885765,-441.2540716070293,219.23348303179304,-447.23549601523445

209.06788062008886,-443.5201494187277,217.36361403075142,-449.8448315471165

207.32532648786818,-445.7205759593744,215.40880344601365,-452.37464114051437

205.54206219761957,-447.88266321852143,213.40382109310892,-454.8536523288624

203.69106877482528,-449.9861150612944,211.323368383777,-457.2615277718286

201.770991831373,-452.0292641172609,209.16738937693918,-459.5965373216883

199.79622014728037,-454.0267116256145,206.92073675258587,-461.8396351689607

197.76861418470298,-455.98209663376883,204.58714153241397,-463.98840785193363

195.67073414520166,-457.875003269007,202.1807486277313,-466.05338441774023

193.48702779980215,-459.68106907263603,199.69857046701995,-468.02553077955116

191.15391345972876,-461.3001511048014,197.11074253043608,-469.8548516658532

188.7555821179113,-462.83196494645324,194.46112774677889,-471.59111375670125

186.29666354579587,-464.27652388123084,191.75417867980866,-473.23485507912164

183.78576944065333,-465.64110142604284,188.9954030805737,-474.7887997548195

181.23361741721718,-466.93924595450187,186.19329877263888,-476.2621578517505

178.65221382206747,-468.1908760236417,183.35444260593965,-477.6630963672994

176.02944379410215,-469.3698293895621,180.47553357258056,-478.9800779876969

173.37738844310238,-470.4712193965213,177.55131959208413,-480.21648432186873

170.71205659115904,-471.48922371576816,174.57461378299436,-481.364777786367

168.03800135492006,-472.4143644859106,171.54915717128102,-482.41593441458303

165.36299345368562,-473.24959898436015,168.47710884898206,-483.3562747569257

162.68884953086578,-473.98450930744065,165.36582592097352,-484.1914256351521

160.01648595401642,-474.60889764901503,162.2153161889776,-484.9063138267229

157.36920729387768,-475.24372965806356,159.04895663185542,-485.63789286088695

154.70849063869466,-475.76981359511,155.8339168007895,-486.2422160861247

152.00676784524703,-476.17500997537337,152.59182506723764,-486.69565779555046

149.25239121870766,-476.4154793585597,149.34201762274233,-486.955914978329

146.45865257827043,-476.49879597769603,146.0947270975656,-487.0369576225172

143.6414869212659,-476.3610440181949,142.86675001573158,-486.8806377300255

140.81025126535894,-476.0950247511846,139.66617902745907,-486.5846678508839

137.9717240106476,-475.7208904482659,136.49832178163834,-486.1736646223204

135.13878530637953,-475.2135827667777,133.36699996469224,-485.670673581678

132.3254350586976,-474.59336305233495,130.2672872341538,-485.0861778946496

129.54106609748177,-473.876013611727,127.19379822517199,-484.412084040898

126.77763654640032,-473.10565617544165,124.14666365610556,-483.6557428455688

124.02307762228025,-472.3240754470259,121.12948842092592,-482.8101780615637

121.28542943862203,-471.49255055966063,118.14162924223565,-481.8852538677947

118.56563355764524,-470.60686727794916,115.18355489749534,-480.8847585590618

115.86880632103431,-469.6527577029745,112.25574661935083,-479.8117290925445

113.1928983645805,-468.6390552793499,109.35573952981989,-478.6764635854088

110.53445647426224,-467.57608717385904,106.4790490871353,-477.49188383226954

107.89246657680306,-466.4663821861291,103.62435277078241,-476.26082343522285

105.26828115933749,-465.3070710462511,100.79310624003541,-474.9797604500234

102.66654874664678,-464.0894681102389,97.99024522977844,-473.639126569095

100.09153934904617,-462.80771538808784,95.21730259584409,-472.23822018681454

97.55281733446218,-461.4476756429321,92.47469930668619,-470.7787983646128

95.0382236823882,-460.03620542534895,89.76145192392738,-469.2650023623076

92.54852306343402,-458.573929594354,87.07823424117461,-467.69769709300374

90.0719928122945,-457.0814954517024,84.41692158891698,-466.0918509136968

87.61904409774819,-455.5424690541746,81.7851290521109,-464.43608124593226

85.18856460628763,-453.9601674915131,79.18187452032969,-462.73365358132094

82.78473273026837,-452.3301601933267,76.61017834893359,-460.98190363928006

80.40834887224761,-450.6534555554664,74.0707029375275,-459.1819586332239

78.0697333272872,-448.91879321860387,71.57489719031415,-457.32101957184574

75.77017835096188,-447.1280516780737,69.12374637109848,-455.4014448261922

73.53100800648616,-445.25906121628714,66.74084354682205,-453.39839015439054

71.325543269835,-443.348566267332,64.39609122899918,-451.352887158739

69.15447946370614,-441.39790834991067,62.090033425641096,-449.2663266886129

67.01940822741207,-439.40747480548475,59.82376264899924,-447.13951000594494

64.91486313085578,-437.3851171826439,57.58962545850765,-444.9823888185697

62.82827692487065,-435.34491041093827,55.369345400902866,-442.81438059845743

60.7771566075846,-433.27010321614705,53.187120823865826,-440.6112946279262

58.76235048006705,-431.1617051852568,51.0439423596815,-438.3740038810704

56.787582519679496,-429.0173310772816,48.943777026534875,-436.1001782390931

54.838165462664016,-426.8506991011131,46.8727967195493,-433.80292731044796

52.891123584443335,-424.6808521843806,44.80892051697238,-431.5006440646399

50.97938314514863,-422.4787361846363,42.78400776078938,-429.1653397744227

49.10309772685057,-420.2449203955051,40.79808652178057,-426.7977708419388

47.2642486110605,-417.97860296999136,38.85336596497983,-424.3970349377079

45.47149621186787,-415.6742574782391,36.96411075015127,-421.9535539396448

43.741460150661034,-413.32150830517463,35.15682875194754,-419.4503779615764

42.05324779745868,-410.937393356558,33.39774669478561,-416.9145863258711

40.40501464616189,-408.52422222368335,31.683993412403073,-414.3493735488539

38.79382944922498,-406.084829684272,30.011376372348273,-411.75850930273856

37.219689047393786,-403.6199656785087,28.379163367382276,-409.1432323124103

35.6830428527748,-401.1301119589443,26.787419857242103,-406.5042434942109

34.18281543994785,-398.6166820736006,25.235434023607873,-403.84270988190224

32.71903200225066,-396.08038761329254,23.723138550812088,-401.15938533490447

31.297495120955055,-393.5187963455338,22.252277072603018,-398.4540385851653

29.923240508217653,-390.9303151864943,20.823022240737938,-395.72740310676926

28.6126268231557,-388.3079385166238,19.43826428723991,-392.97884359569474

27.338753860353645,-385.6670519752587,18.092986545338686,-390.21181650397784

26.10162468308385,-383.0083709979748,16.787024236135125,-387.42712704828665

24.900681559390495,-380.3328758595144,15.519557123927886,-384.6258766686586

23.736079056008123,-377.64120349909996,14.29068412427896,-381.8087147416242

22.607167545097596,-374.93435102065337,13.099701373771051,-378.9766468983755

21.509614955813397,-372.2147898955238,11.943557531485144,-376.13160366130916

20.444992466687225,-369.48240708247755,10.823350806128172,-373.27370084579525

19.41266429264978,-366.7380352160546,9.738027757567949,-370.4039507075395

18.41595236175607,-363.9810441081954,8.69038771307519,-367.521906948953

17.454576825202935,-361.2122527976018,7.6800712577463335,-364.6284174779575

16.528604147946258,-358.43241149371653,6.7074058775513805,-361.7240298019099

15.638039962450911,-355.64193594214146,5.772423634173522,-358.8097107104495

14.753833807821962,-352.84957158796004,4.852421477982788,-355.89331768797877

13.896154810062976,-350.04820905037724,3.9631365065468973,-352.9696161113829

13.056422265636263,-347.2401325169849,3.097918643232238,-350.04039999553555

12.249022314637042,-344.42104100888855,2.2675658529121145,-347.10252904784386

11.473421002295531,-341.591241862458,1.4713540272554955,-344.1563936855928

10.729530043645717,-338.7509411591058,0.7077858735017255,-341.2025753021911

10.01621446734678,-335.90062008313754,-0.023235621866287914,-338.24129168410724

9.33232704714915,-333.04074383224736,-0.7225623055849981,-335.2729570795049

8.66985605894653,-330.17320972292373,-1.415404658594293,-332.3031239449336

8.030551877826841,-327.29765155929834,-2.0950683351241266,-329.32991399880115

7.417476539782646,-324.41356927768373,-2.7497910447827416,-326.3508317433822

6.831975656124769,-321.5209324611372,-3.3760750349105537,-323.36539839538074

6.274139791261722,-318.6200075140124,-3.9742234581792593,-320.37395418227203

5.783650493276498,-315.70468021250963,-4.493487862687185,-317.36858893231704

5.34632218046375,-312.7785189858526,-4.9514843269708395,-314.3536895311884

4.9408972284353725,-309.84557393354766,-5.375862772202714,-311.3344148061721

4.5600997569700406,-306.9072596768189,-5.77431812501942,-308.31225022442436

4.20272648668481,-303.96399091148726,-6.147885411636096,-305.28759186415573

3.868850886737645,-301.0160136193988,-6.496991630431787,-302.26075253844175

3.557497473906568,-298.06371616198226,-6.8226734283975325,-299.2321225650265

3.248329915636417,-295.1095175728817,-7.133973363209202,-296.2029257758284

2.95741536658809,-292.1517090709785,-7.424746572858864,-293.1726602705918

2.683117286742546,-289.19068542596625,-7.696022045034649,-290.14167903881287

2.428936337931256,-286.22638386450757,-7.946487777363377,-287.1101298578595

2.1938031664820885,-283.2592120436918,-8.177265659913742,-284.07840566168215

1.981389384597175,-280.2892214497879,-8.39280594181983,-281.04713226290534

1.786743553880755,-277.3171428296658,-8.590724992835494,-278.0163906840886

1.6096144739370994,-274.34331763898325,-8.771479183428998,-274.98650927216374

1.448442409815308,-271.36816453146344,-8.935828252526639,-271.9578456412375

1.3023989474041548,-268.39206639652116,-9.08464274499692,-268.9307368712288

1.1780049719582255,-265.4149757570852,-9.212028013291064,-265.9050012062273

1.0734085195492984,-262.4370720383729,-9.319857462040858,-262.88072466182393

0.9953749029867573,-259.45810042167284,-9.40208264331128,-259.857694532662

0.9303797797214468,-256.4786246249258,-9.471003002126023,-256.836420958122

0.8774526673816583,-253.49860816256148,-9.527616739713022,-253.81687677157808

0.8354106452094792,-250.51801586601218,-9.573133530156241,-250.799033862466

0.7998778772040929,-247.5368803227849,-9.617855565387059,-247.78307130415516

0.7653961481282234,-244.55521087578094,-9.674658111301845,-244.76909880093604

0.6862140067426372,-235.60548520183144,-9.861170242758991,-235.7361511017521

0.6650458108066637,-226.6469527776904,-9.994544539035978,-226.7140399134607

0.685156984382977,-217.6785189508506,-10.086322451257718,-217.7022742949903

0.7274161210115713,-208.6991960147471,-10.156411685376302,-208.70052332025173

0.7712645223670043,-199.70797842170464,-10.22412734109688,-199.70857292376232

0.7971127755104748,-190.70423493417383,-10.309821114828866,-190.72602226329315

0.7849952300035152,-181.68639435772602,-10.433362518725563,-181.7535994336326

0.7169352230102106,-172.66174573236148,-10.61253181983168,-172.7839498846749

0.5999161934249013,-163.64181901179933,-10.84069554493929,-163.8063833417462

0.457670918698037,-154.6287138026848,-11.094227724411224,-154.81909428634015

0.25482596750043474,-145.62323804801173,-11.306598929773795,-145.82154728245249

-0.016852145885678738,-136.62616767272377,-11.429420847866204,-136.81311709628153

-0.24452325588825108,-127.63581377631756,-11.50790667052086,-127.79542969841616

-0.4158927872770706,-118.6524469496384,-11.531228397618577,-118.76939848069883

-0.5341598298655406,-109.67666417770913,-11.500393770123443,-109.73623338605066

-0.5623784176362312,-100.70894794328265,-11.441403403743703,-100.69699537413766

-0.45576611036251347,-91.75073615241118,-11.38091068544989,-91.65162445371162

-0.40845071292863633,-88.76692567071683,-11.349457482804368,-88.6350799991757

-0.35776388973214956,-85.78395742177344,-11.314514466704775,-85.61802162852331

-0.2996717772109916,-82.80163786697815,-11.272243394576055,-82.60074711669469

-0.23594739262736653,-79.81994699549641,-11.224628537882609,-79.5832275789709

-0.16594110494947856,-76.83889884932917,-11.170182551815275,-76.5654897035272

-0.08780137413987354,-73.85854550889174,-11.107243200900687,-73.54758079268795

-0.002253794303912926,-70.87887871879082,-11.036785898013374,-70.52948332808174

0.09263203579246859,-67.89996977021724,-10.9570067784907,-67.51126027482131

0.19605258003238024,-64.92180753796852,-10.868888773163308,-64.49288828308873

0.31258560033928173,-61.94459396098946,-10.764732037572134,-61.47469441281881

0.44130109535512485,-58.968341107948206,-10.646773708293795,-58.45665784979951

0.5923833547234292,-55.99359988946257,-10.50032201154626,-55.439568335906046

0.7549391114188273,-53.0199418491896,-10.341943167029276,-52.422758831862154

0.9290688435027468,-50.047403403489554,-10.171377869266962,-49.40627690125069

1.1163575926871472,-47.076110608755876,-9.987824551584097,-46.3902050262731

1.316332108743259,-44.10607798278682,-9.791557741265528,-43.37456319918104

1.5307107467465677,-41.13651267641453,-9.580181327287502,-40.36051709558331

1.7578468938522223,-38.16637667323008,-9.356089647377901,-37.34890598491353

1.9982579018895992,-35.19572215502012,-9.118804778494344,-34.33978777327269

2.2484274277204035,-32.22429437029001,-8.879378779062982,-31.332308837191363

3.038493783921639,-23.303757718749623,-8.197044692345417,-22.314935125334593

3.8893845827916005,-14.37400191894174,-7.486955704477701,-13.311631075504696


