-35.72922897338867,20.335433959960938,94.53572845458984,0.0,0
-36.823814392089844,20.33536720275879,93.43431854248047,1.5528101921081543,1
-37.908111572265625,20.335298538208008,92.33832550048828,3.094532012939453,2
-38.9789924621582,20.335205078125,91.25201416015625,4.619935989379883,3
-40.0359001159668,20.33507537841797,90.17705535888672,6.127442836761475,4
-41.08079528808594,20.33489418029785,89.11267852783203,7.618992328643799,5
-42.11738204956055,20.334674835205078,88.05604553222656,9.099189758300781,6
-43.15004348754883,20.334428787231445,87.00347137451172,10.573737144470215,7
-44.18269348144531,20.33415985107422,85.95146942138672,12.04787540435791,8
-45.21809768676758,20.333881378173828,84.89735412597656,13.525449752807617,9
-46.2576904296875,20.333606719970703,83.83967590332031,15.008495330810547,10
-47.30168151855469,20.333341598510742,82.77808380126953,16.497421264648438,11
-48.349361419677734,20.333093643188477,81.71299743652344,17.991424560546875,12
-49.39961242675781,20.33285903930664,80.64537048339844,19.489036560058594,13
-50.451080322265625,20.33265495300293,79.57640075683594,20.988460540771484,14
-51.50241470336914,20.33246421813965,78.50741577148438,22.487802505493164,15
-52.5523796081543,20.33228874206543,77.43975067138672,23.985248565673828,16
-53.599876403808594,20.332122802734375,76.37480163574219,25.47902488708496,17
-54.64409255981445,20.331954956054688,75.3138198852539,26.967666625976562,18
-55.684566497802734,20.331775665283203,74.25785064697266,28.450119018554688,19
-56.7213249206543,20.331567764282227,73.20762634277344,29.925872802734375,20
-57.75496292114258,20.331314086914062,72.1634521484375,31.395122528076172,21
-58.78673553466797,20.330995559692383,71.12504577636719,32.85896682739258,22
-59.81847381591797,20.33059310913086,70.0916519165039,34.319236755371094,23
-60.85234832763672,20.33009910583496,69.0621566772461,35.77827072143555,24
-64.06046295166016,20.32749366760254,65.93022155761719,40.26166915893555,25
-65.16777801513672,20.326021194458008,64.87059020996094,41.79433059692383,26
-66.27973937988281,20.324260711669922,63.811134338378906,43.3302116394043,27
-67.39493560791016,20.322404861450195,62.7503776550293,44.869327545166016,28
-68.5121841430664,20.320659637451172,61.68715286254883,46.41163635253906,29
-69.63041687011719,20.31908416748047,60.62041091918945,47.95708084106445,30
-70.74882507324219,20.317630767822266,59.54932403564453,49.50564193725586,31
-71.86700439453125,20.316251754760742,58.473487854003906,51.05733108520508,32
-72.98462677001953,20.314950942993164,57.39262390136719,52.61211395263672,33
-74.10124969482422,20.313793182373047,56.30633544921875,54.169952392578125,34
-75.2162094116211,20.312868118286133,55.21405792236328,55.73078155517578,35
-76.32811737060547,20.312210083007812,54.1153564453125,57.293949127197266,36
-77.4263916015625,20.311830520629883,53.0185432434082,58.84611511230469,37
-78.49345397949219,20.311721801757812,51.939144134521484,60.363922119140625,38
-79.5831527709961,20.312129974365234,50.8157844543457,61.928985595703125,39
-80.6278305053711,20.313894271850586,49.707733154296875,63.451873779296875,40
-81.6859130859375,20.31773567199707,48.53804397583008,65.02916717529297,41
-82.69048309326172,20.322757720947266,47.365753173828125,66.57306671142578,42
-83.63594818115234,20.328079223632812,46.19126510620117,68.08090209960938,43
-84.5731201171875,20.334213256835938,44.93635940551758,69.6472396850586,44
-85.44894409179688,20.341686248779297,43.66123962402344,71.19429779052734,45
-86.2623062133789,20.35068702697754,42.366783142089844,72.72322082519531,46
-87.01155853271484,20.360973358154297,41.05495071411133,74.2341079711914,47
-87.73064422607422,20.37196159362793,39.65837097167969,75.80509948730469,48
-88.37998962402344,20.381494522094727,38.249656677246094,77.35641479492188,49
-88.96302032470703,20.387184143066406,36.83243179321289,78.88900756835938,50
-89.47967529296875,20.387691497802734,35.40985870361328,80.40262603759766,51
-89.94979858398438,20.381290435791016,33.913692474365234,81.97105407714844,52
-90.3529281616211,20.3646240234375,32.41835021972656,83.51998901367188,53
-90.69429779052734,20.333696365356445,30.926435470581055,85.05091094970703,54
-90.95433044433594,20.30824851989746,29.442920684814453,86.55751037597656,55
-91.12089538574219,20.317052841186523,27.89931869506836,88.1103744506836,56
-91.1927261352539,20.34966468811035,26.3665771484375,89.64533996582031,57
-91.19863891601562,20.369096755981445,24.83847999572754,91.1737060546875,58
-91.1320571899414,20.37898826599121,23.31178855895996,92.70201110839844,59
-90.99752044677734,20.39044189453125,21.793237686157227,94.22665405273438,60
-90.81364440917969,20.400447845458984,20.2817440032959,95.74937438964844,61
-90.61317443847656,20.38648223876953,18.770883560180664,97.27356719970703,62
-90.38414764404297,20.37187385559082,17.24026107788086,98.82132720947266,63
-90.11888122558594,20.367740631103516,15.697175025939941,100.38707733154297,64
-89.8390121459961,20.358251571655273,14.222514152526855,101.88812255859375,65
-89.52114868164062,20.341175079345703,12.748309135437012,103.3963623046875,66
-89.15511322021484,20.327913284301758,11.27715015411377,104.91250610351562,67
-88.734375,20.320476531982422,9.812450408935547,106.4365463256836,68
-88.25358581542969,20.311779022216797,8.356111526489258,107.97032928466797,69
-87.70979309082031,20.304616928100586,6.911646366119385,109.5138931274414,70
-87.10169982910156,20.310874938964844,5.481095790863037,111.06844329833984,71
-86.43567657470703,20.323270797729492,4.064621925354004,112.63380432128906,72
-85.76185607910156,20.326770782470703,2.723618507385254,114.1346206665039,73
-85.06045532226562,20.32299041748047,1.384010910987854,115.64675903320312,74
-84.34552764892578,20.319772720336914,0.03844486176967621,117.17047119140625,75
-83.63648223876953,20.32050132751465,-1.320232629776001,118.70304870605469,76
-82.95132446289062,20.32367515563965,-2.698747396469116,120.24249267578125,77
-82.30521392822266,20.32737159729004,-4.101305961608887,121.78678894042969,78
-81.70600891113281,20.328828811645508,-5.530300140380859,123.33641052246094,79
-81.16053771972656,20.32631492614746,-6.9835896492004395,124.88880157470703,80
-80.67344665527344,20.319734573364258,-8.456562995910645,126.44034576416016,81
-80.25121307373047,20.310840606689453,-9.94704818725586,127.98967742919922,82
-79.91648864746094,20.31207275390625,-11.453455924987793,129.5330810546875,83
-79.68284606933594,20.33391571044922,-12.971230506896973,131.069091796875,84
-79.51869201660156,20.35548973083496,-14.490208625793457,132.59716796875,85
-79.40234375,20.356365203857422,-16.009666442871094,134.1211700439453,86
-79.35738372802734,20.351459503173828,-17.529769897460938,135.64212036132812,87
-79.4000473022461,20.361316680908203,-19.043224334716797,137.15640258789062,88
-79.5151138305664,20.376991271972656,-20.54581069946289,138.66360473632812,89
-79.69725036621094,20.385271072387695,-22.038253784179688,140.1672821044922,90
-79.94767761230469,20.38711166381836,-23.517210006713867,141.6674346923828,91
-80.28263092041016,20.387048721313477,-25.047744750976562,143.23434448242188,92
-80.6883544921875,20.386302947998047,-26.54840850830078,144.78904724121094,93
-81.16427612304688,20.38149642944336,-28.02043342590332,146.3362579345703,94
-81.71001434326172,20.370901107788086,-29.464982986450195,147.88064575195312,95
-82.32353973388672,20.355453491210938,-30.878665924072266,149.4219512939453,96
-83.0042495727539,20.340904235839844,-32.25876235961914,150.96099853515625,97
-83.74518585205078,20.324796676635742,-33.605194091796875,152.498046875,98
-84.55073547363281,20.31120491027832,-34.91570281982422,154.03656005859375,99
-85.42786407470703,20.320209503173828,-36.18597412109375,155.58042907714844,100
-86.36469268798828,20.338603973388672,-37.41729736328125,157.12782287597656,101
-87.3379898071289,20.33735466003418,-38.61988067626953,158.6750030517578,102
-88.3552474975586,20.32383155822754,-39.78785705566406,160.2240447998047,103
-89.4326171875,20.320796966552734,-40.90671920776367,161.77745056152344,104
-90.56929779052734,20.32804298400879,-41.97671127319336,163.33865356445312,105
-91.75480651855469,20.33281898498535,-43.008968353271484,164.91065979003906,106
-92.92304229736328,20.33041000366211,-43.9659423828125,166.4208526611328,107
-94.12336730957031,20.325956344604492,-44.90813064575195,167.94680786132812,108
-95.33570098876953,20.31966209411621,-45.85866928100586,169.48736572265625,109
-96.53181457519531,20.315946578979492,-46.839508056640625,171.0342559814453,110
-97.69917297363281,20.32326889038086,-47.86727523803711,172.58966064453125,111
-98.84352111816406,20.334632873535156,-48.93643569946289,174.15582275390625,112
-99.97687530517578,20.337995529174805,-50.03256607055664,175.73252868652344,113
-101.05261993408203,20.335721969604492,-51.089454650878906,177.24058532714844,114
-102.13523864746094,20.33623504638672,-52.15288162231445,178.75811767578125,115
-103.22908782958984,20.34170913696289,-53.21697235107422,180.28416442871094,116
-104.33416748046875,20.348751068115234,-54.281761169433594,181.8187713623047,117
-105.44917297363281,20.353565216064453,-55.349456787109375,183.362548828125,118
-106.57211303710938,20.35555648803711,-56.421634674072266,184.91513061523438,119
-107.70154571533203,20.357738494873047,-57.4994010925293,186.4762725830078,120
-108.83663177490234,20.362287521362305,-58.58342361450195,188.04583740234375,121
-109.97710418701172,20.3677921295166,-59.673583984375,189.62353515625,122
-111.06278991699219,20.37209701538086,-60.71189498901367,191.1258087158203,123
-112.15377807617188,20.375577926635742,-61.75558090209961,192.6356201171875,124
-113.24982452392578,20.378957748413086,-62.804771423339844,194.15289306640625,125
-114.35016632080078,20.38106918334961,-63.85981750488281,195.6773223876953,126
-115.45398712158203,20.38134002685547,-64.92124938964844,197.20867919921875,127
-116.56124114990234,20.381608963012695,-65.98954010009766,198.7472686767578,128
-117.67207336425781,20.38303565979004,-67.06439208984375,200.29298400878906,129
-118.78661346435547,20.384361267089844,-68.14531707763672,201.84559631347656,130
-119.90458679199219,20.383636474609375,-69.2322998046875,203.40489196777344,131
-121.0254898071289,20.38105010986328,-70.32566833496094,204.97073364257812,132
-122.14860534667969,20.378873825073242,-71.42631530761719,206.5432586669922,133
-123.27264404296875,20.378068923950195,-72.5352554321289,208.12225341796875,134
-124.39634704589844,20.377750396728516,-73.65342712402344,209.70750427246094,135
-125.4560317993164,20.376976013183594,-74.71908569335938,211.21035766601562,136
-126.51245880126953,20.3748836517334,-75.79552459716797,212.71859741210938,137
-127.56336212158203,20.371110916137695,-76.8843002319336,214.23182678222656,138
-128.60679626464844,20.36713218688965,-77.98721313476562,215.75013732910156,139
-129.6402130126953,20.36429214477539,-79.10438537597656,217.27200317382812,140
-130.6563262939453,20.362504959106445,-80.2293701171875,218.7879638671875,141
-131.6545867919922,20.360902786254883,-81.36162567138672,220.29747009277344,142
-132.6392822265625,20.358461380004883,-82.50518035888672,221.80657958984375,143
-133.6174774169922,20.355079650878906,-83.6679458618164,223.32611083984375,144
-134.58456420898438,20.351682662963867,-84.84681701660156,224.85093688964844,145
-135.5403594970703,20.34794044494629,-86.03981018066406,226.37962341308594,146
-136.4871826171875,20.342761993408203,-87.24568176269531,227.91281127929688,147
-137.4258575439453,20.337074279785156,-88.46319580078125,229.4501953125,148
-138.35659790039062,20.33318328857422,-89.6920394897461,230.99176025390625,149
-139.2790985107422,20.332523345947266,-90.93240356445312,232.53758239746094,150
-140.19296264648438,20.33382797241211,-92.1844711303711,234.08770751953125,151
-141.0946502685547,20.334367752075195,-93.44313049316406,235.63604736328125,152
-141.96914672851562,20.33277130126953,-94.68608856201172,237.1558380126953,153
-142.853515625,20.32996368408203,-95.96977996826172,238.71470642089844,154
-143.6943359375,20.32883071899414,-97.2216796875,240.22279357910156,155
-144.5370330810547,20.32955551147461,-98.51313018798828,241.76490783691406,156
-145.37213134765625,20.329559326171875,-99.84487915039062,243.3368682861328,157
-146.14942932128906,20.328216552734375,-101.15164184570312,244.85740661621094,158
-146.9080352783203,20.329021453857422,-102.51962280273438,246.42173767089844,159
-147.60987854003906,20.33356475830078,-103.88557434082031,247.95755004882812,160
-148.2598876953125,20.339256286621094,-105.24493408203125,249.46441650390625,161
-148.88441467285156,20.34330177307129,-106.64147186279297,250.99432373046875,162
-149.4734344482422,20.347339630126953,-108.07927703857422,252.5482177734375,163
-149.99143981933594,20.354469299316406,-109.50627136230469,254.06649780273438,164
-150.44960021972656,20.363908767700195,-110.98419189453125,255.61402893066406,165
-150.8192138671875,20.371868133544922,-112.4443130493164,257.1204833984375,166
-151.10626220703125,20.37950897216797,-113.93417358398438,258.6380615234375,167
-151.29832458496094,20.386980056762695,-115.45208740234375,260.1684265136719,168
-151.3834228515625,20.390647888183594,-116.98442840576172,261.7035217285156,169
-151.3507537841797,20.3861026763916,-118.5252914428711,263.24517822265625,170
-151.19345092773438,20.371994018554688,-120.0694351196289,264.7978515625,171
-150.90902709960938,20.350812911987305,-121.56193542480469,266.31793212890625,172
-150.48146057128906,20.322330474853516,-123.04053497314453,267.8580627441406,173
-149.91233825683594,20.32579231262207,-124.43769836425781,269.3673400878906,174
-149.21701049804688,20.338743209838867,-125.81155395507812,270.90765380859375,175
-148.4182586669922,20.336130142211914,-127.11463928222656,272.43682861328125,176
-147.47195434570312,20.373659133911133,-128.2998046875,273.95465087890625,177
-146.44529724121094,20.40538215637207,-129.397216796875,275.4581298828125,178
-145.3359375,20.3851318359375,-130.4665985107422,276.99969482421875,179
-144.11817932128906,20.384071350097656,-131.39608764648438,278.5324401855469,180
-142.82553100585938,20.383848190307617,-132.1974639892578,280.0539245605469,181
-141.46878051757812,20.361793518066406,-132.8843231201172,281.57550048828125,182
-140.0333251953125,20.361825942993164,-133.41294860839844,283.1059265136719,183
-138.54104614257812,20.35795783996582,-133.81381225585938,284.6516418457031,184
-137.03884887695312,20.354995727539062,-134.08975219726562,286.1793212890625,185
-135.53054809570312,20.359115600585938,-134.28472900390625,287.7003173828125,186
-134.02621459960938,20.360567092895508,-134.4543914794922,289.2142333984375,187
-132.4930419921875,20.361919403076172,-134.65286254882812,290.7602844238281,188
-130.98683166503906,20.363765716552734,-134.89109802246094,292.2853088378906,189
-129.45860290527344,20.36359214782715,-135.1779327392578,293.84033203125,190
-127.97232818603516,20.361642837524414,-135.5137939453125,295.3642578125,191
-126.48908996582031,20.358448028564453,-135.93154907226562,296.90545654296875,192
-125.02225494384766,20.352914810180664,-136.44776916503906,298.4608154296875,193
-123.63765716552734,20.344560623168945,-137.04541015625,299.96929931640625,194
-122.29581451416016,20.333450317382812,-137.74232482910156,301.48175048828125,195
-121.00862121582031,20.318504333496094,-138.53421020507812,302.9935302734375,196
-119.79728698730469,20.317745208740234,-139.42079162597656,304.4951171875,197
-118.62500762939453,20.337491989135742,-140.42733764648438,306.04071044921875,198
-117.52572631835938,20.34949493408203,-141.4950408935547,307.573486328125,199
-116.50138854980469,20.340248107910156,-142.6127471923828,309.0900573730469,200
-115.59915924072266,20.35387420654297,-143.81863403320312,310.5968933105469,201
-114.80583953857422,20.398569107055664,-145.15237426757812,312.1498718261719,202
-114.0956802368164,20.414480209350586,-146.5189971923828,313.6903076171875,203
-113.44366455078125,20.3818416595459,-147.90484619140625,315.2226257324219,204
-112.93077850341797,20.380149841308594,-149.3501434326172,316.7568054199219,205
-112.53622436523438,20.394258499145508,-150.83668518066406,318.2951965332031,206
-112.20391082763672,20.367733001708984,-152.34408569335938,319.8392639160156,207
-111.98645782470703,20.35359001159668,-153.83023071289062,321.3415832519531,208
-111.84944915771484,20.360326766967773,-155.34751892089844,322.8652038574219,209
-111.75056457519531,20.354578018188477,-156.8946533203125,324.4155578613281,210
-111.68773651123047,20.345199584960938,-158.4330596923828,325.9552917480469,211
-111.6365737915039,20.341957092285156,-159.95274353027344,327.4758605957031,212
-111.58543395996094,20.339033126831055,-161.48336791992188,329.0073547363281,213
-111.55902862548828,20.33479881286621,-163.0315399169922,330.5558166503906,214
-111.58515167236328,20.33379554748535,-164.53366088867188,332.05828857421875,215
-111.6796875,20.336088180541992,-166.05075073242188,333.5784606933594,216
-111.84123229980469,20.34004783630371,-167.5830841064453,335.119384765625,217
-112.05279541015625,20.345867156982422,-169.1328887939453,336.6836242675781,218
-112.27263641357422,20.35200309753418,-170.63365173339844,338.200439453125,219
-112.4740982055664,20.355396270751953,-172.1315460205078,339.7118835449219,220
-112.628173828125,20.356260299682617,-173.62672424316406,341.215087890625,221
-112.71817016601562,20.357444763183594,-175.1309814453125,342.72216796875,222
-112.73607635498047,20.357288360595703,-176.65286254882812,344.24432373046875,223
-112.6781234741211,20.35300064086914,-178.18832397460938,345.78106689453125,224
-112.54307556152344,20.343692779541016,-179.73158264160156,347.3304138183594,225
-112.32931518554688,20.331750869750977,-181.2764434814453,348.8902282714844,226
-112.04426574707031,20.32459831237793,-182.7496337890625,350.3909912109375,227
-111.67570495605469,20.32332420349121,-184.21432495117188,351.90155029296875,228
-111.22483825683594,20.323474884033203,-185.6654510498047,353.42132568359375,229
-110.69129180908203,20.324237823486328,-187.09735107421875,354.9496765136719,230
-110.06725311279297,20.33648681640625,-188.4953155517578,356.48095703125,231
-109.35324096679688,20.36325454711914,-189.85504150390625,358.0172119140625,232
-108.57131958007812,20.382352828979492,-191.1826171875,359.5582580566406,233
-107.73095703125,20.38571548461914,-192.47793579101562,361.10247802734375,234
-106.82827758789062,20.383203506469727,-193.7295379638672,362.6458740234375,235
-105.86114501953125,20.378442764282227,-194.93359375,364.1904602050781,236
-104.83677673339844,20.365236282348633,-196.0938262939453,365.7384338378906,237
-103.75560760498047,20.34465789794922,-197.20419311523438,367.2886047363281,238
-102.6128158569336,20.327299118041992,-198.25631713867188,368.84228515625,239
-101.41653442382812,20.314563751220703,-199.25506591796875,370.4009094238281,240
-100.17684936523438,20.310497283935547,-200.21141052246094,371.966796875,241
-98.94776916503906,20.328540802001953,-201.08453369140625,373.4747009277344,242
-97.6804428100586,20.33421516418457,-201.9256591796875,374.9958801269531,243
-96.38412475585938,20.318105697631836,-202.749267578125,376.5318908691406,244
-95.06013488769531,20.314908981323242,-203.55287170410156,378.0807800292969,245
-93.71475982666016,20.337018966674805,-204.33706665039062,379.6382751464844,246
-92.347412109375,20.354738235473633,-205.09259033203125,381.20068359375,247
-90.96209716796875,20.350072860717773,-205.81358337402344,382.7625427246094,248
-89.54786682128906,20.33725357055664,-206.48411560058594,384.32794189453125,249
-88.093505859375,20.337329864501953,-207.0830078125,385.9010009765625,250
-86.67742156982422,20.344987869262695,-207.59202575683594,387.406005859375,251
-85.23760986328125,20.34729766845703,-208.05386352539062,388.918212890625,252
-83.77464294433594,20.340837478637695,-208.47496032714844,390.44073486328125,253
-82.28652954101562,20.33048439025879,-208.85992431640625,391.97796630859375,254
-80.77987670898438,20.319034576416016,-209.228759765625,393.52923583984375,255
-79.26993560791016,20.312532424926758,-209.61410522460938,395.08770751953125,256
-77.7639389038086,20.31892967224121,-210.0406494140625,396.6531066894531,257
-76.27046966552734,20.32871437072754,-210.5136260986328,398.2198486328125,258
-74.79708099365234,20.329572677612305,-211.02151489257812,399.7784423828125,259
-73.3390884399414,20.32522201538086,-211.554443359375,401.33087158203125,260
-71.88227844238281,20.324378967285156,-212.10536193847656,402.888427734375,261
-70.41529083251953,20.32513999938965,-212.66441345214844,404.4584045410156,262
-69.00908660888672,20.32257843017578,-213.190673828125,405.9599609375,263
-67.5881118774414,20.31557846069336,-213.69888305664062,407.4692077636719,264
-66.15118408203125,20.307514190673828,-214.1752471923828,408.9831848144531,265
-64.6983871459961,20.308210372924805,-214.60227966308594,410.49761962890625,266
-63.22833251953125,20.32240867614746,-214.96624755859375,412.0123291015625,267
-61.743595123291016,20.339771270751953,-215.26846313476562,413.5278015136719,268
-60.2481575012207,20.35025978088379,-215.51370239257812,415.0434265136719,269
-58.74602127075195,20.35721206665039,-215.69650268554688,416.5568542480469,270
-57.24093246459961,20.367868423461914,-215.81011962890625,418.06646728515625,271
-55.73530197143555,20.382144927978516,-215.85577392578125,419.57305908203125,272
-54.22835922241211,20.39243507385254,-215.84255981445312,421.08026123046875,273
-52.72090148925781,20.390846252441406,-215.77865600585938,422.5892028808594,274
-51.21337127685547,20.375028610229492,-215.66690063476562,424.1011047363281,275
-49.706878662109375,20.347209930419922,-215.50856018066406,425.61627197265625,276
-48.2071533203125,20.309179306030273,-215.30825805664062,427.12994384765625,277
-46.72608184814453,20.29627227783203,-215.0442657470703,428.6346435546875,278
-45.25685119628906,20.32374382019043,-214.71009826660156,430.141845703125,279
-43.80606460571289,20.368314743041992,-214.31881713867188,431.645263671875,280
-42.29375076293945,20.396276473999023,-213.86868286132812,433.2235107421875,281
-40.78954315185547,20.391563415527344,-213.39169311523438,434.8016662597656,282
-39.376834869384766,20.3798770904541,-212.88572692871094,436.302490234375,283
-37.91813659667969,20.379106521606445,-212.2823028564453,437.8812561035156,284
-36.49343490600586,20.390840530395508,-211.61866760253906,439.453125,285
-35.090213775634766,20.380643844604492,-210.92701721191406,441.0176696777344,286
-33.701908111572266,20.33820152282715,-210.21864318847656,442.5769348144531,287
-32.39499282836914,20.307199478149414,-209.48146057128906,444.0779724121094,288
-31.11250877380371,20.305660247802734,-208.66323852539062,445.5994567871094,289
-29.86390495300293,20.322145462036133,-207.7908172607422,447.12286376953125,290
-28.639190673828125,20.335981369018555,-206.87889099121094,448.64996337890625,291
-27.424171447753906,20.326810836791992,-205.9384765625,450.1864929199219,292
-26.222963333129883,20.3073787689209,-204.97161865234375,451.7286682128906,293
-25.028623580932617,20.312328338623047,-203.96958923339844,453.2877502441406,294
-23.8437442779541,20.34123420715332,-202.9427947998047,454.85595703125,295
-22.669612884521484,20.355443954467773,-201.89820861816406,456.4276123046875,296
-21.50589370727539,20.34190559387207,-200.834716796875,458.00421142578125,297
-20.422176361083984,20.326465606689453,-199.79420471191406,459.5067443847656,298
-19.362125396728516,20.32697868347168,-198.71803283691406,461.01739501953125,299
-18.320634841918945,20.33779525756836,-197.61585998535156,462.53387451171875,300
-17.287065505981445,20.34400749206543,-196.497314453125,464.056884765625,301
-16.251741409301758,20.340396881103516,-195.36976623535156,465.5876770019531,302
-15.206470489501953,20.3289852142334,-194.24046325683594,467.1265563964844,303
-14.146302223205566,20.310333251953125,-193.11758422851562,468.6709899902344,304
-13.064201354980469,20.29958152770996,-192.01336669921875,470.2171325683594,305
-11.949352264404297,20.311609268188477,-190.9343719482422,471.76873779296875,306
-10.80240535736084,20.330459594726562,-189.8816680908203,473.32574462890625,307
-9.631333351135254,20.33501625061035,-188.84938049316406,474.88690185546875,308
-8.441289901733398,20.318103790283203,-187.83518981933594,476.45062255859375,309
-7.218746185302734,20.298675537109375,-186.84756469726562,478.0224914550781,310
-5.95382833480835,20.30735969543457,-185.89901733398438,479.6036682128906,311
-4.6658148765563965,20.33312225341797,-184.97996520996094,481.18621826171875,312
-3.3619046211242676,20.349544525146484,-184.0806427001953,482.77032470703125,313
-2.111144542694092,20.351367950439453,-183.2518310546875,484.2708435058594,314
-0.8348678350448608,20.35171890258789,-182.45143127441406,485.7774353027344,315
0.4660561978816986,20.3584041595459,-181.68338012695312,487.28826904296875,316
1.7877944707870483,20.368003845214844,-180.94496154785156,488.8023986816406,317
3.123072862625122,20.37401580810547,-180.23526000976562,490.31463623046875,318
4.465152740478516,20.375904083251953,-179.55438232421875,491.8196105957031,319
5.892721652984619,20.376861572265625,-178.86041259765625,493.406982421875,320
7.256845951080322,20.37830924987793,-178.219482421875,494.91424560546875,321
8.635411262512207,20.379581451416016,-177.5889129638672,496.43023681640625,322
10.021870613098145,20.38031578063965,-176.9663848876953,497.9501037597656,323
11.413925170898438,20.380897521972656,-176.34487915039062,499.47467041015625,324
12.809081077575684,20.38179588317871,-175.7191925048828,501.0037536621094,325
14.205757141113281,20.382966995239258,-175.0865936279297,502.53704833984375,326
15.60346508026123,20.38284683227539,-174.4456787109375,504.0747375488281,327
17.001502990722656,20.38038444519043,-173.7951202392578,505.6167907714844,328
18.398313522338867,20.37714385986328,-173.13180541992188,507.16314697265625,329
19.791292190551758,20.374204635620117,-172.45156860351562,508.7134094238281,330
21.177330017089844,20.37152099609375,-171.7499542236328,510.2669677734375,331
22.553573608398438,20.369693756103516,-171.02276611328125,511.8236083984375,332
23.917875289916992,20.368701934814453,-170.2671661376953,513.3832397460938,333
25.26850128173828,20.367023468017578,-169.48207092285156,514.945556640625,334
26.603687286376953,20.36507797241211,-168.66583251953125,516.5105590820312,335
27.92210578918457,20.364246368408203,-167.8172607421875,518.0785522460938,336
29.223005294799805,20.363567352294922,-166.93746948242188,519.6491088867188,337
30.50567626953125,20.361560821533203,-166.02723693847656,521.2219848632812,338
31.767955780029297,20.359086990356445,-165.08531188964844,522.7970581054688,339
33.00743103027344,20.35742950439453,-164.11050415039062,524.3740234375,340
34.2219123840332,20.356258392333984,-163.102783203125,525.9522094726562,341
35.40849304199219,20.357145309448242,-162.06080627441406,527.5314331054688,342
36.565982818603516,20.36096954345703,-160.9840545654297,529.1124267578125,343
37.69512176513672,20.36431121826172,-159.87554931640625,530.69482421875,344
38.79627990722656,20.365026473999023,-158.73687744140625,532.2789306640625,345
39.86780548095703,20.36539077758789,-157.5673370361328,533.8651733398438,346
40.90886306762695,20.367420196533203,-156.3677520751953,535.4535522460938,347
41.920345306396484,20.37015151977539,-155.1407928466797,537.0437622070312,348
42.90229797363281,20.37431526184082,-153.8874969482422,538.635986328125,349
43.8001708984375,20.379230499267578,-152.68482971191406,540.1369018554688,350
44.67350387573242,20.38189697265625,-151.46229553222656,541.639404296875,351
45.52177429199219,20.382469177246094,-150.2198486328125,543.1438598632812,352
46.34406280517578,20.38220977783203,-148.95729064941406,544.650634765625,353
47.14033126831055,20.380762100219727,-147.67611694335938,546.1591186523438,354
47.91069030761719,20.37827491760254,-146.37728881835938,547.6692504882812,355
48.65448760986328,20.375652313232422,-145.0609130859375,549.1812744140625,356
49.37125778198242,20.372303009033203,-143.7274169921875,550.6952514648438,357
50.06087875366211,20.366451263427734,-142.37783813476562,552.2108764648438,358
50.723106384277344,20.358732223510742,-141.0120391845703,553.7288208007812,359
51.359066009521484,20.35054588317871,-139.63070678710938,555.2495727539062,360
51.97153091430664,20.3427677154541,-138.2357177734375,556.7731323242188,361
52.56365203857422,20.336135864257812,-136.82870483398438,558.2996826171875,362
53.13824462890625,20.33057975769043,-135.4110870361328,559.829345703125,363
53.69797134399414,20.32524299621582,-133.9842071533203,561.3621215820312,364
54.244873046875,20.31910514831543,-132.5491485595703,562.8978881835938,365
54.77964401245117,20.312320709228516,-131.1062774658203,564.4367065429688,366
55.301666259765625,20.306045532226562,-129.6555938720703,565.9784545898438,367
55.80915069580078,20.301849365234375,-128.19692993164062,567.5228881835938,368
56.298561096191406,20.303180694580078,-126.7296371459961,569.0696411132812,369
56.766456604003906,20.311067581176758,-125.25277709960938,570.618896484375,370
57.211265563964844,20.319778442382812,-123.76658630371094,572.1702880859375,371
57.63349533081055,20.323694229125977,-122.27173614501953,573.7236328125,372
58.03169250488281,20.322622299194336,-120.76983642578125,575.2774658203125,373
58.399864196777344,20.32010269165039,-119.27588653564453,576.816162109375,374
58.73294448852539,20.319026947021484,-117.80879974365234,578.3206176757812,375
59.048728942871094,20.31940269470215,-116.28400421142578,579.8778076171875,376
59.3297004699707,20.31912612915039,-114.78850555419922,581.3994750976562,377
59.58937072753906,20.31667137145996,-113.22586059570312,582.9835815429688,378
59.80410385131836,20.312274932861328,-111.67394256591797,584.5503540039062,379
59.970703125,20.30701446533203,-110.13826751708984,586.0950927734375,380
60.082801818847656,20.307220458984375,-108.62205505371094,587.6155395507812,381
60.13369369506836,20.317934036254883,-107.0478744506836,589.190673828125,382
60.11711120605469,20.334566116333008,-105.49958038330078,590.7392578125,383
60.04008102416992,20.347463607788086,-103.97500610351562,592.2659301757812,384
59.902957916259766,20.35599708557129,-102.47477722167969,593.7725830078125,385
59.69037628173828,20.3659610748291,-100.9258804321289,595.336181640625,386
59.40917205810547,20.378684997558594,-99.41082763671875,596.8772583007812,387
59.067466735839844,20.388086318969727,-97.92803192138672,598.3990478515625,388
58.67015075683594,20.389741897583008,-96.47763061523438,599.9030151367188,389
58.19340133666992,20.382266998291016,-94.99340057373047,601.4620361328125,390
57.66050720214844,20.365549087524414,-93.54957580566406,603.0012817382812,391
57.07627868652344,20.338041305541992,-92.14628601074219,604.521728515625,392
56.39945602416992,20.309906005859375,-90.73234558105469,606.0897827148438,393
55.644935607910156,20.313526153564453,-89.39302062988281,607.6273193359375,394
54.82170486450195,20.33995819091797,-88.12177276611328,609.1422729492188,395
53.90233612060547,20.36357307434082,-86.85186004638672,610.7103881835938,396
52.91861343383789,20.381689071655273,-85.64407348632812,612.2683715820312,397
51.88318634033203,20.397300720214844,-84.50077819824219,613.8110961914062,398
50.80742263793945,20.404651641845703,-83.41255187988281,615.3414306640625,399
49.705474853515625,20.384376525878906,-82.36486053466797,616.8621826171875,400
48.5472297668457,20.366777420043945,-81.38172149658203,618.3817749023438,401
47.325496673583984,20.37006187438965,-80.47650146484375,619.9025268554688,402
46.06385803222656,20.366636276245117,-79.62770080566406,621.4232177734375,403
44.75879669189453,20.349119186401367,-78.82935333251953,622.953369140625,404
43.403419494628906,20.342411041259766,-78.09685516357422,624.4942016601562,405
42.00729751586914,20.34571075439453,-77.4207992553711,626.0455322265625,406
40.57246017456055,20.34459686279297,-76.79008483886719,627.6129760742188,407
39.16692352294922,20.340909957885742,-76.22561645507812,629.127685546875,408
37.73332595825195,20.341201782226562,-75.69348907470703,630.6568603515625,409
36.276268005371094,20.344295501708984,-75.18354797363281,632.2006225585938,410
34.80119323730469,20.346481323242188,-74.68113708496094,633.7589111328125,411
33.38149642944336,20.34745979309082,-74.19392395019531,635.2598876953125,412
31.954824447631836,20.34855079650879,-73.6889419555664,636.7733154296875,413
30.52535629272461,20.349761962890625,-73.15777587890625,638.2982788085938,414
29.098346710205078,20.350107192993164,-72.59080505371094,639.8338623046875,415
27.679452896118164,20.349010467529297,-71.9799575805664,641.3787231445312,416
26.273483276367188,20.346572875976562,-71.31959533691406,642.93212890625,417
24.88437271118164,20.34288215637207,-70.60569763183594,644.4940185546875,418
23.515731811523438,20.33770751953125,-69.83586883544922,646.0643920898438,419
22.234771728515625,20.331005096435547,-69.0492172241211,647.5677490234375,420
20.97921371459961,20.321735382080078,-68.20977020263672,649.0781860351562,421
19.752195358276367,20.3100643157959,-67.3177490234375,650.5953369140625,422
18.561748504638672,20.30890655517578,-66.37188720703125,652.1159057617188,423
17.40777587890625,20.323396682739258,-65.37694549560547,653.6397094726562,424
16.279888153076172,20.33856964111328,-64.33430480957031,655.1758422851562,425
15.177000045776367,20.339479446411133,-63.25559616088867,656.7186279296875,426
14.102677345275879,20.3226261138916,-62.14422607421875,658.2645263671875,427
13.06691837310791,20.301071166992188,-60.987876892089844,659.8171997070312,428
12.090561866760254,20.30377960205078,-59.76594543457031,661.3814697265625,429
11.170190811157227,20.330732345581055,-58.48831558227539,662.9564208984375,430
10.32331657409668,20.351356506347656,-57.24704360961914,664.459228515625,431
9.492059707641602,20.35566520690918,-55.983665466308594,665.9715576171875,432
8.681401252746582,20.35544776916504,-54.69627380371094,667.492919921875,433
7.897634029388428,20.36454200744629,-53.38523864746094,669.0204467773438,434
7.14494514465332,20.380565643310547,-52.050636291503906,670.5527954101562,435
6.422478199005127,20.3896541595459,-50.69223403930664,672.0914306640625,436
5.730616092681885,20.38748550415039,-49.310340881347656,673.6369018554688,437
5.074066638946533,20.382863998413086,-47.90291213989258,675.1900024414062,438
4.455038547515869,20.380149841308594,-46.47105026245117,676.75,439
3.8726611137390137,20.377864837646484,-45.016239166259766,678.3170776367188,440
3.3214645385742188,20.372648239135742,-43.540626525878906,679.8922729492188,441
2.7957704067230225,20.36382293701172,-42.047210693359375,681.4755249023438,442
2.3188536167144775,20.356237411499023,-40.61691665649414,682.9832763671875,443
1.861545205116272,20.3521728515625,-39.17251205444336,684.4983520507812,444
1.4228360652923584,20.350196838378906,-37.71525573730469,686.0202026367188,445
1.002791404724121,20.347015380859375,-36.245819091796875,687.5485229492188,446
0.6040664315223694,20.340770721435547,-34.764347076416016,689.082763671875,447
0.2315971702337265,20.333717346191406,-33.27032470703125,690.62255859375,448
-0.1101800948381424,20.33013916015625,-31.763139724731445,692.1680297851562,449
-0.42032748460769653,20.330589294433594,-30.24349021911621,693.718994140625,450
-0.7003960609436035,20.33197021484375,-28.712358474731445,695.2755737304688,451
-0.9513548612594604,20.332284927368164,-27.170289993286133,696.8379516601562,452
-1.1731278896331787,20.33286476135254,-25.61769676208496,698.4063110351562,453
-1.3661613464355469,20.33558464050293,-24.05547332763672,699.9804077148438,454
-1.5320936441421509,20.339014053344727,-22.484603881835938,701.5599975585938,455
-1.6717101335525513,20.340436935424805,-20.90614128112793,703.1446533203125,456
-1.778203010559082,20.34107208251953,-19.408599853515625,704.64599609375,457
-1.8583425283432007,20.343759536743164,-17.90468978881836,706.1520385742188,458
-1.911693811416626,20.348365783691406,-16.395021438598633,707.6626586914062,459
-1.9386337995529175,20.351938247680664,-14.880163192749023,709.1777954101562,460
-1.9391746520996094,20.35225486755371,-13.36115837097168,710.69677734375,461
-1.9117214679718018,20.35183334350586,-11.838339805603027,712.2198486328125,462
-1.8555320501327515,20.353872299194336,-10.312026977539062,713.7471923828125,463
-1.772644281387329,20.357603073120117,-8.78702449798584,715.2744750976562,464
-1.667443037033081,20.359098434448242,-7.270198345184326,716.794921875,465
-1.5434727668762207,20.357437133789062,-5.761086940765381,718.3091430664062,466
-1.4016203880310059,20.35630226135254,-4.248343467712402,719.8284912109375,467
-1.2416647672653198,20.357913970947266,-2.727874755859375,721.3573608398438,468
-1.0643715858459473,20.360445022583008,-1.2058448791503906,722.8896484375,469
-0.8708915114402771,20.360504150390625,0.3182503879070282,724.4259643554688,470
-0.6600527763366699,20.35797691345215,1.8440577983856201,725.9662475585938,471
-0.4282867908477783,20.356172561645508,3.370255470275879,727.5099487304688,472
-0.1717587560415268,20.356626510620117,4.895658493041992,729.0567626953125,473
0.11228715628385544,20.35767364501953,6.4192352294921875,730.6066284179688,474
0.4259331226348877,20.357933044433594,7.940171241760254,732.1596069335938,475
0.7709648609161377,20.358125686645508,9.457530975341797,733.7156982421875,476
1.1482023000717163,20.359228134155273,10.970327377319336,735.2748413085938,477
1.5567692518234253,20.36026954650879,12.478029251098633,736.8369140625,478
1.9951369762420654,20.360139846801758,13.980323791503906,738.40185546875,479
2.4630491733551025,20.36014747619629,15.47694206237793,739.9699096679688,480
2.961129903793335,20.36170768737793,16.967025756835938,741.5410766601562,481
3.489506244659424,20.362998962402344,18.449628829956055,743.1150512695312,482
4.048614978790283,20.361366271972656,19.9226016998291,744.6906127929688,483
4.641449928283691,20.358495712280273,21.3808536529541,746.2647705078125,484
5.271668434143066,20.358015060424805,22.81725311279297,747.8333740234375,485
5.941771984100342,20.361183166503906,24.226938247680664,749.394287109375,486
6.652851104736328,20.36682891845703,25.60780906677246,750.9475708007812,487
7.404598712921143,20.373252868652344,26.95872688293457,752.49365234375,488
8.193374633789062,20.377872467041016,28.276914596557617,754.0298461914062,489
9.016582489013672,20.37894630432129,29.561491012573242,755.5556030273438,490
9.874565124511719,20.378101348876953,30.81013298034668,757.0706787109375,491
10.767097473144531,20.378135681152344,32.01886749267578,758.5733032226562,492
11.746170043945312,20.37944793701172,33.25248336791992,760.1483154296875,493
12.760993003845215,20.381227493286133,34.44266128540039,761.7124633789062,494
13.811601638793945,20.382041931152344,35.59202194213867,763.2697143554688,495
14.897248268127441,20.381624221801758,36.69984436035156,764.8208618164062,496
16.016572952270508,20.381044387817383,37.7632942199707,766.3648681640625,497
17.16777229309082,20.38136100769043,38.77933120727539,767.900390625,498
18.348634719848633,20.382749557495117,39.74483871459961,769.42578125,499
19.5550479888916,20.3842716217041,40.656280517578125,770.9378662109375,500
20.852081298828125,20.384428024291992,41.5572509765625,772.5172119140625,501
22.170297622680664,20.382722854614258,42.393043518066406,774.0781860351562,502
23.50788688659668,20.38017463684082,43.16060256958008,775.6204833984375,503
24.863401412963867,20.37688446044922,43.8583869934082,777.1452026367188,504
26.23384666442871,20.370037078857422,44.48796463012695,778.6535034179688,505
27.689115524291992,20.35826301574707,45.07734680175781,780.2237548828125,506
29.156421661376953,20.345054626464844,45.58877944946289,781.77783203125,507
30.633544921875,20.331457138061523,46.02153778076172,783.3172607421875,508
32.119049072265625,20.318471908569336,46.37350845336914,784.8441162109375,509
33.61046600341797,20.309072494506836,46.64179611206055,786.3596801757812,510
35.104496002197266,20.306289672851562,46.82485580444336,787.8651123046875,511
36.672630310058594,20.311647415161133,46.92532730102539,789.4367065429688,512
38.23611831665039,20.32512092590332,46.93373107910156,791.00048828125,513
39.79203414916992,20.34246826171875,46.85780715942383,792.5585327148438,514
41.338043212890625,20.356826782226562,46.70741271972656,794.112060546875,515
42.871402740478516,20.366823196411133,46.48582458496094,795.6614990234375,516
44.388519287109375,20.3746395111084,46.19266128540039,797.2068481445312,517
45.887203216552734,20.38150978088379,45.826900482177734,798.7496948242188,518
47.36683654785156,20.384963989257812,45.39109802246094,800.2922973632812,519
48.825130462646484,20.384368896484375,44.88750457763672,801.835205078125,520
50.25940704345703,20.384244918823242,44.31403350830078,803.3800048828125,521
51.669593811035156,20.385852813720703,43.67143249511719,804.9298095703125,522
53.059173583984375,20.386743545532227,42.96527862548828,806.4885864257812,523
54.43325424194336,20.385881423950195,42.20377731323242,808.0596313476562,524
55.73358917236328,20.384563446044922,41.43824005126953,809.568603515625,525
57.035335540771484,20.383695602416992,40.65165710449219,811.0895385742188,526
58.350135803222656,20.38341522216797,39.86790466308594,812.6202392578125,527
59.686370849609375,20.383560180664062,39.104820251464844,814.1590576171875,528
61.048397064208984,20.383760452270508,38.37034606933594,815.70654296875,529
62.43796920776367,20.383880615234375,37.66893005371094,817.2631225585938,530
63.85512161254883,20.384197235107422,37.005340576171875,818.8280029296875,531
65.29875946044922,20.384885787963867,36.38414001464844,820.399658203125,532
66.76785278320312,20.3858585357666,35.80915069580078,821.9773559570312,533
68.18641662597656,20.386199951171875,35.30784225463867,823.48193359375,534
69.62628173828125,20.38471794128418,34.851646423339844,824.992431640625,535
71.08624267578125,20.381771087646484,34.443756103515625,826.5083618164062,536
72.56499481201172,20.37921714782715,34.08884811401367,828.0291748046875,537
74.06055450439453,20.376056671142578,33.788509368896484,829.5546875,538
75.5706787109375,20.36973762512207,33.54298782348633,831.084716796875,539
77.09210205078125,20.359378814697266,33.354618072509766,832.6178588867188,540
78.62283325195312,20.348806381225586,33.22889709472656,834.1538696289062,541
80.16108703613281,20.338237762451172,33.166893005371094,835.6934814453125,542
81.70270538330078,20.326858520507812,33.16933059692383,837.2352294921875,543
83.2457275390625,20.316633224487305,33.23835754394531,838.7799682617188,544
84.782958984375,20.312536239624023,33.376033782958984,840.323486328125,545
86.30906677246094,20.315420150756836,33.58143615722656,841.863525390625,546
87.82516479492188,20.334335327148438,33.87045669555664,843.4072265625,547
89.33025360107422,20.3633975982666,34.242340087890625,844.9580078125,548
90.81861877441406,20.38459014892578,34.673919677734375,846.5079345703125,549
92.29151153564453,20.394498825073242,35.15625,848.057861328125,550
93.74533081054688,20.390033721923828,35.682228088378906,849.6039428710938,551
95.18003845214844,20.3758544921875,36.2602653503418,851.15087890625,552
96.5938491821289,20.362489700317383,36.89976119995117,852.7027587890625,553
97.98139190673828,20.35124969482422,37.596920013427734,854.2557373046875,554
99.34199523925781,20.33913230895996,38.35289764404297,855.8124389648438,555
100.67174530029297,20.326770782470703,39.168094635009766,857.372314453125,556
101.96810913085938,20.315637588500977,40.039119720458984,858.9342651367188,557
103.22992706298828,20.306528091430664,40.96409606933594,860.4989013671875,558
104.45536041259766,20.30632781982422,41.945098876953125,862.0687255859375,559
105.64051055908203,20.32006072998047,42.98433303833008,863.6451416015625,560
106.78909301757812,20.332561492919922,44.0721435546875,865.2272338867188,561
107.85330963134766,20.331161499023438,45.135650634765625,866.7318115234375,562
108.90327453613281,20.321880340576172,46.22550582885742,868.2451782226562,563
109.94955444335938,20.31722068786621,47.3331184387207,869.7688598632812,564
110.9999008178711,20.320043563842773,48.446815490722656,871.2997436523438,565
112.05641174316406,20.324132919311523,49.56259536743164,872.8363647460938,566
113.1176528930664,20.32447052001953,50.682823181152344,874.3794555664062,567
114.17977905273438,20.3221492767334,51.81178665161133,875.9295043945312,568
115.23590087890625,20.320825576782227,52.955162048339844,877.4860229492188,569
116.28109741210938,20.32189178466797,54.11648178100586,879.0484619140625,570
117.31533813476562,20.3236141204834,55.2957763671875,880.6170043945312,571
118.34153747558594,20.322298049926758,56.49092102050781,882.1922607421875,572
119.36300659179688,20.316553115844727,57.69878387451172,883.774169921875,573
120.32533264160156,20.30999183654785,58.84949493408203,885.2742309570312,574
121.28604125976562,20.305017471313477,60.00898742675781,886.780029296875,575
122.24430847167969,20.302549362182617,61.17713928222656,888.2909545898438,576
123.19847106933594,20.305288314819336,62.35490417480469,889.8067626953125,577
124.14752197265625,20.313793182373047,63.54386520385742,891.3280639648438,578
125.09175872802734,20.3223819732666,64.74313354492188,892.8544921875,579
126.03266906738281,20.326629638671875,65.95122528076172,894.3858032226562,580
126.97156524658203,20.32805061340332,67.16731262207031,895.9221801757812,581
127.90846252441406,20.33053207397461,68.39139556884766,897.4636840820312,582
128.8419952392578,20.335268020629883,69.62397003173828,899.0098876953125,583
129.76695251464844,20.340551376342773,70.86139678955078,900.5548095703125,584
130.6786346435547,20.344402313232422,72.10038757324219,902.0930786132812,585
131.57635498046875,20.346176147460938,73.3424072265625,903.6256103515625,586
132.46627807617188,20.347679138183594,74.59825134277344,905.1648559570312,587
133.34693908691406,20.350675582885742,75.87061309814453,906.7122802734375,588
134.21405029296875,20.35478973388672,77.15608978271484,908.262939453125,589
135.0693359375,20.35819435119629,78.45440673828125,909.8176879882812,590
135.91390991210938,20.36025047302246,79.76461791992188,911.3765258789062,591
136.7480010986328,20.36200523376465,81.08611297607422,912.9392700195312,592
137.5716552734375,20.36396026611328,82.41869354248047,914.505859375,593
138.38414001464844,20.366147994995117,83.76261138916016,916.0762939453125,594
139.18431091308594,20.367887496948242,85.11845397949219,917.6506958007812,595
139.97071838378906,20.36663246154785,86.48655700683594,919.228759765625,596
140.7403564453125,20.36206817626953,87.86766815185547,920.8098754882812,597
141.48968505859375,20.3577880859375,89.26341247558594,922.3941040039062,598
142.21658325195312,20.354768753051758,90.67424011230469,923.981201171875,599
142.92088317871094,20.35086441040039,92.09960174560547,925.5711059570312,600
143.60256958007812,20.345890045166016,93.53955078125,927.164306640625,601
144.223388671875,20.341781616210938,94.90796661376953,928.6669921875,602
144.8248291015625,20.339338302612305,96.28836059570312,930.1727905273438,603
145.4086151123047,20.33869171142578,97.67959594726562,931.6815795898438,604
145.97689819335938,20.33903694152832,99.08057403564453,933.1934814453125,605
146.53221130371094,20.338132858276367,100.49016571044922,934.7085571289062,606
147.0761260986328,20.334196090698242,101.90746307373047,936.2266845703125,607
147.6092071533203,20.32861328125,103.33228302001953,937.7479858398438,608
148.13140869140625,20.324275970458984,104.76460266113281,939.2725830078125,609
148.6429443359375,20.322023391723633,106.20402526855469,940.8002319335938,610
149.14427185058594,20.32082748413086,107.65023040771484,942.3309326171875,611
149.63583374023438,20.319849014282227,109.10309600830078,943.86474609375,612
150.11813354492188,20.318967819213867,110.56243133544922,945.4017333984375,613
150.59225463867188,20.31793975830078,112.02779388427734,946.9419555664062,614
151.05941772460938,20.316356658935547,113.49860382080078,948.4852294921875,615
151.5207977294922,20.314435958862305,114.97447967529297,950.0315551757812,616
151.9772491455078,20.313045501708984,116.45515441894531,951.5810546875,617
152.42970275878906,20.312795639038086,117.9403076171875,953.1336059570312,618
152.87892150878906,20.313352584838867,119.42964935302734,954.6892700195312,619
153.3252410888672,20.313812255859375,120.92304992675781,956.2479858398438,620
153.76870727539062,20.313655853271484,122.42048645019531,957.8097534179688,621
154.20916748046875,20.31313133239746,123.92193603515625,959.37451171875,622
154.64593505859375,20.31227684020996,125.42758178710938,960.9422607421875,623
155.07742309570312,20.310577392578125,126.93766784667969,962.5128173828125,624
155.50140380859375,20.3084716796875,128.45272827148438,964.0861206054688,625
155.91525268554688,20.307998657226562,129.97335815429688,965.662109375,626
156.31654357910156,20.31037139892578,131.5000457763672,967.24072265625,627
156.70266723632812,20.31401252746582,133.03001403808594,968.8187255859375,628
157.06781005859375,20.316688537597656,134.5418243408203,970.3740844726562,629
157.40724182128906,20.318140029907227,136.0155487060547,971.886474609375,630
157.73797607421875,20.320024490356445,137.5391845703125,973.4456176757812,631
158.03805541992188,20.323945999145508,139.02114868164062,974.9577026367188,632
158.31968688964844,20.330429077148438,140.5458984375,976.5083618164062,633
158.56834411621094,20.337921142578125,142.10784912109375,978.090087890625,634
158.7632598876953,20.344188690185547,143.62115478515625,979.6160278320312,635
158.90667724609375,20.35066032409668,145.16912841796875,981.1707763671875,636
158.9822235107422,20.3591365814209,146.6771240234375,982.6808471679688,637
158.98716735839844,20.369670867919922,148.2236785888672,984.2276611328125,638
158.9168243408203,20.37928581237793,149.7372589111328,985.7431030273438,639
158.766357421875,20.385364532470703,151.2893829345703,987.302734375,640
158.53733825683594,20.38867950439453,152.8043975830078,988.835205078125,641
158.23272705078125,20.38711929321289,154.27813720703125,990.3403930664062,642
157.83885192871094,20.37776756286621,155.77249145507812,991.8860473632812,643
157.3720703125,20.358423233032227,157.22235107421875,993.4095458984375,644
156.83135986328125,20.328235626220703,158.6292724609375,994.9174194335938,645
156.1705322265625,20.310914993286133,160.0408172607422,996.4765014648438,646
155.42007446289062,20.331825256347656,161.39451599121094,998.0247192382812,647
154.6058807373047,20.359203338623047,162.71141052246094,999.5734252929688,648
153.74847412109375,20.357423782348633,164.000732421875,1001.1220703125,649
152.81112670898438,20.363079071044922,165.25180053710938,1002.6856079101562,650
151.80433654785156,20.394649505615234,166.44410705566406,1004.2466430664062,651
150.76841735839844,20.408660888671875,167.60452270507812,1005.8023681640625,652
149.71401977539062,20.380008697509766,168.74392700195312,1007.355224609375,653
148.62911987304688,20.364030838012695,169.7856903076172,1008.8596801757812,654
147.4814453125,20.370059967041016,170.76553344726562,1010.3690185546875,655
146.3010711669922,20.356706619262695,171.7101287841797,1011.8810424804688,656
145.07785034179688,20.3299503326416,172.62527465820312,1013.4091186523438,657
143.8010711669922,20.32071876525879,173.5045623779297,1014.9595336914062,658
142.49110412597656,20.31798553466797,174.35916137695312,1016.5237426757812,659
141.2103271484375,20.311046600341797,175.15753173828125,1018.0331420898438,660
139.89903259277344,20.313798904418945,175.9296112060547,1019.5549926757812,661
138.5542755126953,20.328868865966797,176.66848754882812,1021.089599609375,662
137.17855834960938,20.334178924560547,177.37364196777344,1022.6356811523438,663
135.7742156982422,20.327192306518555,178.04376220703125,1024.19189453125,664
134.33639526367188,20.325271606445312,178.6704864501953,1025.760498046875,665
132.93321228027344,20.32756805419922,179.2263946533203,1027.2698974609375,666
131.503662109375,20.325212478637695,179.7440948486328,1028.7904052734375,667
130.04808044433594,20.320987701416016,180.22134399414062,1030.3223876953125,668
128.5683135986328,20.32086181640625,180.65086364746094,1031.8634033203125,669
127.06966400146484,20.320737838745117,181.0287628173828,1033.4091796875,670
125.55870056152344,20.31193733215332,181.35618591308594,1034.9554443359375,671
124.04129791259766,20.30360984802246,181.62034606933594,1036.495849609375,672
122.5216293334961,20.31471061706543,181.7996368408203,1038.0263671875,673
120.99687194824219,20.340984344482422,181.8908233642578,1039.5543212890625,674
119.46918487548828,20.3603458404541,181.91336059570312,1041.08251953125,675
117.94488525390625,20.36818504333496,181.87030029296875,1042.607666015625,676
116.43302154541016,20.377948760986328,181.74725341796875,1044.124755859375,677
114.93672943115234,20.39067268371582,181.54727172851562,1045.6346435546875,678
113.45281219482422,20.3946590423584,181.28121948242188,1047.1424560546875,679
111.9815902709961,20.382505416870117,180.9552459716797,1048.6495361328125,680
110.52889251708984,20.362009048461914,180.56158447265625,1050.155029296875,681
109.10247039794922,20.3427677154541,180.09194946289062,1051.6571044921875,682
107.70588684082031,20.32889747619629,179.53994750976562,1053.1591796875,683
106.33732604980469,20.319856643676758,178.91156005859375,1054.6654052734375,684
105.00038146972656,20.321868896484375,178.21414184570312,1056.1734619140625,685
103.70014953613281,20.33062171936035,177.4547576904297,1057.6793212890625,686
102.41703796386719,20.334697723388672,176.64151000976562,1059.1986083984375,687
101.14564514160156,20.329936981201172,175.7841339111328,1060.732177734375,688
99.8966064453125,20.318431854248047,174.89016723632812,1062.268310546875,689
98.67973327636719,20.315486907958984,173.95034790039062,1063.8060302734375,690
97.49996185302734,20.335262298583984,172.95533752441406,1065.349609375,691
96.35269165039062,20.3604793548584,171.91844177246094,1066.8963623046875,692
95.23251342773438,20.372947692871094,170.8450469970703,1068.447998046875,693
94.14566040039062,20.375612258911133,169.72982788085938,1070.00537109375,694
93.1014175415039,20.376628875732422,168.57164001464844,1071.56494140625,695
92.10519409179688,20.375268936157227,167.37147521972656,1073.1248779296875,696
91.16385650634766,20.373579025268555,166.12277221679688,1074.6888427734375,697
90.27982330322266,20.372995376586914,164.8253936767578,1076.2589111328125,698
89.48880767822266,20.371471405029297,163.54873657226562,1077.7608642578125,699
88.7468490600586,20.3695011138916,162.23370361328125,1079.2708740234375,700
88.05293273925781,20.369550704956055,160.88217163085938,1080.790283203125,701
87.4023208618164,20.371570587158203,159.49903869628906,1082.31884765625,702
86.79448699951172,20.373037338256836,158.11045837402344,1083.834716796875,703
86.2028579711914,20.373571395874023,156.69065856933594,1085.3729248046875,704
85.62760162353516,20.375486373901367,155.25669860839844,1086.91796875,705
85.06621551513672,20.37813949584961,153.8201904296875,1088.4603271484375,706
84.51354217529297,20.37863540649414,152.392578125,1089.9912109375,707
83.95805358886719,20.378137588500977,150.98269653320312,1091.506591796875,708
83.36258697509766,20.379039764404297,149.55392456054688,1093.0545654296875,709
82.72926330566406,20.3813419342041,148.17279052734375,1094.5740966796875,710
82.00582885742188,20.38318634033203,146.8043670654297,1096.122314453125,711
81.18470764160156,20.38463020324707,145.5056610107422,1097.6593017578125,712
80.24796295166016,20.387815475463867,144.2901611328125,1099.1944580078125,713
79.18743896484375,20.39120864868164,143.1706085205078,1100.7373046875,714
78.04207611083984,20.389432907104492,142.1887969970703,1102.24658203125,715
76.79190826416016,20.383438110351562,141.33314514160156,1103.7623291015625,716
75.45343780517578,20.369029998779297,140.62181091308594,1105.279052734375,717
74.04296875,20.34977149963379,140.07957458496094,1106.79150390625,718
72.57518005371094,20.341693878173828,139.75001525878906,1108.29736328125,719
71.07280731201172,20.34217643737793,139.65496826171875,1109.804443359375,720
69.57918548583984,20.352258682250977,139.80657958984375,1111.3074951171875,721
68.09902954101562,20.36874771118164,140.20794677734375,1112.8427734375,722
66.70136260986328,20.3812198638916,140.817626953125,1114.3690185546875,723
65.40518951416016,20.3875789642334,141.60385131835938,1115.885986328125,724
64.19596099853516,20.388629913330078,142.5260009765625,1117.4072265625,725
63.044044494628906,20.389448165893555,143.5411376953125,1118.94287109375,726
61.94498062133789,20.39015007019043,144.61830139160156,1120.4820556640625,727
60.91880798339844,20.390361785888672,145.7573699951172,1122.0155029296875,728
59.984413146972656,20.390396118164062,146.96751403808594,1123.5447998046875,729
59.1373291015625,20.38873291015625,148.2420654296875,1125.075439453125,730
58.347347259521484,20.38643455505371,149.5568389892578,1126.609375,731
57.55290222167969,20.384645462036133,150.8580322265625,1128.134033203125,732
56.67830276489258,20.384166717529297,152.1334228515625,1129.6807861328125,733
55.73435592651367,20.3842716217041,153.3173370361328,1131.1953125,734
54.68726348876953,20.384510040283203,154.4408416748047,1132.7315673828125,735
53.57887268066406,20.385374069213867,155.45748901367188,1134.2359619140625,736
52.3819580078125,20.386587142944336,156.39544677734375,1135.757080078125,737
51.10624313354492,20.388540267944336,157.2443389892578,1137.289794921875,738
49.75927734375,20.390592575073242,158.0017852783203,1138.83544921875,739
48.40105438232422,20.387285232543945,158.64935302734375,1140.3404541015625,740
46.99424362182617,20.37962532043457,159.2113037109375,1141.855712890625,741
45.542030334472656,20.374107360839844,159.6774444580078,1143.38134765625,742
44.051475524902344,20.371294021606445,160.03756713867188,1144.9151611328125,743
42.52843475341797,20.371686935424805,160.28565979003906,1146.458740234375,744
40.98231506347656,20.375484466552734,160.4185333251953,1148.010986328125,745
39.48168182373047,20.38350486755371,160.4345245361328,1149.5120849609375,746
37.9737434387207,20.389802932739258,160.3475799560547,1151.0228271484375,747
36.4643669128418,20.389759063720703,160.159912109375,1152.544189453125,748
34.956539154052734,20.388256072998047,159.87075805664062,1154.079833984375,749
33.45551681518555,20.38543701171875,159.486328125,1155.6295166015625,750
32.02122497558594,20.382450103759766,159.0291290283203,1157.1351318359375,751
30.593229293823242,20.375682830810547,158.49583435058594,1158.65966796875,752
29.170923233032227,20.36220359802246,157.89759826660156,1160.202880859375,753
27.755781173706055,20.349411010742188,157.23538208007812,1161.7655029296875,754
26.407085418701172,20.340810775756836,156.5408172607422,1163.28271484375,755
25.070587158203125,20.332345962524414,155.7879638671875,1164.8167724609375,756
23.749446868896484,20.321731567382812,154.97415161132812,1166.36865234375,757
22.500347137451172,20.309965133666992,154.1359405517578,1167.8731689453125,758
21.27337646484375,20.308059692382812,153.23873901367188,1169.393310546875,759
20.065473556518555,20.31998062133789,152.28335571289062,1170.9334716796875,760
18.868497848510742,20.326404571533203,151.28619384765625,1172.491455078125,761
17.724977493286133,20.322803497314453,150.30575561523438,1173.997802734375,762
16.580720901489258,20.320125579833984,149.30311584472656,1175.5191650390625,763
15.438852310180664,20.322017669677734,148.2772216796875,1177.05419921875,764
14.315690994262695,20.32254409790039,147.23541259765625,1178.586181640625,765
13.216520309448242,20.320491790771484,146.17787170410156,1180.111572265625,766
12.135353088378906,20.320148468017578,145.09658813476562,1181.6407470703125,767
11.061400413513184,20.322223663330078,143.98367309570312,1183.1873779296875,768
9.993093490600586,20.32373809814453,142.8419189453125,1184.7509765625,769
8.975642204284668,20.323877334594727,141.73052978515625,1186.2578125,770
7.956923007965088,20.324337005615234,140.602294921875,1187.7779541015625,771
6.934744834899902,20.32604217529297,139.4596710205078,1189.31103515625,772
5.9080939292907715,20.327232360839844,138.30349731445312,1190.8572998046875,773
4.876543998718262,20.323810577392578,137.1343231201172,1192.41650390625,774
3.8402042388916016,20.317380905151367,135.9521026611328,1193.9886474609375,775
2.849926233291626,20.312891006469727,134.81280517578125,1195.4981689453125,776
1.8575929403305054,20.310094833374023,133.66033935546875,1197.01904296875,777
0.8626281023025513,20.30742835998535,132.4956512451172,1198.5509033203125,778
-0.13623970746994019,20.308523178100586,131.31927490234375,1200.0941162109375,779
-1.140587568283081,20.314739227294922,130.13247680664062,1201.64892578125,780
-2.1530890464782715,20.320209503173828,128.93934631347656,1203.2137451171875,781
-3.1775553226470947,20.322301864624023,127.74333190917969,1204.78857421875,782
-4.164491653442383,20.323566436767578,126.60623931884766,1206.294189453125,783
-5.165047645568848,20.32613182067871,125.4688949584961,1207.8089599609375,784
-6.178557395935059,20.329269409179688,124.33133697509766,1209.33251953125,785
-7.204697608947754,20.331533432006836,123.19351196289062,1210.86474609375,786
-8.243340492248535,20.332727432250977,122.05533599853516,1212.4056396484375,787
-9.294275283813477,20.333600997924805,120.91710662841797,1213.954833984375,788
-10.323617935180664,20.334529876708984,119.82264709472656,1215.457275390625,789
-11.349617958068848,20.335498809814453,118.74313354492188,1216.946533203125,790
-12.378087043762207,20.33652687072754,117.67102813720703,1218.43212890625,791
-13.410538673400879,20.337474822998047,116.60324096679688,1219.91748046875,792
-14.446680068969727,20.338233947753906,115.53904724121094,1221.40283203125,793
-15.48582935333252,20.33891487121582,114.47953033447266,1222.8868408203125,794
-16.527250289916992,20.339435577392578,113.42475128173828,1224.369140625,795
-17.570579528808594,20.339815139770508,112.37482452392578,1225.849365234375,796
-18.615806579589844,20.340038299560547,111.3294906616211,1227.32763671875,797
-19.663082122802734,20.340063095092773,110.2878646850586,1228.8046875,798
-20.71283721923828,20.340011596679688,109.24989318847656,1230.281005859375,799
-21.765249252319336,20.339841842651367,108.21463775634766,1231.7572021484375,800
-22.820261001586914,20.33951187133789,107.18110656738281,1233.234130859375,801
-23.877790451049805,20.339162826538086,106.1495361328125,1234.71142578125,802
-24.937335968017578,20.3387508392334,105.11906433105469,1236.189453125,803
-25.9984188079834,20.338237762451172,104.0888671875,1237.6683349609375,804
-27.060983657836914,20.337709426879883,103.05821990966797,1239.148681640625,805
-28.125627517700195,20.337249755859375,102.02558135986328,1240.6318359375,806
-29.193527221679688,20.336828231811523,100.98804473876953,1242.1207275390625,807
-30.26643180847168,20.336395263671875,99.94217681884766,1243.6190185546875,808
-31.34628677368164,20.33603858947754,98.88511657714844,1245.130126953125,809
-32.434200286865234,20.335817337036133,97.8150634765625,1246.6561279296875,810
-33.529476165771484,20.335662841796875,96.7315673828125,1248.19677734375,811
-34.6292839050293,20.33551597595215,95.63677215576172,1249.7486572265625,812
