207.21942138671875,0.32439103722572327,-431.5632019042969,0.0,0
207.24549865722656,0.32436603307724,-433.1403503417969,1.5774530172348022,1
207.25987243652344,0.3242763876914978,-434.7045593261719,3.1418256759643555,2
207.2605438232422,0.3241143524646759,-436.2476501464844,4.684985637664795,3
207.24478149414062,0.32387417554855347,-437.7649230957031,6.20241641998291,4
207.20907592773438,0.3235524892807007,-439.2559509277344,7.693986415863037,5
207.14918518066406,0.3231489956378937,-440.7231140136719,9.16249942779541,6
207.05999755859375,0.3226678669452667,-442.17041015625,10.612648963928223,7
206.93553161621094,0.32211819291114807,-443.6015319824219,12.04930305480957,8
206.7693634033203,0.321514368057251,-445.0187072753906,13.476370811462402,9
206.554931640625,0.3208758533000946,-446.4229431152344,14.897100448608398,10
206.28587341308594,0.32022660970687866,-447.8131408691406,16.3133487701416,11
205.95643615722656,0.3195929527282715,-449.1871032714844,17.72650718688965,12
205.56179809570312,0.319001168012619,-450.5419006347656,19.13789939880371,13
205.09844970703125,0.31847497820854187,-451.8741760253906,20.548805236816406,14
204.56423950195312,0.3180321156978607,-453.18048095703125,21.96050262451172,15
203.95851135253906,0.31768253445625305,-454.4575500488281,23.37434959411621,16
203.28179931640625,0.3174271881580353,-455.7021484375,24.791427612304688,17
202.53579711914062,0.3172582685947418,-456.9112854003906,26.212574005126953,18
201.7230987548828,0.317161500453949,-458.0823974609375,27.63850212097168,19
200.84706115722656,0.3171188235282898,-459.21337890625,29.06955909729004,20
199.91172790527344,0.31711238622665405,-460.3026123046875,30.505762100219727,21
198.9217071533203,0.31712713837623596,-461.3494873046875,31.947101593017578,22
197.88250732421875,0.31715336441993713,-462.3543395996094,33.39311218261719,23
196.80032348632812,0.3171868920326233,-463.31854248046875,34.84536361694336,24
193.1839141845703,0.3171750009059906,-465.8772277832031,39.27587127685547,25
191.83738708496094,0.3172367513179779,-466.59210205078125,40.80390167236328,26
190.48731994628906,0.3172674775123596,-467.2668762207031,42.313697814941406,27
189.1044158935547,0.3172444701194763,-467.9040832519531,43.8367919921875,28
187.7165985107422,0.3172292113304138,-468.4893493652344,45.34345245361328,29
186.30982971191406,0.3172276020050049,-469.0662841796875,46.86432647705078,30
184.91690063476562,0.3172070384025574,-469.633056640625,48.3685302734375,31
183.50582885742188,0.31720295548439026,-470.1905517578125,49.88615798950195,32
182.07208251953125,0.31717947125434875,-470.72607421875,51.4171142578125,33
180.64077758789062,0.31719139218330383,-471.20928955078125,52.9283332824707,34
179.1780548095703,0.31713026762008667,-471.6268005371094,54.44994354248047,35
177.72586059570312,0.3171403408050537,-472.01324462890625,55.95310592651367,36
176.25936889648438,0.31709733605384827,-472.39520263671875,57.468936920166016,37
174.77691650390625,0.31709909439086914,-472.7651062011719,58.99725341796875,38
173.30796813964844,0.3170725703239441,-473.10162353515625,60.504722595214844,39
171.8208465576172,0.3170546591281891,-473.4088134765625,62.023685455322266,40
170.31524658203125,0.3170468807220459,-473.6778869628906,63.55361557006836,41
168.82498168945312,0.31700605154037476,-473.8993225097656,65.06069946289062,42
167.32028198242188,0.3170071840286255,-474.09686279296875,66.57878875732422,43
165.80166625976562,0.3170298933982849,-474.235107421875,68.10428619384766,44
164.2728271484375,0.3169765770435333,-474.2723083496094,69.63424682617188,45
162.76971435546875,0.31697964668273926,-474.2265319824219,71.13858795166016,46
161.26010131835938,0.3169691860675812,-474.1233215332031,72.65221405029297,47
159.74490356445312,0.3169858455657959,-473.9713439941406,74.17548370361328,48
158.22767639160156,0.3170047402381897,-473.7616271972656,75.70763397216797,49
156.7511749267578,0.31701716780662537,-473.47784423828125,77.21173858642578,50
155.28836059570312,0.31705090403556824,-473.1048278808594,78.72193145751953,51
153.8462371826172,0.3170684576034546,-472.6387634277344,80.23800659179688,52
152.4140167236328,0.3170640766620636,-472.1142883300781,81.76362609863281,53
150.98414611816406,0.317149817943573,-471.5555725097656,83.29913330078125,54
149.60890197753906,0.3171994388103485,-470.94329833984375,84.80500030517578,55
148.26837158203125,0.31723156571388245,-470.24676513671875,86.31611633300781,56
146.95294189453125,0.31725940108299255,-469.4858703613281,87.83611297607422,57
145.6508331298828,0.31732669472694397,-468.6841125488281,89.36553955078125,58
144.396484375,0.3173917233943939,-467.86004638671875,90.86668395996094,59
143.16871643066406,0.31742942333221436,-466.98406982421875,92.37525177001953,60
141.97055053710938,0.3174886405467987,-466.0553283691406,93.89148712158203,61
140.794921875,0.31752485036849976,-465.08453369140625,95.41636657714844,62
139.63609313964844,0.31758129596710205,-464.0802307128906,96.9500503540039,63
138.5311737060547,0.3176461160182953,-463.0609130859375,98.45353698730469,64
137.45166015625,0.3176465332508087,-462.0036926269531,99.96469116210938,65
136.37847900390625,0.3177146315574646,-460.92742919921875,101.48473358154297,66
135.30288696289062,0.31771761178970337,-459.8414611816406,103.01335906982422,67
134.2223663330078,0.31775856018066406,-458.7484436035156,104.55048370361328,68
133.16912841796875,0.3177904188632965,-457.6756896972656,106.05402374267578,69
132.12159729003906,0.31785348057746887,-456.5552062988281,107.58811950683594,70
131.1352996826172,0.3177875578403473,-455.3970947265625,109.10953521728516,71
130.1996307373047,0.3177981674671173,-454.2102966308594,110.6209945678711,72
129.29322814941406,0.3177821636199951,-453.01239013671875,112.12329864501953,73
128.39694213867188,0.31798601150512695,-451.7976379394531,113.63306427001953,74
127.52718353271484,0.3176462650299072,-450.5657653808594,115.14115142822266,75
126.68315124511719,0.3177953064441681,-449.2984924316406,116.66392517089844,76
125.90888214111328,0.3175967335700989,-448.0037841796875,118.1728515625,77
125.23881530761719,0.3179038465023041,-446.6365661621094,119.69611358642578,78
124.72500610351562,0.31776633858680725,-445.1978759765625,121.22461700439453,79
124.37545776367188,0.317859023809433,-443.7294921875,122.7345199584961,80
124.1103515625,0.3179399371147156,-442.2207946777344,124.26644897460938,81
123.88179016113281,0.3180288076400757,-440.7161865234375,125.78836059570312,82
123.67376708984375,0.318095326423645,-439.21844482421875,127.30052185058594,83
123.48989868164062,0.3181621730327606,-437.72735595703125,128.80291748046875,84
123.33545684814453,0.31821441650390625,-436.2139892578125,130.32421875,85
123.2431411743164,0.31835442781448364,-434.6882629394531,131.8529052734375,86
123.22915649414062,0.31846243143081665,-433.1628723144531,133.37855529785156,87
123.2940902709961,0.317836731672287,-431.65325927734375,134.8900146484375,88
123.51880645751953,0.3183249831199646,-430.14483642578125,136.41651916503906,89
124.01953125,0.3181910514831543,-428.7088623046875,137.93963623046875,90
124.78211212158203,0.3182236850261688,-427.3986511230469,139.45762634277344,91
125.73120880126953,0.3182697892189026,-426.21533203125,140.9762725830078,92
126.86168670654297,0.3183761239051819,-425.19512939453125,142.50120544433594,93
128.15306091308594,0.3182344436645508,-424.414306640625,144.01190185546875,94
129.51443481445312,0.3182971179485321,-423.7405700683594,145.5315399169922,95
130.90367126464844,0.318280965089798,-423.1636962890625,147.03636169433594,96
132.32313537597656,0.3183036148548126,-422.66534423828125,148.54129028320312,97
133.7777099609375,0.3183457851409912,-422.22979736328125,150.06053161621094,98
135.2622528076172,0.3184281289577484,-421.9808654785156,151.5683135986328,99
136.77767944335938,0.3184877038002014,-422.0863037109375,153.092041015625,100
138.18309020996094,0.3184880316257477,-422.6167907714844,154.59849548339844,101
139.45660400390625,0.31864506006240845,-423.4322509765625,156.1124267578125,102
140.64195251464844,0.31853580474853516,-424.35321044921875,157.61422729492188,103
141.73959350585938,0.3182829022407532,-425.39263916015625,159.12684631347656,104
142.7052764892578,0.31795549392700195,-426.5635070800781,160.6453094482422,105
143.57937622070312,0.31776368618011475,-427.7975158691406,162.1577911376953,106
144.43641662597656,0.3176051378250122,-429.0379333496094,163.6655731201172,107
145.30148315429688,0.3173961043357849,-430.2694091796875,165.17062377929688,108
146.19781494140625,0.31718337535858154,-431.4731750488281,166.6715850830078,109
147.12818908691406,0.31698426604270935,-432.6753234863281,168.19187927246094,110
148.1040496826172,0.3168059289455414,-433.82525634765625,169.70033264160156,111
149.1315460205078,0.31666862964630127,-434.9432678222656,171.218994140625,112
150.19508361816406,0.31660792231559753,-436.0365295410156,172.74447631835938,113
151.31536865234375,0.31659796833992004,-437.06365966796875,174.2647705078125,114
152.50436401367188,0.3164728581905365,-438.0047912597656,175.78164672851562,115
153.73672485351562,0.3163537383079529,-438.8678283691406,177.28659057617188,116
155.03271484375,0.3161850571632385,-439.6561584472656,178.80421447753906,117
156.406982421875,0.3159305155277252,-440.3065490722656,180.3255615234375,118
157.84909057617188,0.31559979915618896,-440.8089599609375,181.85345458984375,119
159.3084259033203,0.315331369638443,-441.211181640625,183.3678741455078,120
160.80455017089844,0.3149964511394501,-441.4900817871094,184.8905792236328,121
162.30178833007812,0.3146904706954956,-441.64117431640625,186.39617919921875,122
163.81871032714844,0.31449073553085327,-441.6844177246094,187.9144287109375,123
165.32435607910156,0.3144838809967041,-441.6158142089844,189.42245483398438,124
166.82305908203125,0.3145154118537903,-441.3992614746094,190.93777465820312,125
168.29132080078125,0.3145633637905121,-441.0184020996094,192.45594787597656,126
169.6900634765625,0.31462180614471436,-440.4498291015625,193.96780395507812,127
170.96481323242188,0.31453508138656616,-439.6365051269531,195.48260498046875,128
172.04673767089844,0.31441599130630493,-438.5799560546875,196.9978790283203,129
172.8807830810547,0.3143859803676605,-437.314208984375,198.5167236328125,130
173.42613220214844,0.31467142701148987,-435.90802001953125,200.02737426757812,131
173.72669982910156,0.31518319249153137,-434.4348449707031,201.5326385498047,132
173.8009490966797,0.3155418634414673,-432.91754150390625,203.0528106689453,133
173.73190307617188,0.3160654902458191,-431.40899658203125,204.5635528564453,134
173.5150604248047,0.3164912164211273,-429.9235534667969,206.0652618408203,135
173.17803955078125,0.3168585002422333,-428.4391174316406,207.587890625,136
172.73866271972656,0.3171927034854889,-427.004638671875,209.0885009765625,137
172.20993041992188,0.31750550866127014,-425.5986328125,210.5908660888672,138
171.61785888671875,0.31779560446739197,-424.2141418457031,212.09677124023438,139
170.98194885253906,0.3180673122406006,-422.8457336425781,213.6058349609375,140
170.29733276367188,0.31832075119018555,-421.4989318847656,215.11688232421875,141
169.53514099121094,0.3185270428657532,-420.1978759765625,216.6250762939453,142
168.69534301757812,0.31868401169776917,-418.94818115234375,218.13099670410156,143
167.80429077148438,0.3187766373157501,-417.7358703613281,219.6357421875,144
166.86932373046875,0.3188537061214447,-416.56072998046875,221.13766479492188,145
165.8616180419922,0.31887850165367126,-415.4168701171875,222.66232299804688,146
164.82102966308594,0.31887444853782654,-414.3062744140625,224.18441772460938,147
163.756103515625,0.3188520073890686,-413.22393798828125,225.7030487060547,148
162.6461639404297,0.31877627968788147,-412.19873046875,227.2142791748047,149
161.50135803222656,0.31865423917770386,-411.22235107421875,228.71913146972656,150
160.31552124023438,0.3185023069381714,-410.2604064941406,230.24627685546875,151
159.10565185546875,0.3183443546295166,-409.34173583984375,231.765625,152
157.87472534179688,0.3181501030921936,-408.46630859375,233.27635192871094,153
156.63409423828125,0.3179595172405243,-407.62078857421875,234.77792358398438,154
155.3663787841797,0.31776192784309387,-406.7793884277344,236.29966735839844,155
154.09707641601562,0.3175605535507202,-405.9600524902344,237.8106689453125,156
152.79563903808594,0.31734320521354675,-405.1558532714844,239.3407745361328,157
151.48434448242188,0.3171064257621765,-404.3935852050781,240.85777282714844,158
150.17237854003906,0.3168662190437317,-403.6615295410156,242.36038208007812,159
148.84397888183594,0.31661999225616455,-402.9258728027344,243.8791046142578,160
147.53118896484375,0.31638291478157043,-402.1991882324219,245.37982177734375,161
146.2071075439453,0.31615373492240906,-401.4652099609375,246.89395141601562,162
144.87588500976562,0.31594932079315186,-400.7254943847656,248.41709899902344,163
143.54933166503906,0.31574106216430664,-399.9822082519531,249.93792724609375,164
142.24038696289062,0.31552132964134216,-399.2339782714844,251.4458465576172,165
140.92893981933594,0.31564614176750183,-398.468505859375,252.964599609375,166
139.62838745117188,0.31506821513175964,-397.6972351074219,254.4768524169922,167
138.3369140625,0.3144558370113373,-396.9292907714844,255.97959899902344,168
137.03273010253906,0.3148477375507355,-396.1445007324219,257.5019226074219,169
135.76011657714844,0.3145632743835449,-395.3312683105469,259.0124816894531,170
134.5041046142578,0.31441545486450195,-394.4624938964844,260.5400085449219,171
133.3029022216797,0.31447872519493103,-393.540771484375,262.0544128417969,172
132.15658569335938,0.3144771158695221,-392.57073974609375,263.5563049316406,173
131.01502990722656,0.314561665058136,-391.5682067871094,265.07574462890625,174
129.90757751464844,0.31469225883483887,-390.54437255859375,266.58416748046875,175
128.84938049316406,0.31486284732818604,-389.451904296875,268.10552978515625,176
127.89031219482422,0.31513094902038574,-388.29400634765625,269.609619140625,177
127.03636932373047,0.3154419958591461,-387.04718017578125,271.12158203125,178
126.32670593261719,0.3158554434776306,-385.7116394042969,272.63494873046875,179
125.7994613647461,0.31637299060821533,-384.2961120605469,274.1466979980469,180
125.48619842529297,0.3169776499271393,-382.8258361816406,275.6509704589844,181
125.32543182373047,0.3175942301750183,-381.32318115234375,277.1626281738281,182
125.23751831054688,0.31820347905158997,-379.8033752441406,278.685302734375,183
125.27947998046875,0.31878525018692017,-378.3009033203125,280.1891174316406,184
125.5123062133789,0.31915947794914246,-376.814453125,281.6946716308594,185
125.91810607910156,0.31949299573898315,-375.3636779785156,283.201904296875,186
126.45992279052734,0.3192358613014221,-373.9473571777344,284.7187194824219,187
127.0541763305664,0.318907767534256,-372.5617370605469,286.2266845703125,188
127.73495483398438,0.31875211000442505,-371.20233154296875,287.7473449707031,189
128.4883575439453,0.3187146484851837,-369.89569091796875,289.2559814453125,190
129.32655334472656,0.3187623918056488,-368.6270751953125,290.7768859863281,191
130.23741149902344,0.31887587904930115,-367.426513671875,292.2843322753906,192
131.23013305664062,0.3190372586250305,-366.2773132324219,293.8033142089844,193
132.2504119873047,0.3192001283168793,-365.1665954589844,295.311767578125,194
133.31549072265625,0.31935104727745056,-364.0797424316406,296.8338317871094,195
134.4315185546875,0.3194787800312042,-363.0675048828125,298.3410339355469,196
135.614013671875,0.31959450244903564,-362.1158447265625,299.85931396484375,197
136.82000732421875,0.3196946084499359,-361.2153015136719,301.36480712890625,198
138.0772247314453,0.3197506070137024,-360.3695373535156,302.8805236816406,199
139.3931884765625,0.3198065161705017,-359.6011962890625,304.4049072265625,200
140.7399444580078,0.31985747814178467,-358.9287414550781,305.9107666015625,201
142.13502502441406,0.3199199438095093,-358.3415222167969,307.4249572753906,202
143.57308959960938,0.3199983239173889,-357.8430480957031,308.947509765625,203
145.02127075195312,0.3200857639312744,-357.4387512207031,310.4515380859375,204
146.49456787109375,0.32014280557632446,-357.0832214355469,311.96746826171875,205
147.96070861816406,0.31996506452560425,-356.76409912109375,313.46826171875,206
149.4448699951172,0.3196401298046112,-356.4688720703125,314.9818420410156,207
150.94496154785156,0.31922802329063416,-356.18646240234375,316.50860595703125,208
152.4302520751953,0.3187790513038635,-355.9077453613281,318.0201110839844,209
153.92379760742188,0.3182956278324127,-355.6038513183594,319.5445556640625,210
155.3904571533203,0.31778737902641296,-355.2564697265625,321.0521545410156,211
156.85887145996094,0.31727397441864014,-354.8656921386719,322.572021484375,212
158.29718017578125,0.31677982211112976,-354.4354248046875,324.0736999511719,213
159.72271728515625,0.31631380319595337,-353.9455261230469,325.5814514160156,214
161.12393188476562,0.3158766031265259,-353.3980712890625,327.0862731933594,215
162.50303649902344,0.31550928950309753,-352.760986328125,328.6061706542969,216
163.8060760498047,0.31513023376464844,-351.9758605957031,330.1286315917969,217
164.99961853027344,0.31486526131629944,-351.02978515625,331.65283203125,218
166.052978515625,0.3146142065525055,-349.96099853515625,333.1544494628906,219
167.0041046142578,0.31447502970695496,-348.7865905761719,334.6664733886719,220
167.8544464111328,0.31437981128692627,-347.5235290527344,336.1897888183594,221
168.58218383789062,0.3143382966518402,-346.2037048339844,337.6976318359375,222
169.19253540039062,0.3143949806690216,-344.8089904785156,339.220703125,223
169.67340087890625,0.31462469696998596,-343.3608703613281,340.74725341796875,224
170.00306701660156,0.31490787863731384,-341.8927001953125,342.25286865234375,225
170.14805603027344,0.3151530623435974,-340.3951721191406,343.758544921875,226
170.08753967285156,0.3153759241104126,-338.89105224609375,345.2650146484375,227
169.8350372314453,0.3154626190662384,-337.4015197753906,346.776611328125,228
169.43930053710938,0.31555041670799255,-335.93359375,348.2974853515625,229
168.9290771484375,0.3155709207057953,-334.5218200683594,349.7991943359375,230
168.2809295654297,0.3154653012752533,-333.16400146484375,351.30426025390625,231
167.54617309570312,0.3155973255634308,-331.8360595703125,352.82208251953125,232
166.78086853027344,0.31591781973838806,-330.51385498046875,354.349853515625,233
166.00674438476562,0.3164547383785248,-329.2001953125,355.8747253417969,234
165.21275329589844,0.3171531558036804,-327.9104309082031,357.38946533203125,235
164.35902404785156,0.3179287612438202,-326.67596435546875,358.8907775878906,236
163.3985595703125,0.31876879930496216,-325.51043701171875,360.4016418457031,237
162.32769775390625,0.31970956921577454,-324.43206787109375,361.9220275878906,238
161.1708221435547,0.3207108676433563,-323.4698181152344,363.4275207519531,239
159.90853881835938,0.32483500242233276,-322.6201477050781,364.95001220703125,240
158.55917358398438,0.330506294965744,-321.9161071777344,366.47308349609375,241
157.13116455078125,0.3239385783672333,-321.3866882324219,367.9972229003906,242
155.6672821044922,0.3251737952232361,-321.03564453125,369.5035400390625,243
154.16416931152344,0.32498928904533386,-320.820068359375,371.0227966308594,244
152.65737915039062,0.3248794972896576,-320.7380676269531,372.53253173828125,245
151.1559295654297,0.3247930407524109,-320.7772216796875,374.0351867675781,246
149.64340209960938,0.32440096139907837,-320.9438171386719,375.55755615234375,247
148.15423583984375,0.32391950488090515,-321.2345886230469,377.0754699707031,248
146.70191955566406,0.3234040141105652,-321.6225280761719,378.57916259765625,249
145.25048828125,0.3228475749492645,-322.0779113769531,380.1007080078125,250
143.83294677734375,0.32232666015625,-322.5798645019531,381.6048583984375,251
142.4264373779297,0.3217497169971466,-323.1363525390625,383.1177978515625,252
141.04132080078125,0.32124292850494385,-323.75299072265625,384.6343994140625,253
139.70382690429688,0.3206803798675537,-324.4521484375,386.1441345214844,254
138.4058074951172,0.32018694281578064,-325.25848388671875,387.6728210449219,255
137.17562866210938,0.31965911388397217,-326.1661682128906,389.2023010253906,256
136.03233337402344,0.319154292345047,-327.16619873046875,390.7220153808594,257
134.987060546875,0.3186936378479004,-328.2859191894531,392.2547607421875,258
134.09890747070312,0.3182564675807953,-329.5030212402344,393.76263427734375,259
133.37538146972656,0.3178534209728241,-330.83038330078125,395.2756042480469,260
132.83651733398438,0.3175528645515442,-332.2485046386719,396.79364013671875,261
132.45425415039062,0.3172231912612915,-333.70306396484375,398.29803466796875,262
132.11428833007812,0.3170633316040039,-335.1954040527344,399.8287048339844,263
131.75306701660156,0.31696760654449463,-336.6525573730469,401.330078125,264
131.33319091796875,0.3168959617614746,-338.104736328125,402.84185791015625,265
130.88037109375,0.31698936223983765,-339.5606994628906,404.3667297363281,266
130.39517211914062,0.3170468509197235,-340.9803161621094,405.8671875,267
129.83531188964844,0.3171151578426361,-342.39410400390625,407.3881530761719,268
129.17576599121094,0.31722643971443176,-343.7444152832031,408.8915710449219,269
128.37551879882812,0.3172147870063782,-345.0243225097656,410.4018249511719,270
127.45081329345703,0.31725484132766724,-346.23541259765625,411.9261779785156,271
126.45442962646484,0.3171961009502411,-347.37030029296875,413.4369812011719,272
125.35452270507812,0.3171639144420624,-348.4161071777344,414.95550537109375,273
124.14360046386719,0.31699302792549133,-349.3439025878906,416.4818115234375,274
122.87162017822266,0.3169311285018921,-350.1584167480469,417.992919921875,275
121.52863311767578,0.316956490278244,-350.873291015625,419.5152282714844,276
120.11112976074219,0.31693485379219055,-351.4163818359375,421.0346984863281,277
118.63418579101562,0.31704795360565186,-351.7357482910156,422.5476379394531,278
117.13257598876953,0.3171883821487427,-351.8080749511719,424.05303955078125,279
115.62217712402344,0.31738609075546265,-351.6251525878906,425.5762939453125,280
114.1682357788086,0.3175628185272217,-351.2311096191406,427.08380126953125,281
112.7475814819336,0.3178529739379883,-350.71514892578125,428.5958557128906,282
111.36930847167969,0.3181128203868866,-350.0873107910156,430.1111145019531,283
110.06060028076172,0.3182879388332367,-349.32781982421875,431.6251525878906,284
108.85449981689453,0.3182859420776367,-348.4212646484375,433.1350402832031,285
107.77030944824219,0.3181225657463074,-347.3746337890625,434.64306640625,286
106.81873321533203,0.3179505467414856,-346.2008056640625,436.15509033203125,287
105.99552917480469,0.31779003143310547,-344.92010498046875,437.6781311035156,288
105.27141571044922,0.3175922930240631,-343.5879211425781,439.194580078125,289
104.57636260986328,0.31744784116744995,-342.2442932128906,440.7073974609375,290
103.9037094116211,0.3173005282878876,-340.8950500488281,442.2151184082031,291
103.26913452148438,0.3171435594558716,-339.5060119628906,443.7424011230469,292
102.70508575439453,0.3169727027416229,-338.0960693359375,445.2610778808594,293
102.1954574584961,0.31683439016342163,-336.6741027832031,446.7716979980469,294
101.74603271484375,0.3167237937450409,-335.24237060546875,448.2724914550781,295
101.37423706054688,0.31659239530563354,-333.7716979980469,449.7895812988281,296
101.05625915527344,0.3164944052696228,-332.2978820800781,451.2973327636719,297
100.75556182861328,0.31639090180397034,-330.80029296875,452.8247985839844,298
100.47216796875,0.31629928946495056,-329.30950927734375,454.3423156738281,299
100.2044677734375,0.3162008821964264,-327.82684326171875,455.8489685058594,300
99.94754791259766,0.3161028027534485,-326.3230285644531,457.37457275390625,301
99.71073150634766,0.3160099685192108,-324.8280944824219,458.8881530761719,302
99.49690246582031,0.3159220218658447,-323.3431091308594,460.38848876953125,303
99.31266784667969,0.31584346294403076,-321.8370056152344,461.9058532714844,304
99.16936492919922,0.3157675266265869,-320.3417663574219,463.40802001953125,305
99.06327056884766,0.31570664048194885,-318.8271484375,464.9263916015625,306
98.99638366699219,0.3156554102897644,-317.32672119140625,466.4283447265625,307
98.96833038330078,0.3156145215034485,-315.8095703125,467.9458312988281,308
98.98356628417969,0.3155854642391205,-314.27679443359375,469.4787292480469,309
99.02152252197266,0.31555476784706116,-312.7619323730469,470.99407958984375,310
99.0785140991211,0.3155496418476105,-311.2322082519531,472.5248718261719,311
99.16812896728516,0.3155304491519928,-309.7235107421875,474.0362854003906,312
99.2708511352539,0.3155364692211151,-308.2002868652344,475.56298828125,313
99.37401580810547,0.31552237272262573,-306.6971740722656,477.06964111328125,314
99.47620391845703,0.3155333697795868,-305.179443359375,478.5908203125,315
99.57749938964844,0.3155653476715088,-303.6510009765625,480.1226501464844,316
99.67833709716797,0.3155738115310669,-302.1256408691406,481.6513671875,317
99.7786865234375,0.3155488669872284,-300.609619140625,483.1707458496094,318
99.88043212890625,0.3155624568462372,-299.1029357910156,484.68084716796875,319
99.99687957763672,0.31557363271713257,-297.6067199707031,486.1816101074219,320
100.14329528808594,0.3155997395515442,-296.0880126953125,487.7074279785156,321
100.32139587402344,0.31564468145370483,-294.5827331542969,489.2232971191406,322
100.5500717163086,0.3157351613044739,-293.09613037109375,490.72760009765625,323
100.89234924316406,0.31582021713256836,-291.6165466308594,492.24664306640625,324
101.3455581665039,0.3159315288066864,-290.1827697753906,493.750732421875,325
101.90189361572266,0.3160398602485657,-288.76416015625,495.2748107910156,326
102.5141372680664,0.3162130117416382,-287.3788146972656,496.78955078125,327
103.15316009521484,0.31633996963500977,-286.0074157714844,498.3026123046875,328
103.8146743774414,0.3165018558502197,-284.64556884765625,499.81671142578125,329
104.4942626953125,0.3166351914405823,-283.2912292480469,501.33209228515625,330
105.18482971191406,0.3167474567890167,-281.9407958984375,502.84893798828125,331
105.88402557373047,0.3168398439884186,-280.5932312011719,504.3671875,332
106.59786987304688,0.31691089272499084,-279.2517395019531,505.8868713378906,333
107.34078979492188,0.3169534206390381,-277.9254455566406,507.40716552734375,334
108.11707305908203,0.3169831335544586,-276.6176452636719,508.92816162109375,335
108.92768859863281,0.3169948160648346,-275.3298034667969,510.4500427246094,336
109.77342224121094,0.3169941306114197,-274.063720703125,511.9727783203125,337
110.66233825683594,0.31699156761169434,-272.82733154296875,513.4957275390625,338
111.59635162353516,0.31696000695228577,-271.62420654296875,515.0189819335938,339
112.56412506103516,0.3169410824775696,-270.4458923339844,516.5439453125,340
113.56079864501953,0.3169032037258148,-269.28955078125,518.0706787109375,341
114.59136962890625,0.3168734908103943,-268.1612548828125,519.5989990234375,342
115.65876770019531,0.31682658195495605,-267.0659484863281,521.1285400390625,343
116.75232696533203,0.3167746365070343,-265.99334716796875,522.6604614257812,344
117.83495330810547,0.3167341649532318,-264.95330810546875,524.161865234375,345
118.92687225341797,0.316674143075943,-263.91900634765625,525.666015625,346
120.02828216552734,0.3166148364543915,-262.890869140625,527.1729125976562,347
121.13934326171875,0.31655117869377136,-261.86920166015625,528.6824340820312,348
122.26351928710938,0.31649050116539,-260.8585205078125,530.1943359375,349
123.4187240600586,0.3164307475090027,-259.8825378417969,531.7068481445312,350
124.60881805419922,0.3163582980632782,-258.9477233886719,533.2203979492188,351
125.82583618164062,0.31630373001098633,-258.0452880859375,534.7357177734375,352
127.06553649902344,0.316249281167984,-257.1712951660156,536.2527465820312,353
128.32627868652344,0.3161896765232086,-256.3248596191406,537.771484375,354
129.59779357910156,0.31613776087760925,-255.49061584472656,539.2924194335938,355
130.872802734375,0.31609347462654114,-254.6615753173828,540.8134155273438,356
132.14710998535156,0.3160496652126312,-253.84449768066406,542.3273315429688,357
133.42665100097656,0.3159805238246918,-253.05429077148438,543.8314208984375,358
134.75088500976562,0.3159361779689789,-252.29591369628906,545.357666015625,359
136.09066772460938,0.3158773183822632,-251.5880584716797,546.8731079101562,360
137.4387969970703,0.3158454895019531,-250.9183807373047,548.3786010742188,361
138.83042907714844,0.3158280849456787,-250.2916717529297,549.9050903320312,362
140.23968505859375,0.3158033490180969,-249.73939514160156,551.4190063476562,363
141.66421508789062,0.3158073425292969,-249.26583862304688,552.9205322265625,364
143.13037109375,0.31582948565483093,-248.86280822753906,554.44140625,365
144.60354614257812,0.31586381793022156,-248.5404815673828,555.9497680664062,366
146.1103515625,0.3159298896789551,-248.30162048339844,557.4757690429688,367
147.6146240234375,0.3159801661968231,-248.1724090576172,558.986083984375,368
149.13919067382812,0.3160674273967743,-248.15846252441406,560.51123046875,369
150.64430236816406,0.3161534368991852,-248.26223754882812,562.0203857421875,370
152.15054321289062,0.31624963879585266,-248.48544311523438,563.5435791015625,371
153.61891174316406,0.31635504961013794,-248.82281494140625,565.0507202148438,372
155.0688018798828,0.31646767258644104,-249.27886962890625,566.5711059570312,373
156.46514892578125,0.3165711760520935,-249.84266662597656,568.0774536132812,374
157.829345703125,0.31670162081718445,-250.52281188964844,569.602294921875,375
159.12486267089844,0.31681621074676514,-251.30221557617188,571.1146850585938,376
160.36578369140625,0.3169289827346802,-252.1907501220703,572.641357421875,377
161.52308654785156,0.31702327728271484,-253.16824340820312,574.1566772460938,378
162.5931396484375,0.31710678339004517,-254.22857666015625,575.66357421875,379
163.58450317382812,0.3171660006046295,-255.3876190185547,577.1893310546875,380
164.44979858398438,0.31722235679626465,-256.626953125,578.70166015625,381
165.16831970214844,0.3172101676464081,-257.96856689453125,580.2244873046875,382
165.71119689941406,0.3172368109226227,-259.3724060058594,581.7306518554688,383
166.07949829101562,0.31739163398742676,-260.8424377441406,583.2471313476562,384
166.26223754882812,0.31758108735084534,-262.3318786621094,584.748779296875,385
166.26467895507812,0.3178001940250397,-263.84814453125,586.2658081054688,386
166.13246154785156,0.31808844208717346,-265.3608703613281,587.7847290039062,387
165.90554809570312,0.31830573081970215,-266.84381103515625,589.28515625,388
165.629150390625,0.3186500370502472,-268.33026123046875,590.7973022460938,389
165.28147888183594,0.318992018699646,-269.8113098144531,592.31884765625,390
164.86402893066406,0.3192949593067169,-271.256591796875,593.8233642578125,391
164.4277801513672,0.31963780522346497,-272.7079162597656,595.3389892578125,392
164.0587615966797,0.3199937641620636,-274.1807861328125,596.8577880859375,393
163.82496643066406,0.3202832043170929,-275.6766662597656,598.3722534179688,394
163.66993713378906,0.32064712047576904,-277.1832275390625,599.886962890625,395
163.5779571533203,0.32097214460372925,-278.6923828125,601.3991088867188,396
163.5762176513672,0.3212743401527405,-280.1995544433594,602.906494140625,397
163.62159729003906,0.3216305375099182,-281.7049255371094,604.4126586914062,398
163.69305419921875,0.32194942235946655,-283.2079772949219,605.9175415039062,399
163.82315063476562,0.3222696781158447,-284.7029724121094,607.4183349609375,400
164.03721618652344,0.3225972354412079,-286.20843505859375,608.939208984375,401
164.35247802734375,0.32292640209198,-287.6867980957031,610.4513549804688,402
164.81541442871094,0.3232499957084656,-289.1378479003906,611.9752807617188,403
165.4404754638672,0.32354074716567993,-290.5078125,613.4821166992188,404
166.23428344726562,0.3238227963447571,-291.7974548339844,614.9974975585938,405
167.18844604492188,0.32411667704582214,-292.9848937988281,616.5218505859375,406
168.27198791503906,0.324419230222702,-294.0352783203125,618.0318603515625,407
169.4503936767578,0.32481321692466736,-294.9714050292969,619.5374145507812,408
170.69503784179688,0.329020231962204,-295.8108215332031,621.0391845703125,409
172.0183563232422,0.3266666531562805,-296.5675354003906,622.5640258789062,410
173.3622283935547,0.3269515931606293,-297.2369689941406,624.065673828125,411
174.71685791015625,0.32546669244766235,-297.8985900878906,625.5734252929688,412
176.0920867919922,0.32499098777770996,-298.54248046875,627.0921020507812,413
177.4656524658203,0.3248898983001709,-299.1534423828125,628.5955810546875,414
178.84854125976562,0.3245046138763428,-299.767822265625,630.1090087890625,415
180.2384490966797,0.32400181889533997,-300.3915100097656,631.6326293945312,416
181.60391235351562,0.32351458072662354,-301.0279235839844,633.1393432617188,417
182.94017028808594,0.3229163587093353,-301.73419189453125,634.651123046875,418
184.2387237548828,0.3222348690032959,-302.51678466796875,636.1676025390625,419
185.494140625,0.321469783782959,-303.37506103515625,637.688720703125,420
186.6979217529297,0.3205621838569641,-304.31103515625,639.2139282226562,421
187.82603454589844,0.3194584548473358,-305.30487060546875,640.7177124023438,422
188.8973846435547,0.31819215416908264,-306.3703308105469,642.22900390625,423
189.90818786621094,0.3173059821128845,-307.5050354003906,643.7489624023438,424
190.83837890625,0.3169982433319092,-308.684814453125,645.2516479492188,425
191.70770263671875,0.31694260239601135,-309.9275817871094,646.7685546875,426
192.5041046142578,0.31694743037223816,-311.208251953125,648.2767944335938,427
193.2628936767578,0.3169492483139038,-312.50433349609375,649.7787475585938,428
194.01539611816406,0.31695401668548584,-313.8299255371094,651.3031005859375,429
194.737548828125,0.3169718086719513,-315.1649475097656,652.821044921875,430
195.4247283935547,0.3169821798801422,-316.50946044921875,654.3311157226562,431
196.07232666015625,0.3169964551925659,-317.8631591796875,655.8318481445312,432
196.67025756835938,0.31700825691223145,-319.2593688964844,657.3508911132812,433
197.19876098632812,0.31702569127082825,-320.6706848144531,658.8580932617188,434
197.67044067382812,0.31702083349227905,-322.1212463378906,660.383544921875,435
198.10536193847656,0.3170354664325714,-323.5718994140625,661.8980712890625,436
198.519287109375,0.3170400857925415,-325.0162658691406,663.400634765625,437
198.9211883544922,0.31706100702285767,-326.4837646484375,664.9222412109375,438
199.30125427246094,0.3170693516731262,-327.943359375,666.4306030273438,439
199.6674041748047,0.3170824944972992,-329.4252014160156,667.9570922851562,440
200.01121520996094,0.31709736585617065,-330.8971862792969,669.46875,441
200.32833862304688,0.31711462140083313,-332.3926086425781,670.9974975585938,442
200.60487365722656,0.31712308526039124,-333.8790283203125,672.509521484375,443
200.8489532470703,0.3171366751194,-335.3878173828125,674.0380249023438,444
201.05638122558594,0.3171486556529999,-336.8839111328125,675.5485229492188,445
201.238037109375,0.31736186146736145,-338.3994140625,677.074951171875,446
201.4075469970703,0.31779569387435913,-339.8975524902344,678.582763671875,447
201.57498168945312,0.31816530227661133,-341.4117736816406,680.1062622070312,448
201.73727416992188,0.31851068139076233,-342.9062805175781,681.609619140625,449
201.8983154296875,0.3188060522079468,-344.4161682128906,683.1281127929688,450
202.0585479736328,0.31907543540000916,-345.9414367675781,684.6618041992188,451
202.21315002441406,0.31928750872612,-347.4453430175781,686.1737060546875,452
202.36029052734375,0.3194543421268463,-348.9645080566406,687.7000732421875,453
202.49014282226562,0.31955477595329285,-350.46185302734375,689.203125,454
202.6057586669922,0.3195890188217163,-351.9742736816406,690.7200317382812,455
202.71206665039062,0.31956228613853455,-353.50128173828125,692.2507934570312,456
202.8101806640625,0.3194814920425415,-355.00408935546875,693.7568969726562,457
202.9045867919922,0.31934675574302673,-356.5208435058594,695.276611328125,458
202.99801635742188,0.3191594183444977,-358.05181884765625,696.8104858398438,459
203.08993530273438,0.31893613934516907,-359.55755615234375,698.319091796875,460
203.184326171875,0.3186813294887543,-361.0771484375,699.8416748046875,461
203.28160095214844,0.318433940410614,-362.6108093261719,701.3784790039062,462
203.37930297851562,0.3182118833065033,-364.1178283691406,702.8887329101562,463
203.48001098632812,0.31801605224609375,-365.6385192871094,704.4127807617188,464
203.5838165283203,0.3178466856479645,-367.17303466796875,705.9508666992188,465
203.68780517578125,0.3177081048488617,-368.6794128417969,707.4609375,466
203.7943115234375,0.31759899854660034,-370.1990051269531,708.9843139648438,467
203.9024658203125,0.3175176680088043,-371.7317810058594,710.5209350585938,468
204.008544921875,0.31746906042099,-373.2348327636719,712.0277709960938,469
204.11526489257812,0.317444771528244,-374.7506103515625,713.54736328125,470
204.22183227539062,0.31745630502700806,-376.2790832519531,715.07958984375,471
204.3245391845703,0.31748777627944946,-377.77606201171875,716.5801391601562,472
204.42562866210938,0.3175506293773651,-379.28515625,718.0927124023438,473
204.52456665039062,0.3176390826702118,-380.8063049316406,719.6171264648438,474
204.62078857421875,0.3177531361579895,-382.3396911621094,721.1536254882812,475
204.71217346191406,0.31789088249206543,-383.8397216796875,722.656494140625,476
204.80252075195312,0.3180489242076874,-385.3511962890625,724.1707153320312,477
204.89247131347656,0.3182351887226105,-386.8741760253906,725.6964111328125,478
204.98231506347656,0.3184456527233124,-388.4085693359375,727.2335205078125,479
205.0695037841797,0.31865403056144714,-389.90728759765625,728.7348022460938,480
205.15670776367188,0.3188619315624237,-391.41656494140625,730.2466430664062,481
205.24388122558594,0.3190673291683197,-392.9365539550781,731.7692260742188,482
205.3311767578125,0.3192787170410156,-394.4670104980469,733.30224609375,483
205.4158935546875,0.3194965124130249,-395.9561462402344,734.7938232421875,484
205.49888610839844,0.319720059633255,-397.4227294921875,736.2628173828125,485
205.58229064941406,0.3199533522129059,-398.88519287109375,737.7277221679688,486
205.66580200195312,0.3201940357685089,-400.3475341796875,739.1925048828125,487
205.74884033203125,0.3204382061958313,-401.8096618652344,740.6570434570312,488
205.83267211914062,0.32068461179733276,-403.2735900878906,742.1234130859375,489
205.9165496826172,0.32092979550361633,-404.7377624511719,743.5900268554688,490
206.00051879882812,0.3211722671985626,-406.2019348144531,745.0567016601562,491
206.08447265625,0.3214113712310791,-407.66583251953125,746.5230712890625,492
206.16781616210938,0.32164621353149414,-409.12835693359375,747.988037109375,493
206.25167846679688,0.32187896966934204,-410.5916748046875,749.4537963867188,494
206.33541870117188,0.3221093416213989,-412.0547180175781,750.9193115234375,495
206.41822814941406,0.3223370909690857,-413.51617431640625,752.3831787109375,496
206.5012969970703,0.32256439328193665,-414.978759765625,753.8482055664062,497
206.58352661132812,0.32279014587402344,-416.4411315917969,755.3129272460938,498
206.66392517089844,0.3230125308036804,-417.90301513671875,756.777099609375,499
206.7425994873047,0.3232311010360718,-419.36700439453125,758.2432861328125,500
206.81942749023438,0.3234446942806244,-420.83746337890625,759.7158203125,501
206.8931427001953,0.3236493170261383,-422.31732177734375,761.1975708007812,502
206.96234130859375,0.3238399922847748,-423.8102722167969,762.6921997070312,503
207.0267333984375,0.32401278614997864,-425.3220520019531,764.2054443359375,504
207.08602905273438,0.32416239380836487,-426.85675048828125,765.7413940429688,505
207.1387939453125,0.3242809772491455,-428.4125061035156,767.298095703125,506
207.183349609375,0.3243595063686371,-429.9834899902344,768.8697509765625,507
