-88.94420623779297,20.32378578186035,-8.618741989135742,0.0,0
-88.88494873046875,20.32347297668457,-10.272189140319824,1.65450119972229,1
-88.82447814941406,20.32318687438965,-11.915425300598145,3.2988572120666504,2
-88.76222229003906,20.322948455810547,-13.538575172424316,4.9231977462768555,3
-88.69762420654297,20.322792053222656,-15.136072158813477,6.522008419036865,4
-88.6301040649414,20.322738647460938,-16.70709991455078,8.094501495361328,5
-88.55921173095703,20.32280158996582,-18.254741668701172,9.643779754638672,6
-88.48467254638672,20.322994232177734,-19.784381866455078,11.175240516662598,7
-88.40628051757812,20.32330322265625,-21.30198860168457,12.69487190246582,8
-88.32421875,20.3237247467041,-22.812814712524414,14.207929611206055,9
-88.23863220214844,20.324247360229492,-24.32077980041504,15.718323707580566,10
-88.14994812011719,20.32485580444336,-25.828344345092773,17.228498458862305,11
-88.05854034423828,20.32552719116211,-27.336835861206055,18.739765167236328,12
-87.96488189697266,20.326250076293945,-28.84674644470215,20.25258445739746,13
-87.86945343017578,20.327007293701172,-30.358076095581055,21.76692771911621,14
-87.77262878417969,20.327787399291992,-31.87044334411621,23.282390594482422,15
-87.6748275756836,20.328577041625977,-33.383174896240234,24.798280715942383,16
-87.576416015625,20.329362869262695,-34.89527130126953,26.313581466674805,17
-87.477783203125,20.330135345458984,-36.405372619628906,27.826908111572266,18
-87.37926483154297,20.330894470214844,-37.91176223754883,29.33652114868164,19
-87.28119659423828,20.331621170043945,-39.41237258911133,30.84033966064453,20
-87.1839599609375,20.332313537597656,-40.904945373535156,32.33608627319336,21
-87.08786010742188,20.332958221435547,-42.387359619140625,33.821624755859375,22
-86.99319458007812,20.33354949951172,-43.85813522338867,35.29545593261719,23
-86.90020751953125,20.33408546447754,-45.317161560058594,36.7574348449707,24
-86.63008117675781,20.335866928100586,-49.752296447753906,41.200775146484375,25
-86.54441833496094,20.336843490600586,-51.264251708984375,42.71516799926758,26
-86.46180725097656,20.337968826293945,-52.77854537963867,44.23171615600586,27
-86.38262176513672,20.339136123657227,-54.295188903808594,45.75042724609375,28
-86.30741119384766,20.340177536010742,-55.814151763916016,47.2712516784668,29
-86.2366943359375,20.34105682373047,-57.33542251586914,48.794166564941406,30
-86.17091369628906,20.341819763183594,-58.85899353027344,50.31916046142578,31
-86.11035919189453,20.34247589111328,-60.38484573364258,51.846221923828125,32
-86.0547103881836,20.34297752380371,-61.9129524230957,53.3753547668457,33
-86.00347137451172,20.343286514282227,-63.443275451660156,54.90654373168945,34
-85.9559097290039,20.343429565429688,-64.97579193115234,56.4398078918457,35
-85.91106414794922,20.34337043762207,-66.5104751586914,57.975162506103516,36
-85.86793518066406,20.34306526184082,-68.04723358154297,59.512542724609375,37
-85.8257064819336,20.342628479003906,-69.58605194091797,61.05194854736328,38
-85.78379821777344,20.34202766418457,-71.12689971923828,62.593379974365234,39
-85.74189758300781,20.341110229492188,-72.66971588134766,64.13677215576172,40
-85.6998519897461,20.339916229248047,-74.21449279785156,65.68212890625,41
-85.65766906738281,20.33816909790039,-75.76123046875,67.22945404052734,42
-85.615478515625,20.335498809814453,-77.30986022949219,68.77867126464844,43
-85.57368469238281,20.332292556762695,-78.86039733886719,70.32978820800781,44
-85.53263092041016,20.329273223876953,-80.41287231445312,71.88282012939453,45
-85.49259185791016,20.32670021057129,-81.96725463867188,73.43772888183594,46
-85.45388793945312,20.32430648803711,-83.52347564697266,74.99444580078125,47
-85.4168701171875,20.32209014892578,-85.08152770996094,76.55294799804688,48
-85.38179779052734,20.320329666137695,-86.6414566040039,78.11328125,49
-85.3487777709961,20.318885803222656,-88.20323181152344,79.6754150390625,50
-85.31785583496094,20.31747055053711,-89.76676177978516,81.2392578125,51
-85.28905487060547,20.316003799438477,-91.33208465576172,82.80484771728516,52
-85.26235961914062,20.31446075439453,-92.89910888671875,84.37210845947266,53
-85.23770904541016,20.312843322753906,-94.4652328491211,85.93843078613281,54
-85.21501922607422,20.311243057250977,-96.01605224609375,87.48943328857422,55
-85.1941909790039,20.309797286987305,-97.53486633300781,89.0083999633789,56
-85.17374420166016,20.30860137939453,-99.10906219482422,90.58273315429688,57
-85.15502166748047,20.30792808532715,-100.63216400146484,92.10594940185547,58
-85.13684844970703,20.307567596435547,-102.19579315185547,93.66968536376953,59
-85.12005615234375,20.30725860595703,-103.70857238769531,95.18256378173828,60
-85.10344696044922,20.306425094604492,-105.25475311279297,96.72883605957031,61
-85.08705139160156,20.3050537109375,-106.8276596069336,98.30183410644531,62
-85.07137298583984,20.303539276123047,-108.3504638671875,99.82472229003906,63
-85.05531311035156,20.30225372314453,-109.90113830566406,101.37548065185547,64
-85.03941345214844,20.30130386352539,-111.40178680419922,102.87621307373047,65
-85.02259063720703,20.300155639648438,-112.9260025024414,104.40052032470703,66
-85.00486755371094,20.29874038696289,-114.4687271118164,105.94335174560547,67
-84.98601531982422,20.29747772216797,-116.03201293945312,107.50675964355469,68
-84.9662094116211,20.297260284423828,-117.54472351074219,109.01959991455078,69
-84.94329071044922,20.298572540283203,-119.0672836303711,110.54235076904297,70
-84.91647338867188,20.30084228515625,-120.59209442138672,112.06741333007812,71
-84.88375854492188,20.301973342895508,-122.10767364501953,113.58335876464844,72
-84.83797454833984,20.302040100097656,-123.64894104003906,115.12532806396484,73
-84.76780700683594,20.302942276000977,-125.16337585449219,116.64141845703125,74
-84.66226196289062,20.302722930908203,-126.66020965576172,118.14203643798828,75
-84.49988555908203,20.300491333007812,-128.18736267089844,119.6779556274414,76
-84.24932861328125,20.30534553527832,-129.6778106689453,121.18970489501953,77
-83.86409759521484,20.320068359375,-131.14437866210938,122.70675659179688,78
-83.32471466064453,20.333328247070312,-132.54685974121094,124.21034240722656,79
-82.60631561279297,20.351951599121094,-133.8843994140625,125.72970581054688,80
-81.73583221435547,20.369245529174805,-135.10948181152344,127.23358154296875,81
-80.7182846069336,20.37049674987793,-136.24742126464844,128.76095581054688,82
-79.57770538330078,20.351333618164062,-137.2609405517578,130.28794860839844,83
-78.32693481445312,20.32480812072754,-138.0963897705078,131.79388427734375,84
-76.93978118896484,20.308345794677734,-138.7112274169922,133.31350708007812,85
-75.46986389160156,20.334535598754883,-139.03416442871094,134.82078552246094,86
-73.94612121582031,20.32301139831543,-139.13003540039062,136.34996032714844,87
-72.4557113647461,20.34375,-138.8791046142578,137.8646697998047,88
-71.04603576660156,20.359325408935547,-138.31097412109375,139.38742065429688,89
-69.8006362915039,20.373594284057617,-137.47390747070312,140.8903045654297,90
-68.70759582519531,20.37363052368164,-136.43968200683594,142.39645385742188,91
-67.7409439086914,20.374204635620117,-135.26051330566406,143.9220428466797,92
-66.9078598022461,20.37371063232422,-133.99407958984375,145.43856811523438,93
-66.20372772216797,20.374404907226562,-132.655517578125,146.95166015625,94
-65.63854217529297,20.374042510986328,-131.25088500976562,148.46627807617188,95
-65.1848373413086,20.373600006103516,-129.79220581054688,149.99411010742188,96
-64.7796859741211,20.371919631958008,-128.30789184570312,151.5327606201172,97
-64.35011291503906,20.365991592407227,-126.84819793701172,153.05447387695312,98
-63.83253860473633,20.36077880859375,-125.41636657714844,154.57730102539062,99
-63.20695877075195,20.358915328979492,-124.03106689453125,156.0977020263672,100
-62.471824645996094,20.358179092407227,-122.7088623046875,157.6110076904297,101
-61.60784912109375,20.361034393310547,-121.43793487548828,159.14833068847656,102
-60.63726806640625,20.36639404296875,-120.2730712890625,160.66517639160156,103
-59.552101135253906,20.373716354370117,-119.20252990722656,162.19009399414062,104
-58.37608337402344,20.37896156311035,-118.23307800292969,163.7146759033203,105
-57.13121795654297,20.37897491455078,-117.37527465820312,165.2268829345703,106
-55.796817779541016,20.359451293945312,-116.5934066772461,166.77395629882812,107
-54.41755294799805,20.334373474121094,-115.92225646972656,168.30841064453125,108
-53.019325256347656,20.31724739074707,-115.36488342285156,169.81407165527344,109
-51.581424713134766,20.320951461791992,-114.905517578125,171.32386779785156,110
-50.104000091552734,20.32613182067871,-114.53349304199219,172.84768676757812,111
-48.609901428222656,20.318540573120117,-114.2592544555664,174.36709594726562,112
-47.107601165771484,20.312847137451172,-114.1052474975586,175.8777313232422,113
-45.56325149536133,20.325767517089844,-114.0793228149414,177.42282104492188,114
-44.0181884765625,20.36068344116211,-114.1796646118164,178.97181701660156,115
-42.52513122558594,20.370731353759766,-114.34553527832031,180.47425842285156,116
-41.04250717163086,20.357345581054688,-114.58433532714844,181.97630310058594,117
-39.53889465332031,20.3492431640625,-114.93637084960938,183.5209197998047,118
-38.06914520263672,20.337860107421875,-115.39558410644531,185.0612030029297,119
-36.64008712768555,20.326936721801758,-115.98084259033203,186.60598754882812,120
-35.2679443359375,20.32280921936035,-116.68890380859375,188.1505584716797,121
-33.96099853515625,20.328819274902344,-117.51557922363281,189.69747924804688,122
-32.75651931762695,20.349124908447266,-118.42285919189453,191.20591735839844,123
-31.591899871826172,20.35993194580078,-119.41484069824219,192.73594665527344,124
-30.484394073486328,20.364938735961914,-120.4329833984375,194.2404022216797,125
-29.367578506469727,20.37677001953125,-121.48802947998047,195.7768096923828,126
-28.266569137573242,20.3876895904541,-122.52340698242188,197.28823852539062,127
-27.131813049316406,20.39537811279297,-123.56340789794922,198.82754516601562,128
-25.994993209838867,20.40445327758789,-124.54986572265625,200.3328094482422,129
-24.805803298950195,20.4143123626709,-125.50153350830078,201.8560791015625,130
-23.557973861694336,20.42152214050293,-126.40592193603516,203.39736938476562,131
-22.25214385986328,20.4224796295166,-127.25403594970703,204.9546356201172,132
-20.94321060180664,20.41875457763672,-128.0070037841797,206.4649200439453,133
-19.585784912109375,20.41074562072754,-128.69041442871094,207.9849853515625,134
-18.17291831970215,20.414897918701172,-129.28074645996094,209.5166015625,135
-16.70335578918457,20.44264793395996,-129.76925659179688,211.0658416748047,136
-15.204620361328125,20.496551513671875,-130.16268920898438,212.61660766601562,137
-13.729387283325195,20.57708168029785,-130.4536590576172,214.1226348876953,138
-12.22453784942627,20.64344596862793,-130.69482421875,215.6482391357422,139
-10.716584205627441,20.653139114379883,-130.92465209960938,217.1737518310547,140
-9.205615997314453,20.617589950561523,-131.13539123535156,218.69996643066406,141
-7.658818244934082,20.628679275512695,-131.24441528320312,220.25103759765625,142
-6.106996059417725,20.684106826782227,-131.2480010986328,221.80416870117188,143
-4.557239532470703,20.75420570373535,-131.16387939453125,223.35804748535156,144
-3.0620274543762207,20.836288452148438,-130.99124145507812,224.8656768798828,145
-1.569074273109436,20.921260833740234,-130.7420654296875,226.3818359375,146
-0.08913172036409378,21.001176834106445,-130.43040466308594,227.89654541015625,147
1.3838163614273071,21.101388931274414,-130.0352020263672,229.4250946044922,148
2.854395866394043,21.218017578125,-129.5628204345703,230.97422790527344,149
4.321749210357666,21.34442138671875,-129.03366088867188,232.53927612304688,150
5.729918003082275,21.485074996948242,-128.48915100097656,234.05564880371094,151
7.150120735168457,21.631702423095703,-127.93911743164062,235.58572387695312,152
8.582918167114258,21.768543243408203,-127.39652252197266,237.1239471435547,153
10.027239799499512,21.90438461303711,-126.85395050048828,238.6728057861328,154
11.481687545776367,22.05001449584961,-126.30211639404297,240.23524475097656,155
12.940892219543457,22.200332641601562,-125.73274230957031,241.80882263183594,156
14.397539138793945,22.346101760864258,-125.14541625976562,243.3861846923828,157
15.839930534362793,22.488035202026367,-124.54972839355469,244.9532012939453,158
17.272775650024414,22.633338928222656,-123.9527816772461,246.51222229003906,159
18.71493911743164,22.782121658325195,-123.3570327758789,248.07968139648438,160
20.10853385925293,22.923049926757812,-122.79196166992188,249.590087890625,161
21.51778221130371,23.06216812133789,-122.232666015625,251.11265563964844,162
22.940933227539062,23.196880340576172,-121.6783218383789,252.64590454101562,163
24.375490188598633,23.32427215576172,-121.12841796875,254.18753051757812,164
25.82278823852539,23.450468063354492,-120.58341217041016,255.73919677734375,165
27.285722732543945,23.567441940307617,-120.04136657714844,257.3037414550781,166
28.75996971130371,23.65956687927246,-119.50321960449219,258.8758544921875,167
30.17715835571289,23.739484786987305,-118.99939727783203,260.382080078125,168
31.611265182495117,23.82648468017578,-118.5049819946289,261.9015197753906,169
33.05728530883789,23.911914825439453,-118.01779174804688,263.4298095703125,170
34.51375198364258,23.990859985351562,-117.53367614746094,264.9666748046875,171
35.98078918457031,24.069108963012695,-117.04759216308594,266.5141296386719,172
37.45551300048828,24.15057373046875,-116.55393981933594,268.0714416503906,173
38.93494415283203,24.233896255493164,-116.04861450195312,269.63702392578125,174
40.418365478515625,24.31827735900879,-115.5296401977539,271.21087646484375,175
41.83181381225586,24.40098762512207,-115.0235366821289,272.7144775390625,176
43.24993896484375,24.48604965209961,-114.50637817382812,274.2263488769531,177
44.67301940917969,24.57126235961914,-113.98080444335938,275.74578857421875,178
46.1014404296875,24.655677795410156,-113.44843292236328,277.27252197265625,179
47.53533935546875,24.739830017089844,-112.90977478027344,278.80657958984375,180
48.9744987487793,24.824687957763672,-112.36473083496094,280.34783935546875,181
50.418643951416016,24.91082000732422,-111.81280517578125,281.8962707519531,182
51.86484146118164,24.997007369995117,-111.25469970703125,283.4488220214844,183
53.30225372314453,25.08090591430664,-110.69462585449219,284.9937744140625,184
54.7305908203125,25.1634464263916,-110.13331604003906,286.5306701660156,185
56.15439224243164,25.247314453125,-109.57038116455078,288.06402587890625,186
57.584022521972656,25.33323860168457,-109.0030746459961,289.6045227050781,187
59.021629333496094,25.420001983642578,-108.43106842041016,291.1542053222656,188
60.46635437011719,25.50666046142578,-107.8555908203125,292.7117614746094,189
61.91777420043945,25.59267807006836,-107.2778091430664,294.2763366699219,190
63.375648498535156,25.679197311401367,-106.69839477539062,295.8475341796875,191
64.84013366699219,25.767587661743164,-106.11735534667969,297.4255676269531,192
66.31122589111328,25.857139587402344,-105.53419494628906,299.0105895996094,193
67.71073913574219,25.941993713378906,-104.97879028320312,300.5186767578125,194
69.1155776977539,26.02679443359375,-104.41952514648438,302.03314208984375,195
70.52511596679688,26.111963272094727,-103.85565948486328,303.5536804199219,196
71.93775939941406,26.197771072387695,-103.2869873046875,305.07891845703125,197
73.3324203491211,26.28286361694336,-102.72112274169922,306.58642578125,198
74.74994659423828,26.369508743286133,-102.13970184326172,308.12103271484375,199
76.17394256591797,26.457508087158203,-101.54337310791016,309.6673889160156,200
77.59700012207031,26.547443389892578,-100.92752075195312,311.2206115722656,201
79.01055145263672,26.638574600219727,-100.28894805908203,312.7744140625,202
80.39763641357422,26.72884178161621,-99.62760162353516,314.31378173828125,203
81.75272369384766,26.8184757232666,-98.93388366699219,315.8388366699219,204
83.0692367553711,26.90757179260254,-98.2011947631836,317.3482666015625,205
84.39071655273438,27.00057601928711,-97.38160705566406,318.90625,206
85.62291717529297,27.091691970825195,-96.50741577148438,320.4200744628906,207
86.82318115234375,27.183767318725586,-95.53227233886719,321.96954345703125,208
87.94731903076172,27.269916534423828,-94.49594116210938,323.50115966796875,209
88.99681854248047,27.346683502197266,-93.41290283203125,325.01141357421875,210
90.02950286865234,27.394086837768555,-92.25914764404297,326.5606994628906,211
91.03705596923828,27.375896453857422,-91.09500885009766,328.1005859375,212
91.97720336914062,27.335044860839844,-89.86969757080078,329.6460876464844,213
92.77019500732422,27.33458137512207,-88.55237579345703,331.18438720703125,214
93.4205551147461,27.324012756347656,-87.19271850585938,332.6923828125,215
93.90729522705078,27.323410034179688,-85.75409698486328,334.2120666503906,216
94.20996856689453,27.344093322753906,-84.2687759399414,335.72894287109375,217
94.35274505615234,27.348329544067383,-82.74423217773438,337.26104736328125,218
94.30298614501953,27.35713005065918,-81.239013671875,338.7681579589844,219
94.06033325195312,27.371313095092773,-79.73011016845703,340.2974548339844,220
93.64055633544922,27.37444496154785,-78.25331115722656,341.8336181640625,221
93.05238342285156,27.371885299682617,-76.82898712158203,343.37530517578125,222
92.33836364746094,27.368568420410156,-75.48562622070312,344.8970947265625,223
91.53258514404297,27.355247497558594,-74.19593811035156,346.4182434082031,224
90.62088775634766,27.342477798461914,-72.9811019897461,347.9375915527344,225
89.61817932128906,27.3355655670166,-71.84203338623047,349.45538330078125,226
88.5678939819336,27.3295841217041,-70.7413558959961,350.976806640625,227
87.50916290283203,27.322481155395508,-69.66378021240234,352.48748779296875,228
86.41358947753906,27.31717872619629,-68.57902526855469,354.0292663574219,229
85.3102798461914,27.31519317626953,-67.5357666015625,355.5477600097656,230
84.15245819091797,27.31382179260254,-66.50816345214844,357.09588623046875,231
82.98283386230469,27.31246566772461,-65.53350830078125,358.618408203125,232
81.76805114746094,27.312427520751953,-64.56647491455078,360.1711120605469,233
80.56735229492188,27.313444137573242,-63.628822326660156,361.6945495605469,234
79.34735107421875,27.31365203857422,-62.672767639160156,363.2445373535156,235
78.1618881225586,27.313190460205078,-61.73003005981445,364.7591552734375,236
76.96672821044922,27.313791275024414,-60.762046813964844,366.297119140625,237
75.76178741455078,27.31511116027832,-59.76887130737305,367.8586120605469,238
74.59571075439453,27.314878463745117,-58.792755126953125,369.3793029785156,239
73.41728210449219,27.29399871826172,-57.796939849853516,370.92230224609375,240
72.23271179199219,27.22858428955078,-56.791236877441406,372.47760009765625,241
71.09930419921875,27.153974533081055,-55.80418395996094,373.982421875,242
69.96155548095703,27.106544494628906,-54.77352523803711,375.5183410644531,243
68.8298568725586,27.06501579284668,-53.70817184448242,377.0731506347656,244
67.75231170654297,27.00895118713379,-52.662635803222656,378.57562255859375,245
66.67948150634766,26.945276260375977,-51.588558197021484,380.0950622558594,246
65.61365509033203,26.884113311767578,-50.48502731323242,381.6304931640625,247
64.55847930908203,26.822418212890625,-49.35251998901367,383.17962646484375,248
63.5147819519043,26.75701904296875,-48.189151763916016,384.7439270019531,249
62.53126525878906,26.692556381225586,-47.05305099487305,386.24798583984375,250
61.5228271484375,26.625452041625977,-45.8500862121582,387.81915283203125,251
60.533023834228516,26.5589656829834,-44.63676834106445,389.38641357421875,252
59.5943717956543,26.494976043701172,-43.462100982666016,390.89141845703125,253
58.65346908569336,26.429332733154297,-42.2664680480957,392.4142761230469,254
57.707374572753906,26.362869262695312,-41.05406951904297,393.95355224609375,255
56.74974060058594,26.30178451538086,-39.83291244506836,395.5066223144531,256
55.77132797241211,26.248071670532227,-38.61116409301758,397.0727844238281,257
54.81478500366211,26.19546890258789,-37.45363998413086,398.5753173828125,258
53.828739166259766,26.137733459472656,-36.308509826660156,400.0876159667969,259
52.80350112915039,26.08380699157715,-35.18667221069336,401.6083679199219,260
51.73392868041992,26.03910255432129,-34.09636306762695,403.13641357421875,261
50.62468719482422,25.992557525634766,-33.03546905517578,404.67205810546875,262
49.48418426513672,25.92820167541504,-32.00074768066406,406.21337890625,263
48.31083679199219,25.844280242919922,-30.99481964111328,407.76123046875,264
47.09899139404297,25.754846572875977,-30.033079147338867,409.3110046386719,265
45.847084045410156,25.676959991455078,-29.13140106201172,410.8559265136719,266
44.55548858642578,25.60934829711914,-28.290855407714844,412.3985290527344,267
43.23601150512695,25.527589797973633,-27.49445343017578,413.94195556640625,268
41.8994255065918,25.42735481262207,-26.744586944580078,415.4779052734375,269
40.53253936767578,25.33595848083496,-26.07110023498535,417.0046691894531,270
39.12985610961914,25.270471572875977,-25.4929256439209,418.52349853515625,271
37.70216369628906,25.223024368286133,-25.00231170654297,420.0340576171875,272
36.25670623779297,25.17581558227539,-24.581254959106445,421.5404357910156,273
34.79713439941406,25.12269401550293,-24.22312355041504,423.0443420410156,274
33.32304382324219,25.071380615234375,-23.929903030395508,424.54827880859375,275
31.835634231567383,25.021894454956055,-23.691999435424805,426.0554504394531,276
30.33534812927246,24.965755462646484,-23.492748260498047,427.5699768066406,277
28.820558547973633,24.90287971496582,-23.317129135131836,429.09619140625,278
27.290084838867188,24.83821678161621,-23.149911880493164,430.6371154785156,279
25.748722076416016,24.76694679260254,-22.97469139099121,432.1900329589844,280
24.205005645751953,24.687110900878906,-22.7697696685791,433.7493591308594,281
22.665258407592773,24.608604431152344,-22.510643005371094,435.31280517578125,282
21.133363723754883,24.535802841186523,-22.184513092041016,436.8808288574219,283
19.61458969116211,24.461523056030273,-21.79287338256836,438.4511413574219,284
18.114273071289062,24.381881713867188,-21.337261199951172,440.021240234375,285
16.635910034179688,24.29408836364746,-20.822559356689453,441.5892028808594,286
15.195345878601074,24.21196746826172,-20.23989486694336,443.1455383300781,287
13.80342960357666,24.156116485595703,-19.565982818603516,444.6932678222656,288
12.455233573913574,24.108543395996094,-18.821943283081055,446.2340087890625,289
11.137871742248535,24.044845581054688,-18.032812118530273,447.77105712890625,290
9.8612642288208,23.972368240356445,-17.19085693359375,449.3022155761719,291
8.64618968963623,23.92205238342285,-16.27284812927246,450.82611083984375,292
7.483249187469482,23.884510040283203,-15.29874324798584,452.34368896484375,293
6.352890968322754,23.829547882080078,-14.290459632873535,453.8594665527344,294
5.257246017456055,23.75586700439453,-13.243758201599121,455.3766174316406,295
4.214296340942383,23.68575096130371,-12.148407936096191,456.89080810546875,296
3.2257049083709717,23.624719619750977,-11.012923240661621,458.3976745605469,297
2.2870147228240967,23.55945587158203,-9.842605590820312,459.8994445800781,298
1.3998688459396362,23.4885311126709,-8.631133079528809,461.4028015136719,299
0.5713059306144714,23.42007827758789,-7.377756118774414,462.906982421875,300
-0.19634871184825897,23.35691261291504,-6.087197780609131,464.4100646972656,301
-0.9009352326393127,23.295345306396484,-4.762894153594971,465.9115295410156,302
-1.5727609395980835,23.23077392578125,-3.3396847248077393,467.4867858886719,303
-2.1750588417053223,23.16845703125,-1.8889702558517456,469.05889892578125,304
-2.7076144218444824,23.109121322631836,-0.4401538074016571,470.60369873046875,305
-3.2006263732910156,23.04893684387207,1.0410680770874023,472.166015625,306
-3.6592485904693604,22.987714767456055,2.531742811203003,473.72686767578125,307
-4.087373733520508,22.925975799560547,4.018749237060547,475.2755126953125,308
-4.498587608337402,22.862930297851562,5.487641334533691,476.8021545410156,309
-4.910885810852051,22.80095672607422,6.931234359741211,478.30474853515625,310
-5.364001274108887,22.736019134521484,8.395516395568848,479.8389587402344,311
-5.873789310455322,22.667564392089844,9.831459999084473,481.3644104003906,312
-6.476724147796631,22.600236892700195,11.25661563873291,482.91357421875,313
-7.176601886749268,22.53620147705078,12.629765510559082,484.4565124511719,314
-7.977024555206299,22.476333618164062,13.914263725280762,485.97174072265625,315
-8.913827896118164,22.419349670410156,15.124442100524902,487.5040588378906,316
-9.988080978393555,22.37539291381836,16.184505462646484,489.0157470703125,317
-11.255000114440918,22.366485595703125,17.009122848510742,490.5304260253906,318
-12.686821937561035,22.373289108276367,17.517593383789062,492.0524597167969,319
-14.174552917480469,22.366527557373047,17.77324867248535,493.5639953613281,320
-15.690489768981934,22.361379623413086,17.751222610473633,495.0829772949219,321
-17.14722442626953,22.35944366455078,17.363248825073242,496.593994140625,322
-18.50038719177246,22.361764907836914,16.647916793823242,498.1269836425781,323
-19.716842651367188,22.369762420654297,15.723444938659668,499.6562194824219,324
-20.80629539489746,22.373371124267578,14.6502685546875,501.1864318847656,325
-21.75312614440918,22.372821807861328,13.465331077575684,502.70416259765625,326
-22.55134391784668,22.365327835083008,12.15442943572998,504.2400207519531,327
-23.160337448120117,22.35116195678711,10.773685455322266,505.750244140625,328
-23.584482192993164,22.33830451965332,9.322574615478516,507.2630615234375,329
-23.842910766601562,22.32705307006836,7.819320201873779,508.7890625,330
-23.959854125976562,22.316959381103516,6.321919918060303,510.2915344238281,331
-23.95339584350586,22.313892364501953,4.798049449920654,511.8157043457031,332
-23.858797073364258,22.31503677368164,3.2989344596862793,513.31787109375,333
-23.738065719604492,22.314851760864258,1.7955132722854614,514.8261108398438,334
-23.626708984375,22.314666748046875,0.2528270184993744,516.372802734375,335
-23.516788482666016,22.316059112548828,-1.2792097330093384,517.9087524414062,336
-23.387609481811523,22.31675148010254,-2.795912504196167,519.4309692382812,337
-23.230648040771484,22.31617546081543,-4.289890289306641,520.9331665039062,338
-23.037687301635742,22.316869735717773,-5.809621810913086,522.465087890625,339
-22.813533782958984,22.322338104248047,-7.298546314239502,523.9708251953125,340
-22.55553436279297,22.328357696533203,-8.797262191772461,525.4915771484375,341
-22.271100997924805,22.3333797454834,-10.284223556518555,527.0054931640625,342
-21.96109962463379,22.340633392333984,-11.781976699829102,528.5350341796875,343
-21.634389877319336,22.347759246826172,-13.256757736206055,530.0455932617188,344
-21.28185272216797,22.352720260620117,-14.755416870117188,531.5851440429688,345
-20.92369270324707,22.35831069946289,-16.215023040771484,533.0880737304688,346
-20.550851821899414,22.366147994995117,-17.694101333618164,534.6134033203125,347
-20.167285919189453,22.37315559387207,-19.195053100585938,536.16259765625,348
-19.792814254760742,22.376527786254883,-20.657554626464844,537.6723022460938,349
-19.416847229003906,22.378067016601562,-22.14133071899414,539.2029418945312,350
-19.042558670043945,22.37860107421875,-23.646278381347656,540.7537231445312,351
-18.68707275390625,22.377870559692383,-25.108179092407227,542.2582397460938,352
-18.335926055908203,22.37759017944336,-26.5905818939209,543.7816772460938,353
-17.990114212036133,22.377843856811523,-28.093320846557617,545.3236694335938,354
-17.650278091430664,22.376754760742188,-29.61536407470703,546.8831787109375,355
-17.332719802856445,22.372520446777344,-31.08875846862793,548.390380859375,356
-17.026079177856445,22.36746597290039,-32.579891204833984,549.9127197265625,357
-16.73336410522461,22.36420440673828,-34.08943557739258,551.4503784179688,358
-16.457582473754883,22.361234664916992,-35.61668014526367,553.0023193359375,359
-16.204723358154297,22.357065200805664,-37.15187072753906,554.5582275390625,360
-15.98300552368164,22.353416442871094,-38.68397521972656,556.1063232421875,361
-15.798398971557617,22.352170944213867,-40.21672058105469,557.650146484375,362
-15.65278148651123,22.352418899536133,-41.76493835449219,559.2052612304688,363
-15.549128532409668,22.352340698242188,-43.33283233642578,560.776611328125,364
-15.491584777832031,22.35213851928711,-44.84516525268555,562.2901000976562,365
-15.474063873291016,22.35287857055664,-46.370304107666016,563.8153686523438,366
-15.495430946350098,22.355012893676758,-47.90657424926758,565.351806640625,367
-15.553942680358887,22.358318328857422,-49.45359802246094,566.8999633789062,368
-15.64587116241455,22.361637115478516,-51.01185607910156,568.4609375,369
-15.76612663269043,22.36359405517578,-52.581485748291016,570.03515625,370
-15.90060806274414,22.35987091064453,-54.0870361328125,571.5466918945312,371
-16.043378829956055,22.33000946044922,-55.60286331176758,573.0695190429688,372
-16.18857765197754,22.25539779663086,-57.115562438964844,574.5910034179688,373
-16.354616165161133,22.167753219604492,-58.63102722167969,576.1181030273438,374
-16.56502342224121,22.10968017578125,-60.16748046875,577.6700439453125,375
-16.816974639892578,22.068737030029297,-61.703243255615234,579.2268676757812,376
-17.09101104736328,22.01181983947754,-63.212013244628906,580.7614135742188,377
-17.387968063354492,21.936161041259766,-64.73994445800781,582.3197631835938,378
-17.72041893005371,21.872333526611328,-66.25695037841797,583.8741455078125,379
-18.10559844970703,21.8239688873291,-67.76570129394531,585.4320678710938,380
-18.532835006713867,21.767507553100586,-69.25920867919922,586.986572265625,381
-19.00771713256836,21.703237533569336,-70.7142562866211,588.5186157226562,382
-19.5517635345459,21.650564193725586,-72.12361907958984,590.0303955078125,383
-20.172712326049805,21.596389770507812,-73.5347900390625,591.5731811523438,384
-20.839092254638672,21.524057388305664,-74.92310333251953,593.114990234375,385
-21.581846237182617,21.463632583618164,-76.23431396484375,594.62353515625,386
-22.451026916503906,21.40535545349121,-77.5081558227539,596.1671142578125,387
-23.39198875427246,21.33231544494629,-78.70510864257812,597.6920776367188,388
-24.48134422302246,21.2891845703125,-79.7572250366211,599.2083740234375,389
-25.705032348632812,21.2299747467041,-80.65005493164062,600.7261962890625,390
-27.08926773071289,21.201196670532227,-81.27855682373047,602.2496337890625,391
-28.571237564086914,21.153989791870117,-81.57728576660156,603.76611328125,392
-30.071428298950195,21.112194061279297,-81.4568099975586,605.2761840820312,393
-31.491836547851562,21.047449111938477,-80.95938873291016,606.7853393554688,394
-32.8282585144043,20.945886611938477,-80.23756408691406,608.3090209960938,395
-34.054046630859375,20.875402450561523,-79.34083557128906,609.8306274414062,396
-35.143192291259766,20.81850814819336,-78.27938842773438,611.3536376953125,397
-36.0787353515625,20.767414093017578,-77.10674285888672,612.85546875,398
-36.88594436645508,20.713472366333008,-75.8311996459961,614.3666381835938,399
-37.566383361816406,20.646970748901367,-74.45902252197266,615.9003295898438,400
-38.1157341003418,20.572616577148438,-73.02638244628906,617.4368896484375,401
-38.563499450683594,20.502796173095703,-71.56665802001953,618.9655151367188,402
-38.949222564697266,20.441701889038086,-70.10677337646484,620.476806640625,403
-39.315391540527344,20.389047622680664,-68.6286392211914,622.0005493164062,404
-39.66635513305664,20.337759017944336,-67.14507293701172,623.5259399414062,405
-39.980247497558594,20.312013626098633,-65.66169738769531,625.0424194335938,406
-40.249656677246094,20.31148338317871,-64.17237091064453,626.5559692382812,407
-40.48713302612305,20.30048370361328,-62.69009780883789,628.0571899414062,408
-40.70315170288086,20.293014526367188,-61.172691345214844,629.5899047851562,409
-40.89280700683594,20.299190521240234,-59.64726257324219,631.1270751953125,410
-41.05345153808594,20.299888610839844,-58.118221282958984,632.66455078125,411
-41.185794830322266,20.301258087158203,-56.603370666503906,634.1851806640625,412
-41.292659759521484,20.308534622192383,-55.10149383544922,635.6908569335938,413
-41.38192367553711,20.314159393310547,-53.57167053222656,637.2232666015625,414
-41.45736312866211,20.31787109375,-52.072383880615234,638.7244262695312,415
-41.52806854248047,20.32297134399414,-50.545753479003906,640.252685546875,416
-41.59836196899414,20.328006744384766,-48.99211883544922,641.8079223632812,417
-41.66941452026367,20.33030891418457,-47.47377395629883,643.3279418945312,418
-41.74485778808594,20.330936431884766,-45.93266677856445,644.8709106445312,419
-41.82014083862305,20.332664489746094,-44.43149948120117,646.3739624023438,420
-41.89656066894531,20.334228515625,-42.90896987915039,647.8983764648438,421
-41.97264099121094,20.3335018157959,-41.36562728881836,649.443603515625,422
-42.04462814331055,20.33225440979004,-39.86725616455078,650.9437255859375,423
-42.11579513549805,20.332260131835938,-38.35015106201172,652.4624633789062,424
-42.186492919921875,20.332469940185547,-36.8149299621582,653.9993286132812,425
-42.25702667236328,20.33194923400879,-35.261924743652344,655.5538940429688,426
-42.32438278198242,20.33124542236328,-33.760032653808594,657.0573120117188,427
-42.39164352416992,20.33081817626953,-32.24260711669922,658.5762329101562,428
-42.4595947265625,20.33051109313965,-30.710111618041992,660.1102294921875,429
-42.52883529663086,20.329946517944336,-29.16586685180664,661.656005859375,430
-42.5993537902832,20.32893180847168,-27.626676559448242,663.19677734375,431
-42.671810150146484,20.328205108642578,-26.09295654296875,664.732177734375,432
-42.7470817565918,20.328317642211914,-24.55147361755371,666.2755126953125,433
-42.825748443603516,20.328277587890625,-22.99152374267578,667.83740234375,434
-42.90394973754883,20.327089309692383,-21.487003326416016,669.3439331054688,435
-42.98488998413086,20.325218200683594,-19.969310760498047,670.86376953125,436
-43.06676483154297,20.32381248474121,-18.438859939575195,672.3964233398438,437
-43.14687728881836,20.323244094848633,-16.89543914794922,673.94189453125,438
-43.22305679321289,20.322771072387695,-15.338663101196289,675.5005493164062,439
-43.29316329956055,20.32187843322754,-13.768401145935059,677.0723876953125,440
-43.35299301147461,20.320966720581055,-12.260665893554688,678.581298828125,441
-43.406070709228516,20.320520401000977,-10.741387367248535,680.1015014648438,442
-43.45376205444336,20.320566177368164,-9.210822105407715,681.6328125,443
-43.49846649169922,20.320695877075195,-7.669076442718506,683.1752319335938,444
-43.542701721191406,20.32063102722168,-6.116304397583008,684.7286376953125,445
-43.58885192871094,20.320398330688477,-4.552826881408691,686.2927856445312,446
-43.63880920410156,20.320154190063477,-2.9790234565734863,687.8673706054688,447
-43.69047546386719,20.319927215576172,-1.4745944738388062,689.3726806640625,448
-43.74575424194336,20.319622039794922,0.03881394863128662,690.8870849609375,449
-43.80365753173828,20.319196701049805,1.5611462593078613,692.4105224609375,450
-43.863128662109375,20.318695068359375,3.092299222946167,693.9428100585938,451
-43.92311096191406,20.318187713623047,4.632119655609131,695.4837646484375,452
-43.98296356201172,20.317731857299805,6.180443286895752,697.0332641601562,453
-44.042850494384766,20.317333221435547,7.737120628356934,698.591064453125,454
-44.10356140136719,20.31683921813965,9.299139022827148,700.1542358398438,455
-44.166053771972656,20.316097259521484,10.85505199432373,701.7113647460938,456
-44.2315559387207,20.315462112426758,12.404397010803223,703.2620849609375,457
-44.301029205322266,20.31526756286621,13.951356887817383,704.8106079101562,458
-44.375343322753906,20.315290451049805,15.506420135498047,706.367431640625,459
-44.454612731933594,20.314783096313477,17.07160186767578,707.9346313476562,460
-44.53817367553711,20.313444137573242,18.645509719848633,709.5107421875,461
-44.620460510253906,20.31183624267578,20.1440486907959,711.0115356445312,462
-44.70485305786133,20.31058692932129,21.649646759033203,712.5194702148438,463
-44.79043197631836,20.309907913208008,23.162385940551758,714.0346069335938,464
-44.87650680541992,20.309364318847656,24.68250274658203,715.55712890625,465
-44.962520599365234,20.308523178100586,26.21010398864746,717.087158203125,466
-45.047996520996094,20.30740737915039,27.745086669921875,718.62451171875,467
-45.132598876953125,20.306325912475586,29.287193298339844,720.1689453125,468
-45.21613311767578,20.3055419921875,30.836179733276367,721.7201538085938,469
-45.29848098754883,20.305097579956055,32.39198684692383,723.2781372070312,470
-45.37936019897461,20.30474853515625,33.95458984375,724.8428344726562,471
-45.45832824707031,20.304304122924805,35.52397918701172,726.4141845703125,472
-45.5350456237793,20.303871154785156,37.10005569458008,727.9921264648438,473
-45.609107971191406,20.303695678710938,38.68269348144531,729.5764770507812,474
-45.6762580871582,20.30376434326172,40.18327713012695,731.0785522460938,475
-45.740455627441406,20.303974151611328,41.68948745727539,732.5861206054688,476
-45.801822662353516,20.304351806640625,43.20126724243164,734.09912109375,477
-45.86077880859375,20.30491828918457,44.71855926513672,735.6175537109375,478
-45.91769027709961,20.30557632446289,46.24125289916992,737.1412963867188,479
-45.973026275634766,20.306339263916016,47.76922607421875,738.6702880859375,480
-46.027400970458984,20.307342529296875,49.30238342285156,740.2044067382812,481
-46.081642150878906,20.30851936340332,50.84062194824219,741.7435913085938,482
-46.136451721191406,20.30976676940918,52.38380432128906,743.2877197265625,483
-46.19239807128906,20.31119155883789,53.93183898925781,744.8367309570312,484
-46.249664306640625,20.31267547607422,55.4765625,746.3825073242188,485
-46.30691909790039,20.31261444091797,56.98881149291992,747.8958129882812,486
-46.36536407470703,20.309093475341797,58.537925720214844,749.446044921875,487
-46.4224739074707,20.303863525390625,60.111759185791016,751.0209350585938,488
-46.47393035888672,20.301836013793945,61.61996841430664,752.530029296875,489
-46.520957946777344,20.30598258972168,63.13895797729492,754.0497436523438,490
-46.558624267578125,20.314319610595703,64.67273712158203,755.583984375,491
-46.58103942871094,20.32039451599121,66.22521209716797,757.1366577148438,492
-46.57619857788086,20.33075523376465,67.79096984863281,758.7025146484375,493
-46.52531051635742,20.36762237548828,69.3008804321289,760.2138061523438,494
-46.41939926147461,20.423194885253906,70.83203887939453,761.7496948242188,495
-46.26723861694336,20.463050842285156,72.32652282714844,763.2525634765625,496
-46.03679656982422,20.50020980834961,73.83224487304688,764.7764892578125,497
-45.69956588745117,20.555912017822266,75.33317565917969,766.316162109375,498
-45.26848220825195,20.611806869506836,76.78009796142578,767.8272705078125,499
-44.72877502441406,20.655258178710938,78.23308563232422,769.378173828125,500
-44.095489501953125,20.691303253173828,79.62574005126953,770.9088134765625,501
-43.37002182006836,20.721620559692383,80.94744873046875,772.417236328125,502
-42.514808654785156,20.75174331665039,82.23367309570312,773.9625854492188,503
-41.556541442871094,20.790607452392578,83.42261505126953,775.4906616210938,504
-40.49938201904297,20.84303855895996,84.50969696044922,777.0084228515625,505
-39.36149978637695,20.894983291625977,85.50365447998047,778.5206298828125,506
-38.11685562133789,20.945602416992188,86.42581176757812,780.0709228515625,507
-36.8097038269043,20.99809455871582,87.234130859375,781.609130859375,508
-35.444766998291016,21.0426025390625,87.93419647216797,783.1442260742188,509
-34.02984619140625,21.0815372467041,88.51458740234375,784.674560546875,510
-32.57542037963867,21.120302200317383,88.96707916259766,786.19873046875,511
-31.089250564575195,21.158395767211914,89.29183959960938,787.720947265625,512
-29.577312469482422,21.19552230834961,89.49039459228516,789.2467651367188,513
-28.050539016723633,21.232616424560547,89.5619888305664,790.776123046875,514
-26.522598266601562,21.2673282623291,89.50679016113281,792.305908203125,515
-25.002172470092773,21.301286697387695,89.3207015991211,793.8385620117188,516
-23.491960525512695,21.33904266357422,89.00200653076172,795.3829345703125,517
-22.043840408325195,21.37603187561035,88.5768814086914,796.8930053710938,518
-20.60548973083496,21.4129695892334,88.0415267944336,798.428466796875,519
-19.228801727294922,21.450645446777344,87.42552185058594,799.9373779296875,520
-17.86161994934082,21.490188598632812,86.72199249267578,801.4755859375,521
-16.55287742614746,21.528749465942383,85.97505950927734,802.9830932617188,522
-15.255036354064941,21.56749725341797,85.1677474975586,804.5121459960938,523
-13.975923538208008,21.60721778869629,84.29866790771484,806.0592041015625,524
-12.771713256835938,21.646007537841797,83.39945220947266,807.562744140625,525
-11.59972095489502,21.684114456176758,82.43365478515625,809.08203125,526
-10.467022895812988,21.72256851196289,81.39779663085938,810.6176147460938,527
-9.379267692565918,21.76219367980957,80.29200744628906,812.1693725585938,528
-8.380133628845215,21.799915313720703,79.16781616210938,813.6740112304688,529
-7.427314281463623,21.837820053100586,77.98420715332031,815.194091796875,530
-6.521911144256592,21.876609802246094,76.74425506591797,816.7300415039062,531
-5.664464473724365,21.91609001159668,75.45187377929688,818.2816162109375,532
-4.887966632843018,21.954389572143555,74.16748046875,819.7830810546875,533
-4.155364036560059,21.992738723754883,72.8412094116211,821.298828125,534
-3.4667747020721436,22.031522750854492,71.47559356689453,822.8287963867188,535
-2.8208963871002197,22.071088790893555,70.0726547241211,824.3738403320312,536
-2.2153987884521484,22.11096954345703,68.63530731201172,825.93408203125,537
-1.6695945262908936,22.14838981628418,67.2305908203125,827.4415893554688,538
-1.1494091749191284,22.185028076171875,65.80042266845703,828.9638671875,539
-0.6453931331634521,22.222963333129883,64.34813690185547,830.5015869140625,540
-0.1422368735074997,22.262462615966797,62.880001068115234,832.0540161132812,541
0.380588173866272,22.302785873413086,61.405338287353516,833.619140625,542
0.9158570170402527,22.341812133789062,60.00133514404297,835.1222534179688,543
1.4997646808624268,22.38188934326172,58.60952377319336,836.6322021484375,544
2.1400258541107178,22.423168182373047,57.23590850830078,838.1483764648438,545
2.838793992996216,22.463134765625,55.88300704956055,839.6716918945312,546
3.5974814891815186,22.500625610351562,54.55422592163086,841.202392578125,547
4.417890548706055,22.537023544311523,53.254756927490234,842.73974609375,548
5.301460266113281,22.575178146362305,51.98908615112305,844.283935546875,549
6.246459484100342,22.614328384399414,50.75887680053711,845.8358154296875,550
7.248804092407227,22.650753021240234,49.56412124633789,847.3958740234375,551
8.305492401123047,22.684860229492188,48.40708541870117,848.9633178710938,552
9.416080474853516,22.720569610595703,47.2917366027832,850.5377807617188,553
10.523037910461426,22.756484985351562,46.27178192138672,852.0435180664062,554
11.676351547241211,22.792682647705078,45.2962532043457,853.5546264648438,555
12.874981880187988,22.82923126220703,44.36821746826172,855.0711059570312,556
14.117687225341797,22.86809539794922,43.49186706542969,856.5923461914062,557
15.402920722961426,22.910316467285156,42.669761657714844,858.1187133789062,558
16.727022171020508,22.95303726196289,41.90153503417969,859.6502685546875,559
18.086666107177734,22.993913650512695,41.187416076660156,861.1867065429688,560
19.480167388916016,23.033924102783203,40.52982711791992,862.7282104492188,561
20.905296325683594,23.074342727661133,39.931190490722656,864.2745971679688,562
22.35932731628418,23.115062713623047,39.39297103881836,865.82568359375,563
23.839889526367188,23.157772064208984,38.91793441772461,867.3812866210938,564
25.345083236694336,23.204797744750977,38.507625579833984,868.9421997070312,565
26.871992111206055,23.252471923828125,38.157718658447266,870.509521484375,566
28.416990280151367,23.296695709228516,37.86439514160156,872.0828247070312,567
29.978269577026367,23.3410701751709,37.629974365234375,873.6622924804688,568
31.474857330322266,23.38711166381836,37.46300506591797,875.1689453125,569
32.981834411621094,23.434703826904297,37.34719467163086,876.68115234375,570
34.49729919433594,23.480627059936523,37.27985763549805,878.1988525390625,571
36.02003479003906,23.52424430847168,37.26021957397461,879.722412109375,572
37.5479850769043,23.56679916381836,37.28858184814453,881.2512817382812,573
39.07944107055664,23.610960006713867,37.36626434326172,882.785400390625,574
40.61100387573242,23.66326904296875,37.49711990356445,884.323486328125,575
42.14146041870117,23.72954750061035,37.683719635009766,885.8667602539062,576
43.672786712646484,23.793581008911133,37.91267776489258,887.4164428710938,577
45.20441436767578,23.82798957824707,38.160804748535156,888.9684448242188,578
46.733158111572266,23.829362869262695,38.42670822143555,890.5202026367188,579
48.25553894042969,23.838823318481445,38.75258255004883,892.0772094726562,580
49.76551055908203,23.877111434936523,39.151710510253906,893.6396484375,581
51.260066986083984,23.922950744628906,39.60538864135742,895.2022705078125,582
52.74345397949219,23.95610809326172,40.104042053222656,896.7676391601562,583
54.21218490600586,23.98866081237793,40.659488677978516,898.3383178710938,584
55.6607780456543,24.032291412353516,41.27691650390625,899.9136962890625,585
57.08698272705078,24.08099937438965,41.94883728027344,901.4910888671875,586
58.480377197265625,24.124370574951172,42.65909957885742,903.0557250976562,587
59.82080841064453,24.159059524536133,43.3846549987793,904.580322265625,588
61.16448974609375,24.19268035888672,44.155155181884766,906.129638671875,589
62.49746322631836,24.23300552368164,44.96974563598633,907.6923828125,590
63.80821228027344,24.281070709228516,45.82975387573242,909.2608642578125,591
65.03678131103516,24.326255798339844,46.695587158203125,910.7646484375,592
66.25273132324219,24.350772857666016,47.603553771972656,912.2824096679688,593
67.4642333984375,24.343259811401367,48.53229522705078,913.8089599609375,594
68.67990112304688,24.336532592773438,49.494083404541016,915.3591918945312,595
69.80586242675781,24.354053497314453,50.49348068237305,916.864990234375,596
70.87583923339844,24.362327575683594,51.54719924926758,918.366943359375,597
71.90281677246094,24.351566314697266,52.67755889892578,919.8946533203125,598
72.8016357421875,24.365501403808594,53.90418243408203,921.416015625,599
73.597900390625,24.370983123779297,55.216182708740234,922.9512939453125,600
74.26200866699219,24.36345863342285,56.59939193725586,924.4864501953125,601
74.75211334228516,24.377155303955078,58.056400299072266,926.0245971679688,602
75.08065032958984,24.37615394592285,59.54064178466797,927.5455932617188,603
75.22626495361328,24.377613067626953,61.049800872802734,929.0625610351562,604
75.21867370605469,24.360328674316406,62.559696197509766,930.5733642578125,605
75.02854919433594,24.34551429748535,64.06253051757812,932.0891723632812,606
74.65715026855469,24.352256774902344,65.54615020751953,933.6192626953125,607
74.15716552734375,24.349349975585938,66.98622131347656,935.1441650390625,608
73.54174041748047,24.352909088134766,68.36578369140625,936.6551513671875,609
72.83514404296875,24.367576599121094,69.68894958496094,938.1554565429688,610
72.06166076660156,24.3726749420166,70.97509002685547,939.6563720703125,611
71.22207641601562,24.370628356933594,72.26598358154297,941.1963500976562,612
70.3494873046875,24.367456436157227,73.51763153076172,942.7222290039062,613
69.41254425048828,24.36719512939453,74.74462890625,944.2661743164062,614
68.42674255371094,24.372970581054688,75.90788269042969,945.7911376953125,615
67.36805725097656,24.36345100402832,77.04438781738281,947.3445434570312,616
66.2708740234375,24.365102767944336,78.09674072265625,948.8650512695312,617
65.09385681152344,24.409421920776367,79.10022735595703,950.41259765625,618
63.89561080932617,24.46230697631836,80.03962707519531,951.9361572265625,619
62.66007995605469,24.49175453186035,80.9743423461914,953.4857177734375,620
61.44144821166992,24.515098571777344,81.8702392578125,954.9984130859375,621
60.189903259277344,24.546300888061523,82.75220489501953,956.5298461914062,622
58.897403717041016,24.581010818481445,83.61058807373047,958.0818481445312,623
57.614784240722656,24.614051818847656,84.4078140258789,959.5924682617188,624
56.293216705322266,24.649429321289062,85.18017578125,961.1236572265625,625
54.93901062011719,24.685998916625977,85.93404388427734,962.6740112304688,626
53.61552810668945,24.70635223388672,86.64968872070312,964.1787719726562,627
52.2729377746582,24.70162582397461,87.36234283447266,965.6987915039062,628
50.90800094604492,24.695817947387695,88.06993103027344,967.2362670898438,629
49.51740646362305,24.708982467651367,88.77406311035156,968.7950439453125,630
48.16886520385742,24.72589683532715,89.44564819335938,970.3016967773438,631
46.804447174072266,24.73417854309082,90.11852264404297,971.8230590820312,632
45.42588806152344,24.740966796875,90.79729461669922,973.3596801757812,633
44.0358772277832,24.754934310913086,91.48638153076172,974.9111938476562,634
42.6367073059082,24.77126693725586,92.1872787475586,976.4761962890625,635
41.29305648803711,24.7835636138916,92.86846923828125,977.9827270507812,636
39.94178009033203,24.794878005981445,93.56121063232422,979.5012817382812,637
38.596046447753906,24.807790756225586,94.25630950927734,981.0159912109375,638
37.256404876708984,24.82181739807129,94.94937133789062,982.5243530273438,639
35.915225982666016,24.836536407470703,95.64335632324219,984.0345458984375,640
34.56071472167969,24.852134704589844,96.34496307373047,985.56005859375,641
33.193092346191406,24.867399215698242,97.05506134033203,987.1011352539062,642
31.81594467163086,24.881643295288086,97.77445983886719,988.6549072265625,643
30.430946350097656,24.896610260009766,98.50431060791016,990.2205200195312,644
29.10477638244629,24.912694931030273,99.20995330810547,991.7228393554688,645
27.771329879760742,24.929121017456055,99.92601013183594,993.2364501953125,646
26.430313110351562,24.94450569152832,100.65213012695312,994.7615356445312,647
25.081741333007812,24.959659576416016,101.38768005371094,996.2977294921875,648
23.725765228271484,24.97585678100586,102.13204956054688,997.8446655273438,649
22.36250877380371,24.99271583557129,102.88438415527344,999.40185546875,650
20.9918155670166,25.009521484375,103.64423370361328,1000.9691772460938,651
19.613422393798828,25.026445388793945,104.41143035888672,1002.5468139648438,652
18.29680061340332,25.04277992248535,105.14673614501953,1004.054931640625,653
16.97340202331543,25.05921173095703,105.88794708251953,1005.5718383789062,654
15.643336296081543,25.075937271118164,106.63477325439453,1007.0973510742188,655
14.30652904510498,25.093120574951172,107.38692474365234,1008.63134765625,656
12.963038444519043,25.110422134399414,108.14425659179688,1010.1737060546875,657
11.612914085388184,25.127761840820312,108.90657806396484,1011.7243041992188,658
10.2561674118042,25.145401000976562,109.67371368408203,1013.2830200195312,659
8.892931938171387,25.16329574584961,110.44547271728516,1014.8496704101562,660
7.526343822479248,25.181188583374023,111.22003936767578,1016.4205932617188,661
6.165884494781494,25.198989868164062,111.99205017089844,1017.9849243164062,662
4.811800479888916,25.2170467376709,112.76139831542969,1019.5424194335938,663
3.459855079650879,25.235633850097656,113.53048706054688,1021.097900390625,664
2.1010477542877197,25.254709243774414,114.30448150634766,1022.6618041992188,665
0.7340140342712402,25.273534774780273,115.0841064453125,1024.235595703125,666
-0.6400057673454285,25.291763305664062,115.86859893798828,1025.81787109375,667
-1.9476715326309204,25.308982849121094,116.61604309082031,1027.32421875,668
-3.260924816131592,25.326753616333008,117.36750030517578,1028.83740234375,669
-4.5797858238220215,25.34514617919922,118.12298583984375,1030.357421875,670
-5.904438495635986,25.36357879638672,118.88260650634766,1031.884521484375,671
-7.235469818115234,25.37493324279785,119.64644622802734,1033.419189453125,672
-8.57155990600586,25.36923599243164,120.41341400146484,1034.9598388671875,673
-9.912721633911133,25.351232528686523,121.18344116210938,1036.5064697265625,674
-11.26170539855957,25.323549270629883,121.95808410644531,1038.062255859375,675
-12.61462688446045,25.279399871826172,122.73527526855469,1039.6231689453125,676
-13.972824096679688,25.227327346801758,123.51641082763672,1041.1907958984375,677
-15.339011192321777,25.171855926513672,124.30299377441406,1042.7681884765625,678
-16.710071563720703,25.10572624206543,125.09272766113281,1044.351806640625,679
-18.010013580322266,25.036657333374023,125.84139251708984,1045.853515625,680
-19.316679000854492,24.965673446655273,126.59342956542969,1047.36279296875,681
-20.62887954711914,24.888439178466797,127.34758758544922,1048.8782958984375,682
-21.94615364074707,24.803913116455078,128.10305786132812,1050.399169921875,683
-23.270263671875,24.71825408935547,128.86032104492188,1051.927001953125,684
-24.601442337036133,24.630817413330078,129.61915588378906,1053.4617919921875,685
-25.93801498413086,24.536548614501953,130.37876892089844,1055.0020751953125,686
-27.280567169189453,24.437816619873047,131.13946533203125,1056.54833984375,687
-28.630062103271484,24.339082717895508,131.90167236328125,1058.101318359375,688
-29.985729217529297,24.237985610961914,132.66522216796875,1059.6605224609375,689
-31.34637451171875,24.13163185119629,133.43028259277344,1061.22509765625,690
-32.71234130859375,24.022903442382812,134.19805908203125,1062.7958984375,691
-34.083438873291016,23.912790298461914,134.9696044921875,1064.373046875,692
-35.458251953125,23.79938316345215,135.745361328125,1065.9556884765625,693
-36.8363151550293,23.683658599853516,136.52655029296875,1067.5440673828125,694
-38.217529296875,23.566837310791016,137.31417846679688,1069.138427734375,695
-39.51979446411133,23.454570770263672,138.06146240234375,1070.64404296875,696
-40.82402420043945,23.339828491210938,138.81459045410156,1072.154541015625,697
-42.13068389892578,23.22408676147461,139.5734405517578,1073.6700439453125,698
-43.440284729003906,23.107301712036133,140.33709716796875,1075.1905517578125,699
-44.753173828125,22.988555908203125,141.10398864746094,1076.7156982421875,700
-46.070186614990234,22.868486404418945,141.87306213378906,1078.24560546875,701
-47.392059326171875,22.747730255126953,142.64328002929688,1079.7802734375,702
-48.71916961669922,22.626209259033203,143.41348266601562,1081.3194580078125,703
-50.051876068115234,22.504148483276367,144.1829833984375,1082.86328125,704
-51.38593292236328,22.382369995117188,144.9488525390625,1084.4063720703125,705
-52.70136260986328,22.262775421142578,145.69996643066406,1085.9259033203125,706
-54.06356430053711,22.139482498168945,146.4739990234375,1087.49755859375,707
-55.38704299926758,22.021385192871094,147.22239685058594,1089.0225830078125,708
-56.74541473388672,21.902849197387695,147.98663330078125,1090.585693359375,709
-58.060516357421875,21.789470672607422,148.7218475341797,1092.0966796875,710
-59.40605545043945,21.673137664794922,149.4680938720703,1093.6397705078125,711
-60.77739715576172,21.5535831451416,150.2215118408203,1095.208984375,712
-62.10198211669922,21.4375,150.94139099121094,1096.7210693359375,713
-63.44895935058594,21.319501876831055,151.66188049316406,1098.253173828125,714
-64.81298828125,21.201190948486328,152.3721923828125,1099.795654296875,715
-66.19273376464844,21.08418846130371,153.05921936035156,1101.3414306640625,716
-67.58641815185547,20.970186233520508,153.702880859375,1102.880859375,717
-68.994384765625,20.860952377319336,154.28172302246094,1104.4072265625,718
-70.41609191894531,20.75607681274414,154.78262329101562,1105.91845703125,719
-71.90108489990234,20.651134490966797,155.2059783935547,1107.466552734375,720
-73.41348266601562,20.555591583251953,155.50552368164062,1109.0118408203125,721
-74.91798400878906,20.469751358032227,155.66627502441406,1110.5279541015625,722
-76.4609146118164,20.384035110473633,155.6926727294922,1112.07421875,723
-77.9654541015625,20.340843200683594,155.5446319580078,1113.5877685546875,724
-79.47360229492188,20.35464859008789,155.18836975097656,1115.13818359375,725
-80.9277572631836,20.345508575439453,154.76165771484375,1116.6539306640625,726
-82.36865234375,20.3038387298584,154.2886199951172,1118.1715087890625,727
-83.7690658569336,20.324392318725586,153.66690063476562,1119.70458984375,728
-85.10576629638672,20.36840057373047,152.91883850097656,1121.2374267578125,729
-86.36680603027344,20.376808166503906,152.1046905517578,1122.7388916015625,730
-87.5991439819336,20.36873435974121,151.17054748535156,1124.2857666015625,731
-88.73795318603516,20.375513076782227,150.1326446533203,1125.8270263671875,732
-89.79277801513672,20.363065719604492,149.06134033203125,1127.330810546875,733
-90.79623413085938,20.346506118774414,147.88815307617188,1128.875,734
-91.6951675415039,20.340499877929688,146.66781616210938,1130.3909912109375,735
-92.52854919433594,20.334285736083984,145.38241577148438,1131.9232177734375,736
-93.27058410644531,20.328964233398438,144.07826232910156,1133.4239501953125,737
-93.93998718261719,20.322885513305664,142.7149658203125,1134.9429931640625,738
-94.52304077148438,20.31559944152832,141.2957000732422,1136.4776611328125,739
-95.01411437988281,20.31041145324707,139.823974609375,1138.0294189453125,740
-95.39997863769531,20.307254791259766,138.35501098632812,1139.5484619140625,741
-95.69784545898438,20.304208755493164,136.83863830566406,1141.0941162109375,742
-95.90286254882812,20.299766540527344,135.33934020996094,1142.6075439453125,743
-96.03143310546875,20.295467376708984,133.80682373046875,1144.1456298828125,744
-96.09330749511719,20.293689727783203,132.304443359375,1145.6494140625,745
-96.1082534790039,20.294857025146484,130.77566528320312,1147.1783447265625,746
-96.08861541748047,20.295934677124023,129.22177124023438,1148.732421875,747
-96.0464096069336,20.293886184692383,127.70948791503906,1150.245361328125,748
-95.97771453857422,20.303672790527344,126.17969512939453,1151.7767333984375,749
-95.88278198242188,20.319637298583984,124.62882232666016,1153.33056640625,750
-95.7771224975586,20.317922592163086,123.12665557861328,1154.83642578125,751
-95.6600341796875,20.310741424560547,121.60725402832031,1156.3603515625,752
-95.52970123291016,20.31366729736328,120.06900787353516,1157.9041748046875,753
-95.38606262207031,20.32000732421875,118.51470184326172,1159.465087890625,754
-95.2398452758789,20.321136474609375,117.0130615234375,1160.973876953125,755
-95.0878677368164,20.31861114501953,115.49585723876953,1162.4986572265625,756
-94.93273162841797,20.31441879272461,113.96400451660156,1164.038330078125,757
-94.77625274658203,20.311079025268555,112.41787719726562,1165.5924072265625,758
-94.61847686767578,20.30936622619629,110.8570785522461,1167.1611328125,759
-94.46866607666016,20.308290481567383,109.3634262084961,1168.6622314453125,760
-94.3163833618164,20.311120986938477,107.80510711669922,1170.22802734375,761
-94.1712875366211,20.31801414489746,106.24851989746094,1171.7913818359375,762
-94.04098510742188,20.323108673095703,104.74881744384766,1173.2967529296875,763
-93.92156219482422,20.3250732421875,103.23167419433594,1174.818603515625,764
-93.8143310546875,20.326005935668945,101.6993179321289,1176.354736328125,765
-93.71831512451172,20.327592849731445,100.15364837646484,1177.9034423828125,766
-93.6320571899414,20.329622268676758,98.59529876708984,1179.4642333984375,767
-93.55377960205078,20.33101463317871,97.02379608154297,1181.0377197265625,768
-93.48477935791016,20.331363677978516,95.5145492553711,1182.548583984375,769
-93.41903686523438,20.331335067749023,93.99333190917969,1184.0711669921875,770
-93.35388946533203,20.331466674804688,92.46086120605469,1185.60498046875,771
-93.2871322631836,20.331756591796875,90.91769409179688,1187.149658203125,772
-93.21742248535156,20.332029342651367,89.36398315429688,1188.7049560546875,773
-93.144287109375,20.332338333129883,87.79969024658203,1190.27099609375,774
-93.06778717041016,20.332645416259766,86.22496032714844,1191.8475341796875,775
-92.99231719970703,20.332870483398438,84.71957397460938,1193.3548583984375,776
-92.91484069824219,20.333053588867188,83.20525360107422,1194.8712158203125,777
-92.83609008789062,20.333280563354492,81.68211364746094,1196.3963623046875,778
-92.75653076171875,20.333534240722656,80.15020751953125,1197.9302978515625,779
-92.67677307128906,20.3337459564209,78.60962677001953,1199.472900390625,780
-92.59735107421875,20.333866119384766,77.06050872802734,1201.0240478515625,781
-92.51862335205078,20.333890914916992,75.50299072265625,1202.5836181640625,782
-92.44078063964844,20.333879470825195,73.93728637695312,1204.1512451171875,783
-92.3638687133789,20.333877563476562,72.36346435546875,1205.7269287109375,784
-92.28791809082031,20.333763122558594,70.78303527832031,1207.3092041015625,785
-92.21353912353516,20.333349227905273,69.20795440673828,1208.8861083984375,786
-92.14080810546875,20.333005905151367,67.63938903808594,1210.4564208984375,787
-92.06954956054688,20.333120346069336,66.07453918457031,1212.02294921875,788
-91.99913787841797,20.333602905273438,64.502685546875,1213.596435546875,789
-91.93296813964844,20.333759307861328,63.00398635864258,1215.0965576171875,790
-91.86732482910156,20.333208084106445,61.49714279174805,1216.6048583984375,791
-91.80220794677734,20.332210540771484,59.98286819458008,1218.1204833984375,792
-91.737548828125,20.331430435180664,58.46147918701172,1219.643310546875,793
-91.67326354980469,20.331205368041992,56.933082580566406,1221.173095703125,794
-91.6092300415039,20.331212997436523,55.3975830078125,1222.7099609375,795
-91.54535675048828,20.330949783325195,53.854854583740234,1224.2540283203125,796
-91.48149871826172,20.330293655395508,52.30497741699219,1225.80517578125,797
-91.41764068603516,20.329511642456055,50.748191833496094,1227.36328125,798
-91.3537826538086,20.328901290893555,49.184757232666016,1228.927978515625,799
-91.28992462158203,20.32851791381836,47.61479949951172,1230.499267578125,800
-91.22614288330078,20.32818031311035,46.03833770751953,1232.0770263671875,801
-91.16242218017578,20.327701568603516,44.45538330078125,1233.6612548828125,802
-91.10224151611328,20.327116012573242,42.95448684692383,1235.163330078125,803
-91.04206085205078,20.326513290405273,41.44801712036133,1236.6710205078125,804
-90.98188018798828,20.325986862182617,39.93606948852539,1238.1842041015625,805
-90.92178344726562,20.32552719116211,38.41875457763672,1239.7027587890625,806
-90.86170959472656,20.3250789642334,36.8961296081543,1241.2265625,807
-90.80162048339844,20.32460594177246,35.368247985839844,1242.755615234375,808
-90.74153900146484,20.32410430908203,33.83517074584961,1244.2899169921875,809
-90.68146514892578,20.323585510253906,32.2969856262207,1245.8292236328125,810
-90.62122344970703,20.32309341430664,30.753793716430664,1247.3736572265625,811
-90.56047821044922,20.322662353515625,29.205698013305664,1248.9229736328125,812
-90.49954986572266,20.322341918945312,27.6919002532959,1250.43798828125,813
-90.43685913085938,20.322017669677734,26.18543243408203,1251.94580078125,814
-90.372802734375,20.321809768676758,24.680347442626953,1253.4522705078125,815
-90.30719757080078,20.321674346923828,23.17539405822754,1254.9586181640625,816
-90.239990234375,20.32154655456543,21.671415328979492,1256.464111328125,817
-90.1719741821289,20.321535110473633,20.170198440551758,1257.9669189453125,818
-90.10320281982422,20.32158660888672,18.673246383666992,1259.4654541015625,819
-90.03400421142578,20.321699142456055,17.181676864624023,1260.9586181640625,820
-89.96458435058594,20.321855545043945,15.695978164672852,1262.4459228515625,821
-89.89495849609375,20.322004318237305,14.215958595275879,1263.9276123046875,822
-89.82579803466797,20.322250366210938,12.741074562072754,1265.4041748046875,823
-89.75703430175781,20.322534561157227,11.270282745361328,1266.8765869140625,824
-89.6885757446289,20.322790145874023,9.802313804626465,1268.34619140625,825
-89.62117004394531,20.323131561279297,8.335820198059082,1269.814208984375,826
-89.55458068847656,20.323488235473633,6.869026184082031,1271.282470703125,827
-89.48875427246094,20.323768615722656,5.399611949920654,1272.75341796875,828
-89.42408752441406,20.324031829833984,3.9243805408477783,1274.2301025390625,829
-89.36093139648438,20.324298858642578,2.4388959407806396,1275.7169189453125,830
-89.2990493774414,20.32450294494629,0.9375149607658386,1277.2196044921875,831
-89.23811340332031,20.324575424194336,-0.5859702825546265,1278.7442626953125,832
-89.17825317382812,20.324552536010742,-2.137085199356079,1280.2965087890625,833
-89.11946105957031,20.32449722290039,-3.7190194129943848,1281.8795166015625,834
-89.06117248535156,20.324352264404297,-5.331016540527344,1283.4925537109375,835
-89.00276184082031,20.324073791503906,-6.967535495758057,1285.130126953125,836
