66.14508056640625,20.336463928222656,-2.417099714279175,0.0,0
65.27326202392578,20.337690353393555,-1.1650221347808838,1.5256985425949097,1
64.40546417236328,20.338993072509766,0.07771539688110352,3.0414347648620605,2
63.54707717895508,20.340288162231445,1.3092684745788574,4.5426130294799805,3
62.7014045715332,20.341524124145508,2.530336618423462,6.027926445007324,4
61.869136810302734,20.34264373779297,3.7440185546875,7.499553680419922,5
61.0489616394043,20.343612670898438,4.9549241065979,8.962076187133789,6
60.23822021484375,20.344430923461914,6.1679277420043945,10.421069145202637,7
59.4339599609375,20.3450984954834,7.387058258056641,11.881579399108887,8
58.63341522216797,20.345623016357422,8.614832878112793,13.347280502319336,9
57.83451843261719,20.346044540405273,9.852150917053223,14.82009506225586,10
57.0359001159668,20.346370697021484,11.098613739013672,16.300447463989258,11
56.236751556396484,20.346637725830078,12.353041648864746,17.787796020507812,12
55.43666076660156,20.346860885620117,13.613997459411621,19.281160354614258,13
54.635475158691406,20.347057342529297,14.880132675170898,20.779481887817383,14
53.83314895629883,20.347225189208984,16.150390625,22.28190040588379,15
53.02975845336914,20.347383499145508,17.424057006835938,23.787765502929688,16
52.225440979003906,20.347515106201172,18.70073127746582,25.296669006347656,17
51.420406341552734,20.347627639770508,19.98025131225586,26.808366775512695,18
50.61494064331055,20.347705841064453,21.262632369995117,28.32271957397461,19
49.80938720703125,20.347745895385742,22.547996520996094,29.839643478393555,20
49.00419998168945,20.34772300720215,23.83656883239746,31.359092712402344,21
48.19987869262695,20.347637176513672,25.128620147705078,32.88103485107422,22
47.39705276489258,20.34746551513672,26.424484252929688,34.405426025390625,23
46.59636688232422,20.347187042236328,27.72452735900879,35.9322509765625,24
44.17395782470703,20.345178604125977,31.74430274963379,40.625484466552734,25
43.412628173828125,20.344419479370117,33.03935241699219,42.12776184082031,26
42.6545295715332,20.343585968017578,34.338924407958984,43.63228225708008,27
41.898475646972656,20.34244155883789,35.642276763916016,45.13904571533203,28
41.143165588378906,20.340917587280273,36.94861602783203,46.64801788330078,29
40.38739013671875,20.339263916015625,38.25724411010742,48.15920639038086,30
39.629859924316406,20.33776092529297,39.56739044189453,49.672584533691406,31
38.86935043334961,20.336456298828125,40.8783073425293,51.1881217956543,32
38.10490036010742,20.335004806518555,42.189414978027344,52.705810546875,33
37.33583068847656,20.333093643188477,43.500244140625,54.225589752197266,34
36.5616340637207,20.330934524536133,44.81049728393555,55.747474670410156,35
35.78190612792969,20.328853607177734,46.11992645263672,57.27146911621094,36
34.99641799926758,20.32687759399414,47.42831039428711,58.79752731323242,37
34.205013275146484,20.324962615966797,48.735496520996094,60.32561111450195,38
33.40768814086914,20.32332992553711,50.041465759277344,61.8557243347168,39
32.604671478271484,20.322219848632812,51.34636688232422,63.387908935546875,40
31.79642105102539,20.321500778198242,52.65043258666992,64.92213439941406,41
30.98355484008789,20.320920944213867,53.95399475097656,66.45836639404297,42
30.166851043701172,20.320417404174805,55.25755310058594,67.99662780761719,43
29.347244262695312,20.319978713989258,56.56167221069336,69.53690338134766,44
28.525732040405273,20.319602966308594,57.866920471191406,71.07915496826172,45
27.70319175720215,20.31937026977539,59.173828125,72.62335968017578,46
26.88033676147461,20.319303512573242,60.48282241821289,74.16949462890625,47
26.057769775390625,20.319263458251953,61.79425048828125,75.71753692626953,48
25.23590087890625,20.319185256958008,63.108314514160156,77.26744079589844,49
24.414968490600586,20.319133758544922,64.42516326904297,78.81920623779297,50
23.595069885253906,20.31910514831543,65.74482727050781,80.37281799316406,51
22.776025772094727,20.319093704223633,67.06714630126953,81.92823028564453,52
21.957246780395508,20.31916618347168,68.39173126220703,83.48543548583984,53
21.138038635253906,20.31935691833496,69.7181625366211,85.04444122314453,54
20.317808151245117,20.319625854492188,71.0459976196289,86.60517883300781,55
19.49597930908203,20.320035934448242,72.3748779296875,88.16764068603516,56
18.672290802001953,20.320640563964844,73.70462036132812,89.7318115234375,57
17.846601486206055,20.32124137878418,75.03510284423828,91.29766845703125,58
17.018983840942383,20.321598052978516,76.36632537841797,92.86518096923828,59
16.189722061157227,20.321683883666992,77.69847106933594,94.43434143066406,60
15.359155654907227,20.321483612060547,79.03173065185547,96.00513458251953,61
14.52757740020752,20.32099723815918,80.36624908447266,97.57752990722656,62
13.695183753967285,20.3204345703125,81.7021255493164,99.15150451660156,63
12.86208724975586,20.319913864135742,83.03945922851562,100.72709655761719,64
12.02834415435791,20.319377899169922,84.37822723388672,102.30425262451172,65
11.194064140319824,20.318775177001953,85.71849822998047,103.88296508789062,66
10.359553337097168,20.31810760498047,87.06047058105469,105.46324157714844,67
9.525189399719238,20.31739044189453,88.40435791015625,107.0450668334961,68
8.691357612609863,20.316640853881836,89.75038146972656,108.62842559814453,69
7.858476638793945,20.315876007080078,91.09877014160156,110.21330261230469,70
7.0269646644592285,20.315149307250977,92.44977569580078,111.7996826171875,71
6.197132587432861,20.314462661743164,93.80357360839844,113.38755798339844,72
5.369085788726807,20.313753128051758,95.16020202636719,114.97691345214844,73
4.542539119720459,20.313066482543945,96.51947021484375,116.5677490234375,74
3.716857433319092,20.312557220458984,97.8810043334961,118.16007995605469,75
2.891188383102417,20.312129974365234,99.24425506591797,119.75387573242188,76
2.0653676986694336,20.31177520751953,100.60742950439453,121.3476791381836,77
1.2451896667480469,20.311744689941406,101.95911407470703,122.92872619628906,78
0.4383249878883362,20.311904907226562,103.2852783203125,124.48104858398438,79
-0.3543362021446228,20.311765670776367,104.5823974609375,126.00118255615234,80
-1.1868207454681396,20.31134796142578,105.93289184570312,127.587646484375,81
-2.009671926498413,20.311527252197266,107.24707794189453,129.13818359375,82
-2.822768211364746,20.312541961669922,108.51808166503906,130.6470184326172,83
-3.6765644550323486,20.31431007385254,109.81610870361328,132.20068359375,84
-4.531317710876465,20.31692123413086,111.06797790527344,133.716552734375,85
-5.439812183380127,20.320932388305664,112.3409423828125,135.28048706054688,86
-6.354123592376709,20.326059341430664,113.55806732177734,136.8028106689453,87
-7.320339202880859,20.331382751464844,114.77706909179688,138.3583526611328,88
-8.290082931518555,20.33660125732422,115.92920684814453,139.86436462402344,89
-9.32079029083252,20.343339920043945,117.07176971435547,141.40322875976562,90
-10.419581413269043,20.35188102722168,118.19844818115234,142.97711181640625,91
-11.538811683654785,20.359188079833984,119.25499725341797,144.51638793945312,92
-12.680739402770996,20.362228393554688,120.24412536621094,146.02728271484375,93
-13.908273696899414,20.3622989654541,121.20995330810547,147.58937072753906,94
-15.150684356689453,20.360166549682617,122.09223175048828,149.1133575439453,95
-16.463340759277344,20.35362434387207,122.92475128173828,150.66795349121094,96
-17.794355392456055,20.34042739868164,123.6707763671875,152.19406127929688,97
-19.14594268798828,20.324594497680664,124.32427978515625,153.6957244873047,98
-20.5781192779541,20.31180763244629,124.89578247070312,155.23812866210938,99
-22.02751922607422,20.311315536499023,125.34598541259766,156.7562713623047,100
-23.550962448120117,20.32449722290039,125.68701171875,158.31787109375,101
-25.08403778076172,20.33852195739746,125.9128646850586,159.86790466308594,102
-26.618669509887695,20.347381591796875,126.0322265625,161.4075164794922,103
-28.147123336791992,20.3581485748291,126.04535675048828,162.93637084960938,104
-29.668731689453125,20.367258071899414,125.96356201171875,164.46043395996094,105
-31.18779754638672,20.364986419677734,125.80191040039062,165.98825073242188,106
-32.710838317871094,20.35593032836914,125.56896209716797,167.52915954589844,107
-34.24580764770508,20.344379425048828,125.27672576904297,169.09181213378906,108
-35.73833084106445,20.33070945739746,124.96414184570312,170.61680603027344,109
-37.25457763671875,20.316190719604492,124.65643310546875,172.1640625,110
-38.79359817504883,20.309762954711914,124.38445281982422,173.72702026367188,111
-40.283782958984375,20.325233459472656,124.17321014404297,175.23228454589844,112
-41.79806137084961,20.34365463256836,124.00914001464844,176.755615234375,113
-43.32714080810547,20.341882705688477,123.88887786865234,178.28952026367188,114
-44.85517120361328,20.32413101196289,123.82652282714844,179.81907653808594,115
-46.367427825927734,20.30710220336914,123.84294128417969,181.331787109375,116
-47.926692962646484,20.310447692871094,123.96762084960938,182.89637756347656,117
-49.4156494140625,20.336835861206055,124.196533203125,184.4033203125,118
-50.89769744873047,20.355175018310547,124.49168395996094,185.9147186279297,119
-52.37538528442383,20.355419158935547,124.84439849853516,187.43406677246094,120
-53.83994674682617,20.358469009399414,125.27240753173828,188.96005249023438,121
-55.283267974853516,20.364416122436523,125.76537322998047,190.4853973388672,122
-56.707645416259766,20.364023208618164,126.3224105834961,192.0149688720703,123
-58.11016082763672,20.35831069946289,126.95063781738281,193.55194091796875,124
-59.48275375366211,20.352956771850586,127.65528869628906,195.0950469970703,125
-60.822086334228516,20.349716186523438,128.43748474121094,196.64625549316406,126
-62.12990951538086,20.34796714782715,129.29212951660156,198.20872497558594,127
-63.35641098022461,20.34775733947754,130.171875,199.71823120117188,128
-64.56632995605469,20.348527908325195,131.1033935546875,201.24526977539062,129
-65.77362823486328,20.349672317504883,132.06723022460938,202.79013061523438,130
-66.9978256225586,20.351104736328125,133.03273010253906,204.3492889404297,131
-68.25566864013672,20.3530330657959,133.9681854248047,205.9169464111328,132
-69.49596405029297,20.354618072509766,134.8153076171875,207.41908264160156,133
-70.77798461914062,20.355051040649414,135.6084747314453,208.92678833007812,134
-72.1014633178711,20.35490608215332,136.3404541015625,210.4393768310547,135
-73.46419525146484,20.35502815246582,137.00575256347656,211.95603942871094,136
-74.86317443847656,20.35625457763672,137.59933471679688,213.4759521484375,137
-76.29415893554688,20.35784912109375,138.11846923828125,214.9984130859375,138
-77.7518310546875,20.358335494995117,138.5615997314453,216.5221710205078,139
-79.23021697998047,20.35787010192871,138.9254608154297,218.04490661621094,140
-80.72320556640625,20.357952117919922,139.20652770996094,219.56434631347656,141
-82.22526550292969,20.359092712402344,139.40345764160156,221.07949829101562,142
-83.73158264160156,20.360034942626953,139.51708984375,222.59031677246094,143
-85.23751068115234,20.360013961791992,139.54798889160156,224.0968017578125,144
-86.73797607421875,20.36008071899414,139.4952392578125,225.59844970703125,145
-88.28650665283203,20.360904693603516,139.351318359375,227.15390014648438,146
-89.79939270019531,20.361915588378906,139.1202392578125,228.68458557128906,147
-91.27806854248047,20.36297607421875,138.80345153808594,230.19708251953125,148
-92.72801208496094,20.3638858795166,138.40170288085938,231.70193481445312,149
-94.14946746826172,20.36351776123047,137.91763305664062,233.20382690429688,150
-95.599853515625,20.362689971923828,137.32537841796875,234.770751953125,151
-97.0065689086914,20.362457275390625,136.64694213867188,236.3328094482422,152
-98.36559295654297,20.362812042236328,135.88470458984375,237.8912811279297,153
-99.67588806152344,20.36320686340332,135.04153442382812,239.44970703125,154
-100.93441009521484,20.36324119567871,134.1199188232422,241.0098876953125,155
-102.1360855102539,20.362916946411133,133.1220703125,242.57212829589844,156
-103.27765655517578,20.36257553100586,132.05055236816406,244.1380615234375,157
-104.31285095214844,20.362531661987305,130.95938110351562,245.6424102783203,158
-105.29246520996094,20.362485885620117,129.8060302734375,247.15585327148438,159
-106.2166976928711,20.362077713012695,128.59400939941406,248.6802520751953,160
-107.0872573852539,20.361465454101562,127.3287582397461,250.21624755859375,161
-107.9059066772461,20.361074447631836,126.01630401611328,251.76324462890625,162
-108.67311096191406,20.36104965209961,124.66160583496094,253.3202362060547,163
-109.38804626464844,20.361175537109375,123.26801300048828,254.8866424560547,164
-110.01937103271484,20.3612003326416,121.9033203125,256.3904113769531,165
-110.59761810302734,20.36112403869629,120.50642395019531,257.90240478515625,166
-111.12004089355469,20.361101150512695,119.07897186279297,259.4225769042969,167
-111.5846939086914,20.36102294921875,117.62295532226562,260.9510498046875,168
-111.99034118652344,20.360811233520508,116.14063262939453,262.4880065917969,169
-112.33634185791016,20.360605239868164,114.63439178466797,264.0335998535156,170
-112.62262725830078,20.360462188720703,113.10670471191406,265.5880126953125,171
-112.84961700439453,20.360309600830078,111.56005096435547,267.1513366699219,172
-113.0184326171875,20.360076904296875,109.99673461914062,268.7238464355469,173
-113.12686157226562,20.359745025634766,108.4942626953125,270.2303161621094,174
-113.18577575683594,20.35943031311035,106.98017883300781,271.7456359863281,175
-113.19617462158203,20.359220504760742,105.4560775756836,273.26983642578125,176
-113.15910339355469,20.359067916870117,103.92343139648438,274.8030090332031,177
-113.07553100585938,20.358896255493164,102.38372039794922,276.3450622558594,178
-112.94632720947266,20.35865592956543,100.83838653564453,277.8958435058594,179
-112.77207946777344,20.358407974243164,99.28880310058594,279.45526123046875,180
-112.55339813232422,20.35824966430664,97.7362289428711,281.0232238769531,181
-112.29131317138672,20.358135223388672,96.18155670166016,282.5998840332031,182
-112.00349426269531,20.357973098754883,94.70327758789062,284.10595703125,183
-111.67932891845703,20.357742309570312,93.22420501708984,285.62017822265625,184
-111.32056427001953,20.357276916503906,91.74479675292969,287.1424865722656,185
-110.92877960205078,20.356342315673828,90.26526641845703,288.67303466796875,186
-110.50498962402344,20.35526466369629,88.78606414794922,290.2117614746094,187
-110.0500717163086,20.354074478149414,87.3077392578125,291.7585144042969,188
-109.56475067138672,20.352266311645508,85.8309326171875,293.31304931640625,189
-109.04904174804688,20.3499755859375,84.3564224243164,294.87518310546875,190
-108.50251770019531,20.347932815551758,82.88488006591797,296.4449768066406,191
-107.92517852783203,20.346105575561523,81.41706848144531,298.02227783203125,192
-107.35002136230469,20.344087600708008,80.030517578125,299.5234069824219,193
-106.7476806640625,20.341337203979492,78.6482162475586,301.0312805175781,194
-106.11849212646484,20.33727264404297,77.27062225341797,302.5457763671875,195
-105.46305084228516,20.332256317138672,75.89801788330078,304.0668640136719,196
-104.78240966796875,20.327707290649414,74.53008270263672,305.5948181152344,197
-104.07849884033203,20.32444953918457,73.16609954833984,307.1297607421875,198
-103.35358428955078,20.322275161743164,71.80525207519531,308.6716613769531,199
-102.61027526855469,20.32058334350586,70.44642639160156,310.22052001953125,200
-101.85128784179688,20.318674087524414,69.08851623535156,311.7761535644531,201
-101.07849884033203,20.316377639770508,67.73078155517578,313.3384094238281,202
-100.29273986816406,20.314634323120117,66.3729476928711,314.9072265625,203
-99.49480438232422,20.31437873840332,65.01471710205078,316.4825134277344,204
-98.6856689453125,20.315095901489258,63.65571975708008,318.06414794921875,205
-97.8661880493164,20.3145809173584,62.29557800292969,319.6520690917969,206
-97.08361053466797,20.311792373657227,61.00970458984375,321.1573486328125,207
-96.2935791015625,20.308238983154297,59.721866607666016,322.668212890625,208
-95.49755096435547,20.305662155151367,58.43120574951172,324.18463134765625,209
-94.69728088378906,20.304092407226562,57.13692855834961,325.7063293457031,210
-93.89421081542969,20.30352783203125,55.83835220336914,327.233154296875,211
-93.08879852294922,20.305387496948242,54.53507614135742,328.7652282714844,212
-92.280517578125,20.30952262878418,53.22734832763672,330.3025817871094,213
-91.46846008300781,20.312278747558594,51.916175842285156,331.8448486328125,214
-90.65130615234375,20.3110294342041,50.602760314941406,333.3917236328125,215
-89.82716369628906,20.307762145996094,49.2880744934082,334.943359375,216
-88.99435424804688,20.30610466003418,47.97304916381836,336.4999084472656,217
-88.15208435058594,20.30694007873535,46.658565521240234,338.06109619140625,218
-87.30033874511719,20.308290481567383,45.34489440917969,339.6267395019531,219
-86.43917083740234,20.308332443237305,44.032066345214844,341.1968078613281,220
-85.56959533691406,20.307432174682617,42.72260665893555,342.7687072753906,221
-84.70222473144531,20.307140350341797,41.433937072753906,344.32208251953125,222
-83.84635162353516,20.30888557434082,40.1818733215332,345.8387145996094,223
-82.95313262939453,20.31319236755371,38.89925765991211,347.4017028808594,224
-82.07197570800781,20.319040298461914,37.66192626953125,348.9207458496094,225
-81.14993286132812,20.325305938720703,36.40604782104492,350.4787902832031,226
-80.23152160644531,20.33047103881836,35.204742431640625,351.9909973144531,227
-79.2693099975586,20.334774017333984,34.005584716796875,353.5285339355469,228
-78.25495147705078,20.340049743652344,32.81454086303711,355.0930480957031,229
-77.23133850097656,20.3472900390625,31.69140625,356.6127624511719,230
-76.14567565917969,20.355348587036133,30.590333938598633,358.1591796875,231
-74.99948120117188,20.360830307006836,29.52643394470215,359.7231750488281,232
-73.85040283203125,20.362102508544922,28.557241439819336,361.2265625,233
-72.64314270019531,20.36286163330078,27.64975929260254,362.7370910644531,234
-71.37354278564453,20.363197326660156,26.81819725036621,364.25506591796875,235
-70.04386901855469,20.360139846801758,26.074541091918945,365.7789001464844,236
-68.65959930419922,20.354520797729492,25.4312686920166,367.3057556152344,237
-67.22126007080078,20.35076141357422,24.906597137451172,368.8373107910156,238
-65.72962951660156,20.348154067993164,24.5137939453125,370.3803405761719,239
-64.24446868896484,20.347370147705078,24.274839401245117,371.8852233886719,240
-62.722015380859375,20.346527099609375,24.183353424072266,373.4110412597656,241
-61.22008514404297,20.34408950805664,24.24458885192871,374.9148864746094,242
-59.69176483154297,20.343191146850586,24.465167999267578,376.45965576171875,243
-58.1946907043457,20.342681884765625,24.83213996887207,378.0015869140625,244
-56.738216400146484,20.341724395751953,25.331867218017578,379.54193115234375,245
-55.3374137878418,20.34502410888672,25.962080001831055,381.0785217285156,246
-53.998287200927734,20.350929260253906,26.722322463989258,382.6189270019531,247
-52.7657585144043,20.35323715209961,27.577533721923828,384.11962890625,248
-51.605125427246094,20.35567855834961,28.548748016357422,385.63348388671875,249
-50.51700210571289,20.358837127685547,29.631088256835938,387.16864013671875,250
-49.5325927734375,20.359535217285156,30.77625846862793,388.67913818359375,251
-48.61802291870117,20.36008071899414,32.01188278198242,390.2167053222656,252
-47.802024841308594,20.362178802490234,33.283409118652344,391.7278137207031,253
-47.05435562133789,20.364091873168945,34.62375259399414,393.2628173828125,254
-46.382450103759766,20.36464500427246,36.02606964111328,394.8180236816406,255
-45.81607437133789,20.364107131958008,37.43230056762695,396.33428955078125,256
-45.33855438232422,20.36351203918457,38.887874603271484,397.8664855957031,257
-44.95482635498047,20.363279342651367,40.39017868041992,399.41729736328125,258
-44.67619323730469,20.36262321472168,41.877376556396484,400.9306335449219,259
-44.48832321166992,20.361242294311523,43.39976119995117,402.4648132324219,260
-44.39164352416992,20.35804557800293,44.95165252685547,404.0199279785156,261
-44.38666915893555,20.355464935302734,46.46799850463867,405.5364685058594,262
-44.4659423828125,20.354263305664062,48.003326416015625,407.0740051269531,263
-44.624717712402344,20.352815628051758,49.55299758911133,408.6319274902344,264
-44.847957611083984,20.34943199157715,51.05073547363281,410.1463317871094,265
-45.13877487182617,20.34432601928711,52.5546875,411.6782531738281,266
-45.49864196777344,20.339874267578125,54.06111145019531,413.2271728515625,267
-45.90956115722656,20.33656120300293,55.50386428833008,414.7274169921875,268
-46.38492202758789,20.332595825195312,56.942630767822266,416.2427978515625,269
-46.92520523071289,20.328248977661133,58.37403869628906,417.77288818359375,270
-47.53080749511719,20.324649810791016,59.794769287109375,419.3174133300781,271
-48.200504302978516,20.320478439331055,61.201725006103516,420.875732421875,272
-48.901023864746094,20.31593894958496,62.53141403198242,422.3787841796875,273
-49.65580368041992,20.313329696655273,63.831172943115234,423.88189697265625,274
-50.49583435058594,20.313753128051758,65.14554595947266,425.44189453125,275
-51.38890838623047,20.316667556762695,66.42034912109375,426.9985046386719,276
-52.30037307739258,20.321191787719727,67.61511993408203,428.5013427734375,277
-53.26885223388672,20.32672119140625,68.7852783203125,430.0203857421875,278
-54.290409088134766,20.332252502441406,69.92845916748047,431.5535888671875,279
-55.35990524291992,20.337900161743164,71.0445785522461,433.0994873046875,280
-56.472999572753906,20.3453369140625,72.13603210449219,434.6584777832031,281
-57.57086944580078,20.353771209716797,73.16085815429688,436.1603698730469,282
-58.694461822509766,20.359952926635742,74.17901611328125,437.6766662597656,283
-59.83308410644531,20.36136817932129,75.20148468017578,439.2070007324219,284
-60.97660827636719,20.360010147094727,76.23734283447266,440.74993896484375,285
-62.11674118041992,20.359649658203125,77.29415130615234,442.3045349121094,286
-63.24657440185547,20.35995864868164,78.3791732788086,443.87103271484375,287
-64.30760192871094,20.356821060180664,79.44242095947266,445.3731689453125,288
-65.3464584350586,20.34990692138672,80.53376770019531,446.87994384765625,289
-66.38788604736328,20.341463088989258,81.6865234375,448.43353271484375,290
-67.36131286621094,20.335731506347656,82.8294906616211,449.9349060058594,291
-68.3059310913086,20.334318161010742,84.0159912109375,451.45159912109375,292
-69.20884704589844,20.333436965942383,85.24292755126953,452.9750671386719,293
-70.0518798828125,20.33230972290039,86.50617218017578,454.4939270019531,294
-70.82295227050781,20.333192825317383,87.8043441772461,456.0040283203125,295
-71.51079559326172,20.336776733398438,89.13756561279297,457.5044860839844,296
-72.12491607666016,20.342866897583008,90.55394744873047,459.048583984375,297
-72.62484741210938,20.350862503051758,91.98682403564453,460.56658935546875,298
-72.9944076538086,20.361312866210938,93.44557189941406,462.07196044921875,299
-73.22654724121094,20.36977767944336,94.93434143066406,463.57928466796875,300
-73.32743072509766,20.365127563476562,96.46915435791016,465.1180114746094,301
-73.26494598388672,20.359914779663086,97.97274017333984,466.62371826171875,302
-73.02427673339844,20.351181030273438,99.48439025878906,468.15533447265625,303
-72.60124969482422,20.33812141418457,100.93647003173828,469.6689758300781,304
-71.97010040283203,20.326095581054688,102.33740997314453,471.2069091796875,305
-71.13636779785156,20.31934356689453,103.62879180908203,472.7454833984375,306
-70.13404846191406,20.320449829101562,104.7662124633789,474.26312255859375,307
-68.96001434326172,20.32513999938965,105.71874237060547,475.7766418457031,308
-67.65438842773438,20.323673248291016,106.47025299072266,477.2845764160156,309
-66.2320556640625,20.326629638671875,107.03268432617188,478.81500244140625,310
-64.77214050292969,20.335214614868164,107.45671081542969,480.3356628417969,311
-63.282493591308594,20.352811813354492,107.79418182373047,481.8634033203125,312
-61.768062591552734,20.368080139160156,108.0442886352539,483.3986511230469,313
-60.24433898925781,20.366443634033203,108.20323944091797,484.930908203125,314
-58.71792221069336,20.358951568603516,108.2633285522461,486.45880126953125,315
-57.1982421875,20.34247589111328,108.22803497314453,487.979248046875,316
-55.695220947265625,20.322555541992188,108.09882354736328,489.4881896972656,317
-54.1653938293457,20.30683708190918,107.87389373779297,491.0347595214844,318
-52.666324615478516,20.298229217529297,107.56620788574219,492.5653076171875,319
-51.20320510864258,20.30898094177246,107.18431091308594,494.07763671875,320
-49.72693634033203,20.329544067382812,106.73814392089844,495.62005615234375,321
-48.26472473144531,20.33035659790039,106.26146697998047,497.1580505371094,322
-46.81568908691406,20.32516098022461,105.74195098876953,498.6974792480469,323
-45.40839767456055,20.331371307373047,105.17562866210938,500.2145690917969,324
-43.99374008178711,20.33321762084961,104.53643798828125,501.76702880859375,325
-42.63206100463867,20.325376510620117,103.86060333251953,503.28729248046875,326
-41.273643493652344,20.317461013793945,103.13040161132812,504.82958984375,327
-39.967857360839844,20.298765182495117,102.39193725585938,506.3298645019531,328
-38.671993255615234,20.280315399169922,101.62068939208984,507.83807373046875,329
-37.38408279418945,20.29545783996582,100.78050231933594,509.3760070800781,330
-36.1123046875,20.320344924926758,99.8783950805664,510.9355163574219,331
-34.89318084716797,20.341073989868164,98.96957397460938,512.456298828125,332
-33.66282653808594,20.349994659423828,98.03375244140625,514.0021362304688,333
-32.411842346191406,20.350191116333008,97.09468841552734,515.5663452148438,334
-31.18532371520996,20.35308074951172,96.20259094238281,517.0830078125,335
-29.92844009399414,20.357933044433594,95.32036590576172,518.61865234375,336
-28.64320945739746,20.356937408447266,94.44766998291016,520.1721801757812,337
-27.389509201049805,20.355308532714844,93.62025451660156,521.67431640625,338
-26.115455627441406,20.359394073486328,92.79420471191406,523.1927490234375,339
-24.827043533325195,20.36435317993164,91.96341705322266,524.7257690429688,340
-23.527694702148438,20.36518669128418,91.1229248046875,526.2732543945312,341
-22.229318618774414,20.36293601989746,90.27375030517578,527.8246459960938,342
-20.944480895996094,20.360322952270508,89.4169921875,529.3689575195312,343
-19.672882080078125,20.360647201538086,88.54452514648438,530.9110717773438,344
-18.403945922851562,20.36286735534668,87.6424331665039,532.468017578125,345
-17.195688247680664,20.360395431518555,86.7497787475586,533.9702758789062,346
-15.996478080749512,20.356164932250977,85.82456970214844,535.4849243164062,347
-14.807707786560059,20.3548526763916,84.86528778076172,537.0125122070312,348
-13.629904747009277,20.348491668701172,83.87521362304688,538.5512084960938,349
-12.467409133911133,20.339054107666016,82.85236358642578,540.0997314453125,350
-11.324387550354004,20.340778350830078,81.78821563720703,541.6614990234375,351
-10.201422691345215,20.3459529876709,80.68487548828125,543.23583984375,352
-9.151833534240723,20.339887619018555,79.60332489013672,544.7429809570312,353
-8.12899398803711,20.3297119140625,78.48701477050781,546.2571411132812,354
-7.14007568359375,20.32623291015625,77.33139038085938,547.7781982421875,355
-6.187765598297119,20.327861785888672,76.1365966796875,549.30615234375,356
-5.273657321929932,20.327768325805664,74.90431213378906,550.8405151367188,357
-4.402580261230469,20.3256778717041,73.63702392578125,552.3783569335938,358
-3.5864598751068115,20.32533836364746,72.35273742675781,553.9000854492188,359
-2.7971129417419434,20.326852798461914,71.01060485839844,555.4572143554688,360
-2.073148250579834,20.328914642333984,69.67169952392578,556.9793701171875,361
-1.4111132621765137,20.332965850830078,68.32418823242188,558.4808349609375,362
-0.7846771478652954,20.339075088500977,66.89736938476562,560.0392456054688,363
-0.22576653957366943,20.345849990844727,65.4501953125,561.5907592773438,364
0.26586437225341797,20.353588104248047,63.984161376953125,563.1371459960938,365
0.6917780637741089,20.360774993896484,62.50360870361328,564.6778564453125,366
1.053368330001831,20.3637752532959,61.01168441772461,566.2130737304688,367
1.3466075658798218,20.36219024658203,59.51077651977539,567.7424926757812,368
1.5630738735198975,20.35776138305664,58.0068473815918,569.2620849609375,369
1.699730396270752,20.34874725341797,56.50668716430664,570.7686767578125,370
1.7596532106399536,20.331708908081055,54.94819641113281,572.32861328125,371
1.7296311855316162,20.312362670898438,53.40500259399414,573.8724975585938,372
1.594834804534912,20.32175636291504,51.888919830322266,575.3948364257812,373
1.3791004419326782,20.341455459594727,50.396236419677734,576.9033203125,374
1.1061973571777344,20.345962524414062,48.92106628417969,578.4036254882812,375
0.7626139521598816,20.327869415283203,47.403385162353516,579.9599609375,376
0.32786113023757935,20.312515258789062,45.91679000854492,581.5092163085938,377
-0.21732953190803528,20.319984436035156,44.48365020751953,583.0430297851562,378
-0.8872406482696533,20.355541229248047,43.103694915771484,584.5777587890625,379
-1.6276915073394775,20.381906509399414,41.76094055175781,586.1114501953125,380
-2.4068973064422607,20.372467041015625,40.438419342041016,587.6465454101562,381
-3.2458462715148926,20.3514347076416,39.13581848144531,589.1962280273438,382
-4.134160041809082,20.353254318237305,37.91503143310547,590.7061157226562,383
-5.0786895751953125,20.35297966003418,36.71305465698242,592.23486328125,384
-6.061767578125,20.33124542236328,35.51573944091797,593.7842407226562,385
-7.075850009918213,20.309322357177734,34.32042694091797,595.3519287109375,386
-8.067502975463867,20.309307098388672,33.17356872558594,596.8680419921875,387
-9.075474739074707,20.317659378051758,32.02094268798828,598.3992309570312,388
-10.09306526184082,20.321617126464844,30.856958389282227,599.9453125,389
-11.114372253417969,20.327682495117188,29.673873901367188,601.5082397460938,390
-12.088412284851074,20.33717155456543,28.526142120361328,603.0136108398438,391
-13.060419082641602,20.346324920654297,27.361083984375,604.5309448242188,392
-14.029525756835938,20.353281021118164,26.176681518554688,606.061279296875,393
-14.993241310119629,20.356502532958984,24.970579147338867,607.6051025390625,394
-15.948331832885742,20.356760025024414,23.74217987060547,609.1611328125,395
-16.894763946533203,20.358694076538086,22.490966796875,610.72998046875,396
-17.789222717285156,20.36210060119629,21.27960968017578,612.2357788085938,397
-18.676166534423828,20.36397361755371,20.04930877685547,613.75244140625,398
-19.55289649963379,20.361154556274414,18.79844856262207,615.2799682617188,399
-20.41699981689453,20.35182762145996,17.526283264160156,616.81787109375,400
-21.266637802124023,20.339113235473633,16.23232650756836,618.3659057617188,401
-22.099824905395508,20.329164505004883,14.915568351745605,619.9241943359375,402
-22.914127349853516,20.32504653930664,13.575369834899902,621.4923706054688,403
-23.70841407775879,20.323680877685547,12.21170711517334,623.0704956054688,404
-24.44394874572754,20.320714950561523,10.89538860321045,624.578369140625,405
-25.15919303894043,20.316524505615234,9.558835983276367,626.0942993164062,406
-25.8514347076416,20.314247131347656,8.20139217376709,627.6181030273438,407
-26.516454696655273,20.314069747924805,6.824892520904541,629.1468505859375,408
-27.14566421508789,20.313644409179688,5.43994665145874,630.6680297851562,409
-27.735485076904297,20.311677932739258,4.047237396240234,632.1805419921875,410
-28.283554077148438,20.30795669555664,2.64363169670105,633.6873779296875,411
-28.786670684814453,20.30670166015625,1.2210166454315186,635.1964111328125,412
-29.237205505371094,20.311670303344727,-0.22421255707740784,636.7103271484375,413
-29.630414962768555,20.321626663208008,-1.6914236545562744,638.2294311523438,414
-29.969970703125,20.33026695251465,-3.1777560710906982,639.754150390625,415
-30.257734298706055,20.335859298706055,-4.681070327758789,641.2848510742188,416
-30.49490737915039,20.341480255126953,-6.199416637420654,642.8216552734375,417
-30.68435287475586,20.34998321533203,-7.731692314147949,644.3656616210938,418
-30.831357955932617,20.35867691040039,-9.276491165161133,645.91748046875,419
-30.940744400024414,20.362346649169922,-10.831788063049316,647.4766235351562,420
-31.01081085205078,20.36075782775879,-12.394780158996582,649.0411987304688,421
-31.034465789794922,20.357351303100586,-13.962831497192383,650.6094970703125,422
-31.007535934448242,20.352157592773438,-15.533933639526367,652.180908203125,423
-30.928089141845703,20.34263801574707,-17.105995178222656,653.7550659179688,424
-30.788076400756836,20.33175277709961,-18.67535400390625,655.330810546875,425
-30.57815933227539,20.32468605041504,-20.238962173461914,656.9085693359375,426
-30.29682159423828,20.321130752563477,-21.793119430541992,658.4880981445312,427
-29.94765853881836,20.31778907775879,-23.335750579833984,660.0698852539062,428
-29.55670738220215,20.31273078918457,-24.784788131713867,661.5708618164062,429
-29.105871200561523,20.308528900146484,-26.218183517456055,663.0736083984375,430
-28.592559814453125,20.308807373046875,-27.63149642944336,664.577392578125,431
-28.014577865600586,20.315763473510742,-29.021665573120117,666.0830688476562,432
-27.37659454345703,20.325199127197266,-30.387741088867188,667.5908813476562,433
-26.68515968322754,20.3315372467041,-31.72955322265625,669.1004638671875,434
-25.94158363342285,20.334909439086914,-33.04487609863281,670.6115112304688,435
-25.144330978393555,20.339832305908203,-34.33100891113281,672.1248168945312,436
-24.29560089111328,20.34804916381836,-35.5875129699707,673.6412353515625,437
-23.40005874633789,20.356801986694336,-36.8160400390625,675.16162109375,438
-22.461938858032227,20.36147117614746,-38.017906188964844,676.6863403320312,439
-21.482328414916992,20.361324310302734,-39.191917419433594,678.2154541015625,440
-20.461437225341797,20.35872459411621,-40.33662033081055,679.7493286132812,441
-19.402008056640625,20.356353759765625,-41.452545166015625,681.2880859375,442
-18.308361053466797,20.35431480407715,-42.54281234741211,682.8323974609375,443
-17.184555053710938,20.348461151123047,-43.609580993652344,684.3819580078125,444
-16.031063079833984,20.337318420410156,-44.6519889831543,685.936767578125,445
-14.846652030944824,20.32496452331543,-45.666603088378906,687.4963989257812,446
-13.631314277648926,20.31592559814453,-46.65034103393555,689.06005859375,447
-12.386466026306152,20.308917999267578,-47.601558685302734,690.6267700195312,448
-11.111409187316895,20.30569076538086,-48.51634216308594,692.1961059570312,449
-9.802114486694336,20.31536293029785,-49.3886604309082,693.7694702148438,450
-8.461305618286133,20.329933166503906,-50.219635009765625,695.3469848632812,451
-7.098392009735107,20.33066749572754,-51.01994323730469,696.9275512695312,452
-5.713971138000488,20.32015037536621,-51.78939437866211,698.511474609375,453
-4.383032321929932,20.313169479370117,-52.48130798339844,700.0115966796875,454
-3.029721260070801,20.31377601623535,-53.13611602783203,701.5150146484375,455
-1.6563942432403564,20.317419052124023,-53.75529861450195,703.021484375,456
-0.2649778723716736,20.31871223449707,-54.342037200927734,704.5315551757812,457
1.1436119079589844,20.316837310791016,-54.89814758300781,706.0459594726562,458
2.5665879249572754,20.306108474731445,-55.430809020996094,707.5654296875,459
3.995772123336792,20.288297653198242,-55.946937561035156,709.0850830078125,460
5.436224460601807,20.28455924987793,-56.44435501098633,710.6090087890625,461
6.892513275146484,20.301395416259766,-56.92068862915039,712.1412963867188,462
8.35858154296875,20.321483612060547,-57.382774353027344,713.6785888671875,463
9.829647064208984,20.329635620117188,-57.843257904052734,715.2200317382812,464
11.30285358428955,20.328022003173828,-58.312889099121094,716.7662963867188,465
12.775603294372559,20.327726364135742,-58.800140380859375,718.3175659179688,466
14.245498657226562,20.334299087524414,-59.308223724365234,719.872802734375,467
15.712093353271484,20.344070434570312,-59.83619689941406,721.4315795898438,468
17.1763973236084,20.3503360748291,-60.382198333740234,722.994384765625,469
18.63962745666504,20.35167694091797,-60.94486618041992,724.5620727539062,470
20.101768493652344,20.351404190063477,-61.52172088623047,726.1339111328125,471
21.554656982421875,20.35199546813965,-62.1060791015625,727.6998901367188,472
22.998525619506836,20.353654861450195,-62.694976806640625,729.2592163085938,473
24.43850326538086,20.355682373046875,-63.28944396972656,730.8170776367188,474
25.885408401489258,20.357027053833008,-63.89424133300781,732.3853149414062,475
27.334030151367188,20.357070922851562,-64.50900268554688,733.958984375,476
28.782127380371094,20.356168746948242,-65.13408660888672,735.5362548828125,477
30.230085372924805,20.35484504699707,-65.76992797851562,737.11767578125,478
31.677684783935547,20.35382652282715,-66.4157943725586,738.7028198242188,479
33.1254997253418,20.3535099029541,-67.07020568847656,740.2916870117188,480
34.57471466064453,20.353544235229492,-67.73106384277344,741.8844604492188,481
35.941162109375,20.352970123291016,-68.35648345947266,743.3872680664062,482
37.31107711791992,20.351381301879883,-68.98281860351562,744.8935546875,483
38.68562698364258,20.349651336669922,-69.60737609863281,746.4033203125,484
40.06572341918945,20.348602294921875,-70.22764587402344,747.9163818359375,485
41.45195388793945,20.348297119140625,-70.8418960571289,749.4326171875,486
42.84450912475586,20.34879493713379,-71.44969940185547,750.9520263671875,487
44.24312210083008,20.34990692138672,-72.05199432373047,752.4747924804688,488
45.646995544433594,20.35056495666504,-72.6505126953125,754.0009155273438,489
47.055171966552734,20.350078582763672,-73.24742126464844,755.5303955078125,490
48.46662521362305,20.348594665527344,-73.84484100341797,757.0630493164062,491
49.88053894042969,20.34665870666504,-74.44469451904297,758.5989379882812,492
51.29603958129883,20.344539642333984,-75.04876708984375,760.137939453125,493
52.71255111694336,20.342571258544922,-75.65840911865234,761.6800537109375,494
54.129817962646484,20.340736389160156,-76.27435302734375,763.2254028320312,495
55.5477294921875,20.338645935058594,-76.89663696289062,764.7738647460938,496
56.9664192199707,20.336244583129883,-77.52487182617188,766.325439453125,497
58.386146545410156,20.333749771118164,-78.1585464477539,767.8801879882812,498
59.807098388671875,20.33119010925293,-78.7969741821289,769.43798828125,499
61.22950744628906,20.328588485717773,-79.4395523071289,770.998779296875,500
62.65357971191406,20.326223373413086,-80.08589172363281,772.5626831054688,501
64.07935333251953,20.324277877807617,-80.73584747314453,774.129638671875,502
65.5067367553711,20.322599411010742,-81.38953399658203,775.6995849609375,503
66.93557739257812,20.321117401123047,-82.04714965820312,777.2725219726562,504
68.36570739746094,20.319759368896484,-82.70901489257812,778.848388671875,505
69.7967758178711,20.317989349365234,-83.3755874633789,780.4270629882812,506
71.2286148071289,20.315874099731445,-84.04729461669922,782.0086059570312,507
72.66096496582031,20.313920974731445,-84.72460174560547,783.593017578125,508
74.0915756225586,20.312442779541016,-85.40711212158203,785.1781005859375,509
75.50294494628906,20.311256408691406,-86.08692169189453,786.74462890625,510
76.87987518310547,20.310075759887695,-86.75695037841797,788.2759399414062,511
78.30306243896484,20.309165954589844,-87.45758819580078,789.8622436523438,512
79.68424987792969,20.3093204498291,-88.14678192138672,791.4058227539062,513
81.0234603881836,20.31057357788086,-88.826171875,792.9075317382812,514
82.3958740234375,20.312246322631836,-89.53697204589844,794.453125,515
83.78764343261719,20.313430786132812,-90.27527618408203,796.0286254882812,516
85.12653350830078,20.31480598449707,-91.00719451904297,797.5545043945312,517
86.4808578491211,20.31757354736328,-91.77389526367188,799.11083984375,518
87.77888488769531,20.32181167602539,-92.5384292602539,800.6173095703125,519
89.07561492919922,20.32666778564453,-93.33712005615234,802.1403198242188,520
90.3595199584961,20.33144187927246,-94.1737289428711,803.6727905273438,521
91.62202453613281,20.337369918823242,-95.05734252929688,805.2138671875,522
92.84850311279297,20.344928741455078,-95.99117279052734,806.7555541992188,523
94.02393341064453,20.354101181030273,-96.98097229003906,808.2924194335938,524
95.13172912597656,20.361740112304688,-98.02399444580078,809.814208984375,525
96.1637954711914,20.365015029907227,-99.1259994506836,811.3243408203125,526
97.13641357421875,20.364116668701172,-100.33182525634766,812.8739624023438,527
97.99127960205078,20.362930297851562,-101.61246490478516,814.414306640625,528
98.71587371826172,20.359161376953125,-102.97734832763672,815.9602661132812,529
99.27798461914062,20.35322380065918,-104.37250518798828,817.4652099609375,530
99.68402862548828,20.347009658813477,-105.83328247070312,818.9822387695312,531
99.91596221923828,20.342866897583008,-107.3468017578125,820.5143432617188,532
99.96501159667969,20.339462280273438,-108.85638427734375,822.025634765625,533
99.83150482177734,20.341354370117188,-110.38470458984375,823.5606689453125,534
99.52497100830078,20.349905014038086,-111.86064147949219,825.0690307617188,535
99.04229736328125,20.359132766723633,-113.31436157226562,826.6016845703125,536
98.3954086303711,20.363914489746094,-114.6927490234375,828.125244140625,537
97.59590911865234,20.364952087402344,-115.9688949584961,829.6321411132812,538
96.62263488769531,20.365346908569336,-117.15744018554688,831.1693725585938,539
95.50225067138672,20.36582374572754,-118.21134948730469,832.7085571289062,540
94.28697967529297,20.365718841552734,-119.1004867553711,834.2152709960938,541
92.95964050292969,20.3660831451416,-119.85548400878906,835.7431030273438,542
91.5716552734375,20.36602210998535,-120.46623992919922,837.2601318359375,543
90.14451599121094,20.36558723449707,-120.9532699584961,838.7685546875,544
88.64984130859375,20.365392684936523,-121.34046173095703,840.3129272460938,545
87.14137268066406,20.365314483642578,-121.61347961425781,841.8462524414062,546
85.62812042236328,20.365379333496094,-121.77143096923828,843.3681030273438,547
84.12213897705078,20.365520477294922,-121.81571197509766,844.8751220703125,548
82.58590698242188,20.3651123046875,-121.7490463256836,846.4131469726562,549
81.07952880859375,20.364973068237305,-121.5757064819336,847.9298095703125,550
79.5598373413086,20.364940643310547,-121.29348754882812,849.4757690429688,551
78.08790588378906,20.36423683166504,-120.91739654541016,850.9953002929688,552
76.61888122558594,20.363525390625,-120.43865203857422,852.5406494140625,553
75.21220397949219,20.36311149597168,-119.87995147705078,854.0545043945312,554
73.82166290283203,20.362510681152344,-119.22661590576172,855.5911254882812,555
72.50357818603516,20.3615779876709,-118.50865173339844,857.09228515625,556
71.21064758300781,20.3592472076416,-117.70506286621094,858.6148071289062,557
69.94730377197266,20.35557746887207,-116.818359375,860.158447265625,558
68.76353454589844,20.353683471679688,-115.88885498046875,861.6636962890625,559
67.60780334472656,20.352642059326172,-114.88884735107422,863.192138671875,560
66.47193908691406,20.348398208618164,-113.82891082763672,864.7457885742188,561
65.3876724243164,20.341999053955078,-112.77039337158203,866.2611083984375,562
64.2924575805664,20.33672523498535,-111.69187927246094,867.7982177734375,563
63.169517517089844,20.332910537719727,-110.6147689819336,869.354248046875,564
62.05532455444336,20.32952880859375,-109.60061645507812,870.8609619140625,565
60.89729309082031,20.32681655883789,-108.61497497558594,872.3817138671875,566
59.69233703613281,20.325716018676758,-107.66573333740234,873.915771484375,567
58.44027328491211,20.32658576965332,-106.76146697998047,875.4603271484375,568
57.15741729736328,20.329341888427734,-105.91851043701172,876.9954833984375,569
55.817054748535156,20.33349609375,-105.12378692626953,878.5538940429688,570
54.487667083740234,20.33988380432129,-104.4273910522461,880.0548706054688,571
53.10773468017578,20.349660873413086,-103.80879974365234,881.5673828125,572
51.66889190673828,20.358753204345703,-103.27912902832031,883.1009521484375,573
50.22629928588867,20.363353729248047,-102.86200714111328,884.6029663085938,574
48.730167388916016,20.364179611206055,-102.54705810546875,886.1322631835938,575
47.24195861816406,20.364486694335938,-102.35428619384766,887.6333618164062,576
45.70908737182617,20.363384246826172,-102.28205871582031,889.1683349609375,577
44.19450378417969,20.359500885009766,-102.33487701416016,890.684326171875,578
42.65679931640625,20.354644775390625,-102.5190200805664,892.2335205078125,579
41.15962600708008,20.34958839416504,-102.83360290527344,893.763916015625,580
39.71360778808594,20.344406127929688,-103.27680969238281,895.27685546875,581
38.3238410949707,20.339900970458984,-103.84650421142578,896.7794189453125,582
36.95425033569336,20.334457397460938,-104.56095123291016,898.32470703125,583
35.662620544433594,20.328882217407227,-105.39527893066406,899.8629150390625,584
34.4627571105957,20.324016571044922,-106.34042358398438,901.3909301757812,585
33.37190628051758,20.322771072387695,-107.38799285888672,902.9039916992188,586
32.376983642578125,20.326871871948242,-108.56731414794922,904.4476318359375,587
31.527711868286133,20.3323917388916,-109.82868194580078,905.968994140625,588
30.808732986450195,20.33475112915039,-111.19295501708984,907.5119018554688,589
30.25617218017578,20.33653450012207,-112.6078109741211,909.0316772460938,590
29.872173309326172,20.339712142944336,-114.06846618652344,910.5427856445312,591
29.655996322631836,20.34320068359375,-115.56784057617188,912.0584716796875,592
29.603702545166016,20.348236083984375,-117.09716796875,913.58935546875,593
29.702913284301758,20.352886199951172,-118.60015106201172,915.09619140625,594
29.945844650268555,20.357004165649414,-120.11622619628906,916.632080078125,595
30.31166648864746,20.361793518066406,-121.58818054199219,918.1492309570312,596
30.79765510559082,20.364442825317383,-123.06068420410156,919.7001953125,597
31.37543296813965,20.36502456665039,-124.47919464111328,921.2321166992188,598
32.02492904663086,20.363859176635742,-125.84122467041016,922.7412719726562,599
32.75949478149414,20.361207962036133,-127.19286346435547,924.27978515625,600
33.546669006347656,20.354965209960938,-128.48471069335938,925.792724609375,601
34.407920837402344,20.343690872192383,-129.7610321044922,927.3326416015625,602
35.30535888671875,20.33407974243164,-130.9730987548828,928.8409423828125,603
36.26412582397461,20.327939987182617,-132.17066955566406,930.3751220703125,604
37.2376594543457,20.321271896362305,-133.31300354003906,931.8760986328125,605
38.25564956665039,20.312299728393555,-134.44915771484375,933.4016723632812,606
39.3155517578125,20.31084442138672,-135.57785034179688,934.9500732421875,607
40.37351608276367,20.321109771728516,-136.6522674560547,936.4580078125,608
41.468685150146484,20.330106735229492,-137.71900939941406,937.9869384765625,609
42.597747802734375,20.326539993286133,-138.77716064453125,939.534423828125,610
43.7661247253418,20.321271896362305,-139.81666564941406,941.098388671875,611
44.92955017089844,20.323530197143555,-140.78330993652344,942.611083984375,612
46.13814926147461,20.32805824279785,-141.7143096923828,944.1367797851562,613
47.38850402832031,20.324926376342773,-142.6087646484375,945.6742553710938,614
48.67340850830078,20.31366539001465,-143.45933532714844,947.21533203125,615
49.98561096191406,20.307682037353516,-144.24468994140625,948.7448120117188,616
51.32395553588867,20.3192195892334,-144.94464111328125,950.2554321289062,617
52.69257736206055,20.337970733642578,-145.55874633789062,951.755859375,618
54.14841079711914,20.34915542602539,-146.11793518066406,953.315673828125,619
55.62421798706055,20.35487937927246,-146.58535766601562,954.864013671875,620
57.113101959228516,20.362892150878906,-146.95323181152344,956.3980102539062,621
58.612239837646484,20.36660385131836,-147.23170471191406,957.9230346679688,622
60.11941909790039,20.360456466674805,-147.4263153076172,959.4429321289062,623
61.62921142578125,20.34461784362793,-147.54153442382812,960.9573974609375,624
63.13264465332031,20.324247360229492,-147.57350158691406,962.4616088867188,625
64.68260192871094,20.310548782348633,-147.50323486328125,964.0136108398438,626
66.21022033691406,20.31531524658203,-147.31689453125,965.552978515625,627
67.7132339477539,20.330379486083984,-147.02001953125,967.08544921875,628
69.18785095214844,20.341032028198242,-146.62484741210938,968.6124877929688,629
70.6249008178711,20.3486328125,-146.1345672607422,970.1312255859375,630
72.01982879638672,20.359050750732422,-145.5502166748047,971.6439819335938,631
73.37828826904297,20.365083694458008,-144.8775177001953,973.16015625,632
74.69988250732422,20.363649368286133,-144.1193389892578,974.68408203125,633
75.98445892333984,20.36319923400879,-143.2755889892578,976.22119140625,634
77.24449920654297,20.36406135559082,-142.36544799804688,977.775634765625,635
78.48668670654297,20.363258361816406,-141.43975830078125,979.3248901367188,636
79.73228454589844,20.362260818481445,-140.55731201171875,980.8515625,637
81.0010757446289,20.362972259521484,-139.75486755371094,982.3530883789062,638
82.34611511230469,20.363990783691406,-139.0218963623047,983.8851928710938,639
83.71345520019531,20.363061904907227,-138.3990020751953,985.3881225585938,640
85.15025329589844,20.360980987548828,-137.8719940185547,986.9189453125,641
86.60124206542969,20.354162216186523,-137.4607696533203,988.427490234375,642
88.11953735351562,20.338605880737305,-137.1448516845703,989.978759765625,643
89.65228271484375,20.319194793701172,-136.9413299560547,991.5255126953125,644
91.1954345703125,20.30755043029785,-136.8572540283203,993.0714721679688,645
92.74357604980469,20.317338943481445,-136.89430236816406,994.6204833984375,646
94.24480438232422,20.33977699279785,-137.02496337890625,996.1278076171875,647
95.75501251220703,20.35768699645996,-137.21505737304688,997.650146484375,648
97.2823715209961,20.366802215576172,-137.4255828857422,999.1920166015625,649
98.82262420654297,20.362104415893555,-137.6099090576172,1000.7433471679688,650
100.36224365234375,20.340063095092773,-137.7296142578125,1002.2880249023438,651
101.8868637084961,20.313640594482422,-137.74656677246094,1003.8134155273438,652
103.43722534179688,20.310754776000977,-137.6283721923828,1005.368896484375,653
104.9502944946289,20.335830688476562,-137.35821533203125,1006.9066772460938,654
106.43865203857422,20.3593807220459,-136.96817016601562,1008.4458618164062,655
107.90316772460938,20.36147117614746,-136.48779296875,1009.9874877929688,656
109.33493041992188,20.363222122192383,-135.9064483642578,1011.5330810546875,657
110.68573760986328,20.366132736206055,-135.24888610839844,1013.0357666015625,658
112.00444030761719,20.36368179321289,-134.49603271484375,1014.5545654296875,659
113.28292846679688,20.362106323242188,-133.64532470703125,1016.090576171875,660
114.51881408691406,20.36298942565918,-132.69863891601562,1017.647705078125,661
115.6700668334961,20.363204956054688,-131.70193481445312,1019.1707153320312,662
116.7815170288086,20.362773895263672,-130.625244140625,1020.7183837890625,663
117.80956268310547,20.362794876098633,-129.5183868408203,1022.229248046875,664
118.79692840576172,20.36310386657715,-128.34744262695312,1023.7611083984375,665
119.74336242675781,20.363426208496094,-127.1175537109375,1025.3131103515625,666
120.6111831665039,20.36314582824707,-125.88401794433594,1026.821533203125,667
121.4355697631836,20.3606014251709,-124.60064697265625,1028.3470458984375,668
122.21111297607422,20.357070922851562,-123.26838684082031,1029.8887939453125,669
122.93355560302734,20.353059768676758,-121.88766479492188,1031.447265625,670
123.57258605957031,20.346908569335938,-120.5204086303711,1032.9566650390625,671
124.15402221679688,20.339969635009766,-119.11215209960938,1034.48046875,672
124.67396545410156,20.335556030273438,-117.66478729248047,1036.0185546875,673
125.1315689086914,20.33332633972168,-116.18209075927734,1037.5704345703125,674
125.52615356445312,20.33248519897461,-114.66722869873047,1039.135986328125,675
125.8438720703125,20.333059310913086,-113.19096374511719,1040.646240234375,676
126.10246276855469,20.334733963012695,-111.69170379638672,1042.167724609375,677
126.29737854003906,20.3372859954834,-110.18899536132812,1043.68310546875,678
126.42728424072266,20.341569900512695,-108.68950653076172,1045.1883544921875,679
126.49311828613281,20.347415924072266,-107.1854019165039,1046.694091796875,680
126.49444580078125,20.353382110595703,-105.66638946533203,1048.2132568359375,681
126.42892456054688,20.358617782592773,-104.13420867919922,1049.7469482421875,682
126.29798889160156,20.361574172973633,-102.59423065185547,1051.2926025390625,683
126.10301208496094,20.362438201904297,-101.04962158203125,1052.849609375,684
125.84622192382812,20.36151695251465,-99.50218200683594,1054.4183349609375,685
125.54505157470703,20.359386444091797,-98.02449798583984,1055.926513671875,686
125.189208984375,20.354394912719727,-96.54753112792969,1057.44580078125,687
124.77787780761719,20.34377670288086,-95.07493591308594,1058.974853515625,688
124.30690002441406,20.33134651184082,-93.61048126220703,1060.5133056640625,689
123.77411651611328,20.322887420654297,-92.15748596191406,1062.06103515625,690
123.18147277832031,20.317018508911133,-90.71753692626953,1063.6182861328125,691
122.53076934814453,20.309368133544922,-89.29219818115234,1065.185302734375,692
121.85503387451172,20.306659698486328,-87.95083618164062,1066.6873779296875,693
121.12403869628906,20.315465927124023,-86.6261215209961,1068.2005615234375,694
120.3457260131836,20.32539176940918,-85.31722259521484,1069.7235107421875,695
119.53123474121094,20.32613754272461,-84.01921844482422,1071.2559814453125,696
118.68550872802734,20.321569442749023,-82.72832489013672,1072.79931640625,697
117.81077575683594,20.318946838378906,-81.44316864013672,1074.35400390625,698
116.9105224609375,20.318286895751953,-80.16299438476562,1075.9190673828125,699
115.98893737792969,20.315771102905273,-78.88565826416016,1077.494140625,700
115.09616088867188,20.310762405395508,-77.67292022705078,1079.0001220703125,701
114.18756103515625,20.30608558654785,-76.46039581298828,1080.5152587890625,702
113.26338958740234,20.30769920349121,-75.24832153320312,1082.0394287109375,703
112.32649993896484,20.31570816040039,-74.03459167480469,1083.57275390625,704
111.38307189941406,20.322711944580078,-72.81551361083984,1085.1142578125,705
110.43919372558594,20.325220108032227,-71.58653259277344,1086.6639404296875,706
109.5053939819336,20.325525283813477,-70.35111999511719,1088.2125244140625,707
108.58749389648438,20.326871871948242,-69.11244201660156,1089.7542724609375,708
107.68470001220703,20.32993507385254,-67.87001037597656,1091.2900390625,709
106.78965759277344,20.333141326904297,-66.61744689941406,1092.82958984375,710
105.89580535888672,20.335119247436523,-65.35089874267578,1094.3797607421875,711
105.00122833251953,20.335996627807617,-64.07278442382812,1095.9398193359375,712
104.10407257080078,20.336702346801758,-62.786136627197266,1097.5084228515625,713
103.20393371582031,20.33791732788086,-61.49185562133789,1099.0849609375,714
102.34896850585938,20.33976173400879,-60.258338928222656,1100.5858154296875,715
101.49262237548828,20.341962814331055,-59.01677703857422,1102.0941162109375,716
100.63663482666016,20.343830108642578,-57.76582717895508,1103.60986328125,717
99.78271484375,20.34511375427246,-56.504493713378906,1105.133056640625,718
98.93196105957031,20.346128463745117,-55.23236846923828,1106.6634521484375,719
98.08488464355469,20.347217559814453,-53.94947052001953,1108.2008056640625,720
97.24142456054688,20.348358154296875,-52.65601348876953,1109.7449951171875,721
96.40122985839844,20.349075317382812,-51.352333068847656,1111.2960205078125,722
95.56395721435547,20.349227905273438,-50.03865432739258,1112.8538818359375,723
94.72917938232422,20.34922218322754,-48.71534729003906,1114.41845703125,724
93.89643096923828,20.349336624145508,-47.38298034667969,1115.9896240234375,725
93.06535339355469,20.349468231201172,-46.042022705078125,1117.5672607421875,726
92.23585510253906,20.34940528869629,-44.692665100097656,1119.1512451171875,727
91.45393371582031,20.349163055419922,-43.41059112548828,1120.6529541015625,728
90.67304229736328,20.348798751831055,-42.121368408203125,1122.1602783203125,729
89.89169311523438,20.348304748535156,-40.82603073120117,1123.6729736328125,730
89.10832214355469,20.347726821899414,-39.525634765625,1125.1910400390625,731
88.32152557373047,20.34716796875,-38.22111892700195,1126.7144775390625,732
87.53004455566406,20.34656524658203,-36.91334533691406,1128.2430419921875,733
86.73362731933594,20.345855712890625,-35.602569580078125,1129.77685546875,734
85.93269348144531,20.345048904418945,-34.28862762451172,1131.315673828125,735
85.1492919921875,20.34440803527832,-33.00355529785156,1132.8206787109375,736
84.37085723876953,20.343786239624023,-31.72336196899414,1134.3189697265625,737
83.59449005126953,20.343252182006836,-30.44270896911621,1135.8165283203125,738
82.81866455078125,20.342731475830078,-29.15978240966797,1137.3157958984375,739
82.04264831542969,20.342151641845703,-27.874292373657227,1138.8173828125,740
81.26681518554688,20.341630935668945,-26.58673667907715,1140.3206787109375,741
80.49085998535156,20.34109878540039,-25.297487258911133,1141.825439453125,742
79.71473693847656,20.34056282043457,-24.007017135620117,1143.331298828125,743
78.93842315673828,20.340003967285156,-22.715803146362305,1144.837890625,744
78.16182708740234,20.339359283447266,-21.42433738708496,1146.3448486328125,745
77.38545989990234,20.33873748779297,-20.133432388305664,1147.8511962890625,746
76.60926055908203,20.338077545166016,-18.843942642211914,1149.3563232421875,747
75.8332748413086,20.337326049804688,-17.55694580078125,1150.859130859375,748
75.05805969238281,20.336626052856445,-16.273868560791016,1152.358154296875,749
74.28315734863281,20.335918426513672,-14.995999336242676,1153.8526611328125,750
73.50774383544922,20.335180282592773,-13.724413871765137,1155.342041015625,751
72.73063659667969,20.334508895874023,-12.459683418273926,1156.826416015625,752
71.94978332519531,20.33401107788086,-11.201414108276367,1158.3072509765625,753
71.16180419921875,20.33366584777832,-9.948020935058594,1159.7877197265625,754
70.36286163330078,20.333467483520508,-8.696971893310547,1161.2720947265625,755
69.54975128173828,20.33350944519043,-7.445492744445801,1162.7645263671875,756
68.72036743164062,20.33388900756836,-6.191408157348633,1164.26806640625,757
67.87446594238281,20.33453941345215,-4.934049129486084,1165.783447265625,758
67.01427459716797,20.33538246154785,-3.674837112426758,1167.3084716796875,759
