13.831890106201172,0.0730137974023819,-4.580862522125244,0.0,0
15.252715110778809,0.08791226148605347,-5.322616100311279,1.602847933769226,1
16.662885665893555,0.10258650034666061,-6.058117389678955,3.1933529376983643,2
18.05521583557129,0.1169520765542984,-6.783051490783691,4.763155937194824,3
19.42607879638672,0.1309642344713211,-7.4950714111328125,6.307950973510742,4
20.77566146850586,0.14462122321128845,-8.193954467773438,7.827807426452637,5
22.10715103149414,0.15795615315437317,-8.881234169006348,9.326262474060059,6
23.42536163330078,0.1710222363471985,-9.559453964233398,10.808755874633789,7
24.735305786132812,0.1838771104812622,-10.231415748596191,12.281036376953125,8
26.0411376953125,0.19657132029533386,-10.899569511413574,13.747918128967285,9
27.345726013183594,0.20914272964000702,-11.565770149230957,15.212801933288574,10
28.6506404876709,0.22161604464054108,-12.231226921081543,16.677640914916992,11
29.956485748291016,0.23400573432445526,-12.896660804748535,18.14329719543457,12
31.263282775878906,0.2463197410106659,-13.562471389770508,19.60997200012207,13
32.57075119018555,0.2585623860359192,-14.22889518737793,21.07752227783203,14
33.87852096557617,0.2707364857196808,-14.896106719970703,22.545698165893555,15
35.186195373535156,0.28284433484077454,-15.56428050994873,24.01422691345215,16
36.49335861206055,0.29488810896873474,-16.23360824584961,25.482826232910156,17
37.79962158203125,0.3068699836730957,-16.904327392578125,26.951255798339844,18
39.10459518432617,0.3187920153141022,-17.576704025268555,28.419300079345703,19
40.407867431640625,0.330655962228775,-18.251075744628906,29.886747360229492,20
41.709068298339844,0.34246334433555603,-18.927814483642578,31.353445053100586,21
43.00795364379883,0.35421547293663025,-19.60736083984375,32.81938552856445,22
44.304439544677734,0.36591407656669617,-20.290237426757812,34.284751892089844,23
45.59880828857422,0.3775625228881836,-20.977054595947266,35.75008773803711,24
49.542415618896484,0.41287997364997864,-23.113754272460938,40.23545837402344,25
50.871944427490234,0.4247193932533264,-23.849924087524414,41.7552375793457,26
52.197566986083984,0.43591415882110596,-24.589895248413086,43.273433685302734,27
53.52104187011719,0.4469855725765228,-25.333955764770508,44.79175567626953,28
54.8427734375,0.45752495527267456,-26.08267593383789,46.31084442138672,29
56.1622200012207,0.4680098593235016,-26.837034225463867,47.83074188232422,30
57.47922897338867,0.4783211648464203,-27.597026824951172,49.351322174072266,31
58.790992736816406,0.48844340443611145,-28.361114501953125,50.869422912597656,32
60.09101867675781,0.4983171224594116,-29.125690460205078,52.37763595581055,33
61.412723541259766,0.5081737637519836,-29.909624099731445,53.91436004638672,34
62.717105865478516,0.5177172422409058,-30.68801498413086,55.4333610534668,35
64.0061264038086,0.5273228287696838,-31.45806121826172,56.93489074707031,36
65.31712341308594,0.536605715751648,-32.240234375,58.46150588989258,37
66.61384582519531,0.5454416275024414,-33.01166534423828,59.970367431640625,38
67.93262481689453,0.5534877777099609,-33.7923583984375,61.50291442871094,39
69.23847198486328,0.5596979856491089,-34.55943298339844,63.017391204833984,40
70.56913757324219,0.5644159913063049,-35.328712463378906,64.5544204711914,41
71.89070892333984,0.5671660304069519,-36.0767936706543,66.07302856445312,42
73.2042007446289,0.5688744187355042,-36.807167053222656,67.57592010498047,43
74.55050659179688,0.569174587726593,-37.541202545166016,69.10932922363281,44
75.90059661865234,0.5679208636283875,-38.25882339477539,70.6382827758789,45
77.2566909790039,0.5651261210441589,-38.9598503112793,72.16485595703125,46
78.61878967285156,0.5606188178062439,-39.644508361816406,73.68934631347656,47
79.98652648925781,0.5541227459907532,-40.313350677490234,75.21186828613281,48
81.35893249511719,0.5455508828163147,-40.96846389770508,76.7326431274414,49
82.7361068725586,0.5347079038619995,-41.60968017578125,78.25182342529297,50
84.11783599853516,0.52137690782547,-42.23756408691406,79.76957702636719,51
85.50450897216797,0.5055208802223206,-42.85125732421875,81.28605651855469,52
86.89717864990234,0.4870060980319977,-43.44829559326172,82.80142211914062,53
88.29623413085938,0.46538686752319336,-44.027835845947266,84.31591796875,54
89.70160675048828,0.44134360551834106,-44.58967590332031,85.82962799072266,55
91.1135482788086,0.4151213467121124,-45.13254165649414,87.34256744384766,56
92.53298950195312,0.388371080160141,-45.65134811401367,88.8541030883789,57
93.95833587646484,0.3626267910003662,-46.13825225830078,90.36056518554688,58
95.42357635498047,0.33929023146629333,-46.597328186035156,91.89624786376953,59
96.89049530029297,0.32098284363746643,-47.014801025390625,93.42156219482422,60
98.35791015625,0.3091861307621002,-47.38956832885742,94.93617248535156,61
99.8259506225586,0.3045497238636017,-47.712371826171875,96.43936920166016,62
101.33063507080078,0.30707496404647827,-47.97932052612305,97.96765899658203,63
102.83263397216797,0.31525105237960815,-48.17595672607422,99.48262786865234,64
104.32799530029297,0.3278506398200989,-48.29884719848633,100.98323059082031,65
105.85005187988281,0.343212366104126,-48.34638214111328,102.50625610351562,66
107.37122344970703,0.36151549220085144,-48.32054901123047,104.02789306640625,67
108.89257049560547,0.38297638297080994,-48.226993560791016,105.55237579345703,68
110.41275787353516,0.4074081480503082,-48.069889068603516,107.08096313476562,69
111.92950439453125,0.4349523186683655,-47.8471565246582,108.61433410644531,70
113.40470123291016,0.4648023545742035,-47.564945220947266,110.11669158935547,71
114.87632751464844,0.49758103489875793,-47.218379974365234,111.62903594970703,72
116.34628295898438,0.5335857272148132,-46.80711364746094,113.15596008300781,73
117.7781982421875,0.5717381834983826,-46.34213638305664,114.66207122802734,74
119.20330047607422,0.6128398180007935,-45.80979537963867,116.18403625488281,75
120.61624908447266,0.656828761100769,-45.20561218261719,117.72150421142578,76
121.97846221923828,0.7024813890457153,-44.54671859741211,119.23552703857422,77
123.32168579101562,0.750813364982605,-43.818965911865234,120.76412200927734,78
124.60841369628906,0.800439715385437,-43.04354476928711,122.26739501953125,79
125.86846923828125,0.8525151014328003,-42.2014045715332,123.78401184082031,80
127.0947036743164,0.9069792628288269,-41.289329528808594,125.31340026855469,81
128.28109741210938,0.9645048975944519,-40.30647659301758,126.85529327392578,82
129.39227294921875,1.0253757238388062,-39.28288269042969,128.36749267578125,83
130.45506286621094,1.0915764570236206,-38.19658660888672,129.8888397216797,84
131.46543884277344,1.1631443500518799,-37.05160140991211,131.41775512695312,85
132.41592407226562,1.2383677959442139,-35.85340881347656,132.94921875,86
133.29139709472656,1.315279245376587,-34.60904312133789,134.47288513183594,87
134.0826873779297,1.3927874565124512,-33.32501983642578,135.98341369628906,88
134.8064422607422,1.4714598655700684,-31.97154998779297,137.5205078125,89
135.4462127685547,1.5485892295837402,-30.585060119628906,139.0496826171875,90
136.00521850585938,1.6236995458602905,-29.168132781982422,140.57498168945312,91
136.48153686523438,1.695791482925415,-27.725830078125,142.09585571289062,92
136.86920166015625,1.7639975547790527,-26.268352508544922,143.60580444335938,93
137.17745971679688,1.8290807008743286,-24.765052795410156,145.14198303222656,94
137.40914916992188,1.8890166282653809,-23.25802230834961,146.66807556152344,95
137.5795135498047,1.9437273740768433,-21.74648094177246,148.19029235839844,96
137.70156860351562,1.9925687313079834,-20.231719970703125,149.71083068847656,97
137.78692626953125,2.0355212688446045,-18.716890335083008,151.228759765625,98
137.83848571777344,2.0717554092407227,-17.204608917236328,152.742431640625,99
137.8555908203125,2.101310968399048,-15.694108963012695,154.25338745117188,100
137.84043884277344,2.125293254852295,-14.180211067199707,155.7676239013672,101
137.79664611816406,2.1430740356445312,-12.658894538879395,157.28973388671875,102
137.72802734375,2.157287359237671,-11.127911567687988,158.82237243652344,103
137.63653564453125,2.1661691665649414,-9.62587833404541,160.32728576660156,104
137.51943969726562,2.1731979846954346,-8.113029479980469,161.8447265625,105
137.37852478027344,2.177380084991455,-6.589216232299805,163.37510681152344,106
137.22412109375,2.1793625354766846,-5.095315933227539,164.87701416015625,107
137.0586395263672,2.1794373989105225,-3.594906806945801,166.38656616210938,108
136.8845672607422,2.177959680557251,-2.096952438354492,167.89463806152344,109
136.69924926757812,2.1746952533721924,-0.5715389847755432,169.43130493164062,110
136.5093231201172,2.170469045639038,0.9357573986053467,170.95057678222656,111
136.31503295898438,2.1650967597961426,2.425051689147949,172.45254516601562,112
136.1088104248047,2.1590912342071533,3.9348206520080566,173.97637939453125,113
135.8944091796875,2.1528525352478027,5.425685882568359,175.48263549804688,114
135.6652374267578,2.145915985107422,6.935343265533447,177.0096435546875,115
135.42738342285156,2.1391637325286865,8.425647735595703,178.5188751220703,116
135.17807006835938,2.132134437561035,9.933921813964844,180.0476837158203,117
134.9251251220703,2.1258976459503174,11.423332214355469,181.5584716796875,118
134.6636505126953,2.120433807373047,12.929991722106934,183.08770751953125,119
134.4000701904297,2.116272211074829,14.417588233947754,184.59852600097656,120
134.12559509277344,2.1138155460357666,15.9205904006958,186.1264190673828,121
133.84730529785156,2.113699197769165,17.403606414794922,187.63536071777344,122
133.56053161621094,2.1162567138671875,18.900943756103516,189.1599578857422,123
133.27247619628906,2.1209442615509033,20.37834930419922,190.6652374267578,124
132.97802734375,2.127345323562622,21.869138717651367,192.18487548828125,125
132.6801300048828,2.1345648765563965,23.372812271118164,193.7178192138672,126
132.38368225097656,2.142366886138916,24.85600471496582,195.23040771484375,127
132.07969665527344,2.1509368419647217,26.350086212158203,196.7551727294922,128
131.76976013183594,2.1600663661956787,27.82186508178711,198.25930786132812,129
131.4454803466797,2.169828176498413,29.301836013793945,199.77447509765625,130
131.1032257080078,2.180196523666382,30.788009643554688,201.2996368408203,131
130.7418975830078,2.1910438537597656,32.24747085571289,202.8032684326172,132
130.34490966796875,2.202648401260376,33.70656204223633,204.31553649902344,133
129.89515686035156,2.2152228355407715,35.1577262878418,205.83497619628906,134
129.38038635253906,2.228109359741211,36.59372329711914,207.36068725585938,135
128.79766845703125,2.2411015033721924,37.97715377807617,208.86216735839844,136
128.1177215576172,2.254762887954712,39.31951904296875,210.36740112304688,137
127.32276916503906,2.2684991359710693,40.598785400390625,211.87416076660156,138
126.40589904785156,2.2778706550598145,41.79508972167969,213.38214111328125,139
125.36141967773438,2.2840170860290527,42.880584716796875,214.88946533203125,140
124.18891143798828,2.2852365970611572,43.82255172729492,216.39459228515625,141
122.89935302734375,2.280160427093506,44.59416198730469,217.89859008789062,142
121.51498413085938,2.26601243019104,45.175575256347656,219.4014129638672,143
120.06165313720703,2.245682716369629,45.55541229248047,220.9049530029297,144
118.56884002685547,2.22234845161438,45.725677490234375,222.40890502929688,145
117.06185150146484,2.2004497051239014,45.677528381347656,223.91807556152344,146
115.56863403320312,2.184560775756836,45.419944763183594,225.43455505371094,147
114.12676239013672,2.1789326667785645,44.97211456298828,226.9454345703125,148
112.76263427734375,2.183703899383545,44.34596633911133,228.44747924804688,149
111.49202728271484,2.197495937347412,43.54229736328125,229.95217895507812,150
110.34266662597656,2.215008497238159,42.55931091308594,231.46600341796875,151
109.35424041748047,2.2336058616638184,41.41522216796875,232.97946166992188,152
108.55340576171875,2.2500171661376953,40.14305877685547,234.48414611816406,153
107.93559265136719,2.264705181121826,38.756980895996094,236.00299072265625,154
107.5197982788086,2.277107000350952,37.30623245239258,237.5133819580078,155
107.3020248413086,2.2842798233032227,35.817378997802734,239.01907348632812,156
107.25302124023438,2.2903900146484375,34.3035774230957,240.5343017578125,157
107.32931518554688,2.2950170040130615,32.79500198364258,242.04513549804688,158
107.48970031738281,2.2982139587402344,31.286985397338867,243.56178283691406,159
107.69042205810547,2.3013827800750732,29.80033302307129,245.06198120117188,160
107.92820739746094,2.3044769763946533,28.3100643157959,246.57115173339844,161
108.20045471191406,2.307528495788574,26.823095321655273,248.0828857421875,162
108.50023651123047,2.3105850219726562,25.345333099365234,249.59078979492188,163
108.8364486694336,2.3137290477752686,23.852800369262695,251.12075805664062,164
109.19453430175781,2.3169009685516357,22.390056610107422,252.62672424316406,165
109.5685043334961,2.3201777935028076,20.935104370117188,254.1289825439453,166
109.95730590820312,2.3235878944396973,19.47333526611328,255.64158630371094,167
110.35445404052734,2.3270723819732666,18.022829055786133,257.1455078125,168
110.76203155517578,2.330014944076538,16.556516647338867,258.66741943359375,169
111.17051696777344,2.3329222202301025,15.11048698425293,260.1700439453125,170
111.58782196044922,2.3354909420013428,13.651092529296875,261.68792724609375,171
112.01116180419922,2.339092969894409,12.178370475769043,263.2203063964844,172
112.42219543457031,2.3432869911193848,10.722935676574707,264.7326965332031,173
112.82742309570312,2.3479228019714355,9.252081871032715,266.25836181640625,174
113.21724700927734,2.352428436279297,7.797948837280273,267.76385498046875,175
113.59736633300781,2.357192039489746,6.328643321990967,269.28155517578125,176
113.96018981933594,2.3621113300323486,4.843526840209961,270.8103942871094,177
114.29305267333984,2.36735463142395,3.3729443550109863,272.3182067871094,178
114.60386657714844,2.3728718757629395,1.887087106704712,273.8362731933594,179
114.8896255493164,2.37852144241333,0.3861680328845978,275.36419677734375,180
115.13532257080078,2.384219169616699,-1.101943016052246,276.8725280761719,181
115.33055877685547,2.3903310298919678,-2.6056065559387207,278.388916015625,182
115.47216033935547,2.3956902027130127,-4.1261749267578125,279.9161682128906,183
115.55168914794922,2.3999807834625244,-5.639981269836426,281.43218994140625,184
115.55361938476562,2.4031624794006348,-7.145239353179932,282.9376220703125,185
115.47256469726562,2.40376353263855,-8.668220520019531,284.4629821777344,186
115.29750061035156,2.3992772102355957,-10.164751052856445,285.97003173828125,187
115.00886535644531,2.388890027999878,-11.648795127868652,287.4823303222656,188
114.59630584716797,2.3731462955474854,-13.108596801757812,288.9998779296875,189
114.04879760742188,2.3512916564941406,-14.528745651245117,290.52264404296875,190
113.37554168701172,2.317885160446167,-15.870813369750977,292.025146484375,191
112.56375885009766,2.2708961963653564,-17.14107894897461,293.5341491699219,192
111.60324096679688,2.216968536376953,-18.321319580078125,295.0576171875,193
110.52763366699219,2.163327693939209,-19.371238708496094,296.5625305175781,194
109.33489227294922,2.11983060836792,-20.283926010131836,298.06597900390625,195
108.02204132080078,2.0949673652648926,-21.04998016357422,299.587158203125,196
106.63330841064453,2.086742639541626,-21.644716262817383,301.0989074707031,197
105.1745376586914,2.0884809494018555,-22.057905197143555,302.61614990234375,198
103.67588806152344,2.0923454761505127,-22.27022361755371,304.13092041015625,199
102.16521453857422,2.093987464904785,-22.274126052856445,305.6427917480469,200
100.6653060913086,2.091660499572754,-22.069116592407227,307.1578063964844,201
99.20279693603516,2.083329677581787,-21.66559600830078,308.676025390625,202
97.80973815917969,2.066490888595581,-21.088193893432617,310.18487548828125,203
96.47216796875,2.038797616958618,-20.375537872314453,311.701171875,204
95.19854736328125,1.9997987747192383,-19.570423126220703,313.2087097167969,205
93.96111297607422,1.951727271080017,-18.68310546875,314.73236083984375,206
92.7922592163086,1.8977664709091187,-17.740493774414062,316.2351379394531,207
91.67037200927734,1.8383891582489014,-16.716094970703125,317.7557678222656,208
90.61776733398438,1.775169014930725,-15.614913940429688,319.2807312011719,209
89.64895629882812,1.7092090845108032,-14.446249008178711,320.8005065917969,210
88.776123046875,1.6412984132766724,-13.214959144592285,322.3116760253906,211
87.99681091308594,1.5735869407653809,-11.918746948242188,323.8260192871094,212
87.31668853759766,1.5070053339004517,-10.553413391113281,325.35321044921875,213
86.74755096435547,1.4436200857162476,-9.14324951171875,326.8755798339844,214
86.28186798095703,1.3821426630020142,-7.690176963806152,328.4029846191406,215
85.91547393798828,1.3269758224487305,-6.227007865905762,329.91253662109375,216
85.6160888671875,1.275787353515625,-4.734050750732422,331.4361877441406,217
85.37853240966797,1.2333452701568604,-3.2464709281921387,332.94329833984375,218
85.19070434570312,1.1985344886779785,-1.7397540807724,334.462158203125,219
85.05158996582031,1.1692500114440918,-0.21896962821483612,335.9896240234375,220
84.95040130615234,1.1481847763061523,1.3114349842071533,337.5235595703125,221
84.88790893554688,1.1318966150283813,2.8444907665252686,339.0580139160156,222
84.86711883544922,1.1208018064498901,4.365678787231445,340.5794372558594,223
84.8910903930664,1.1143289804458618,5.89017915725708,342.1042175292969,224
84.96162414550781,1.1130702495574951,7.4066877365112305,343.6224365234375,225
85.07654571533203,1.118422508239746,8.910611152648926,345.13079833984375,226
85.23285675048828,1.1326204538345337,10.434881210327148,346.66314697265625,227
85.41120910644531,1.1566898822784424,11.949151039123535,348.1880798339844,228
85.58839416503906,1.1893137693405151,13.463884353637695,349.7135009765625,229
85.7480239868164,1.2282963991165161,14.98652458190918,351.2449951171875,230
85.88101959228516,1.2719998359680176,16.48479652404785,352.74981689453125,231
85.98286437988281,1.3189678192138672,17.992815017700195,354.2620544433594,232
86.04607391357422,1.3680250644683838,19.50983238220215,355.78125,233
86.07005310058594,1.4178475141525269,21.03166961669922,357.30413818359375,234
86.05299377441406,1.4674391746520996,22.55340576171875,358.82684326171875,235
85.98812103271484,1.5162605047225952,24.067415237426758,360.3431091308594,236
85.86933135986328,1.5592732429504395,25.570505142211914,361.8515930175781,237
85.69281768798828,1.5983092784881592,27.06633186340332,363.3583984375,238
85.45560455322266,1.6323086023330688,28.558528900146484,364.8698425292969,239
85.1528091430664,1.6607081890106201,30.046119689941406,366.3883361816406,240
84.78233337402344,1.6834768056869507,31.525829315185547,367.9140319824219,241
84.34410095214844,1.6984450817108154,32.995243072509766,369.4476013183594,242
83.84892272949219,1.70711088180542,34.41667938232422,370.9530029296875,243
83.284423828125,1.7126344442367554,35.82085037231445,372.466552734375,244
82.6511001586914,1.713610053062439,37.204833984375,373.98870849609375,245
81.949462890625,1.7109698057174683,38.56497573852539,375.5193176269531,246
81.19744873046875,1.7064249515533447,39.86552047729492,377.02178955078125,247
80.38025665283203,1.7004324197769165,41.13584518432617,378.53240966796875,248
79.50072479248047,1.6934573650360107,42.374141693115234,380.0514221191406,249
78.5635986328125,1.686149001121521,43.58034896850586,381.5790100097656,250
77.57300567626953,1.6788372993469238,44.75480651855469,383.11553955078125,251
76.55745697021484,1.671146035194397,45.871803283691406,384.62530517578125,252
75.49439239501953,1.662735939025879,46.963375091552734,386.1490783691406,253
74.41214752197266,1.6538106203079224,48.0029296875,387.6498107910156,254
73.2843246459961,1.6440521478652954,49.01518630981445,389.1653747558594,255
72.10992431640625,1.633327841758728,49.99623107910156,390.69573974609375,256
70.92131805419922,1.621854543685913,50.91868209838867,392.200439453125,257
69.68975067138672,1.6092466115951538,51.80276107788086,393.71661376953125,258
68.41661071777344,1.5953493118286133,52.64141082763672,395.2413330078125,259
67.10394287109375,1.5786464214324951,53.43205261230469,396.7738952636719,260
65.75408935546875,1.558165431022644,54.17427062988281,398.3145751953125,261
64.4083023071289,1.5345128774642944,54.85408401489258,399.82257080078125,262
63.035980224609375,1.5098904371261597,55.49768829345703,401.33856201171875,263
61.6414794921875,1.4871610403060913,56.112491607666016,402.8627624511719,264
60.226661682128906,1.4663273096084595,56.70144271850586,404.3954162597656,265
58.793819427490234,1.4491991996765137,57.27058029174805,405.937255859375,266
57.38117980957031,1.433883547782898,57.81178665161133,407.4501037597656,267
55.949180603027344,1.4205902814865112,58.341041564941406,408.9768371582031,268
54.497493743896484,1.4082611799240112,58.85475540161133,410.51678466796875,269
53.06690216064453,1.401174545288086,59.33749008178711,412.0266418457031,270
51.61740493774414,1.398092269897461,59.801876068115234,413.5487060546875,271
50.14898681640625,1.400373935699463,60.2469367980957,415.0830993652344,272
48.705169677734375,1.4049991369247437,60.660736083984375,416.5850524902344,273
47.2442626953125,1.4092261791229248,61.0548095703125,418.09820556640625,274
45.76795196533203,1.4144729375839233,61.42825698852539,419.62103271484375,275
44.27914810180664,1.4182391166687012,61.78305435180664,421.15155029296875,276
42.78006362915039,1.422777533531189,62.12312316894531,422.688720703125,277
41.27230453491211,1.4266493320465088,62.44773864746094,424.2310485839844,278
39.760677337646484,1.4293670654296875,62.7557258605957,425.77374267578125,279
38.25226593017578,1.4307465553283691,63.04667282104492,427.3099670410156,280
36.756534576416016,1.4300812482833862,63.323123931884766,428.8310241699219,281
35.27515411376953,1.4271503686904907,63.58830261230469,430.3359375,282
33.76515197753906,1.4212315082550049,63.85149383544922,431.86871337890625,283
32.270015716552734,1.411831021308899,64.10543060302734,433.3852844238281,284
30.789339065551758,1.398493766784668,64.35017395019531,434.8861083984375,285
29.280942916870117,1.379804253578186,64.59248352050781,436.4139709472656,286
27.786779403686523,1.355360984802246,64.82471466064453,437.92626953125,287
26.265304565429688,1.3233730792999268,65.05290985107422,439.465087890625,288
24.758464813232422,1.2848109006881714,65.2748794555664,440.9886779785156,289
23.26651954650879,1.2404168844223022,65.49486541748047,442.4974060058594,290
21.752731323242188,1.1902660131454468,65.71733856201172,444.0282897949219,291
20.264799118041992,1.1367058753967285,65.93460845947266,445.532958984375,292
18.771583557128906,1.0792030096054077,66.15043640136719,447.04278564453125,293
17.285850524902344,1.019087314605713,66.3609848022461,448.5445556640625,294
15.776962280273438,0.9555942416191101,66.56463623046875,450.0684509277344,295
14.284916877746582,0.8909985423088074,66.7511215209961,451.5735168457031,296
12.778756141662598,0.8246302604675293,66.92024993896484,453.0906066894531,297
11.263124465942383,0.7571670413017273,67.06703186035156,454.6148681640625,298
9.743947982788086,0.6896628141403198,67.17910766601562,456.13970947265625,299
8.227531433105469,0.6232990622520447,67.24498748779297,457.6590881347656,300
6.719401836395264,0.5587964653968811,67.25826263427734,459.1687316894531,301
5.197798252105713,0.496241956949234,67.2122802734375,460.6924133300781,302
3.6960675716400146,0.43894654512405396,67.09477233886719,462.2000427246094,303
2.196240186691284,0.3885790705680847,66.8709487915039,463.7178039550781,304
0.7213931083679199,0.3455977439880371,66.49381256103516,465.24151611328125,305
-0.6994888782501221,0.30807676911354065,65.9371109008789,466.76904296875,306
-2.0125672817230225,0.2716902196407318,65.20746612548828,468.2729187011719,307
-3.2033402919769287,0.2414490431547165,64.29264831542969,469.7763671875,308
-4.241279602050781,0.2195269763469696,63.17784118652344,471.3013916015625,309
-5.071911811828613,0.20560294389724731,61.92628479003906,472.8051452636719,310
-5.700628757476807,0.20153965055942535,60.56354904174805,474.3073425292969,311
-6.121710300445557,0.2111826241016388,59.11772537231445,475.81463623046875,312
-6.321652889251709,0.24141398072242737,57.625213623046875,477.3222961425781,313
-6.282424449920654,0.29497891664505005,56.10908889770508,478.8415222167969,314
-5.99507474899292,0.37181556224823,54.62713623046875,480.3548278808594,315
-5.45554780960083,0.44921162724494934,53.212005615234375,481.8731994628906,316
-4.671771049499512,0.5164202451705933,51.91138458251953,483.39508056640625,317
-3.6897778511047363,0.5648682713508606,50.771240234375,484.902099609375,318
-2.5571999549865723,0.6045964360237122,49.77526092529297,486.41162109375,319
-1.3376209735870361,0.6367470026016235,48.86691665649414,487.93292236328125,320
-0.07137132436037064,0.6608653664588928,48.02701187133789,489.4527587890625,321
1.230950117111206,0.6715995073318481,47.25386428833008,490.96746826171875,322
2.5586016178131104,0.6677972078323364,46.54528045654297,492.47247314453125,323
3.9242327213287354,0.648601770401001,45.88160705566406,493.99102783203125,324
5.318995952606201,0.6166282892227173,45.25640869140625,495.5198974609375,325
6.706807613372803,0.5785061120986938,44.68378448486328,497.021728515625,326
8.139211654663086,0.5375314354896545,44.145687103271484,498.5524597167969,327
9.580286026000977,0.5001417398452759,43.65728759765625,500.0745544433594,328
11.021801948547363,0.47078531980514526,43.22128677368164,501.5809020996094,329
12.49007797241211,0.45256125926971436,42.8286247253418,503.1009521484375,330
13.979066848754883,0.4461848735809326,42.48089599609375,504.63006591796875,331
15.48046875,0.45078909397125244,42.18012237548828,506.1613464355469,332
16.9849853515625,0.4630725383758545,41.92558670043945,507.6873474121094,333
18.483516693115234,0.4807356894016266,41.71811294555664,509.2003173828125,334
20.00508689880371,0.502245306968689,41.549278259277344,510.7314147949219,335
21.500898361206055,0.5254170894622803,41.41527557373047,512.2333984375,336
23.00197982788086,0.5494012832641602,41.31303787231445,513.7381591796875,337
24.501338958740234,0.5732848644256592,41.242549896240234,515.2393798828125,338
26.03438949584961,0.5971960425376892,41.19807052612305,516.7732543945312,339
27.55613136291504,0.6202870011329651,41.174095153808594,518.2953491210938,340
29.05986213684082,0.6433617472648621,41.160865783691406,519.79931640625,341
30.58302116394043,0.6687310934066772,41.15091323852539,521.3226928710938,342
32.086280822753906,0.6965032815933228,41.1388053894043,522.8262329101562,343
33.60757827758789,0.7263538241386414,41.12016296386719,524.3479614257812,344
35.108253479003906,0.7569696307182312,41.094696044921875,525.84912109375,345
36.625301361083984,0.7886782884597778,41.06211471557617,527.3668212890625,346
38.15744400024414,0.8212831020355225,41.021263122558594,528.8998413085938,347
39.66816329956055,0.8538207411766052,40.97297668457031,530.4116821289062,348
41.19802474975586,0.8870327472686768,40.91447830200195,531.9429931640625,349
42.714576721191406,0.9204148650169373,40.837310791015625,533.4618530273438,350
44.21861267089844,0.9542257785797119,40.728424072265625,534.97021484375,351
45.74256134033203,0.9893850088119507,40.57231903076172,536.5026245117188,352
47.24828338623047,1.0251491069793701,40.36112976074219,538.0236206054688,353
48.73295211791992,1.0609304904937744,40.090599060058594,539.5332641601562,354
50.22263717651367,1.0976115465164185,39.74747848510742,541.0625,355
51.67072677612305,1.1325730085372925,39.33671569824219,542.5682983398438,356
53.10329055786133,1.1666733026504517,38.847511291503906,544.0826416015625,357
54.513511657714844,1.1957056522369385,38.276241302490234,545.6046752929688,358
55.89199447631836,1.2224966287612915,37.61485290527344,547.1340942382812,359
57.206302642822266,1.2447789907455444,36.8677978515625,548.6463623046875,360
58.45420455932617,1.2642371654510498,36.03116226196289,550.1492309570312,361
59.654476165771484,1.2800943851470947,35.08964157104492,551.6751708984375,362
60.770381927490234,1.2894915342330933,34.06470489501953,553.1907958984375,363
61.79922103881836,1.2974885702133179,32.94034957885742,554.71533203125,364
62.72763442993164,1.3015631437301636,31.725114822387695,556.2451171875,365
63.535987854003906,1.3017098903656006,30.4486026763916,557.7565307617188,366
64.23223114013672,1.2966182231903076,29.091842651367188,559.2820434570312,367
64.79920196533203,1.2854416370391846,27.687911987304688,560.7966918945312,368
65.23899841308594,1.2676122188568115,26.247072219848633,562.3037109375,369
65.55986022949219,1.242060899734497,24.779525756835938,563.8065185546875,370
65.7757797241211,1.2047175168991089,23.289653778076172,565.3126831054688,371
65.89527893066406,1.156868577003479,21.778688430786133,566.8294067382812,372
65.91344451904297,1.0983730554580688,20.253190994262695,568.3564453125,373
65.81106567382812,1.0340145826339722,18.729084014892578,569.8858032226562,374
65.57069396972656,0.9669932723045349,17.22596549987793,571.4100341796875,375
65.18975830078125,0.8992961049079895,15.7567720413208,572.9298706054688,376
64.66761016845703,0.8335831761360168,14.32935905456543,574.4518432617188,377
64.00054931640625,0.7732957005500793,12.961684226989746,575.9754028320312,378
63.191734313964844,0.7220185995101929,11.670835494995117,577.500244140625,379
62.251773834228516,0.6834370493888855,10.466132164001465,579.0293579101562,380
61.21256637573242,0.6561705470085144,9.379063606262207,580.5341186523438,381
60.06802749633789,0.6352658867835999,8.401457786560059,582.0401000976562,382
58.83283615112305,0.6174262166023254,7.54032564163208,583.5465087890625,383
57.52454376220703,0.6012544631958008,6.79264497756958,585.0538940429688,384
56.1572151184082,0.5858286619186401,6.1569342613220215,586.5623168945312,385
54.739559173583984,0.5702717900276184,5.639900207519531,588.0718383789062,386
53.2762336730957,0.5538983345031738,5.243902683258057,589.5883178710938,387
51.77497100830078,0.5359035730361938,4.972193717956543,591.114501953125,388
50.273433685302734,0.5155766010284424,4.829815864562988,592.623291015625,389
48.76939010620117,0.49229738116264343,4.80420446395874,594.1280517578125,390
47.264678955078125,0.4660271108150482,4.883153915405273,595.6353149414062,391
45.756595611572266,0.4357321262359619,5.0534162521362305,597.1534423828125,392
44.243526458740234,0.40401384234428406,5.2967610359191895,598.6864013671875,393
42.76298904418945,0.37349411845207214,5.598433494567871,600.19775390625,394
41.28564453125,0.3448847532272339,5.957973003387451,601.7185668945312,395
39.81088638305664,0.317557156085968,6.369121551513672,603.2498779296875,396
38.372100830078125,0.2910701334476471,6.815319538116455,604.7565307617188,397
36.938133239746094,0.26514363288879395,7.304360389709473,606.2718505859375,398
35.513370513916016,0.23945266008377075,7.835961818695068,607.7927856445312,399
34.1016960144043,0.21379747986793518,8.408907890319824,609.3165283203125,400
32.705284118652344,0.18805944919586182,9.018499374389648,610.8404541015625,401
31.3253231048584,0.16250105202198029,9.656771659851074,612.361083984375,402
29.962797164916992,0.13731080293655396,10.317062377929688,613.8753662109375,403
28.618961334228516,0.11270780116319656,10.993265151977539,615.3799438476562,404
27.253456115722656,0.08809058368206024,11.7000093460083,616.9176635742188,405
25.908475875854492,0.06445147097110748,12.409948348999023,618.4386596679688,406
24.545494079589844,0.041250649839639664,13.141332626342773,619.9856567382812,407
23.211435317993164,0.019353827461600304,13.868465423583984,621.505126953125,408
21.866127014160156,-0.0015678037889301777,14.610148429870605,623.0414428710938,409
20.510986328125,-0.02149977721273899,15.362030982971191,624.59130859375,410
19.19212532043457,-0.0387689433991909,16.09558868408203,626.1005249023438,411
17.86823844909668,-0.05470738932490349,16.830989837646484,627.6150512695312,412
16.54229736328125,-0.06891227513551712,17.565908432006836,629.131103515625,413
15.217931747436523,-0.08183171600103378,18.298290252685547,630.64453125,414
13.898903846740723,-0.093584343791008,19.025835037231445,632.1509399414062,415
12.54468822479248,-0.10483436286449432,19.770946502685547,633.6966552734375,416
11.203039169311523,-0.11551342904567719,20.50865936279297,635.227783203125,417
9.87497615814209,-0.12602005898952484,21.239953994750977,636.743896484375,418
8.560924530029297,-0.1367465704679489,21.966083526611328,638.2452392578125,419
7.220218181610107,-0.14850401878356934,22.712543487548828,639.77978515625,420
5.897315502166748,-0.16141806542873383,23.45954132080078,641.299072265625,421
4.593042373657227,-0.17516720294952393,24.210107803344727,642.803955078125,422
3.263458013534546,-0.19002363085746765,24.99267578125,644.3468017578125,423
1.939700722694397,-0.20513847470283508,25.790761947631836,645.892578125,424
0.6570920348167419,-0.2203046828508377,26.580883026123047,647.3991088867188,425
-0.6239230632781982,-0.2362336814403534,27.387731552124023,648.9131469726562,426
-1.9019526243209839,-0.2529110312461853,28.213184356689453,650.4346313476562,427
-3.1760027408599854,-0.27061915397644043,29.058368682861328,651.963623046875,428
-4.4456095695495605,-0.2894017994403839,29.923593521118164,653.5001220703125,429
-5.710583686828613,-0.3092474937438965,30.80876922607422,655.044189453125,430
-6.9313225746154785,-0.3294147551059723,31.685333251953125,656.5471801757812,431
-8.146502494812012,-0.350430428981781,32.58058547973633,658.0567016601562,432
-9.354927062988281,-0.37224850058555603,33.494598388671875,659.572021484375,433
-10.555508613586426,-0.39469191431999207,34.42732620239258,661.092529296875,434
-11.747461318969727,-0.4171691834926605,35.379112243652344,662.6180419921875,435
-12.930327415466309,-0.43984755873680115,36.35002899169922,664.1484985351562,436
-14.103226661682129,-0.4623141288757324,37.33912658691406,665.6829223632812,437
-15.264816284179688,-0.485269695520401,38.34367752075195,667.2188110351562,438
-16.41339111328125,-0.508301854133606,39.35926818847656,668.7521362304688,439
-17.5467586517334,-0.5315719246864319,40.380916595458984,670.2781982421875,440
-18.663972854614258,-0.5550178289413452,41.403114318847656,671.7926635742188,441
-19.76658821105957,-0.578593373298645,42.42151641845703,673.2938232421875,442
-20.890565872192383,-0.6029742360115051,43.46636199951172,674.82861328125,443
-22.000844955444336,-0.6279948949813843,44.50442123413086,676.3487548828125,444
-23.097789764404297,-0.6534439325332642,45.53546905517578,677.8543701171875,445
-24.216659545898438,-0.6800507307052612,46.590087890625,679.3921508789062,446
-25.324628829956055,-0.7070573568344116,47.634578704833984,680.9150390625,447
-26.422266006469727,-0.7345075607299805,48.668697357177734,682.42333984375,448
-27.542560577392578,-0.7633708715438843,49.72344970703125,683.9622802734375,449
-28.65226936340332,-0.792907178401947,50.76754379272461,685.4862060546875,450
-29.751859664916992,-0.823225736618042,51.80088806152344,686.9954223632812,451
-30.874183654785156,-0.8553524613380432,52.852779388427734,688.533935546875,452
-31.9879207611084,-0.8886268734931946,53.89186477661133,690.0574951171875,453
-33.09477233886719,-0.9236225485801697,54.91679382324219,691.56640625,454
-34.22943115234375,-0.9607828259468079,55.952693939208984,693.103271484375,455
-35.36284637451172,-0.9989153742790222,56.96736145019531,694.625,456
-36.497093200683594,-1.03750741481781,57.958858489990234,696.1320190429688,457
-37.66941452026367,-1.0776585340499878,58.95351791381836,697.6699829101562,458
-38.85340118408203,-1.119020938873291,59.922725677490234,699.20068359375,459
-40.04967498779297,-1.1616389751434326,60.865360260009766,700.7243041992188,460
-41.25843811035156,-1.2054888010025024,61.78029251098633,702.240966796875,461
-42.481571197509766,-1.249832272529602,62.66417694091797,703.750732421875,462
-43.720455169677734,-1.2946592569351196,63.5138053894043,705.253662109375,463
-45.00950241088867,-1.340757131576538,64.34859466552734,706.7901611328125,464
-46.315853118896484,-1.3867528438568115,65.1435317993164,708.3201293945312,465
-47.64171600341797,-1.4322724342346191,65.89742279052734,709.8460693359375,466
-48.98792266845703,-1.4788775444030762,66.61016082763672,711.3700561523438,467
-50.35501480102539,-1.5272376537322998,67.28386688232422,712.8949584960938,468
-51.74219512939453,-1.5775576829910278,67.92204284667969,714.4227294921875,469
-53.14925003051758,-1.6276912689208984,68.52714538574219,715.9552612304688,470
-54.574684143066406,-1.6778199672698975,69.10264587402344,717.4933471679688,471
-55.97841262817383,-1.726815938949585,69.6395492553711,718.9970703125,472
-57.3968505859375,-1.774513840675354,70.15613555908203,720.5073852539062,473
-58.82923889160156,-1.8215019702911377,70.6528091430664,722.024169921875,474
-60.274864196777344,-1.8675405979156494,71.13043212890625,723.54736328125,475
-61.73271560668945,-1.9125571250915527,71.59088897705078,725.0768432617188,476
-63.20250701904297,-1.9566431045532227,72.03382110595703,726.612548828125,477
-64.68402862548828,-1.9999088048934937,72.45867919921875,728.1544189453125,478
-66.13639831542969,-2.041435718536377,72.85482025146484,729.660400390625,479
-67.59933471679688,-2.08256459236145,73.23506927490234,731.1724853515625,480
-69.07279968261719,-2.123528003692627,73.60169219970703,732.6914672851562,481
-70.55671691894531,-2.164456605911255,73.95845794677734,734.2182006835938,482
-72.05136108398438,-2.2055602073669434,74.30867767333984,735.75390625,483
-73.5147933959961,-2.2459280490875244,74.64254760742188,737.2554931640625,484
-74.98856353759766,-2.2873435020446777,74.96897888183594,738.7655639648438,485
-76.47257995605469,-2.329538106918335,75.28791809082031,740.2840576171875,486
-77.96685791015625,-2.3728926181793213,75.59939575195312,741.8110961914062,487
-79.47118377685547,-2.416931390762329,75.90401458740234,743.3466186523438,488
-80.98566436767578,-2.4614944458007812,76.20075988769531,744.8905639648438,489
-82.46650695800781,-2.5050206184387207,76.48174285888672,746.3984375,490
-83.95668029785156,-2.5487139225006104,76.75623321533203,747.914306640625,491
-85.45586395263672,-2.592599391937256,77.02566528320312,749.4381713867188,492
-86.96344757080078,-2.6366593837738037,77.29280853271484,750.9699096679688,493
-88.47893524169922,-2.6808230876922607,77.5607681274414,752.509521484375,494
-89.95726013183594,-2.7238142490386963,77.82219696044922,754.0114135742188,495
-91.4427719116211,-2.766929864883423,78.08536529541016,755.5206909179688,496
-92.93505096435547,-2.810150384902954,78.35174560546875,757.0371704101562,497
-94.43192291259766,-2.8533895015716553,78.623291015625,758.55908203125,498
-95.93073272705078,-2.896575689315796,78.90005493164062,760.0838623046875,499
-97.42782592773438,-2.939636468887329,79.1802978515625,761.6075439453125,500
-98.91841125488281,-2.9824602603912354,79.46197509765625,763.1251220703125,501
-100.39784240722656,-3.024930000305176,79.74361419677734,764.6317138671875,502
-101.90798950195312,-3.068281650543213,80.03221130371094,766.1697998046875,503
-103.40412902832031,-3.1113333702087402,80.31819152832031,767.6936645507812,504
-104.8865737915039,-3.1544082164764404,80.60103607177734,769.2034912109375,505
-106.39856719970703,-3.198460578918457,80.88885498046875,770.7432861328125,506
-107.89634704589844,-3.242551803588867,81.17393493652344,772.2686157226562,507
-109.37999725341797,-3.286207914352417,81.4572525024414,773.7797241210938,508
-110.8913345336914,-3.330789804458618,81.74761199951172,775.3193359375,509
-112.3879165649414,-3.375145435333252,82.03787994384766,776.844482421875,510
-113.86971282958984,-3.419680595397949,82.32909393310547,778.3552856445312,511
-115.37688446044922,-3.4654812812805176,82.63077545166016,779.8930053710938,512
-116.86302185058594,-3.511063814163208,82.93388366699219,781.410400390625,513
-118.3646011352539,-3.557121753692627,83.24608612060547,782.9447631835938,514
-119.84150695800781,-3.6025819778442383,83.55945587158203,784.4552612304688,515
-121.3317642211914,-3.6481285095214844,83.88319396972656,785.98095703125,516
-122.83104705810547,-3.695272922515869,84.21792602539062,787.5178833007812,517
-124.29412841796875,-3.7430083751678467,84.55816650390625,789.020751953125,518
-125.75440216064453,-3.7934069633483887,84.91619873046875,790.525146484375,519
-127.21317291259766,-3.844966411590576,85.2958755493164,792.033447265625,520
-128.67697143554688,-3.8954405784606934,85.7015609741211,793.5532836914062,521
-130.1444854736328,-3.9428293704986572,86.1408462524414,795.0859375,522
-131.5746612548828,-3.9804017543792725,86.61995697021484,796.5947875976562,523
-132.99212646484375,-4.011357307434082,87.16382598876953,798.1134643554688,524
-134.38734436035156,-4.036596298217773,87.78377532958984,799.640625,525
-135.7260284423828,-4.057369709014893,88.47305297851562,801.146728515625,526
-137.0281219482422,-4.075212478637695,89.25375366210938,802.6653442382812,527
-138.27969360351562,-4.09343957901001,90.13262176513672,804.1951293945312,528
-139.4431610107422,-4.116912841796875,91.09258270263672,805.7041015625,529
-140.5323486328125,-4.147547721862793,92.1510238647461,807.2236328125,530
-141.5173797607422,-4.183528423309326,93.28557586669922,808.7269897460938,531
-142.42257690429688,-4.232622146606445,94.51229858398438,810.252685546875,532
-143.22894287109375,-4.2885518074035645,95.78157043457031,811.7577514648438,533
-143.9630889892578,-4.351872444152832,97.11325073242188,813.2799682617188,534
-144.60787963867188,-4.410860061645508,98.46854400634766,814.7822265625,535
-145.17453002929688,-4.465096950531006,99.87004852294922,816.295166015625,536
-145.6620330810547,-4.509913921356201,101.31134796142578,817.8175659179688,537
-146.06546020507812,-4.5440802574157715,102.7822494506836,819.3434448242188,538
-146.37965393066406,-4.566516876220703,104.26717376708984,820.8616943359375,539
-146.60218811035156,-4.576474666595459,105.75218200683594,822.3635864257812,540
-146.7364501953125,-4.5752692222595215,107.2649917602539,823.8826293945312,541
-146.77725219726562,-4.5615105628967285,108.79157257080078,825.4100952148438,542
-146.72723388671875,-4.53507661819458,110.31587219238281,826.9356689453125,543
-146.60597229003906,-4.494276523590088,111.8261947631836,828.4515991210938,544
-146.41908264160156,-4.440657615661621,113.35005187988281,829.9879760742188,545
-146.1836395263672,-4.380026340484619,114.84397888183594,831.5016479492188,546
-145.91883850097656,-4.314222812652588,116.34750366210938,833.02978515625,547
-145.63632202148438,-4.246399402618408,117.82360076904297,834.5342407226562,548
-145.3286895751953,-4.175601959228516,119.30709075927734,836.051025390625,549
-144.99984741210938,-4.102719783782959,120.79720306396484,837.5787963867188,550
-144.67245483398438,-4.02985954284668,122.26200866699219,839.08154296875,551
-144.35340881347656,-3.9559457302093506,123.7381362915039,840.5936279296875,552
-144.05113220214844,-3.881033182144165,125.22575378417969,842.113525390625,553
-143.77403259277344,-3.805532932281494,126.72478485107422,843.639892578125,554
-143.52810668945312,-3.729825258255005,128.23443603515625,845.17138671875,555
-143.32382202148438,-3.655857801437378,129.72225952148438,846.6751098632812,556
-143.15853881835938,-3.5825343132019043,131.21888732910156,848.1827392578125,557
-143.0367889404297,-3.510154962539673,132.72247314453125,849.693115234375,558
-142.96669006347656,-3.439168930053711,134.23101806640625,851.205078125,559
-142.95712280273438,-3.3708066940307617,135.74185180664062,852.7176513671875,560
-143.02394104003906,-3.305665969848633,137.25038146972656,854.2293090820312,561
-143.18310546875,-3.2444496154785156,138.7502899169922,855.7391967773438,562
-143.4492950439453,-3.1881587505340576,140.2321014404297,857.2462158203125,563
-143.83644104003906,-3.1372315883636475,141.6834259033203,858.7496337890625,564
-144.36172485351562,-3.0929625034332275,143.11529541015625,860.2760620117188,565
-145.02102661132812,-3.0591251850128174,144.48626708984375,861.79833984375,566
-145.80516052246094,-3.0365843772888184,145.79104614257812,863.3213500976562,567
-146.7047882080078,-3.0247089862823486,147.0175018310547,864.8429565429688,568
-147.69662475585938,-3.021023750305176,148.151611328125,866.35009765625,569
-148.78817749023438,-3.025563955307007,149.2128143310547,867.8729248046875,570
-149.95574951171875,-3.0384387969970703,150.17181396484375,869.3843383789062,571
-151.18609619140625,-3.0583224296569824,151.03419494628906,870.8872680664062,572
-152.4664764404297,-3.084871530532837,151.8345947265625,872.3976440429688,573
-153.78359985351562,-3.116734027862549,152.5999755859375,873.92138671875,574
-155.1028594970703,-3.1534135341644287,153.32847595214844,875.428955078125,575
-156.44894409179688,-3.1928226947784424,154.02806091308594,876.9465942382812,576
-157.82269287109375,-3.235568046569824,154.69027709960938,878.4722900390625,577
-159.21987915039062,-3.2809512615203857,155.3134765625,880.0029296875,578
-160.63343811035156,-3.3290421962738037,155.89154052734375,881.531005859375,579
-162.0562286376953,-3.3801918029785156,156.42283630371094,883.0507202148438,580
-163.4822540283203,-3.4327447414398193,156.9033660888672,884.5565795898438,581
-164.9367218017578,-3.48581600189209,157.34133911132812,886.0765991210938,582
-166.4116668701172,-3.5378129482269287,157.73361206054688,887.6038208007812,583
-167.89804077148438,-3.5877158641815186,158.08128356933594,889.1312255859375,584
-169.3848419189453,-3.634845495223999,158.38624572753906,890.6497802734375,585
-170.86328125,-3.677760601043701,158.6542205810547,892.1530151367188,586
-172.36349487304688,-3.7155044078826904,158.8917999267578,893.6724853515625,587
-173.8525848388672,-3.747375249862671,159.09327697753906,895.1755981445312,588
-175.36085510253906,-3.774812936782837,159.260498046875,896.6934204101562,589
-176.85540771484375,-3.7984743118286133,159.3901824951172,898.19384765625,590
-178.36595153808594,-3.8199758529663086,159.49026489257812,899.7079467773438,591
-179.89105224609375,-3.842196464538574,159.56558227539062,901.235107421875,592
-181.39935302734375,-3.865032196044922,159.6165771484375,902.7445068359375,593
-182.9205780029297,-3.890043258666992,159.64239501953125,904.2662353515625,594
-184.4244384765625,-3.915300130844116,159.63902282714844,905.7703857421875,595
-185.93984985351562,-3.9421513080596924,159.60665893554688,907.2864379882812,596
-187.4657440185547,-3.970141649246216,159.5425262451172,908.8140258789062,597
-188.9726104736328,-3.999293327331543,159.4445037841797,910.324462890625,598
-190.4870147705078,-4.031432151794434,159.30242919921875,911.8460083007812,599
-191.9788055419922,-4.066978931427002,159.11001586914062,913.3507080078125,600
-193.47303771972656,-4.107276916503906,158.85879516601562,914.8666381835938,601
-194.96546936035156,-4.151890754699707,158.5397186279297,916.3936767578125,602
-196.4175567626953,-4.200386047363281,158.1303253173828,917.9036254882812,603
-197.83340454101562,-4.254422664642334,157.5869903564453,919.4218139648438,604
-199.1865997314453,-4.314740180969238,156.88662719726562,920.9475708007812,605
-200.43585205078125,-4.37974214553833,156.0426483154297,922.45751953125,606
-201.59527587890625,-4.449860572814941,155.0585479736328,923.9806518554688,607
-202.64816284179688,-4.522500991821289,153.97885131835938,925.4910888671875,608
-203.6123504638672,-4.5982537269592285,152.8015594482422,927.0151977539062,609
-204.48008728027344,-4.675170421600342,151.5697784423828,928.5242919921875,610
-205.27880859375,-4.7541937828063965,150.27920532226562,930.0443725585938,611
-206.02110290527344,-4.834893226623535,148.9439697265625,931.5744018554688,612
-206.70896911621094,-4.915069103240967,147.6055908203125,933.0814819335938,613
-207.3602294921875,-4.995525360107422,146.24444580078125,934.5927124023438,614
-207.98219299316406,-5.0764923095703125,144.86764526367188,936.1057739257812,615
-208.57640075683594,-5.1572585105896,143.47891235351562,937.6185302734375,616
-209.14230346679688,-5.23830509185791,142.0808563232422,939.1290893554688,617
-209.68942260742188,-5.320034027099609,140.67953491210938,940.6357421875,618
-210.2316131591797,-5.403971195220947,139.24501037597656,942.1716918945312,619
-210.7539825439453,-5.488736629486084,137.81129455566406,943.7000732421875,620
-211.25453186035156,-5.574349403381348,136.3807373046875,945.2182006835938,621
-211.73193359375,-5.660828590393066,134.9556884765625,946.7236938476562,622
-212.1962432861328,-5.749279975891113,133.50421142578125,948.2503051757812,623
-212.63502502441406,-5.836504936218262,132.06546020507812,949.757080078125,624
-213.05955505371094,-5.923060894012451,130.60745239257812,951.2781982421875,625
-213.4686279296875,-6.009452819824219,129.13426208496094,952.8096313476562,626
-213.85922241210938,-6.097127437591553,127.65788269042969,954.3394165039062,627
-214.22930908203125,-6.185234069824219,126.18855285644531,955.8572998046875,628
-214.5792999267578,-6.273531913757324,124.72660064697266,957.36328125,629
-214.9181671142578,-6.3639421463012695,123.23593139648438,958.8947143554688,630
-215.2404327392578,-6.454082489013672,121.75387573242188,960.4141845703125,631
-215.54971313476562,-6.54346227645874,120.28095245361328,961.9219970703125,632
-215.8570098876953,-6.634228706359863,118.78224182128906,963.4546508789062,633
-216.15423583984375,-6.723771095275879,117.29358673095703,964.9754028320312,634
-216.43809509277344,-6.811643123626709,115.81430053710938,966.4843139648438,635
-216.71177673339844,-6.899597644805908,114.30891418457031,968.0169677734375,636
-216.9645538330078,-6.9849724769592285,112.81224822998047,969.5372924804688,637
-217.1946258544922,-7.067539215087891,111.32421112060547,971.0453491210938,638
-217.40565490722656,-7.1484198570251465,109.81070709228516,972.5757446289062,639
-217.587890625,-7.225172996520996,108.30642700195312,974.0930786132812,640
-217.7364501953125,-7.296869277954102,106.8116455078125,975.5970458984375,641
-217.84934997558594,-7.363918781280518,105.29338073730469,977.12109375,642
-217.92013549804688,-7.423198223114014,103.79112243652344,978.6263427734375,643
-217.94418334960938,-7.472934722900391,102.2840805053711,980.1345825195312,644
-217.91253662109375,-7.51174259185791,100.778564453125,981.64111328125,645
-217.82435607910156,-7.537949562072754,99.27937316894531,983.143310546875,646
-217.67169189453125,-7.5497283935546875,97.76238250732422,984.668212890625,647
-217.44235229492188,-7.546772003173828,96.26815795898438,986.1802368164062,648
-217.1116180419922,-7.530717372894287,94.78128051757812,987.7039184570312,649
-216.67576599121094,-7.502289295196533,93.34498596191406,989.2056274414062,650
-216.11830139160156,-7.462523460388184,91.95079040527344,990.708251953125,651
-215.41627502441406,-7.415894031524658,90.59989166259766,992.2320556640625,652
-214.58468627929688,-7.364659786224365,89.34273529052734,993.740966796875,653
-213.621337890625,-7.311273097991943,88.16230010986328,995.2661743164062,654
-212.55531311035156,-7.258471965789795,87.08666229248047,996.7821655273438,655
-211.3868865966797,-7.203231334686279,86.13062286376953,998.2936401367188,656
-210.12384033203125,-7.143123149871826,85.31946563720703,999.7967529296875,657
-208.76995849609375,-7.078014373779297,84.6510009765625,1001.3089599609375,658
-207.3399658203125,-7.012816905975342,84.1579360961914,1002.8241577148438,659
-205.8491973876953,-6.950078964233398,83.87744903564453,1004.3436889648438,660
-204.3306884765625,-6.89178991317749,83.81010437011719,1005.8660278320312,661
-202.8220977783203,-6.839075565338135,83.95033264160156,1007.3832397460938,662
-201.3507843017578,-6.795797824859619,84.29627227783203,1008.8965454101562,663
-199.9442138671875,-6.7683305740356445,84.84495544433594,1010.4078979492188,664
-198.61813354492188,-6.766870021820068,85.58739471435547,1011.9288330078125,665
-197.41416931152344,-6.79307222366333,86.48677062988281,1013.432861328125,666
-196.31739807128906,-6.836968898773193,87.516845703125,1014.9388427734375,667
-195.31056213378906,-6.888306617736816,88.64988708496094,1016.4559936523438,668
-194.4153289794922,-6.939814567565918,89.8537826538086,1017.9577026367188,669
-193.63229370117188,-6.9882965087890625,91.13662719726562,1019.4620361328125,670
-192.9674530029297,-7.0314412117004395,92.5071029663086,1020.9865112304688,671
-192.43821716308594,-7.064529895782471,93.92481994628906,1022.500732421875,672
-192.03053283691406,-7.087311744689941,95.37003326416016,1024.0029296875,673
-191.7272491455078,-7.097578048706055,96.85501861572266,1025.51904296875,674
-191.5255126953125,-7.091775417327881,98.36823272705078,1027.0460205078125,675
-191.41458129882812,-7.070780277252197,99.86780548095703,1028.5501708984375,676
-191.38662719726562,-7.035467147827148,101.37360382080078,1030.056884765625,677
-191.4322509765625,-6.989516735076904,102.87952423095703,1031.5643310546875,678
-191.5346221923828,-6.936716556549072,104.38043212890625,1033.06982421875,679
-191.68020629882812,-6.878488540649414,105.89922332763672,1034.5968017578125,680
-191.8561553955078,-6.817591190338135,107.39644622802734,1036.105712890625,681
-192.05630493164062,-6.753662109375,108.90196990966797,1037.6258544921875,682
-192.28256225585938,-6.687334060668945,110.4115982055664,1039.15380859375,683
-192.53463745117188,-6.61953067779541,111.91874694824219,1040.6834716796875,684
-192.81106567382812,-6.551132678985596,113.40936279296875,1042.201171875,685
-193.1094512939453,-6.481481552124023,114.90260314941406,1043.7255859375,686
-193.4146270751953,-6.41052770614624,116.39945983886719,1045.2550048828125,687
-193.70721435546875,-6.339553356170654,117.87078857421875,1046.7568359375,688
-193.97503662109375,-6.266813278198242,119.3498306274414,1048.26171875,689
-194.2036590576172,-6.1923041343688965,120.83672332763672,1049.76806640625,690
-194.380126953125,-6.115781784057617,122.33219146728516,1051.2760009765625,691
-194.49131774902344,-6.036960601806641,123.83837127685547,1052.78857421875,692
-194.52413940429688,-5.955729007720947,125.35431671142578,1054.3072509765625,693
-194.4740753173828,-5.874650001525879,126.8551025390625,1055.811279296875,694
-194.3416748046875,-5.793146133422852,128.37525939941406,1057.339599609375,695
-194.1337127685547,-5.714134216308594,129.8645477294922,1058.845703125,696
-193.83958435058594,-5.6327362060546875,131.34664916992188,1060.3592529296875,697
-193.44528198242188,-5.547892093658447,132.81207275390625,1061.8795166015625,698
-192.9366455078125,-5.460585594177246,134.2455596923828,1063.403564453125,699
-192.3028564453125,-5.367677211761475,135.62350463867188,1064.923828125,700
-191.53018188476562,-5.266228199005127,136.93324279785156,1066.44873046875,701
-190.61961364746094,-5.156898498535156,138.13330078125,1067.9600830078125,702
-189.5578155517578,-5.046259880065918,139.2255096435547,1069.48828125,703
-188.38308715820312,-4.947556972503662,140.17495727539062,1071.0029296875,704
-187.08697509765625,-4.85971212387085,140.97561645507812,1072.530029296875,705
-185.7020263671875,-4.789602279663086,141.5923614501953,1074.0489501953125,706
-184.25405883789062,-4.727376461029053,142.01881408691406,1075.560791015625,707
-182.76107788085938,-4.678561687469482,142.2688446044922,1077.076171875,708
-181.25521850585938,-4.638574123382568,142.36138916015625,1078.5860595703125,709
-179.75112915039062,-4.6054582595825195,142.30404663085938,1080.09228515625,710
-178.25587463378906,-4.579136848449707,142.08265686035156,1081.6048583984375,711
-176.79464721679688,-4.559868812561035,141.68826293945312,1083.119384765625,712
-175.38824462890625,-4.548462390899658,141.12086486816406,1084.636962890625,713
-174.0570831298828,-4.548948287963867,140.38548278808594,1086.1585693359375,714
-172.81719970703125,-4.562579154968262,139.51547241210938,1087.674072265625,715
-171.67735290527344,-4.589408874511719,138.524169921875,1089.1856689453125,716
-170.64987182617188,-4.6247334480285645,137.42250061035156,1090.6932373046875,717
-169.7357940673828,-4.6666436195373535,136.20291137695312,1092.2186279296875,718
-168.96871948242188,-4.711291313171387,134.90286254882812,1093.7296142578125,719
-168.33880615234375,-4.761275768280029,133.51393127441406,1095.2562255859375,720
-167.83950805664062,-4.811275005340576,132.07379150390625,1096.7818603515625,721
-167.46041870117188,-4.860312461853027,130.5936737060547,1098.31103515625,722
-167.2154083251953,-4.908196449279785,129.0873260498047,1099.8385009765625,723
-167.12002563476562,-4.953757286071777,127.58424377441406,1101.3460693359375,724
-167.18443298339844,-4.99870491027832,126.05572509765625,1102.8773193359375,725
-167.40130615234375,-5.042183876037598,124.56739807128906,1104.3826904296875,726
-167.7564239501953,-5.0863423347473145,123.08110809326172,1105.9119873046875,727
-168.21849060058594,-5.130723476409912,121.62715911865234,1107.4385986328125,728
-168.75823974609375,-5.175774097442627,120.20362091064453,1108.9619140625,729
-169.34242248535156,-5.221733093261719,118.8020248413086,1110.481201171875,730
-169.94508361816406,-5.268983364105225,117.41576385498047,1111.99365234375,731
-170.57545471191406,-5.318251132965088,116.02484893798828,1113.5216064453125,732
-171.22828674316406,-5.3697190284729,114.64855194091797,1115.0457763671875,733
-171.8942108154297,-5.425614833831787,113.2942123413086,1116.5560302734375,734
-172.57835388183594,-5.488449573516846,111.92777252197266,1118.0855712890625,735
-173.2550506591797,-5.557322025299072,110.57340240478516,1119.6011962890625,736
-173.9169158935547,-5.627174377441406,109.2263412475586,1121.103759765625,737
-174.5758514404297,-5.699023723602295,107.85680389404297,1122.6253662109375,738
-175.21603393554688,-5.770151615142822,106.49248504638672,1124.1341552734375,739
-175.8478546142578,-5.841918468475342,105.1040267944336,1125.661376953125,740
-176.45440673828125,-5.9121928215026855,103.7184829711914,1127.175537109375,741
-177.03750610351562,-5.981701374053955,102.30415344238281,1128.70703125,742
-177.5705108642578,-6.048040866851807,100.88517761230469,1130.224365234375,743
-178.04483032226562,-6.11070442199707,99.46044921875,1131.7274169921875,744
-178.45965576171875,-6.169887065887451,98.00164031982422,1133.245361328125,745
-178.79949951171875,-6.223365306854248,96.5394058227539,1134.747802734375,746
-179.0584716796875,-6.270454406738281,95.04762268066406,1136.262939453125,747
-179.2185821533203,-6.308877468109131,93.52777099609375,1137.7921142578125,748
-179.2664337158203,-6.3385910987854,92.0098648071289,1139.3115234375,749
-179.19961547851562,-6.352636337280273,90.49617767333984,1140.8271484375,750
-179.01600646972656,-6.346813678741455,88.9906997680664,1142.34423828125,751
-178.7178497314453,-6.311465263366699,87.50212097167969,1143.86328125,752
-178.2999725341797,-6.239213943481445,86.0455322265625,1145.380859375,753
-177.7536163330078,-6.134141445159912,84.64313507080078,1146.890380859375,754
-177.04676818847656,-6.001039981842041,83.29100799560547,1148.4227294921875,755
-176.1976318359375,-5.8555073738098145,82.04642486572266,1149.937255859375,756
-175.2151336669922,-5.71140193939209,80.91043853759766,1151.4468994140625,757
-174.09927368164062,-5.581420421600342,79.87943267822266,1152.972412109375,758
-172.88458251953125,-5.465954303741455,78.97787475585938,1154.490234375,759
-171.58705139160156,-5.3693060874938965,78.19904327392578,1156.0072021484375,760
-170.2180938720703,-5.280828475952148,77.54335021972656,1157.5281982421875,761
-168.78892517089844,-5.198858737945557,77.01233673095703,1159.0555419921875,762
-167.33950805664062,-5.121871471405029,76.6046371459961,1160.5635986328125,763
-165.8565216064453,-5.0452423095703125,76.30728149414062,1162.078369140625,764
-164.3558349609375,-4.965243816375732,76.10477447509766,1163.594970703125,765
-162.85443115234375,-4.861141681671143,75.9543685913086,1165.1075439453125,766
-161.34776306152344,-4.749431610107422,75.81021118164062,1166.625244140625,767
-159.8329620361328,-4.619272708892822,75.64604949951172,1168.154541015625,768
-158.3353729248047,-4.5108208656311035,75.45722961425781,1169.66796875,769
-156.85125732421875,-4.415938377380371,75.23764038085938,1171.1712646484375,770
-155.34982299804688,-4.3317413330078125,74.9728775024414,1172.6982421875,771
-153.8537139892578,-4.258947372436523,74.66922760009766,1174.2266845703125,772
-152.3893585205078,-4.1999640464782715,74.33346557617188,1175.730224609375,773
-150.92247009277344,-4.1601996421813965,73.95797729492188,1177.2449951171875,774
-149.45118713378906,-4.140427589416504,73.54911804199219,1178.772216796875,775
-148.0026092529297,-4.131957054138184,73.12213134765625,1180.282470703125,776
-146.54135131835938,-4.114203453063965,72.66668701171875,1181.813232421875,777
-145.10400390625,-4.085077285766602,72.19200134277344,1183.3272705078125,778
-143.6641387939453,-4.050595760345459,71.68763732910156,1184.853271484375,779
-142.22377014160156,-4.011395454406738,71.15803527832031,1186.388427734375,780
-140.81773376464844,-3.968686580657959,70.62145233154297,1187.89404296875,781
-139.4130096435547,-3.924187660217285,70.0685806274414,1189.404296875,782
-138.01095581054688,-3.8753244876861572,69.50231170654297,1190.917236328125,783
-136.6129608154297,-3.826153516769409,68.92383575439453,1192.4310302734375,784
-135.22178649902344,-3.7781455516815186,68.33435821533203,1193.9427490234375,785
-133.8406524658203,-3.7317888736724854,67.7326889038086,1195.449951171875,786
-132.4327850341797,-3.6859235763549805,67.10261535644531,1196.9930419921875,787
-131.03622436523438,-3.638188362121582,66.46481323242188,1198.529052734375,788
-129.6522216796875,-3.590719699859619,65.82430267333984,1200.0548095703125,789
-128.2819366455078,-3.5431811809539795,65.18423461914062,1201.5679931640625,790
-126.88433837890625,-3.494464874267578,64.52687072753906,1203.11328125,791
-125.50201416015625,-3.446082830429077,63.87422180175781,1204.6427001953125,792
-124.13621520996094,-3.398474931716919,63.229488372802734,1206.15380859375,793
-122.74360656738281,-3.349822759628296,62.57315444946289,1207.694091796875,794
-121.37007141113281,-3.3020684719085693,61.926856994628906,1209.212890625,795
-119.97109985351562,-3.2532856464385986,61.26884460449219,1210.7596435546875,796
-118.59396362304688,-3.205408811569214,60.622314453125,1212.28173828125,797
-117.19197082519531,-3.156712293624878,59.96589660644531,1213.83056640625,798
-115.81471252441406,-3.108893394470215,59.32209777832031,1215.3515625,799
-114.41436767578125,-3.0602660179138184,58.66770935058594,1216.8980712890625,800
-113.0421371459961,-3.0126514434814453,58.026206970214844,1218.41357421875,801
-111.64848327636719,-2.9643239974975586,57.37366485595703,1219.953125,802
-110.28656005859375,-2.917133092880249,56.733699798583984,1221.4586181640625,803
-108.90545654296875,-2.869307279586792,56.08138656616211,1222.98681640625,804
-107.50508880615234,-2.8208675384521484,55.41667938232422,1224.5377197265625,805
-106.1397705078125,-2.773735284805298,54.7669792175293,1226.0504150390625,806
-104.7552261352539,-2.726055860519409,54.108306884765625,1227.5843505859375,807
-103.35131072998047,-2.6778435707092285,53.44099426269531,1229.1395263671875,808
-101.98552703857422,-2.631093978881836,52.79206848144531,1230.65234375,809
-100.60221099853516,-2.5837807655334473,52.1348991394043,1232.1845703125,810
-99.20152282714844,-2.5349647998809814,51.46977996826172,1233.7359619140625,811
-97.84281158447266,-2.48612642288208,50.82548522949219,1235.240478515625,812
-96.46817779541016,-2.434652090072632,50.175174713134766,1236.7620849609375,813
-95.0779800415039,-2.3808019161224365,49.51912307739258,1238.30029296875,814
-93.67264556884766,-2.325005054473877,48.85672378540039,1239.8548583984375,815
-92.31481170654297,-2.270035743713379,48.21641540527344,1241.3570556640625,816
-90.9441909790039,-2.213819742202759,47.56886291503906,1242.8740234375,817
-89.56097412109375,-2.1564853191375732,46.91392517089844,1244.405517578125,818
-88.16526794433594,-2.0981040000915527,46.251792907714844,1245.951416015625,819
-86.75714874267578,-2.038792371749878,45.582969665527344,1247.511474609375,820
-85.40162658691406,-1.9813966751098633,44.93866729736328,1249.013427734375,821
-84.03541564941406,-1.923356056213379,44.28886795043945,1250.52734375,822
-82.65898895263672,-1.8648126125335693,43.63368225097656,1252.0528564453125,823
-81.27271270751953,-1.805841326713562,42.97332763671875,1253.5894775390625,824
-79.87712860107422,-1.746552586555481,42.30820846557617,1255.1365966796875,825
-78.47296905517578,-1.6871490478515625,41.63874435424805,1256.693359375,826
-77.06083679199219,-1.6283451318740845,40.9649658203125,1258.259033203125,827
-75.64120483398438,-1.5713999271392822,40.286163330078125,1259.8336181640625,828
-74.2829818725586,-1.5185022354125977,39.63452911376953,1261.3409423828125,829
-72.9183578491211,-1.4666293859481812,38.97826385498047,1262.8560791015625,830
-71.54749298095703,-1.4155207872390747,38.31830978393555,1264.37841796875,831
-70.17121887207031,-1.3656803369522095,37.65538024902344,1265.9068603515625,832
-68.79036712646484,-1.31727933883667,36.98991775512695,1267.4404296875,833
-67.40587615966797,-1.2703309059143066,36.32231521606445,1268.9781494140625,834
-66.01893615722656,-1.2250323295593262,35.65306091308594,1270.518798828125,835
-64.63053131103516,-1.1818386316299438,34.982566833496094,1272.061279296875,836
-63.24163818359375,-1.1404383182525635,34.31105041503906,1273.6044921875,837
-61.85334777832031,-1.100927472114563,33.639408111572266,1275.147216796875,838
-60.46651840209961,-1.0628137588500977,32.96864318847656,1276.688232421875,839
-59.08256149291992,-1.024230718612671,32.29946517944336,1278.2259521484375,840
-57.70242691040039,-0.9859273433685303,31.6320743560791,1279.7593994140625,841
-56.32654571533203,-0.9477904438972473,30.966089248657227,1281.2884521484375,842
-54.9561882019043,-0.9116369485855103,30.30229377746582,1282.8115234375,843
-53.592044830322266,-0.8776835203170776,29.641393661499023,1284.3277587890625,844
-52.23448944091797,-0.8452044129371643,28.98413848876953,1285.83642578125,845
-50.817108154296875,-0.8125516772270203,28.297935485839844,1287.4114990234375,846
-49.40900802612305,-0.7812172770500183,27.615413665771484,1288.9765625,847
-48.011016845703125,-0.7512331604957581,26.936555862426758,1290.5308837890625,848
-46.62397384643555,-0.7225899696350098,26.261611938476562,1292.07373046875,849
-45.248653411865234,-0.6954222321510315,25.590862274169922,1293.6041259765625,850
-43.88496398925781,-0.6703946590423584,24.924230575561523,1295.1221923828125,851
-42.532901763916016,-0.6467499136924744,24.261661529541016,1296.6280517578125,852
-41.12898635864258,-0.6232681274414062,23.572019577026367,1298.1923828125,853
-39.73753356933594,-0.6003196239471436,22.886816024780273,1299.7435302734375,854
-38.357460021972656,-0.5781524777412415,22.20557403564453,1301.28271484375,855
-36.98566818237305,-0.556672215461731,21.526765823364258,1302.8133544921875,856
-35.61967468261719,-0.535676896572113,20.849061965942383,1304.33837890625,857
-34.25850296020508,-0.5151375532150269,20.17180824279785,1305.85888671875,858
-32.90187072753906,-0.4950280785560608,19.4947452545166,1307.375244140625,859
-31.548965454101562,-0.4753163754940033,18.817432403564453,1308.8883056640625,860
-30.199111938476562,-0.4559553265571594,18.139497756958008,1310.39892578125,861
-28.851591110229492,-0.43690165877342224,17.460649490356445,1311.9078369140625,862
-27.505544662475586,-0.41813924908638,16.780481338500977,1313.4161376953125,863
-26.16093635559082,-0.39962658286094666,16.09882164001465,1314.9237060546875,864
-24.818115234375,-0.3813512325286865,15.415452003479004,1316.4305419921875,865
-23.47848129272461,-0.3633245825767517,14.730860710144043,1317.93505859375,866
-22.14348793029785,-0.34553584456443787,14.045791625976562,1319.4356689453125,867
-20.75408172607422,-0.32720747590065,13.329782485961914,1320.998779296875,868
-19.371618270874023,-0.30914491415023804,12.614529609680176,1322.555419921875,869
-18.037704467773438,-0.2920043468475342,11.921767234802246,1324.05859375,870
-16.720821380615234,-0.2752825915813446,11.237255096435547,1325.5428466796875,871
-15.411483764648438,-0.25883471965789795,10.556570053100586,1327.0186767578125,872
-14.104934692382812,-0.24259039759635925,9.8775634765625,1328.4912109375,873
-12.798895835876465,-0.22651629149913788,9.199292182922363,1329.962890625,874
-11.49259090423584,-0.21059994399547577,8.521529197692871,1331.4345703125,875
-10.185839653015137,-0.19483594596385956,7.844306945800781,1332.906494140625,876
-8.878819465637207,-0.17922338843345642,7.167776107788086,1334.3782958984375,877
-7.57177734375,-0.16376152634620667,6.4920878410339355,1335.8497314453125,878
-6.264897346496582,-0.14844805002212524,5.817297458648682,1337.320556640625,879
-4.958318710327148,-0.1332802027463913,5.143427848815918,1338.790771484375,880
-3.6520495414733887,-0.11825238913297653,4.470358371734619,1340.26025390625,881
-2.3460421562194824,-0.10335762053728104,3.797902822494507,1341.729248046875,882
-1.040176272392273,-0.08858823031187057,3.12581729888916,1343.197998046875,883
0.26593905687332153,-0.07393224537372589,2.45365047454834,1344.6669921875,884
1.5731656551361084,-0.05937229096889496,1.7806698083877563,1346.1373291015625,885
2.883183479309082,-0.04488255828619003,1.105703353881836,1347.611083984375,886
4.198781967163086,-0.030425772070884705,0.42699694633483887,1349.091552734375,887
5.523843765258789,-0.015953470021486282,-0.2577711343765259,1350.5831298828125,888
6.862884521484375,-0.0014121111016720533,-0.9511942267417908,1352.091064453125,889
8.220101356506348,0.013245685026049614,-1.6555840969085693,1353.6202392578125,890
9.597984313964844,0.028046410530805588,-2.372229814529419,1355.1734619140625,891
10.995976448059082,0.04298149421811104,-3.100675344467163,1356.7498779296875,892
12.409794807434082,0.05800008401274681,-3.8383636474609375,1358.3446044921875,893
