17.3235,-0.3242,1.4266,0.000131
17.9033,-0.3184,1.7191,0.000608
18.4836,-0.3125,2.0117,0.001088
19.0621,-0.3068,2.3034,0.001563
19.6422,-0.3010,2.5959,0.002042
20.2224,-0.2952,2.8883,0.002520
20.8009,-0.2895,3.1800,0.002997
21.4340,-0.2833,3.4990,0.003521
22.0139,-0.2776,3.7910,0.003997
22.5926,-0.2719,4.0822,0.004476
23.1734,-0.2663,4.3741,0.004954
23.7533,-0.2607,4.6653,0.005434
24.3324,-0.2551,4.9559,0.005913
24.9135,-0.2495,5.2473,0.006393
25.4935,-0.2439,5.5381,0.006871
26.0729,-0.2384,5.8284,0.007350
26.7072,-0.2323,6.1458,0.007874
27.2871,-0.2269,6.4358,0.008352
27.8672,-0.2214,6.7258,0.008831
28.4488,-0.2159,7.0165,0.009310
29.0287,-0.2105,7.3062,0.009787
29.6092,-0.2050,7.5962,0.010265
30.1909,-0.1996,7.8868,0.010745
30.7708,-0.1942,8.1766,0.011223
31.3516,-0.1888,8.4669,0.011701
31.9861,-0.1830,8.7840,0.012223
32.5658,-0.1776,9.0737,0.012701
33.1470,-0.1723,9.3643,0.013178
33.7284,-0.1670,9.6549,0.013657
34.3081,-0.1617,9.9446,0.014133
34.8896,-0.1564,10.2353,0.014609
35.4708,-0.1511,10.5258,0.015087
36.0505,-0.1459,10.8156,0.015564
36.6321,-0.1406,11.1063,0.016040
37.2659,-0.1349,11.4231,0.016561
37.8457,-0.1297,11.7131,0.017037
38.4276,-0.1245,12.0041,0.017516
39.0082,-0.1194,12.2945,0.017991
39.5882,-0.1142,12.5847,0.018468
40.1701,-0.1090,12.8757,0.018943
40.7505,-0.1039,13.1660,0.019421
41.3307,-0.0988,13.4562,0.019895
41.9126,-0.0937,13.7473,0.020369
42.5455,-0.0882,14.0640,0.020889
43.1261,-0.0831,14.3546,0.021365
43.7079,-0.0781,14.6457,0.021840
44.2878,-0.0730,14.9358,0.022314
44.8687,-0.0680,15.2264,0.022789
45.4504,-0.0630,15.5174,0.023263
46.0302,-0.0580,15.8075,0.023737
46.6114,-0.0531,16.0983,0.024212
47.1930,-0.0481,16.3892,0.024687
47.8255,-0.0427,16.7056,0.025200
48.4071,-0.0378,16.9964,0.025837
48.9885,-0.0329,17.2870,0.026207
49.5683,-0.0281,17.5768,0.026288
50.7315,-0.0184,18.1577,0.027614
51.3115,-0.0136,18.4473,0.028023
51.8936,-0.0088,18.7379,0.029587
53.6902,0.0059,19.6345,0.029828
54.2712,0.0106,19.9242,0.030340
54.8519,0.0153,20.2138,0.030907
55.4343,0.0200,20.5041,0.031381
56.0152,0.0246,20.7935,0.031854
56.5962,0.0293,21.0830,0.032327
57.1788,0.0339,21.3730,0.032801
57.7596,0.0385,21.6622,0.033272
58.3940,0.0434,21.9779,0.033790
58.9765,0.0480,22.2676,0.034260
59.5572,0.0525,22.5565,0.034731
60.1392,0.0570,22.8458,0.035200
60.7220,0.0614,23.1355,0.035673
61.3030,0.0658,23.4242,0.036145
61.8851,0.0703,23.7133,0.036617
62.4687,0.0747,24.0031,0.037087
63.0505,0.0790,24.2919,0.037556
63.6854,0.0837,24.6070,0.038070
64.2705,0.0880,24.8972,0.038544
64.8585,0.0923,25.1887,0.039020
65.4484,0.0966,25.4811,0.039496
66.0392,0.1008,25.7740,0.039973
66.6294,0.1051,26.0667,0.040455
67.2176,0.1092,26.3585,0.040938
67.8034,0.1132,26.6492,0.041419
68.3869,0.1170,26.9389,0.041898
69.0207,0.1210,27.2535,0.042415
69.5987,0.1245,27.5405,0.042896
70.1746,0.1276,27.8264,0.043365
70.7481,0.1307,28.1109,0.043842
71.3190,0.1334,28.3940,0.044307
71.8877,0.1359,28.6758,0.044778
72.4541,0.1383,28.9564,0.045243
73.0179,0.1403,29.2357,0.045714
73.5795,0.1421,29.5138,0.046187
74.1894,0.1441,29.8156,0.046699
74.7463,0.1452,30.0911,0.047168
75.3009,0.1463,30.3652,0.047641
75.8530,0.1472,30.6379,0.048111
76.4031,0.1477,30.9094,0.048570
76.9510,0.1482,31.1796,0.049037
77.4965,0.1481,31.4483,0.049497
78.0401,0.1479,31.7156,0.049956
78.5813,0.1475,31.9814,0.050419
79.1692,0.1465,32.2699,0.050920
79.7046,0.1457,32.5323,0.051375
80.2370,0.1441,32.7929,0.051834
80.7654,0.1426,33.0514,0.052291
81.2895,0.1405,33.3073,0.052740
81.8096,0.1383,33.5608,0.053186
82.3251,0.1358,33.8113,0.053632
82.8364,0.1329,34.0589,0.054067
83.3889,0.1296,34.3252,0.054542
83.8911,0.1260,34.5662,0.054968
84.3887,0.1224,34.8039,0.055392
84.8824,0.1182,35.0386,0.055806
85.3718,0.1139,35.2703,0.056224
85.8581,0.1091,35.4996,0.056637
86.3412,0.1042,35.7263,0.057046
86.8218,0.0988,35.9508,0.057453
87.2993,0.0932,36.1724,0.057852
87.8177,0.0866,36.4108,0.058294
88.2900,0.0802,36.6254,0.058691
88.7603,0.0735,36.8361,0.059089
89.2279,0.0663,37.0423,0.059484
89.6935,0.0589,37.2436,0.059877
90.1574,0.0510,37.4399,0.060268
90.6191,0.0428,37.6310,0.060658
91.0792,0.0342,37.8167,0.061045
91.5373,0.0253,37.9970,0.061431
92.0351,0.0152,38.1878,0.061848
92.4897,0.0056,38.3572,0.062230
92.9428,-0.0043,38.5218,0.062607
93.3941,-0.0144,38.6815,0.062988
93.8438,-0.0247,38.8366,0.063357
94.2919,-0.0351,38.9870,0.063731
94.7412,-0.0456,39.1274,0.064106
95.1875,-0.0555,39.2690,0.064476
95.6333,-0.0653,39.4065,0.064853
96.0787,-0.0749,39.5400,0.065232
96.5639,-0.0850,39.6810,0.065641
97.0081,-0.0937,39.8060,0.066023
97.4518,-0.1019,39.9269,0.066405
97.8948,-0.1092,40.0435,0.066785
98.3363,-0.1157,40.1554,0.067167
98.7778,-0.1212,40.2630,0.067543
99.2186,-0.1257,40.3660,0.067916
99.6584,-0.1292,40.4646,0.068295
100.1370,-0.1320,40.5672,0.068705
100.5748,-0.1337,40.6566,0.069075
101.0109,-0.1344,40.7415,0.069457
101.4465,-0.1342,40.8220,0.069841
101.8811,-0.1333,40.8979,0.070217
102.3136,-0.1317,40.9687,0.070608
102.7455,-0.1292,41.0342,0.071003
103.1760,-0.1263,41.0940,0.071392
103.6043,-0.1224,41.1479,0.071792
104.0704,-0.1181,41.2001,0.072226
104.4956,-0.1134,41.2425,0.072619
104.9194,-0.1087,41.2796,0.073018
105.3421,-0.1034,41.3119,0.073417
105.7629,-0.0979,41.3390,0.073817
106.1823,-0.0919,41.3612,0.074216
106.5996,-0.0858,41.3781,0.074621
107.0153,-0.0792,41.3891,0.075011
107.4284,-0.0724,41.3939,0.075392
107.8395,-0.0652,41.3914,0.075781
108.2844,-0.0570,41.3806,0.076195
108.6900,-0.0493,41.3626,0.076566
109.0923,-0.0412,41.3377,0.076940
109.4926,-0.0329,41.3059,0.077302
109.8898,-0.0242,41.2682,0.077665
110.2847,-0.0154,41.2242,0.078026
110.6771,-0.0061,41.1747,0.078380
111.0670,0.0032,41.1195,0.078735
111.4896,0.0139,41.0537,0.079129
111.8758,0.0238,40.9879,0.079480
112.2632,0.0343,40.9173,0.079844
112.6533,0.0449,40.8415,0.080208
113.0469,0.0562,40.7601,0.080567
113.4430,0.0676,40.6736,0.080935
113.8421,0.0797,40.5810,0.081309
114.2436,0.0920,40.4827,0.081679
114.6482,0.1049,40.3777,0.082056
115.0922,0.1193,40.2557,0.082470
115.5019,0.1331,40.1359,0.082849
115.9129,0.1472,40.0090,0.083238
116.3248,0.1618,39.8738,0.083628
116.7362,0.1767,39.7306,0.084021
117.1459,0.1920,39.5795,0.084413
117.5539,0.2076,39.4195,0.084812
117.9615,0.2237,39.2566,0.085216
118.3647,0.2400,39.0794,0.085624
118.8007,0.2581,38.8769,0.086069
119.1975,0.2751,38.6819,0.086481
119.5907,0.2922,38.4789,0.086883
119.9810,0.3098,38.2671,0.087294
120.3651,0.3274,38.0421,0.087708
120.7484,0.3457,37.8143,0.088114
121.1284,0.3642,37.5780,0.088529
121.5056,0.3831,37.3338,0.088937
121.8812,0.4025,37.0806,0.089349
122.2901,0.4240,36.7944,0.089810
122.6648,0.4444,36.5232,0.090240
123.0398,0.4653,36.2427,0.090673
123.4145,0.4867,35.9532,0.091118
123.7883,0.5087,35.6553,0.091564
124.1608,0.5324,35.3474,0.092019
124.5296,0.5575,35.0304,0.092477
124.8938,0.5841,34.7052,0.092930
125.2538,0.6121,34.3699,0.093385
125.6413,0.6437,33.9941,0.093905
125.9914,0.6736,33.6414,0.094365
126.3407,0.7053,33.2823,0.094842
126.6803,0.7377,32.9110,0.095305
127.0138,0.7708,32.5324,0.095776
127.3406,0.8045,32.1451,0.096250
127.6598,0.8383,31.7505,0.096727
127.9714,0.8728,31.3494,0.097200
128.2744,0.9070,30.9408,0.097692
128.5953,0.9444,30.4885,0.098223
128.8805,0.9790,30.0660,0.098721
129.1565,1.0128,29.6378,0.099216
129.4236,1.0469,29.2049,0.099708
129.6812,1.0804,28.7651,0.100210
129.9285,1.1134,28.3219,0.100696
130.1646,1.1462,27.8740,0.101174
130.3895,1.1779,27.4228,0.101661
130.6014,1.2092,26.9690,0.102128
130.8185,1.2423,26.4707,0.102638
131.0044,1.2716,26.0133,0.103112
131.1775,1.3004,25.5538,0.103570
131.3391,1.3280,25.0925,0.104032
131.4881,1.3549,24.6299,0.104498
131.6259,1.3809,24.1645,0.104951
131.7531,1.4062,23.6966,0.105415
131.8712,1.4308,23.2244,0.105872
131.9794,1.4546,22.7484,0.106321
132.0877,1.4800,22.2229,0.106798
132.1771,1.5022,21.7365,0.107252
132.2586,1.5241,21.2444,0.107687
132.3309,1.5447,20.7479,0.108120
132.3950,1.5649,20.2467,0.108543
132.4516,1.5839,19.7397,0.108964
132.4995,1.6024,19.2287,0.109402
132.5409,1.6198,18.7116,0.109823
132.5760,1.6364,18.1897,0.110245
132.6099,1.6535,17.6123,0.110707
132.6373,1.6682,17.0768,0.111145
132.6622,1.6824,16.5333,0.111569
132.6839,1.6962,15.9836,0.112016
132.7020,1.7091,15.4285,0.112457
132.7161,1.7208,14.8678,0.112896
132.7259,1.7314,14.3021,0.113356
132.7307,1.7410,13.7312,0.113796
132.7293,1.7496,13.1565,0.114248
132.7200,1.7583,12.5251,0.114746
132.7036,1.7655,11.9431,0.115208
132.6789,1.7715,11.3574,0.115654
132.6458,1.7769,10.7692,0.116120
132.6041,1.7818,10.1781,0.116584
132.5533,1.7859,9.5842,0.117060
132.4937,1.7895,8.9889,0.117529
132.4250,1.7927,8.3921,0.118006
132.3472,1.7953,7.7947,0.118472
132.2523,1.7977,7.1420,0.118994
132.1565,1.7994,6.5425,0.119469
132.0527,1.8006,5.9421,0.119934
131.9410,1.8016,5.3407,0.120410
131.8216,1.8021,4.7380,0.120891
131.6948,1.8023,4.1344,0.121354
131.5610,1.8022,3.5295,0.121827
131.4208,1.8017,2.9233,0.122284
131.2750,1.8011,2.3154,0.122763
131.1103,1.8000,1.6501,0.123275
130.9547,1.7989,1.0381,0.123753
130.7950,1.7976,0.4242,0.124223
130.6321,1.7961,-0.1915,0.124696
130.4667,1.7945,-0.8092,0.125168
130.3000,1.7928,-1.4289,0.125651
130.1337,1.7910,-2.0509,0.126123
129.9688,1.7893,-2.6750,0.126604
129.8058,1.7875,-3.3007,0.127084
129.6307,1.7856,-3.9850,0.127613
129.4726,1.7839,-4.6135,0.128097
129.3166,1.7823,-5.2430,0.128587
129.1625,1.7807,-5.8736,0.129072
129.0099,1.7792,-6.5051,0.129561
128.8586,1.7777,-7.1375,0.130053
128.7089,1.7763,-7.7706,0.130539
128.5611,1.7750,-8.4039,0.131022
128.4157,1.7738,-9.0366,0.131509
128.2603,1.7727,-9.7250,0.132032
128.1212,1.7719,-10.3542,0.132515
127.9850,1.7712,-10.9815,0.132991
127.8519,1.7707,-11.6067,0.133470
127.7216,1.7704,-12.2300,0.133943
127.5942,1.7703,-12.8510,0.134417
127.4695,1.7704,-13.4699,0.134877
127.3475,1.7708,-14.0867,0.135351
127.2283,1.7714,-14.7011,0.135818
127.1010,1.7724,-15.3689,0.136329
126.9867,1.7736,-15.9786,0.136793
126.8743,1.7751,-16.5855,0.137256
126.7631,1.7769,-17.1898,0.137711
126.6527,1.7790,-17.7910,0.138173
126.5424,1.7812,-18.3889,0.138618
126.4318,1.7834,-18.9837,0.139066
126.3210,1.7857,-19.5752,0.139522
126.2102,1.7880,-20.1633,0.139964
126.0895,1.7905,-20.8004,0.140444
125.9793,1.7928,-21.3800,0.140889
125.8698,1.7952,-21.9550,0.141307
125.7610,1.7975,-22.5250,0.141736
125.6530,1.7999,-23.0895,0.142170
125.5458,1.8023,-23.6484,0.142587
125.4395,1.8047,-24.2015,0.143008
125.3342,1.8071,-24.7490,0.143425
125.2301,1.8096,-25.2906,0.143838
125.1178,1.8123,-25.8749,0.144271
125.0157,1.8148,-26.4041,0.144690
124.9146,1.8172,-26.9271,0.145084
124.8144,1.8197,-27.4440,0.145489
124.7153,1.8222,-27.9546,0.145889
124.6172,1.8248,-28.4590,0.146279
124.5203,1.8273,-28.9569,0.146671
124.4242,1.8298,-29.4481,0.147051
124.3290,1.8323,-29.9323,0.147429
124.2263,1.8351,-30.4521,0.147841
124.1331,1.8375,-30.9208,0.148214
124.0407,1.8401,-31.3818,0.148590
123.9492,1.8425,-31.8350,0.148967
123.8584,1.8450,-32.2806,0.149328
123.7684,1.8475,-32.7184,0.149694
123.6793,1.8499,-33.1486,0.150078
123.5912,1.8524,-33.5713,0.150433
123.5041,1.8548,-33.9865,0.150788
123.4102,1.8574,-34.4310,0.151196
123.3253,1.8598,-34.8308,0.151561
123.2414,1.8623,-35.2232,0.151899
123.1583,1.8646,-35.6080,0.152262
123.0757,1.8670,-35.9852,0.152614
122.9934,1.8693,-36.3543,0.152955
122.9110,1.8716,-36.7151,0.153312
122.8281,1.8739,-37.0672,0.153676
122.7364,1.8762,-37.4409,0.154043
122.6510,1.8783,-37.7736,0.154382
122.5639,1.8803,-38.0969,0.154737
122.4752,1.8822,-38.4108,0.155066
122.3851,1.8840,-38.7155,0.155386
122.2935,1.8858,-39.0110,0.155712
122.2003,1.8874,-39.2975,0.156020
122.1045,1.8890,-39.5751,0.156311
122.0059,1.8905,-39.8433,0.156619
121.9035,1.8918,-40.1016,0.156916
121.7871,1.8930,-40.3715,0.157214
121.6754,1.8940,-40.6074,0.157484
121.5589,1.8948,-40.8318,0.157763
121.4371,1.8955,-41.0443,0.158035
121.3104,1.8959,-41.2444,0.158276
121.1789,1.8961,-41.4323,0.158527
121.0436,1.8962,-41.6076,0.158761
120.9043,1.8959,-41.7705,0.158994
120.7617,1.8954,-41.9208,0.159221
120.6034,1.8943,-42.0700,0.159451
120.4563,1.8929,-42.1947,0.159657
120.3085,1.8913,-42.3072,0.159852
120.1593,1.8894,-42.4076,0.160050
120.0096,1.8872,-42.4955,0.160228
119.8579,1.8847,-42.5707,0.160406
119.7048,1.8820,-42.6330,0.160580
119.5515,1.8789,-42.6840,0.160748
119.3965,1.8758,-42.7268,0.160915
119.2290,1.8721,-42.7662,0.161095
119.0733,1.8684,-42.7970,0.161256
118.9191,1.8650,-42.8220,0.161422
118.7635,1.8608,-42.8413,0.161582
118.6080,1.8572,-42.8559,0.161741
118.4525,1.8528,-42.8645,0.161897
118.2955,1.8488,-42.8683,0.162060
118.1419,1.8449,-42.8668,0.162220
117.9880,1.8407,-42.8600,0.162377
117.8191,1.8371,-42.8477,0.162547
117.6670,1.8338,-42.8304,0.162706
117.5153,1.8302,-42.8018,0.162861
117.3649,1.8278,-42.7751,0.163016
117.2165,1.8255,-42.7431,0.163171
117.0702,1.8232,-42.7074,0.163327
116.9236,1.8210,-42.6675,0.163487
116.7798,1.8190,-42.6239,0.163642
116.6380,1.8170,-42.5769,0.163796
116.4838,1.8149,-42.5213,0.163966
116.3454,1.8134,-42.4668,0.164120
116.2087,1.8117,-42.4092,0.164272
116.0721,1.8102,-42.3477,0.164421
115.9385,1.8091,-42.2833,0.164571
115.8062,1.8078,-42.2152,0.164727
115.6741,1.8068,-42.1431,0.164879
115.5454,1.8063,-42.0676,0.165033
115.4182,1.8057,-41.9887,0.165182
115.2794,1.8058,-41.8991,0.165346
115.1539,1.8062,-41.8143,0.165498
115.0320,1.8077,-41.7249,0.165647
114.9111,1.8092,-41.6385,0.165799
114.7869,1.8109,-41.5482,0.165952
114.6657,1.8126,-41.4569,0.166107
114.5446,1.8146,-41.3633,0.166263
114.4241,1.8166,-41.2679,0.166416
114.3033,1.8186,-41.1703,0.166578
114.1721,1.8210,-41.0611,0.166753
114.0524,1.8232,-40.9583,0.166917
113.9321,1.8255,-40.8514,0.167078
113.8131,1.8280,-40.7413,0.167249
113.6945,1.8304,-40.6274,0.167416
113.5766,1.8330,-40.5096,0.167596
113.4595,1.8357,-40.3879,0.167773
113.3427,1.8384,-40.2615,0.167955
113.2272,1.8413,-40.1310,0.168142
113.1028,1.8444,-39.9833,0.168344
112.9912,1.8473,-39.8428,0.168539
112.8829,1.8503,-39.6976,0.168738
112.7780,1.8532,-39.5476,0.168941
112.6764,1.8561,-39.3933,0.169150
112.5785,1.8588,-39.2348,0.169360
112.4840,1.8616,-39.0723,0.169568
112.3937,1.8642,-38.9063,0.169781
112.3067,1.8666,-38.7362,0.170001
112.2164,1.8692,-38.5465,0.170256
112.1390,1.8712,-38.3692,0.170482
112.0648,1.8730,-38.1879,0.170711
111.9950,1.8749,-38.0039,0.170943
111.9295,1.8766,-37.8156,0.171171
111.8685,1.8781,-37.6254,0.171420
111.8120,1.8794,-37.4311,0.171662
111.7599,1.8806,-37.2345,0.171908
111.7126,1.8816,-37.0345,0.172149
111.6663,1.8828,-36.8133,0.172409
111.6288,1.8837,-36.6079,0.172655
111.5959,1.8845,-36.3995,0.172901
111.5672,1.8855,-36.1886,0.173144
111.5424,1.8863,-35.9754,0.173397
111.5214,1.8871,-35.7597,0.173658
111.5047,1.8879,-35.5417,0.173918
111.4932,1.8886,-35.3216,0.174181
111.4873,1.8894,-35.0994,0.174428
111.4873,1.8902,-34.8547,0.174717
111.4933,1.8909,-34.6286,0.174986
111.4983,1.8919,-34.3996,0.175248
111.5130,1.8929,-34.1692,0.175500
111.5301,1.8938,-33.9361,0.175737
111.5493,1.8948,-33.7001,0.176010
111.5714,1.8957,-33.4607,0.176268
111.5971,1.8965,-33.2178,0.176512
111.6267,1.8973,-32.9711,0.176741
111.6636,1.8982,-32.6977,0.177005
111.7012,1.8989,-32.4428,0.177266
111.7413,1.8996,-32.1830,0.177507
111.7824,1.9004,-31.9177,0.177741
111.8238,1.9012,-31.6463,0.177980
111.8660,1.9020,-31.3687,0.178238
111.9108,1.9028,-31.0853,0.178482
111.9594,1.9036,-30.7962,0.178730
112.0169,1.9045,-30.4744,0.178988
112.0738,1.9052,-30.1732,0.179233
112.1342,1.9059,-29.8654,0.179485
112.1972,1.9066,-29.5503,0.179747
112.2616,1.9073,-29.2272,0.180016
112.3268,1.9081,-28.8956,0.180279
112.3927,1.9089,-28.5554,0.180556
112.4594,1.9098,-28.2068,0.180835
112.5268,1.9107,-27.8498,0.181123
112.5953,1.9116,-27.4847,0.181415
112.6711,1.9127,-27.0772,0.181742
112.7414,1.9137,-26.6951,0.182039
112.8123,1.9148,-26.3048,0.182345
112.8835,1.9159,-25.9063,0.182661
112.9549,1.9170,-25.4996,0.182977
113.0267,1.9182,-25.0850,0.183304
113.0996,1.9194,-24.6627,0.183631
113.1740,1.9207,-24.2332,0.183973
113.2502,1.9219,-23.7965,0.184311
113.3354,1.9232,-23.3120,0.184692
113.4153,1.9244,-22.8604,0.185047
113.4972,1.9256,-22.4018,0.185397
113.5808,1.9268,-21.9360,0.185758
113.6662,1.9280,-21.4631,0.186120
113.7532,1.9291,-20.9829,0.186484
113.8418,1.9302,-20.4954,0.186857
113.9321,1.9313,-20.0008,0.187233
114.0241,1.9324,-19.4988,0.187615
114.1265,1.9338,-18.9428,0.188035
114.2221,1.9351,-18.4258,0.188427
114.3195,1.9364,-17.9019,0.188823
114.4187,1.9376,-17.3711,0.189224
114.5197,1.9389,-16.8336,0.189624
114.6224,1.9404,-16.2900,0.190033
114.7271,1.9421,-15.7405,0.190451
114.8339,1.9439,-15.1859,0.190865
114.9427,1.9458,-14.6264,0.191288
115.0637,1.9481,-14.0109,0.191750
115.1762,1.9502,-13.4422,0.192178
115.2902,1.9525,-12.8694,0.192609
115.4057,1.9548,-12.2926,0.193042
115.5228,1.9572,-11.7124,0.193471
115.6412,1.9596,-11.1290,0.193904
115.7608,1.9621,-10.5430,0.194342
115.8813,1.9646,-9.9551,0.194777
116.0023,1.9672,-9.3666,0.195210
116.1344,1.9699,-8.7262,0.195687
116.2554,1.9724,-8.1417,0.196124
116.3766,1.9749,-7.5597,0.196557
116.4979,1.9773,-6.9802,0.196984
116.6191,1.9797,-6.4032,0.197416
116.7401,1.9821,-5.8285,0.197839
116.8606,1.9844,-5.2561,0.198261
116.9806,1.9867,-4.6858,0.198675
117.1108,1.9891,-4.0662,0.199137
117.2290,1.9912,-3.5004,0.199546
117.3459,1.9933,-2.9364,0.199960
117.4608,1.9953,-2.3740,0.200374
117.5732,1.9973,-1.8130,0.200786
117.6823,1.9993,-1.2539,0.201192
117.7874,2.0012,-0.6973,0.201596
117.8879,2.0030,-0.1441,0.201995
117.9835,2.0049,0.4056,0.202386
118.0815,2.0068,1.0000,0.202813
118.1653,2.0086,1.5399,0.203196
118.2428,2.0103,2.0745,0.203570
118.3144,2.0119,2.6037,0.203940
118.3800,2.0134,3.1270,0.204305
118.4400,2.0149,3.6446,0.204661
118.4945,2.0163,4.1559,0.205018
118.5435,2.0176,4.6612,0.205364
118.5869,2.0187,5.1601,0.205711
118.6241,2.0198,5.6533,0.206046
118.6568,2.0208,6.1842,0.206414
118.6791,2.0217,6.6650,0.206732
118.6934,2.0223,7.1394,0.207049
118.6999,2.0226,7.6084,0.207362
118.6983,2.0228,8.0708,0.207665
118.6882,2.0228,8.5273,0.207971
118.6695,2.0228,8.9770,0.208264
118.6423,2.0225,9.4204,0.208557
118.6032,2.0222,9.8959,0.208873
118.5591,2.0216,10.3262,0.209147
118.5081,2.0206,10.7502,0.209426
118.4514,2.0187,11.1711,0.209700
118.3901,2.0169,11.5881,0.209969
118.3250,2.0152,12.0015,0.210228
118.2505,2.0135,12.4098,0.210504
118.1775,2.0111,12.8167,0.210762
118.1002,2.0089,13.2207,0.211023
118.0106,2.0068,13.6585,0.211307
117.9237,2.0036,14.0553,0.211559
117.8327,1.9998,14.4513,0.211818
117.7371,1.9963,14.8444,0.212067
117.6370,1.9930,15.2347,0.212317
117.5330,1.9877,15.6205,0.212561
117.4250,1.9825,16.0054,0.212807
117.3132,1.9775,16.3875,0.213052
117.1967,1.9721,16.7650,0.213291
117.0643,1.9648,17.1756,0.213553
116.9377,1.9584,17.5489,0.213788
116.8060,1.9525,17.9178,0.214020
116.6669,1.9446,18.2846,0.214256
116.5213,1.9372,18.6469,0.214481
116.3687,1.9302,19.0036,0.214702
116.2099,1.9227,19.3534,0.214928
116.0439,1.9145,19.6986,0.215150
115.8704,1.9069,20.0373,0.215361
115.6737,1.8990,20.3981,0.215590
115.4857,1.8904,20.7253,0.215793
115.2905,1.8822,21.0463,0.215999
115.0885,1.8745,21.3615,0.216203
114.8806,1.8665,21.6697,0.216404
114.6653,1.8579,21.9730,0.216607
114.4431,1.8497,22.2699,0.216805
114.2142,1.8419,22.5607,0.217006
113.9793,1.8336,22.8424,0.217203
113.7149,1.8247,23.1416,0.217409
113.4669,1.8169,23.4071,0.217603
113.2139,1.8099,23.6618,0.217792
112.9552,1.8022,23.9080,0.217972
112.6923,1.7950,24.1449,0.218159
112.4250,1.7886,24.3733,0.218343
112.1534,1.7823,24.5926,0.218522
111.8773,1.7760,24.8042,0.218697
111.5972,1.7704,25.0082,0.218877
111.2871,1.7648,25.2210,0.219064
110.9991,1.7604,25.4074,0.219236
110.7076,1.7564,25.5859,0.219412
110.4131,1.7530,25.7561,0.219583
110.1162,1.7498,25.9178,0.219755
109.8161,1.7463,26.0717,0.219925
109.5136,1.7433,26.2173,0.220099
109.2093,1.7407,26.3552,0.220266
108.9032,1.7382,26.4865,0.220439
108.5657,1.7353,26.6242,0.220623
108.2540,1.7327,26.7518,0.220791
107.9364,1.7312,26.8703,0.220964
107.6135,1.7298,26.9850,0.221135
107.2850,1.7286,27.0952,0.221312
106.9504,1.7275,27.2005,0.221490
106.6095,1.7265,27.3003,0.221672
106.2625,1.7257,27.3943,0.221851
105.9096,1.7249,27.4813,0.222033
105.5190,1.7244,27.5674,0.222231
105.1561,1.7240,27.6377,0.222415
104.7887,1.7236,27.6997,0.222593
104.4176,1.7234,27.7532,0.222781
104.0433,1.7234,27.7978,0.222965
103.6668,1.7234,27.8334,0.223152
103.2877,1.7234,27.8596,0.223341
102.9067,1.7236,27.8762,0.223522
102.5251,1.7240,27.8826,0.223705
102.1080,1.7240,27.8780,0.223908
101.7261,1.7242,27.8630,0.224095
101.3453,1.7247,27.8373,0.224277
100.9666,1.7249,27.8012,0.224460
100.5892,1.7250,27.7553,0.224643
100.2140,1.7253,27.6999,0.224826
99.8408,1.7258,27.6355,0.225007
99.4693,1.7255,27.5634,0.225191
99.0971,1.7253,27.4844,0.225377
98.6904,1.7252,27.3910,0.225581
98.3178,1.7247,27.2997,0.225772
97.9427,1.7235,27.2038,0.225960
97.5654,1.7224,27.1037,0.226154
97.1853,1.7214,26.9994,0.226353
96.8034,1.7190,26.8912,0.226553
96.4173,1.7164,26.7790,0.226759
96.0279,1.7140,26.6622,0.226971
95.6366,1.7108,26.5408,0.227175
95.2044,1.7061,26.4023,0.227402
94.8046,1.7019,26.2695,0.227620
94.4034,1.6974,26.1302,0.227851
93.9980,1.6911,25.9834,0.228090
93.5910,1.6848,25.8295,0.228317
93.1839,1.6789,25.6668,0.228551
92.7797,1.6701,25.4965,0.228791
92.3753,1.6614,25.3173,0.229046
91.9753,1.6519,25.1293,0.229296
91.5412,1.6409,24.9135,0.229559
91.1487,1.6309,24.7061,0.229814
90.7593,1.6198,24.4893,0.230067
90.3743,1.6091,24.2637,0.230331
89.9951,1.5976,24.0295,0.230591
89.6194,1.5860,23.7867,0.230849
89.2490,1.5745,23.5358,0.231102
88.8818,1.5621,23.2765,0.231366
88.5179,1.5501,23.0096,0.231629
88.1255,1.5364,22.7096,0.231909
87.7687,1.5237,22.4263,0.232172
87.4152,1.5111,22.1359,0.232438
87.0645,1.4979,21.8374,0.232699
86.7163,1.4847,21.5318,0.232967
86.3702,1.4714,21.2197,0.233230
86.0255,1.4577,20.9008,0.233494
85.6817,1.4441,20.5756,0.233758
85.3421,1.4307,20.2403,0.234026
84.9678,1.4159,19.8712,0.234321
84.6252,1.4020,19.5263,0.234590
84.2831,1.3879,19.1737,0.234865
83.9426,1.3739,18.8135,0.235142
83.6050,1.3593,18.4456,0.235422
83.2716,1.3452,18.0690,0.235690
82.9437,1.3310,17.6838,0.235966
82.6207,1.3167,17.2891,0.236241
82.3046,1.3030,16.8851,0.236519
81.9674,1.2876,16.4347,0.236822
81.6659,1.2742,16.0126,0.237099
81.3723,1.2606,15.5825,0.237378
81.0855,1.2473,15.1443,0.237650
80.8075,1.2345,14.6989,0.237924
80.5376,1.2214,14.2457,0.238200
80.2755,1.2090,13.7857,0.238475
80.0227,1.1966,13.3192,0.238756
79.7777,1.1844,12.8459,0.239032
79.5212,1.1717,12.3229,0.239342
79.2951,1.1599,11.8365,0.239615
79.0771,1.1489,11.3439,0.239899
78.8685,1.1369,10.8459,0.240186
78.6673,1.1253,10.3412,0.240471
78.4757,1.1126,9.8324,0.240754
78.2917,1.0996,9.3177,0.241049
78.1181,1.0861,8.8002,0.241356
77.9540,1.0722,8.2781,0.241646
77.7883,1.0568,7.7058,0.241969
77.6489,1.0425,7.1774,0.242274
77.5215,1.0283,6.6471,0.242600
77.4013,1.0142,6.1145,0.242914
77.2993,1.0012,5.5797,0.243227
77.2100,0.9879,5.0434,0.243557
77.1329,0.9751,4.5066,0.243876
77.0686,0.9622,3.9692,0.244195
77.0169,0.9497,3.4317,0.244522
76.9754,0.9361,2.8460,0.244888
76.9503,0.9242,2.3096,0.245212
76.9380,0.9125,1.7741,0.245530
76.9385,0.9012,1.2400,0.245860
76.9516,0.8904,0.7074,0.246178
76.9772,0.8800,0.1768,0.246503
77.0147,0.8701,-0.3523,0.246842
77.0635,0.8607,-0.8796,0.247180
77.1225,0.8518,-1.4057,0.247513
77.1973,0.8427,-1.9778,0.247875
77.2737,0.8349,-2.5018,0.248215
77.3554,0.8277,-3.0252,0.248551
77.4401,0.8210,-3.5499,0.248892
77.5252,0.8147,-4.0754,0.249226
77.6092,0.8090,-4.6033,0.249565
77.6922,0.8039,-5.1326,0.249917
77.7750,0.7995,-5.6647,0.250257
77.8578,0.7957,-6.1975,0.250611
77.9485,0.7927,-6.7805,0.250988
78.0317,0.7905,-7.3136,0.251334
78.1150,0.7899,-7.8463,0.251687
78.1984,0.7896,-8.3761,0.252039
78.2823,0.7913,-8.9053,0.252386
78.3664,0.7933,-9.4325,0.252733
78.4514,0.7967,-9.9571,0.253081
78.5380,0.8002,-10.4798,0.253430
78.6261,0.8053,-11.0013,0.253774
78.7242,0.8110,-11.5668,0.254152
78.8167,0.8178,-12.0837,0.254511
78.9116,0.8247,-12.5974,0.254871
79.0089,0.8327,-13.1094,0.255227
79.1079,0.8410,-13.6182,0.255585
79.2082,0.8502,-14.1249,0.255973
79.3087,0.8598,-14.6282,0.256346
79.4085,0.8699,-15.1288,0.256725
79.5069,0.8805,-15.6254,0.257115
79.6128,0.8923,-16.1641,0.257537
79.7079,0.9036,-16.6540,0.257918
79.8013,0.9151,-17.1414,0.258313
79.8933,0.9271,-17.6253,0.258688
79.9836,0.9390,-18.1061,0.259075
80.0716,0.9516,-18.5844,0.259467
80.1567,0.9640,-19.0593,0.259840
80.2396,0.9768,-19.5317,0.260229
80.3203,0.9897,-20.0007,0.260616
80.4059,1.0039,-20.5088,0.261031
80.4817,1.0170,-20.9706,0.261406
80.5551,1.0302,-21.4289,0.261778
80.6259,1.0434,-21.8833,0.262146
80.6945,1.0566,-22.3341,0.262502
80.7607,1.0700,-22.7811,0.262870
80.8246,1.0833,-23.2244,0.263226
80.8861,1.0966,-23.6643,0.263583
80.9452,1.1099,-24.1001,0.263943
81.0060,1.1243,-24.5715,0.264320
81.0581,1.1375,-24.9994,0.264670
81.1060,1.1504,-25.4234,0.265022
81.1495,1.1633,-25.8436,0.265364
81.1875,1.1760,-26.2602,0.265703
81.2199,1.1885,-26.6735,0.266046
81.2456,1.2007,-27.0837,0.266383
81.2653,1.2128,-27.4914,0.266714
81.2787,1.2245,-27.8968,0.267045
81.2881,1.2371,-28.3369,0.267410
81.2912,1.2482,-28.7382,0.267730
81.2900,1.2589,-29.1374,0.268061
81.2850,1.2689,-29.5353,0.268384
81.2755,1.2768,-29.9293,0.268707
81.2615,1.2838,-30.3233,0.269030
81.2420,1.2904,-30.7144,0.269350
81.2170,1.2965,-31.1035,0.269663
81.1857,1.3023,-31.4894,0.269984
81.1446,1.3079,-31.9076,0.270320
81.1003,1.3128,-32.2875,0.270627
81.0497,1.3172,-32.6648,0.270938
80.9924,1.3214,-33.0385,0.271242
80.9281,1.3249,-33.4093,0.271545
80.8568,1.3283,-33.7768,0.271848
80.7783,1.3311,-34.1418,0.272150
80.6926,1.3337,-34.5061,0.272454
80.5998,1.3360,-34.8693,0.272757
80.4908,1.3381,-35.2650,0.273091
80.3838,1.3398,-35.6272,0.273397
80.2700,1.3412,-35.9899,0.273702
80.1498,1.3423,-36.3529,0.274011
80.0236,1.3432,-36.7169,0.274315
79.8917,1.3439,-37.0820,0.274627
79.7543,1.3444,-37.4493,0.274944
79.6115,1.3448,-37.8189,0.275257
79.4632,1.3450,-38.1911,0.275571
79.2948,1.3451,-38.5995,0.275922
79.1340,1.3451,-38.9759,0.276244
78.9665,1.3449,-39.3536,0.276570
78.7920,1.3446,-39.7325,0.276900
78.6103,1.3443,-40.1122,0.277230
78.4210,1.3438,-40.4926,0.277565
78.2241,1.3434,-40.8734,0.277897
78.0190,1.3429,-41.2545,0.278232
77.7857,1.3423,-41.6696,0.278608
77.5624,1.3418,-42.0493,0.278949
77.3303,1.3412,-42.4267,0.279291
77.0890,1.3406,-42.8015,0.279639
76.8385,1.3398,-43.1730,0.279984
76.5789,1.3387,-43.5413,0.280335
76.3102,1.3374,-43.9061,0.280686
76.0326,1.3359,-44.2672,0.281035
75.7461,1.3342,-44.6246,0.281389
75.4234,1.3321,-45.0099,0.281779
75.1185,1.3300,-45.3587,0.282135
74.8047,1.3277,-45.7034,0.282496
74.4821,1.3252,-46.0440,0.282859
74.1507,1.3224,-46.3808,0.283221
73.8106,1.3195,-46.7138,0.283587
73.4617,1.3164,-47.0431,0.283958
73.1043,1.3131,-47.3687,0.284327
72.7379,1.3096,-47.6908,0.284703
72.3278,1.3056,-48.0380,0.285115
71.9427,1.3017,-48.3523,0.285496
71.5484,1.2975,-48.6625,0.285880
71.1453,1.2932,-48.9685,0.286270
70.7332,1.2886,-49.2699,0.286662
70.3125,1.2838,-49.5668,0.287054
69.8832,1.2789,-49.8590,0.287452
69.4453,1.2736,-50.1466,0.287853
68.9992,1.2682,-50.4297,0.288259
68.5031,1.2621,-50.7334,0.288705
68.0397,1.2561,-51.0069,0.289117
67.5685,1.2500,-51.2754,0.289533
67.0893,1.2436,-51.5387,0.289954
66.6025,1.2367,-51.7962,0.290378
66.1079,1.2290,-52.0485,0.290802
65.6063,1.2200,-52.2952,0.291234
65.0972,1.2101,-52.5366,0.291667
64.5803,1.1993,-52.7723,0.292102
64.0084,1.1868,-53.0227,0.292579
63.4768,1.1749,-53.2456,0.293019
62.9389,1.1630,-53.4614,0.293467
62.3936,1.1514,-53.6698,0.293919
61.8418,1.1400,-53.8705,0.294365
61.2833,1.1292,-54.0634,0.294814
60.7189,1.1189,-54.2479,0.295269
60.1484,1.1099,-54.4304,0.295726
59.5703,1.1020,-54.5985,0.296184
58.9327,1.0936,-54.7721,0.296686
58.3426,1.0867,-54.9226,0.297147
57.7460,1.0801,-55.0654,0.297609
57.1443,1.0737,-55.2008,0.298074
56.5362,1.0679,-55.3298,0.298540
55.9230,1.0621,-55.4525,0.299009
55.3038,1.0570,-55.5701,0.299484
54.6798,1.0519,-55.6835,0.299953
54.0501,1.0475,-55.7941,0.300434
53.3578,1.0427,-55.9121,0.300955
52.7177,1.0393,-56.0178,0.301438
52.0745,1.0370,-56.1205,0.301924
51.4326,1.0358,-56.2194,0.302411
50.7913,1.0353,-56.3145,0.302894
50.1475,1.0355,-56.4063,0.303382
49.5003,1.0364,-56.4952,0.303875
48.8543,1.0377,-56.5811,0.304361
48.2099,1.0393,-56.6641,0.304853
47.5055,1.0414,-56.7515,0.305385
46.8570,1.0437,-56.8292,0.305879
46.2065,1.0460,-56.9052,0.306374
45.5550,1.0485,-56.9799,0.306869
44.9035,1.0511,-57.0538,0.307364
44.2533,1.0538,-57.1273,0.307862
43.6053,1.0565,-57.2007,0.308362
42.9595,1.0592,-57.2739,0.308850
42.3162,1.0619,-57.3466,0.309336
41.6173,1.0646,-57.4255,0.309864
40.9794,1.0670,-57.4973,0.310344
40.3441,1.0692,-57.5687,0.310830
39.7115,1.0712,-57.6395,0.311311
39.0816,1.0730,-57.7098,0.311790
38.4542,1.0743,-57.7795,0.312264
37.8297,1.0755,-57.8485,0.312737
37.2075,1.0763,-57.9169,0.313210
36.5882,1.0766,-57.9846,0.313682
35.9152,1.0767,-58.0577,0.314184
35.3007,1.0759,-58.1179,0.314655
34.6894,1.0751,-58.1830,0.315113
34.0802,1.0737,-58.2470,0.315573
33.4740,1.0719,-58.3100,0.316029
32.8697,1.0695,-58.3721,0.316483
32.2684,1.0664,-58.4331,0.316929
31.6689,1.0629,-58.4935,0.317380
31.0723,1.0584,-58.5533,0.317823
30.4240,1.0530,-58.6181,0.318308
29.8316,1.0471,-58.6771,0.318757
29.2422,1.0405,-58.7356,0.319197
28.6544,1.0331,-58.7939,0.319636
28.0699,1.0246,-58.8519,0.320080
27.4880,1.0157,-58.9098,0.320512
26.9077,1.0052,-58.9681,0.320948
26.3306,0.9942,-59.0269,0.321385
25.7552,0.9821,-59.0863,0.321820
25.1315,0.9681,-59.1513,0.322287
24.5614,0.9540,-59.2113,0.322715
23.9951,0.9391,-59.2716,0.323133
23.4306,0.9233,-59.3324,0.323556
22.8700,0.9068,-59.3937,0.323975
22.3113,0.8894,-59.4556,0.324384
21.7564,0.8715,-59.5182,0.324798
21.2036,0.8528,-59.5812,0.325204
20.6545,0.8337,-59.6446,0.325614
20.0581,0.8121,-59.7144,0.326051
19.5154,0.7918,-59.7788,0.326449
18.9751,0.7711,-59.8439,0.326852
18.4387,0.7500,-59.9098,0.327258
17.9052,0.7284,-59.9767,0.327652
17.3758,0.7067,-60.0444,0.328043
16.8496,0.6845,-60.1127,0.328437
16.3278,0.6623,-60.1816,0.328825
15.8096,0.6396,-60.2510,0.329214
15.2496,0.6149,-60.3273,0.329643
14.7404,0.5919,-60.3976,0.330025
14.2362,0.5691,-60.4683,0.330408
13.7363,0.5459,-60.5393,0.330798
13.2416,0.5230,-60.6106,0.331170
12.7525,0.4998,-60.6819,0.331553
12.2688,0.4769,-60.7535,0.331929
11.7914,0.4540,-60.8249,0.332300
11.3201,0.4312,-60.8955,0.332659
10.8139,0.4066,-60.9714,0.333066
10.3570,0.3842,-61.0394,0.333418
9.9077,0.3621,-61.1058,0.333775
9.4658,0.3403,-61.1702,0.334133
9.0320,0.3188,-61.2331,0.334480
8.6062,0.2976,-61.2935,0.334827
8.1889,0.2768,-61.3516,0.335173
7.7799,0.2563,-61.4069,0.335517
7.3794,0.2363,-61.4595,0.335838
6.9520,0.2150,-61.5132,0.336209
6.5686,0.1958,-61.5592,0.336535
6.1942,0.1772,-61.6023,0.336838
5.8279,0.1588,-61.6414,0.337152
5.4697,0.1412,-61.6769,0.337453
5.1201,0.1238,-61.7074,0.337753
4.7786,0.1071,-61.7336,0.338038
4.4457,0.0906,-61.7541,0.338328
4.1210,0.0750,-61.7696,0.338614
3.7768,0.0580,-61.7793,0.338910
3.4696,0.0435,-61.7824,0.339177
3.1712,0.0289,-61.7786,0.339452
2.8803,0.0156,-61.7688,0.339733
2.5982,0.0021,-61.7518,0.340005
2.3199,-0.0085,-61.7280,0.340262
2.0530,-0.0183,-61.6992,0.340538
1.7927,-0.0282,-61.6642,0.340837
1.5370,-0.0377,-61.6237,0.341119
1.2677,-0.0466,-61.5734,0.341408
1.0281,-0.0549,-61.5217,0.341687
0.7946,-0.0633,-61.4637,0.341975
0.5651,-0.0710,-61.3998,0.342260
0.3431,-0.0779,-61.3313,0.342534
0.1261,-0.0853,-61.2566,0.342804
-0.0857,-0.0926,-61.1763,0.343073
-0.2857,-0.1018,-61.0939,0.343349
-0.4867,-0.1148,-61.0022,0.343613
-0.7024,-0.1267,-60.8956,0.343912
-0.8899,-0.1375,-60.7908,0.344185
-1.0736,-0.1463,-60.6788,0.344454
-1.2511,-0.1552,-60.5588,0.344713
-1.4179,-0.1620,-60.4359,0.344979
-1.5829,-0.1686,-60.3052,0.345259
-1.7398,-0.1736,-60.1701,0.345547
-1.8936,-0.1782,-60.0284,0.345813
-2.0394,-0.1814,-59.8834,0.346067
-2.1936,-0.1839,-59.7180,0.346339
-2.3266,-0.1855,-59.5638,0.346594
-2.4551,-0.1854,-59.4027,0.346850
-2.5765,-0.1851,-59.2380,0.347091
-2.6900,-0.1835,-59.0716,0.347329
-2.7974,-0.1813,-58.8990,0.347554
-2.8968,-0.1784,-58.7252,0.347781
-2.9892,-0.1747,-58.5463,0.348010
-3.0740,-0.1706,-58.3668,0.348229
-3.1583,-0.1653,-58.1664,0.348463
-3.2281,-0.1603,-57.9825,0.348676
-3.2909,-0.1544,-57.7943,0.348889
-3.3471,-0.1479,-57.6077,0.349096
-3.3965,-0.1406,-57.4142,0.349305
-3.4384,-0.1306,-57.2264,0.349507
-3.4749,-0.1208,-57.0381,0.349712
-3.5030,-0.1080,-56.8445,0.349915
-3.5258,-0.0952,-56.6564,0.350114
-3.5405,-0.0798,-56.4475,0.350328
-3.5487,-0.0647,-56.2606,0.350526
-3.5498,-0.0497,-56.0747,0.350723
-3.5418,-0.0338,-55.8872,0.350920
-3.5305,-0.0179,-55.7053,0.351115
-3.5129,-0.0023,-55.5238,0.351306
-3.4873,0.0139,-55.3436,0.351493
-3.4615,0.0301,-55.1643,0.351680
-3.4269,0.0465,-54.9891,0.351869
-3.3808,0.0637,-54.8007,0.352076
-3.3352,0.0799,-54.6306,0.352260
-3.2861,0.0951,-54.4658,0.352442
-3.2275,0.1093,-54.2998,0.352624
-3.1673,0.1244,-54.1382,0.352804
-3.1100,0.1360,-53.9902,0.352984
-3.0409,0.1432,-53.8341,0.353163
-2.9679,0.1502,-53.6814,0.353340
-2.8906,0.1569,-53.5320,0.353516
-2.8014,0.1640,-53.3732,0.353703
-2.7160,0.1704,-53.2313,0.353875
-2.6278,0.1766,-53.0926,0.354047
-2.5369,0.1823,-52.9575,0.354217
-2.4426,0.1878,-52.8256,0.354390
-2.3453,0.1931,-52.6975,0.354558
-2.2452,0.1982,-52.5729,0.354725
-2.1422,0.2031,-52.4517,0.354886
-2.0369,0.2079,-52.3342,0.355044
-1.9197,0.2127,-52.2103,0.355216
-1.8100,0.2169,-52.0997,0.355373
-1.6985,0.2208,-51.9923,0.355531
-1.5854,0.2246,-51.8880,0.355690
-1.4707,0.2283,-51.7866,0.355843
-1.3545,0.2318,-51.6879,0.355996
-1.2368,0.2352,-51.5920,0.356141
-1.1188,0.2384,-51.4983,0.356282
-1.0003,0.2414,-51.4054,0.356421
-0.8708,0.2447,-51.3051,0.356573
-0.7525,0.2477,-51.2135,0.356722
-0.6346,0.2507,-51.1214,0.356869
-0.5167,0.2538,-51.0286,0.357010
-0.3985,0.2569,-50.9348,0.357144
-0.2795,0.2600,-50.8401,0.357275
-0.1545,0.2628,-50.7468,0.357406
-0.0321,0.2664,-50.6476,0.357531
0.0915,0.2702,-50.5456,0.357661
0.2278,0.2743,-50.4307,0.357814
0.3547,0.2783,-50.3225,0.357956
0.4835,0.2823,-50.2125,0.358097
0.6159,0.2859,-50.0999,0.358240
0.7519,0.2896,-49.9853,0.358383
0.8919,0.2934,-49.8688,0.358526
1.0364,0.2972,-49.7500,0.358674
1.1854,0.3012,-49.6287,0.358826
1.3386,0.3047,-49.5060,0.358982
1.5130,0.3084,-49.3690,0.359158
1.6793,0.3118,-49.2413,0.359324
1.8516,0.3154,-49.1118,0.359495
2.0294,0.3184,-48.9814,0.359669
2.2150,0.3209,-48.8476,0.359847
2.4075,0.3235,-48.7115,0.360034
2.6056,0.3261,-48.5744,0.360226
2.8122,0.3272,-48.4332,0.360423
3.0257,0.3284,-48.2889,0.360624
3.2655,0.3296,-48.1298,0.360850
3.4948,0.3288,-47.9797,0.361063
3.7318,0.3278,-47.8272,0.361284
3.9752,0.3263,-47.6737,0.361509
4.2282,0.3233,-47.5167,0.361739
4.4888,0.3202,-47.3567,0.361971
4.7561,0.3158,-47.1938,0.362214
5.0323,0.3107,-47.0257,0.362462
5.3151,0.3050,-46.8537,0.362714
5.6341,0.2976,-46.6614,0.362996
5.9343,0.2904,-46.4830,0.363259
6.2439,0.2822,-46.3025,0.363529
6.5616,0.2735,-46.1205,0.363803
6.8883,0.2643,-45.9375,0.364086
7.2236,0.2546,-45.7533,0.364374
7.5684,0.2446,-45.5681,0.364667
7.9218,0.2343,-45.3821,0.364970
8.2851,0.2241,-45.1956,0.365277
8.6921,0.2125,-44.9920,0.365618
9.0746,0.2026,-44.8061,0.365938
9.4674,0.1924,-44.6207,0.366261
9.8690,0.1832,-44.4369,0.366592
10.2812,0.1740,-44.2541,0.366927
10.7019,0.1661,-44.0738,0.367270
11.1335,0.1585,-43.8955,0.367618
11.5733,0.1524,-43.7210,0.367972
12.0240,0.1470,-43.5495,0.368331
12.5244,0.1428,-43.3684,0.368729
12.9943,0.1406,-43.2072,0.369099
13.4710,0.1395,-43.0522,0.369474
13.9575,0.1399,-42.9028,0.369851
14.4517,0.1413,-42.7596,0.370234
14.9532,0.1435,-42.6226,0.370623
15.4633,0.1468,-42.4916,0.371014
15.9812,0.1508,-42.3667,0.371409
16.5063,0.1557,-42.2480,0.371810
17.0871,0.1618,-42.1259,0.372252
17.6259,0.1682,-42.0211,0.372658
18.1714,0.1752,-41.9232,0.373070
18.7228,0.1826,-41.8325,0.373484
19.2797,0.1905,-41.7490,0.373902
19.8424,0.1988,-41.6729,0.374324
20.4103,0.2072,-41.6043,0.374747
20.9826,0.2166,-41.5372,0.375174
21.5596,0.2264,-41.4837,0.375605
22.1935,0.2370,-41.4338,0.376075
22.7786,0.2468,-41.3953,0.376511
23.3673,0.2565,-41.3628,0.376947
23.9596,0.2662,-41.3358,0.377387
24.5555,0.2757,-41.3136,0.377826
25.1549,0.2852,-41.2954,0.378271
25.7577,0.2946,-41.2808,0.378715
26.3635,0.3039,-41.2695,0.379161
26.9721,0.3130,-41.2617,0.379609
27.6385,0.3227,-41.2574,0.380098
28.2510,0.3315,-41.2574,0.380549
28.8641,0.3400,-41.2608,0.381003
29.4773,0.3487,-41.2669,0.381455
30.0879,0.3584,-41.2747,0.381908
30.6967,0.3687,-41.2841,0.382358
31.3033,0.3792,-41.2947,0.382803
31.9075,0.3899,-41.3067,0.383249
32.5090,0.4009,-41.3201,0.383694
33.1624,0.4127,-41.3424,0.384178
33.7585,0.4239,-41.3592,0.384617
34.3518,0.4353,-41.3774,0.385055
34.9426,0.4466,-41.3968,0.385491
35.5310,0.4580,-41.4170,0.385926
36.1168,0.4693,-41.4382,0.386359
36.7001,0.4806,-41.4603,0.386788
37.2808,0.4919,-41.4833,0.387218
37.8589,0.5032,-41.5069,0.387644
38.4867,0.5154,-41.5333,0.388105
39.0597,0.5266,-41.5578,0.388526
39.6303,0.5377,-41.5825,0.388947
40.1984,0.5488,-41.6075,0.389364
40.7637,0.5598,-41.6327,0.389781
41.3259,0.5707,-41.6573,0.390195
41.8849,0.5816,-41.6798,0.390604
42.4408,0.5925,-41.6986,0.391011
42.9934,0.6033,-41.7130,0.391413
43.5925,0.6152,-41.7233,0.391850
44.1379,0.6259,-41.7280,0.392245
44.6795,0.6367,-41.7281,0.392639
45.2170,0.6474,-41.7239,0.393028
45.7503,0.6580,-41.7153,0.393412
46.2792,0.6686,-41.7021,0.393793
46.8036,0.6791,-41.6843,0.394171
47.3232,0.6895,-41.6616,0.394541
47.8383,0.6998,-41.6343,0.394910
48.3943,0.7114,-41.5938,0.395307
48.8990,0.7220,-41.5573,0.395668
49.3986,0.7327,-41.5164,0.396024
49.8930,0.7432,-41.4712,0.396376
50.3825,0.7536,-41.4220,0.396719
50.8666,0.7639,-41.3689,0.397066
51.3458,0.7741,-41.3119,0.397403
51.8195,0.7842,-41.2511,0.397735
52.2882,0.7940,-41.1867,0.398065
52.7937,0.8047,-41.1124,0.398419
53.2515,0.8141,-41.0407,0.398742
53.7043,0.8235,-40.9652,0.399057
54.1518,0.8325,-40.8862,0.399369
54.5946,0.8414,-40.8031,0.399676
55.0319,0.8502,-40.7161,0.399977
55.4647,0.8585,-40.6251,0.400275
55.8924,0.8669,-40.5295,0.400572
56.3532,0.8754,-40.4204,0.400887
56.7711,0.8832,-40.3152,0.401171
57.1840,0.8904,-40.2053,0.401453
57.5928,0.8975,-40.0901,0.401733
57.9960,0.9042,-39.9693,0.402002
58.3951,0.9105,-39.8424,0.402270
58.7881,0.9167,-39.7093,0.402537
59.1769,0.9220,-39.5691,0.402798
59.5601,0.9277,-39.4214,0.403053
59.9703,0.9327,-39.2515,0.403332
60.3408,0.9375,-39.0874,0.403582
60.7047,0.9427,-38.9150,0.403831
61.0603,0.9478,-38.7345,0.404075
61.4094,0.9520,-38.5453,0.404316
61.7510,0.9565,-38.3482,0.404553
62.0842,0.9614,-38.1430,0.404792
62.4077,0.9658,-37.9303,0.405025
62.7235,0.9697,-37.7097,0.405256
63.0305,0.9739,-37.4823,0.405480
63.3553,0.9790,-37.2264,0.405727
63.6437,0.9823,-36.9857,0.405952
63.9253,0.9859,-36.7388,0.406175
64.1992,0.9897,-36.4870,0.406394
64.4642,0.9932,-36.2313,0.406607
64.7232,0.9959,-35.9708,0.406818
64.9750,0.9989,-35.7067,0.407036
65.2194,1.0021,-35.4389,0.407250
65.4771,1.0043,-35.1437,0.407476
65.7072,1.0063,-34.8690,0.407688
65.9305,1.0086,-34.5912,0.407891
66.1462,1.0105,-34.3116,0.408099
66.3572,1.0115,-34.0281,0.408309
66.5632,1.0128,-33.7409,0.408514
66.7639,1.0144,-33.4500,0.408723
66.9586,1.0146,-33.1562,0.408930
67.1488,1.0150,-32.8572,0.409136
67.3334,1.0156,-32.5535,0.409341
67.5280,1.0155,-32.2177,0.409571
67.7021,1.0151,-31.9037,0.409778
67.8716,1.0149,-31.5846,0.409988
68.0411,1.0138,-31.2643,0.410201
68.2018,1.0124,-30.9355,0.410412
68.3586,1.0112,-30.6018,0.410628
68.5113,1.0095,-30.2638,0.410845
68.6608,1.0073,-29.9198,0.411063
68.8196,1.0049,-29.5383,0.411304
68.9605,1.0021,-29.1833,0.411525
69.0918,0.9992,-28.8194,0.411751
69.2236,0.9961,-28.4513,0.411982
69.3498,0.9919,-28.0780,0.412211
69.4710,0.9877,-27.6972,0.412445
69.5860,0.9833,-27.3113,0.412678
69.6952,0.9780,-26.9179,0.412918
69.7980,0.9730,-26.5184,0.413164
69.9025,0.9662,-26.0768,0.413431
69.9916,0.9601,-25.6648,0.413681
70.0736,0.9531,-25.2481,0.413931
70.1488,0.9457,-24.8246,0.414185
70.2226,0.9373,-24.3978,0.414451
70.2831,0.9286,-23.9636,0.414716
70.3358,0.9197,-23.5258,0.414981
70.3805,0.9086,-23.0814,0.415251
70.4176,0.8976,-22.6323,0.415526
70.4428,0.8842,-22.1383,0.415831
70.4627,0.8709,-21.6797,0.416113
70.4743,0.8569,-21.2185,0.416394
70.4767,0.8416,-20.7519,0.416675
70.4705,0.8266,-20.2814,0.416969
70.4540,0.8098,-19.8098,0.417257
70.4277,0.7931,-19.3335,0.417543
70.3918,0.7759,-18.8556,0.417827
70.3451,0.7579,-18.3740,0.418114
70.2830,0.7385,-17.8473,0.418429
70.2144,0.7194,-17.3618,0.418714
70.1358,0.7010,-16.8743,0.419002
70.0460,0.6816,-16.3875,0.419287
69.9458,0.6623,-15.8982,0.419573
69.8343,0.6430,-15.4101,0.419862
69.7121,0.6231,-14.9205,0.420154
69.5787,0.6042,-14.4334,0.420444
69.4344,0.5840,-13.9473,0.420736
69.2635,0.5634,-13.4220,0.421050
69.0951,0.5441,-12.9460,0.421337
68.9140,0.5257,-12.4760,0.421629
68.7207,0.5077,-12.0134,0.421912
68.5152,0.4899,-11.5569,0.422191
68.2967,0.4730,-11.1089,0.422472
68.0664,0.4564,-10.6696,0.422747
67.8241,0.4404,-10.2390,0.423023
67.5713,0.4251,-9.8174,0.423291
67.3072,0.4103,-9.4059,0.423563
67.0075,0.3950,-8.9680,0.423852
66.7223,0.3818,-8.5787,0.424119
66.4274,0.3690,-8.1997,0.424382
66.1231,0.3574,-7.8325,0.424646
65.8105,0.3457,-7.4773,0.424904
65.4890,0.3348,-7.1329,0.425167
65.1587,0.3247,-6.7994,0.425425
64.8196,0.3153,-6.4766,0.425690
64.4398,0.3059,-6.1347,0.425969
64.0833,0.2979,-5.8310,0.426229
63.7192,0.2905,-5.5359,0.426489
63.3474,0.2836,-5.2500,0.426750
62.9685,0.2772,-4.9730,0.427013
62.5827,0.2714,-4.7052,0.427274
62.1904,0.2660,-4.4467,0.427535
61.7918,0.2611,-4.1971,0.427805
61.3872,0.2566,-3.9568,0.428067
60.9392,0.2520,-3.7051,0.428359
60.5224,0.2483,-3.4840,0.428629
60.1002,0.2448,-3.2722,0.428905
59.6722,0.2417,-3.0694,0.429182
59.2387,0.2390,-2.8760,0.429456
58.7991,0.2363,-2.6915,0.429738
58.3540,0.2341,-2.5160,0.430022
57.9035,0.2320,-2.3495,0.430309
57.4472,0.2301,-2.1912,0.430597
56.9438,0.2282,-2.0275,0.430913
56.4772,0.2264,-1.8839,0.431205
56.0067,0.2248,-1.7452,0.431500
55.5332,0.2227,-1.6106,0.431798
55.0558,0.2208,-1.4794,0.432100
54.5747,0.2185,-1.3522,0.432403
54.0885,0.2161,-1.2295,0.432709
53.5976,0.2137,-1.1125,0.433018
53.1003,0.2108,-1.0017,0.433330
52.5514,0.2080,-0.8895,0.433671
52.0432,0.2046,-0.7956,0.433985
51.5292,0.2017,-0.7107,0.434301
51.0112,0.1982,-0.6358,0.434617
50.4884,0.1947,-0.5701,0.434932
49.9628,0.1910,-0.5144,0.435249
49.4330,0.1866,-0.4677,0.435572
48.9011,0.1825,-0.4305,0.435897
48.3648,0.1771,-0.4022,0.436219
47.7772,0.1717,-0.3811,0.436577
47.2346,0.1651,-0.3715,0.436913
46.6895,0.1590,-0.3705,0.437242
46.1440,0.1513,-0.3794,0.437580
45.5960,0.1438,-0.3976,0.437922
45.0488,0.1353,-0.4263,0.438260
44.4997,0.1267,-0.4651,0.438603
43.9016,0.1159,-0.5194,0.438987
43.4034,0.1072,-0.5742,0.439308
42.8047,0.0955,-0.6514,0.439692
42.2571,0.0848,-0.7326,0.440049
41.7084,0.0737,-0.8232,0.440408
41.1595,0.0622,-0.9222,0.440767
40.6088,0.0505,-1.0294,0.441132
40.0565,0.0384,-1.1437,0.441501
39.5012,0.0261,-1.2655,0.441872
38.9432,0.0133,-1.3939,0.442251
38.3815,0.0005,-1.5294,0.442632
37.7655,-0.0141,-1.6853,0.443052
37.1973,-0.0274,-1.8359,0.443448
36.6255,-0.0411,-1.9940,0.443848
36.0509,-0.0548,-2.1595,0.444248
35.4726,-0.0687,-2.3320,0.444652
34.8915,-0.0828,-2.5113,0.445064
34.3071,-0.0969,-2.6971,0.445475
33.7171,-0.1100,-2.8836,0.445888
33.1264,-0.1227,-3.0810,0.446308
32.4786,-0.1367,-3.3022,0.446765
31.8814,-0.1495,-3.5101,0.447191
31.2809,-0.1625,-3.7229,0.447620
30.6774,-0.1755,-3.9403,0.448055
30.0709,-0.1885,-4.1627,0.448490
29.4616,-0.2016,-4.3905,0.448933
28.8498,-0.2146,-4.6239,0.449378
28.2396,-0.2276,-4.8621,0.449828
27.6328,-0.2403,-5.1052,0.450279
26.9708,-0.2541,-5.3775,0.450768
26.3642,-0.2666,-5.6329,0.451226
25.7611,-0.2789,-5.8918,0.451681
25.1597,-0.2909,-6.1546,0.452138
24.5578,-0.3029,-6.4218,0.452602
23.9585,-0.3146,-6.6916,0.453062
23.3624,-0.3259,-6.9641,0.453528
22.7662,-0.3370,-7.2410,0.453995
22.1705,-0.3479,-7.5217,0.454463
21.5244,-0.3591,-7.8311,0.454974
20.9342,-0.3690,-8.1185,0.455441
20.3431,-0.3781,-8.4107,0.455909
19.7532,-0.3862,-8.7062,0.456379
19.1665,-0.3937,-9.0040,0.456851
18.5823,-0.4009,-9.3045,0.457323
17.9982,-0.4075,-9.6088,0.457798
17.4133,-0.4139,-9.9166,0.458277
16.8284,-0.4199,-10.2277,0.458754
16.1920,-0.4259,-10.5699,0.459284
15.6124,-0.4312,-10.8853,0.459760
15.0349,-0.4360,-11.2029,0.460247
14.4575,-0.4406,-11.5228,0.460732
13.8799,-0.4450,-11.8443,0.461216
13.3019,-0.4491,-12.1669,0.461701
12.7241,-0.4531,-12.4900,0.462189
12.1488,-0.4570,-12.8125,0.462673
11.5757,-0.4606,-13.1350,0.463160
10.9502,-0.4644,-13.4882,0.463691
10.3765,-0.4679,-13.8136,0.464177
9.8027,-0.4713,-14.1404,0.464664
9.2298,-0.4747,-14.4682,0.465151
8.6585,-0.4780,-14.7962,0.465632
8.0895,-0.4814,-15.1236,0.466115
7.5232,-0.4848,-15.4499,0.466596
6.9593,-0.4884,-15.7744,0.467073
6.3976,-0.4921,-16.0971,0.467549
5.7877,-0.4963,-16.4468,0.468065
5.2309,-0.5003,-16.7657,0.468534
4.6762,-0.5046,-17.0832,0.469000
4.1238,-0.5091,-17.3994,0.469463
3.5738,-0.5139,-17.7144,0.469926
3.0257,-0.5189,-18.0286,0.470376
2.4802,-0.5243,-18.3421,0.470831
1.9372,-0.5299,-18.6554,0.471281
1.3965,-0.5358,-18.9690,0.471728
0.8098,-0.5420,-19.3119,0.472215
0.2750,-0.5475,-19.6271,0.472649
-0.2568,-0.5527,-19.9431,0.473091
-0.7855,-0.5578,-20.2598,0.473526
-1.3112,-0.5627,-20.5772,0.473956
-1.8336,-0.5676,-20.8952,0.474389
-2.3528,-0.5723,-21.2136,0.474820
-2.8688,-0.5770,-21.5327,0.475248
-3.3815,-0.5818,-21.8526,0.475679
-3.9368,-0.5870,-22.2028,0.476142
-4.4422,-0.5919,-22.5251,0.476565
-4.9443,-0.5969,-22.8485,0.476986
-5.4428,-0.6020,-23.1729,0.477405
-5.9378,-0.6073,-23.4983,0.477819
-6.4295,-0.6129,-23.8250,0.478232
-6.9173,-0.6186,-24.1528,0.478644
-7.4018,-0.6245,-24.4821,0.479054
-7.8822,-0.6307,-24.8129,0.479463
-8.4020,-0.6376,-25.1756,0.479905
-8.8748,-0.6443,-25.5097,0.480313
-9.3435,-0.6511,-25.8451,0.480711
-9.8088,-0.6582,-26.1819,0.481114
-10.2700,-0.6655,-26.5199,0.481515
-10.7277,-0.6729,-26.8594,0.481915
-11.1814,-0.6806,-27.2001,0.482311
-11.6331,-0.6884,-27.5431,0.482708
-12.0833,-0.6965,-27.8890,0.483108
-12.5747,-0.7056,-28.2704,0.483541
-13.0251,-0.7140,-28.6239,0.483941
-13.4766,-0.7229,-28.9821,0.484345
-13.9293,-0.7317,-29.3451,0.484748
-14.3839,-0.7407,-29.7134,0.485156
-14.8403,-0.7500,-30.0867,0.485569
-15.2991,-0.7593,-30.4651,0.485985
-15.7602,-0.7689,-30.8492,0.486405
-16.2654,-0.7796,-31.2750,0.486865
-16.7307,-0.7896,-31.6717,0.487293
-17.1981,-0.7997,-32.0745,0.487722
-17.6676,-0.8100,-32.4831,0.488156
-18.1390,-0.8204,-32.8973,0.488598
-18.6126,-0.8310,-33.3175,0.489038
-19.0879,-0.8418,-33.7433,0.489483
-19.5649,-0.8526,-34.1751,0.489934
-20.0435,-0.8636,-34.6130,0.490391
-20.5228,-0.8748,-35.0560,0.490851
-21.0423,-0.8869,-35.5419,0.491354
-21.5150,-0.8981,-35.9896,0.491814
-21.9875,-0.9094,-36.4417,0.492278
-22.4584,-0.9206,-36.8961,0.492744
-22.9263,-0.9320,-37.3506,0.493209
-23.3938,-0.9434,-37.8073,0.493681
-23.8608,-0.9549,-38.2657,0.494152
-24.3249,-0.9664,-38.7238,0.494626
-24.7883,-0.9780,-39.1838,0.495093
-25.2937,-0.9907,-39.6886,0.495615
-25.7542,-1.0025,-40.1512,0.496086
-26.2137,-1.0142,-40.6151,0.496563
-26.6741,-1.0262,-41.0819,0.497037
-27.1332,-1.0382,-41.5487,0.497514
-27.5903,-1.0502,-42.0146,0.497991
-28.0474,-1.0623,-42.4806,0.498468
-28.5057,-1.0746,-42.9471,0.498944
-28.9649,-1.0870,-43.4135,0.499424
-29.4665,-1.1007,-43.9220,0.499949
-29.9268,-1.1134,-44.3877,0.500430
-30.3875,-1.1262,-44.8530,0.500912
-30.8487,-1.1392,-45.3178,0.501398
-31.3104,-1.1523,-45.7822,0.501880
-31.7727,-1.1656,-46.2463,0.502362
-32.2353,-1.1790,-46.7101,0.502846
-32.6985,-1.1926,-47.1736,0.503326
-33.1622,-1.2063,-47.6368,0.503808
-33.6687,-1.2216,-48.1416,0.504338
-34.1335,-1.2357,-48.6040,0.504823
-34.5991,-1.2501,-49.0661,0.505308
-35.0658,-1.2647,-49.5281,0.505791
-35.5339,-1.2795,-49.9903,0.506276
-36.0037,-1.2945,-50.4528,0.506767
-36.4736,-1.3093,-50.9139,0.507263
-36.9425,-1.3241,-51.3725,0.507744
-37.4129,-1.3394,-51.8304,0.508239
-37.9280,-1.3565,-52.3289,0.508779
-38.4001,-1.3724,-52.7827,0.509269
-38.8732,-1.3888,-53.2335,0.509767
-39.3493,-1.4055,-53.6827,0.510267
-39.8282,-1.4225,-54.1302,0.510767
-40.3074,-1.4399,-54.5737,0.511269
-40.7880,-1.4575,-55.0138,0.511771
-41.2722,-1.4754,-55.4521,0.512275
-41.7594,-1.4938,-55.8887,0.512783
-42.2919,-1.5140,-56.3608,0.513337
-42.7817,-1.5329,-56.7899,0.513845
-43.2750,-1.5520,-57.2169,0.514350
-43.7721,-1.5715,-57.6422,0.514861
-44.2728,-1.5912,-58.0650,0.515377
-44.7763,-1.6112,-58.4846,0.515884
-45.2823,-1.6315,-58.9002,0.516400
-45.7903,-1.6519,-59.3114,0.516911
-46.3466,-1.6743,-59.7545,0.517478
-46.8575,-1.6951,-60.1552,0.517994
-47.3694,-1.7159,-60.5505,0.518506
-47.8824,-1.7368,-60.9403,0.519018
-48.3961,-1.7578,-61.3247,0.519526
-48.9107,-1.7788,-61.7036,0.520030
-49.4263,-1.7998,-62.0770,0.520537
-49.9429,-1.8209,-62.4450,0.521040
-50.4601,-1.8420,-62.8075,0.521542
-50.9782,-1.8630,-63.1646,0.522040
-51.5443,-1.8859,-63.5479,0.522584
-52.0641,-1.9069,-63.8929,0.523070
-52.5851,-1.9277,-64.2322,0.523561
-53.1077,-1.9485,-64.5656,0.524042
-53.6327,-1.9692,-64.8926,0.524525
-54.1593,-1.9898,-65.2132,0.525003
-54.6889,-2.0102,-65.5274,0.525480
-55.2219,-2.0305,-65.8349,0.525955
-55.8062,-2.0525,-66.1627,0.526470
-56.3454,-2.0723,-66.4563,0.526940
-56.8881,-2.0920,-66.7434,0.527408
-57.4341,-2.1118,-67.0236,0.527875
-57.9839,-2.1311,-67.2975,0.528345
-58.5372,-2.1503,-67.5645,0.528810
-59.0940,-2.1697,-67.8243,0.529281
-59.6545,-2.1885,-68.0772,0.529745
-60.2187,-2.2073,-68.3225,0.530213
-60.8378,-2.2278,-68.5819,0.530720
-61.4085,-2.2462,-68.8117,0.531187
-61.9830,-2.2645,-69.0341,0.531655
-62.5605,-2.2829,-69.2493,0.532123
-63.1408,-2.3008,-69.4572,0.532591
-63.7246,-2.3188,-69.6579,0.533056
-64.3111,-2.3368,-69.8520,0.533524
-64.9004,-2.3544,-70.0393,0.533995
-65.4925,-2.3721,-70.2208,0.534461
-66.1416,-2.3914,-70.4125,0.534971
-66.7400,-2.4089,-70.5827,0.535441
-67.3419,-2.4264,-70.7485,0.535912
-67.9476,-2.4439,-70.9094,0.536384
-68.5571,-2.4614,-71.0661,0.536860
-69.1702,-2.4789,-71.2186,0.537335
-69.7866,-2.4965,-71.3670,0.537807
-70.4065,-2.5140,-71.5117,0.538287
-71.0295,-2.5317,-71.6524,0.538765
-71.7126,-2.5510,-71.8017,0.539286
-72.3420,-2.5688,-71.9349,0.539769
-72.9744,-2.5867,-72.0649,0.540245
-73.6096,-2.6047,-72.1924,0.540724
-74.2477,-2.6228,-72.3179,0.541210
-74.8886,-2.6410,-72.4417,0.541697
-75.5322,-2.6594,-72.5639,0.542186
-76.1782,-2.6778,-72.6841,0.542675
-76.8245,-2.6964,-72.8018,0.543164
-77.5277,-2.7167,-72.9270,0.543693
-78.1724,-2.7354,-73.0390,0.544182
-78.8193,-2.7543,-73.1486,0.544671
-79.4674,-2.7733,-73.2561,0.545158
-80.1143,-2.7924,-73.3609,0.545646
-80.7597,-2.8119,-73.4630,0.546133
-81.4070,-2.8317,-73.5629,0.546619
-82.0563,-2.8515,-73.6606,0.547105
-82.7060,-2.8713,-73.7562,0.547594
-83.4129,-2.8928,-73.8578,0.548127
-84.0609,-2.9125,-73.9487,0.548615
-84.7111,-2.9322,-74.0382,0.549102
-85.3630,-2.9520,-74.1268,0.549589
-86.0138,-2.9717,-74.2147,0.550076
-86.6634,-2.9913,-74.3020,0.550563
-87.3144,-3.0110,-74.3892,0.551050
-87.9676,-3.0306,-74.4763,0.551530
-88.6221,-3.0503,-74.5633,0.552022
-89.3345,-3.0717,-74.6579,0.552546
-89.9858,-3.0912,-74.7445,0.553027
-90.6376,-3.1108,-74.8316,0.553514
-91.2903,-3.1303,-74.9197,0.553998
-91.9435,-3.1497,-75.0092,0.554482
-92.5966,-3.1691,-75.1005,0.554967
-93.2488,-3.1884,-75.1936,0.555448
-93.8997,-3.2077,-75.2881,0.555930
-94.5485,-3.2268,-75.3835,0.556411
-95.2534,-3.2476,-75.4879,0.556929
-95.8967,-3.2665,-75.5838,0.557405
-96.5373,-3.2853,-75.6797,0.557876
-97.1752,-3.3040,-75.7756,0.558346
-97.8104,-3.3226,-75.8716,0.558821
-98.4431,-3.3412,-75.9673,0.559287
-99.0732,-3.3596,-76.0626,0.559751
-99.7008,-3.3780,-76.1575,0.560216
-100.3259,-3.3963,-76.2521,0.560682
-101.0052,-3.4161,-76.3549,0.561187
-101.6254,-3.4343,-76.4488,0.561648
-102.2432,-3.4523,-76.5424,0.562106
-102.8588,-3.4703,-76.6357,0.562563
-103.4720,-3.4882,-76.7287,0.563016
-104.0830,-3.5061,-76.8213,0.563468
-104.6916,-3.5238,-76.9137,0.563921
-105.2981,-3.5415,-77.0059,0.564374
-105.9023,-3.5592,-77.0980,0.564824
-106.5589,-3.5784,-77.1985,0.565315
-107.1584,-3.5959,-77.2907,0.565760
-107.7557,-3.6133,-77.3828,0.566203
-108.3507,-3.6307,-77.4748,0.566639
-108.9435,-3.6480,-77.5665,0.567085
-109.5340,-3.6653,-77.6580,0.567529
-110.1223,-3.6825,-77.7491,0.567961
-110.7080,-3.6999,-77.8399,0.568398
-111.2913,-3.7174,-77.9306,0.568831
-111.9242,-3.7365,-78.0295,0.569301
-112.5007,-3.7539,-78.1205,0.569729
-113.0736,-3.7711,-78.2123,0.570154
-113.6427,-3.7882,-78.3056,0.570574
-114.2080,-3.8052,-78.4006,0.570992
-114.7693,-3.8220,-78.4973,0.571406
-115.3266,-3.8387,-78.5956,0.571825
-115.8797,-3.8552,-78.6953,0.572228
-116.4288,-3.8715,-78.7963,0.572633
-117.0235,-3.8891,-78.9080,0.573072
-117.5649,-3.9051,-79.0117,0.573480
-118.1027,-3.9210,-79.1168,0.573867
-118.6372,-3.9367,-79.2233,0.574266
-119.1684,-3.9522,-79.3315,0.574660
-119.6961,-3.9675,-79.4420,0.575053
-120.2202,-3.9827,-79.5553,0.575441
-120.7399,-3.9976,-79.6717,0.575823
-121.2547,-4.0123,-79.7914,0.576206
-121.8103,-4.0280,-79.9259,0.576618
-122.3136,-4.0422,-80.0529,0.576995
-122.8112,-4.0562,-80.1830,0.577363
-123.3013,-4.0706,-80.3161,0.577732
-123.7865,-4.0864,-80.4518,0.578090
-124.2653,-4.1020,-80.5895,0.578448
-124.7380,-4.1175,-80.7293,0.578801
-125.2042,-4.1329,-80.8711,0.579144
-125.6645,-4.1482,-81.0143,0.579488
-126.1595,-4.1646,-81.1714,0.579862
-126.6076,-4.1795,-81.3156,0.580196
-127.0497,-4.1943,-81.4596,0.580522
-127.4859,-4.2088,-81.6036,0.580854
-127.9163,-4.2231,-81.7471,0.581174
-128.3413,-4.2372,-81.8901,0.581492
-128.7612,-4.2510,-82.0324,0.581807
-129.1763,-4.2646,-82.1745,0.582115
-129.5874,-4.2779,-82.3161,0.582428
-130.0312,-4.2921,-82.4705,0.582762
-130.4338,-4.3048,-82.6123,0.583064
-130.8330,-4.3172,-82.7545,0.583365
-131.2286,-4.3294,-82.8976,0.583661
-131.6238,-4.3404,-83.0367,0.583953
-132.0125,-4.3503,-83.1818,0.584243
-132.3981,-4.3591,-83.3289,0.584528
-132.7795,-4.3678,-83.4775,0.584808
-133.1580,-4.3762,-83.6272,0.585092
-133.5646,-4.3838,-83.7967,0.585386
-133.9348,-4.3904,-83.9484,0.585657
-134.3020,-4.3964,-84.1019,0.585929
-134.6647,-4.4018,-84.2572,0.586193
-135.0234,-4.4071,-84.4149,0.586456
-135.3785,-4.4119,-84.5751,0.586714
-135.7291,-4.4162,-84.7374,0.586974
-136.0756,-4.4204,-84.9021,0.587227
-136.4180,-4.4241,-85.0693,0.587478
-136.7862,-4.4278,-85.2547,0.587751
-137.1193,-4.4311,-85.4277,0.588002
-137.4474,-4.4339,-85.6038,0.588243
-137.7707,-4.4366,-85.7835,0.588486
-138.0890,-4.4391,-85.9668,0.588723
-138.4023,-4.4414,-86.1532,0.588961
-138.7104,-4.4434,-86.3428,0.589193
-139.0137,-4.4455,-86.5355,0.589424
-139.3134,-4.4474,-86.7313,0.589660
-139.6361,-4.4494,-86.9481,0.589904
-139.9256,-4.4499,-87.1554,0.590127
-140.2136,-4.4504,-87.3613,0.590353
-140.4968,-4.4511,-87.5706,0.590581
-140.7767,-4.4520,-87.7839,0.590802
-141.0520,-4.4527,-88.0013,0.591021
-141.3219,-4.4540,-88.2223,0.591244
-141.5880,-4.4553,-88.4478,0.591454
-141.8481,-4.4568,-88.6766,0.591671
-142.1273,-4.4590,-88.9313,0.591913
-142.3770,-4.4608,-89.1678,0.592128
-142.6227,-4.4639,-89.4090,0.592341
-142.8630,-4.4667,-89.6540,0.592550
-143.0969,-4.4704,-89.9017,0.592766
-143.3260,-4.4743,-90.1546,0.592979
-143.5478,-4.4783,-90.4104,0.593187
-143.7652,-4.4836,-90.6714,0.593402
-143.9761,-4.4884,-90.9359,0.593604
-144.1989,-4.4950,-91.2262,0.593828
-144.3987,-4.5012,-91.4961,0.594033
-144.5942,-4.5075,-91.7669,0.594239
-144.7899,-4.5159,-92.0430,0.594451
-144.9847,-4.5240,-92.3232,0.594664
-145.1787,-4.5349,-92.6062,0.594879
-145.3730,-4.5458,-92.8972,0.595099
-145.5662,-4.5585,-93.1925,0.595323
-145.7590,-4.5717,-93.4965,0.595553
-145.9673,-4.5874,-93.8349,0.595808
-146.1573,-4.6026,-94.1542,0.596042
-146.3455,-4.6184,-94.4801,0.596281
-146.5323,-4.6350,-94.8152,0.596531
-146.7161,-4.6519,-95.1573,0.596788
-146.8984,-4.6694,-95.5087,0.597037
-147.0771,-4.6870,-95.8679,0.597297
-147.2532,-4.7050,-96.2366,0.597558
-147.4248,-4.7230,-96.6140,0.597825
-147.6074,-4.7427,-97.0369,0.598129
-147.7748,-4.7602,-97.4334,0.598405
-147.9306,-4.7767,-97.8408,0.598682
-148.0807,-4.7932,-98.2582,0.598965
-148.2239,-4.8090,-98.6844,0.599257
-148.3609,-4.8247,-99.1196,0.599556
-148.4913,-4.8394,-99.5642,0.599848
-148.6144,-4.8539,-100.0159,0.600154
-148.7308,-4.8673,-100.4765,0.600462
-148.8494,-4.8814,-100.9867,0.600801
-148.9514,-4.8929,-101.4627,0.601114
-149.0468,-4.9040,-101.9448,0.601433
-149.1365,-4.9137,-102.4351,0.601757
-149.2202,-4.9226,-102.9313,0.602089
-149.2993,-4.9304,-103.4359,0.602421
-149.3731,-4.9368,-103.9466,0.602763
-149.4424,-4.9424,-104.4659,0.603105
-149.5068,-4.9461,-104.9909,0.603451
-149.5720,-4.9495,-105.5742,0.603841
-149.6271,-4.9500,-106.1160,0.604204
-149.6775,-4.9504,-106.6665,0.604571
-149.7232,-4.9476,-107.2274,0.604947
-149.7634,-4.9445,-107.7958,0.605329
-149.7982,-4.9385,-108.3744,0.605710
-149.8268,-4.9315,-108.9599,0.606097
-149.8495,-4.9222,-109.5548,0.606492
-149.8654,-4.9110,-110.1555,0.606892
-149.8760,-4.8971,-110.8202,0.607332
-149.8789,-4.8821,-111.4360,0.607740
-149.8754,-4.8650,-112.0568,0.608165
-149.8657,-4.8460,-112.6848,0.608589
-149.8495,-4.8259,-113.3179,0.609017
-149.8266,-4.8046,-113.9553,0.609446
-149.7968,-4.7814,-114.5979,0.609880
-149.7603,-4.7575,-115.2442,0.610322
-149.7164,-4.7328,-115.8920,0.610760
-149.6601,-4.7043,-116.6002,0.611258
-149.6005,-4.6776,-117.2479,0.611716
-149.5332,-4.6504,-117.8921,0.612163
-149.4579,-4.6223,-118.5330,0.612616
-149.3748,-4.5939,-119.1700,0.613073
-149.2842,-4.5650,-119.8026,0.613518
-149.1860,-4.5356,-120.4312,0.613968
-149.0809,-4.5060,-121.0549,0.614409
-148.9693,-4.4758,-121.6742,0.614854
-148.8415,-4.4428,-122.3441,0.615328
-148.7195,-4.4123,-122.9528,0.615786
-148.5933,-4.3816,-123.5568,0.616222
-148.4635,-4.3509,-124.1557,0.616673
-148.3310,-4.3200,-124.7500,0.617126
-148.1967,-4.2892,-125.3390,0.617583
-148.0614,-4.2584,-125.9223,0.618025
-147.9263,-4.2278,-126.4994,0.618466
-147.7925,-4.1973,-127.0699,0.618910
-147.6499,-4.1645,-127.6843,0.619393
-147.5230,-4.1348,-128.2398,0.619839
-147.4001,-4.1055,-128.7879,0.620274
-147.2813,-4.0765,-129.3286,0.620702
-147.1672,-4.0480,-129.8617,0.621121
-147.0583,-4.0200,-130.3871,0.621543
-146.9549,-3.9925,-130.9046,0.621953
-146.8578,-3.9656,-131.4140,0.622354
-146.7670,-3.9393,-131.9151,0.622755
-146.6768,-3.9113,-132.4521,0.623192
-146.6024,-3.8862,-132.9353,0.623580
-146.5361,-3.8619,-133.4098,0.623950
-146.4773,-3.8382,-133.8760,0.624323
-146.4254,-3.8151,-134.3337,0.624692
-146.3806,-3.7926,-134.7847,0.625057
-146.3417,-3.7704,-135.2299,0.625410
-146.3089,-3.7490,-135.6704,0.625766
-146.2811,-3.7276,-136.1069,0.626120
-146.2569,-3.7050,-136.5785,0.626498
-146.2409,-3.6845,-137.0071,0.626854
-146.2306,-3.6646,-137.4309,0.627202
-146.2272,-3.6452,-137.8505,0.627544
-146.2306,-3.6261,-138.2638,0.627888
-146.2421,-3.6080,-138.6714,0.628234
-146.2611,-3.5901,-139.0719,0.628564
-146.2882,-3.5733,-139.4650,0.628899
-146.3239,-3.5567,-139.8519,0.629235
-146.3715,-3.5396,-140.2658,0.629586
-146.4241,-3.5244,-140.6403,0.629907
-146.4840,-3.5097,-141.0088,0.630237
-146.5524,-3.4958,-141.3742,0.630550
-146.6279,-3.4820,-141.7351,0.630870
-146.7120,-3.4694,-142.0910,0.631188
-146.8036,-3.4569,-142.4429,0.631501
-146.9042,-3.4456,-142.7890,0.631819
-147.0130,-3.4345,-143.1307,0.632124
-147.1420,-3.4238,-143.4959,0.632457
-147.2691,-3.4145,-143.8254,0.632768
-147.4053,-3.4064,-144.1474,0.633074
-147.5502,-3.3990,-144.4640,0.633373
-147.7037,-3.3929,-144.7723,0.633666
-147.8660,-3.3876,-145.0746,0.633956
-148.0362,-3.3826,-145.3681,0.634251
-148.2159,-3.3793,-145.6548,0.634540
-148.4035,-3.3762,-145.9333,0.634823
-148.6165,-3.3739,-146.2265,0.635136
-148.8205,-3.3726,-146.4871,0.635415
-149.0316,-3.3716,-146.7389,0.635690
-149.2493,-3.3719,-146.9808,0.635966
-149.4742,-3.3725,-147.2142,0.636240
-149.7051,-3.3737,-147.4378,0.636513
-149.9424,-3.3758,-147.6525,0.636782
-150.1856,-3.3782,-147.8578,0.637049
-150.4335,-3.3812,-148.0531,0.637315
-150.7100,-3.3852,-148.2562,0.637602
-150.9684,-3.3892,-148.4326,0.637865
-151.2304,-3.3938,-148.5997,0.638126
-151.4963,-3.3988,-148.7589,0.638387
-151.7655,-3.4041,-148.9106,0.638647
-152.0371,-3.4099,-149.0557,0.638901
-152.3122,-3.4161,-149.1971,0.639162
-152.5925,-3.4225,-149.3365,0.639418
-152.9043,-3.4300,-149.4886,0.639712
-153.1973,-3.4373,-149.6284,0.639971
-153.4972,-3.4448,-149.7684,0.640239
-153.8037,-3.4529,-149.9084,0.640509
-154.1185,-3.4614,-150.0483,0.640789
-154.4413,-3.4701,-150.1880,0.641062
-154.7725,-3.4794,-150.3279,0.641343
-155.1125,-3.4891,-150.4674,0.641630
-155.4610,-3.4992,-150.6062,0.641921
-155.8182,-3.5098,-150.7446,0.642215
-156.2182,-3.5218,-150.8942,0.642541
-156.5941,-3.5332,-151.0304,0.642848
-156.9796,-3.5452,-151.1650,0.643166
-157.3746,-3.5576,-151.2979,0.643486
-157.7791,-3.5704,-151.4285,0.643817
-158.1933,-3.5837,-151.5561,0.644155
-158.6167,-3.5974,-151.6804,0.644493
-159.0493,-3.6116,-151.8013,0.644840
-159.4912,-3.6262,-151.9183,0.645198
-159.9836,-3.6426,-152.0422,0.645594
-160.4448,-3.6581,-152.1530,0.645966
-160.9152,-3.6740,-152.2625,0.646336
-161.3956,-3.6902,-152.3714,0.646723
-161.8858,-3.7068,-152.4801,0.647114
-162.3864,-3.7238,-152.5887,0.647513
-162.8969,-3.7410,-152.6970,0.647913
-163.4174,-3.7587,-152.8050,0.648332
-163.9960,-3.7781,-152.9223,0.648792
-164.5360,-3.7963,-153.0301,0.649229
-165.0850,-3.8146,-153.1385,0.649662
-165.6429,-3.8331,-153.2485,0.650107
-166.2092,-3.8517,-153.3601,0.650560
-166.7839,-3.8703,-153.4735,0.651032
-167.3659,-3.8890,-153.5882,0.651500
-167.9554,-3.9075,-153.7041,0.651973
-168.5513,-3.9261,-153.8212,0.652451
-169.1525,-3.9444,-153.9393,0.652930
-169.8105,-3.9640,-154.0683,0.653464
-170.4118,-3.9815,-154.1864,0.653951
-171.0113,-3.9983,-154.3040,0.654429
-171.6087,-4.0147,-154.4211,0.654902
-172.2034,-4.0302,-154.5373,0.655378
-172.7965,-4.0451,-154.6524,0.655841
-173.3869,-4.0595,-154.7662,0.656313
-173.9756,-4.0730,-154.8786,0.656775
-174.5621,-4.0862,-154.9893,0.657241
-175.1990,-4.0998,-155.1080,0.657742
-175.7809,-4.1120,-155.2149,0.658206
-176.3600,-4.1238,-155.3195,0.658658
-176.9362,-4.1351,-155.4215,0.659119
-177.5083,-4.1463,-155.5205,0.659572
-178.0764,-4.1570,-155.6162,0.660018
-178.6398,-4.1677,-155.7088,0.660454
-179.1984,-4.1779,-155.7984,0.660890
-179.8022,-4.1889,-155.8928,0.661362
-180.3503,-4.1987,-155.9763,0.661777
-180.8932,-4.2085,-156.0569,0.662194
-181.4307,-4.2180,-156.1347,0.662607
-181.9625,-4.2274,-156.2093,0.663014
-182.4878,-4.2367,-156.2809,0.663410
-183.0063,-4.2459,-156.3492,0.663811
-183.5177,-4.2549,-156.4140,0.664196
-184.0220,-4.2639,-156.4750,0.664584
-184.5190,-4.2728,-156.5322,0.664963
-185.0531,-4.2825,-156.5903,0.665376
-185.5352,-4.2913,-156.6399,0.665743
-186.0103,-4.3001,-156.6860,0.666105
-186.4783,-4.3089,-156.7289,0.666463
-186.9395,-4.3176,-156.7681,0.666811
-187.3935,-4.3264,-156.8032,0.667154
-187.8403,-4.3352,-156.8333,0.667498
-188.2796,-4.3441,-156.8574,0.667836
-188.7114,-4.3531,-156.8750,0.668169
-189.1736,-4.3629,-156.8856,0.668514
-189.5890,-4.3722,-156.8872,0.668839
-189.9971,-4.3815,-156.8800,0.669158
-190.3982,-4.3910,-156.8643,0.669473
-190.7937,-4.4009,-156.8397,0.669783
-191.1846,-4.4108,-156.8066,0.670082
-191.5718,-4.4212,-156.7655,0.670392
-191.9563,-4.4318,-156.7161,0.670703
-192.3720,-4.4437,-156.6539,0.671028
-192.7500,-4.4551,-156.5883,0.671334
-193.1242,-4.4667,-156.5151,0.671642
-193.4949,-4.4788,-156.4331,0.671943
-193.8613,-4.4912,-156.3428,0.672248
-194.2231,-4.5042,-156.2430,0.672543
-194.5798,-4.5175,-156.1345,0.672846
-194.9312,-4.5314,-156.0161,0.673142
-195.2771,-4.5458,-155.8891,0.673440
-195.6480,-4.5621,-155.7396,0.673779
-195.9818,-4.5777,-155.5942,0.674075
-196.3098,-4.5938,-155.4395,0.674375
-196.6317,-4.6107,-155.2776,0.674687
-196.9453,-4.6277,-155.1004,0.675006
-197.2543,-4.6454,-154.9233,0.675316
-197.5577,-4.6633,-154.7389,0.675624
-197.8549,-4.6826,-154.5462,0.675942
-198.1462,-4.7022,-154.3485,0.676265
-198.4317,-4.7228,-154.1424,0.676581
-198.7363,-4.7457,-153.9119,0.676925
-199.0086,-4.7667,-153.6929,0.677248
-199.2751,-4.7881,-153.4694,0.677574
-199.5356,-4.8093,-153.2384,0.677887
-199.7931,-4.8308,-153.0021,0.678194
-200.0501,-4.8526,-152.7557,0.678524
-200.3066,-4.8746,-152.5016,0.678854
-200.5699,-4.8965,-152.2440,0.679175
-200.8496,-4.9204,-151.9474,0.679523
-201.1065,-4.9420,-151.6664,0.679862
-201.3612,-4.9643,-151.3763,0.680198
-201.6153,-4.9863,-151.0761,0.680533
-201.8676,-5.0088,-150.7683,0.680876
-202.1185,-5.0314,-150.4496,0.681224
-202.3676,-5.0540,-150.1230,0.681564
-202.6149,-5.0773,-149.7855,0.681914
-202.8600,-5.1005,-149.4393,0.682274
-203.1263,-5.1261,-149.0507,0.682652
-203.3669,-5.1498,-148.6839,0.683017
-203.6050,-5.1740,-148.3072,0.683378
-203.8398,-5.1981,-147.9220,0.683744
-204.0704,-5.2230,-147.5268,0.684108
-204.2961,-5.2477,-147.1228,0.684473
-204.5167,-5.2731,-146.7104,0.684845
-204.7316,-5.2985,-146.2885,0.685212
-204.9402,-5.3244,-145.8585,0.685588
-205.1672,-5.3517,-145.3817,0.686007
-205.3630,-5.3774,-144.9343,0.686385
-205.5538,-5.4034,-144.4785,0.686768
-205.7396,-5.4299,-144.0146,0.687158
-205.9214,-5.4568,-143.5421,0.687550
-206.0991,-5.4843,-143.0613,0.687941
-206.2730,-5.5122,-142.5714,0.688346
-206.4437,-5.5405,-142.0729,0.688756
-206.6117,-5.5694,-141.5654,0.689162
-206.7927,-5.6014,-141.0025,0.689614
-206.9565,-5.6313,-140.4775,0.690036
-207.1182,-5.6616,-139.9444,0.690455
-207.2775,-5.6924,-139.4029,0.690879
-207.4344,-5.7238,-138.8538,0.691314
-207.5888,-5.7556,-138.2968,0.691747
-207.7411,-5.7879,-137.7327,0.692188
-207.8915,-5.8207,-137.1611,0.692627
-208.0399,-5.8540,-136.5826,0.693080
-208.1993,-5.8910,-135.9436,0.693577
-208.3430,-5.9254,-135.3506,0.694032
-208.4846,-5.9604,-134.7510,0.694494
-208.6245,-5.9960,-134.1450,0.694967
-208.7631,-6.0321,-133.5323,0.695438
-208.9010,-6.0688,-132.9134,0.695925
-209.0390,-6.1060,-132.2884,0.696402
-209.1772,-6.1438,-131.6572,0.696886
-209.3153,-6.1821,-131.0246,0.697377
-209.4658,-6.2238,-130.3357,0.697909
-209.6041,-6.2629,-129.7012,0.698396
-209.7364,-6.3024,-129.0631,0.698891
-209.8728,-6.3412,-128.4279,0.699381
-210.0081,-6.3804,-127.7914,0.699870
-210.1424,-6.4200,-127.1528,0.700358
-210.2755,-6.4597,-126.5154,0.700852
-210.4075,-6.4995,-125.8790,0.701340
-210.5390,-6.5395,-125.2433,0.701836
-210.6821,-6.5831,-124.5517,0.702361
-210.8132,-6.6230,-123.9197,0.702854
-210.9439,-6.6628,-123.2896,0.703343
-211.0744,-6.7026,-122.6616,0.703824
-211.2045,-6.7422,-122.0355,0.704307
-211.3341,-6.7817,-121.4116,0.704783
-211.4634,-6.8210,-120.7897,0.705267
-211.5919,-6.8602,-120.1699,0.705739
-211.7192,-6.8991,-119.5522,0.706208
-211.8572,-6.9412,-118.8808,0.706723
-211.9826,-6.9797,-118.2675,0.707187
-212.1069,-7.0178,-117.6562,0.707651
-212.2303,-7.0557,-117.0468,0.708120
-212.3525,-7.0932,-116.4395,0.708578
-212.4738,-7.1304,-115.8344,0.709038
-212.5938,-7.1672,-115.2321,0.709499
-212.7126,-7.2036,-114.6332,0.709951
-212.8296,-7.2395,-114.0385,0.710411
-212.9548,-7.2778,-113.3945,0.710906
-213.0672,-7.3126,-112.8094,0.711355
-213.1768,-7.3465,-112.2294,0.711800
-213.2838,-7.3799,-111.6543,0.712242
-213.3880,-7.4126,-111.0849,0.712685
-213.4895,-7.4445,-110.5203,0.713123
-213.5885,-7.4759,-109.9616,0.713553
-213.6849,-7.5063,-109.4076,0.713986
-213.7791,-7.5362,-108.8589,0.714408
-213.8789,-7.5676,-108.2669,0.714861
-213.9678,-7.5957,-107.7291,0.715281
-214.0538,-7.6229,-107.1972,0.715689
-214.1371,-7.6491,-106.6700,0.716097
-214.2175,-7.6747,-106.1480,0.716513
-214.2946,-7.6988,-105.6322,0.716919
-214.3686,-7.7223,-105.1211,0.717312
-214.4390,-7.7446,-104.6165,0.717706
-214.5055,-7.7656,-104.1167,0.718099
-214.5734,-7.7875,-103.5782,0.718518
-214.6311,-7.8059,-103.0916,0.718897
-214.6847,-7.8230,-102.6099,0.719275
-214.7331,-7.8390,-102.1358,0.719650
-214.7763,-7.8517,-101.6662,0.720020
-214.8134,-7.8641,-101.2054,0.720380
-214.8448,-7.8760,-100.7488,0.720744
-214.8708,-7.8841,-100.3018,0.721096
-214.8909,-7.8923,-99.8615,0.721442
-214.9070,-7.8997,-99.3863,0.721819
-214.9164,-7.9039,-98.9607,0.722151
-214.9202,-7.9082,-98.5424,0.722481
-214.9181,-7.9104,-98.1292,0.722815
-214.9097,-7.9112,-97.7269,0.723130
-214.8940,-7.9122,-97.3333,0.723437
-214.8712,-7.9107,-96.9461,0.723749
-214.8406,-7.9087,-96.5707,0.724060
-214.8023,-7.9068,-96.2045,0.724352
-214.7523,-7.9021,-95.8132,0.724677
-214.6990,-7.8977,-95.4666,0.724969
-214.6392,-7.8934,-95.1266,0.725251
-214.5740,-7.8868,-94.7975,0.725526
-214.5027,-7.8805,-94.4766,0.725799
-214.4263,-7.8740,-94.1618,0.726068
-214.3452,-7.8658,-93.8568,0.726340
-214.2597,-7.8578,-93.5598,0.726591
-214.1693,-7.8497,-93.2686,0.726842
-214.0656,-7.8393,-92.9612,0.727121
-213.9667,-7.8299,-92.6871,0.727371
-213.8627,-7.8204,-92.4176,0.727611
-213.7566,-7.8096,-92.1551,0.727850
-213.6460,-7.7992,-91.8976,0.728089
-213.5303,-7.7882,-91.6426,0.728326
-213.4118,-7.7765,-91.3926,0.728563
-213.2884,-7.7650,-91.1459,0.728803
-213.1618,-7.7527,-90.9023,0.729033
-213.0193,-7.7392,-90.6418,0.729282
-212.8833,-7.7266,-90.4072,0.729515
-212.7440,-7.7138,-90.1770,0.729744
-212.5995,-7.7010,-89.9513,0.729975
-212.4522,-7.6881,-89.7308,0.730203
-212.3006,-7.6756,-89.5147,0.730427
-212.1438,-7.6627,-89.3035,0.730646
-211.9848,-7.6507,-89.0982,0.730866
-211.8200,-7.6388,-88.8972,0.731084
-211.6383,-7.6263,-88.6856,0.731324
-211.4654,-7.6158,-88.4961,0.731539
-211.2902,-7.6050,-88.3121,0.731752
-211.1111,-7.5940,-88.1337,0.731961
-210.9270,-7.5829,-87.9617,0.732168
-210.7412,-7.5713,-87.7950,0.732379
-210.5528,-7.5597,-87.6340,0.732589
-210.3602,-7.5480,-87.4791,0.732798
-210.1664,-7.5360,-87.3288,0.733001
-209.9526,-7.5230,-87.1712,0.733227
-209.7543,-7.5112,-87.0322,0.733432
-209.5527,-7.4993,-86.8991,0.733632
-209.3495,-7.4872,-86.7697,0.733838
-209.1433,-7.4751,-86.6444,0.734042
-208.9335,-7.4631,-86.5229,0.734246
-208.7188,-7.4509,-86.4057,0.734455
-208.5011,-7.4385,-86.2914,0.734662
-208.2794,-7.4260,-86.1809,0.734868
-208.0330,-7.4125,-86.0650,0.735098
-207.8021,-7.4001,-85.9642,0.735309
-207.5676,-7.3874,-85.8684,0.735522
-207.3292,-7.3748,-85.7767,0.735735
-207.0870,-7.3622,-85.6906,0.735954
-206.8416,-7.3497,-85.6110,0.736173
-206.5925,-7.3371,-85.5391,0.736396
-206.3416,-7.3246,-85.4739,0.736613
-206.0886,-7.3123,-85.4165,0.736833
-205.8104,-7.2992,-85.3642,0.737073
-205.5548,-7.2871,-85.3242,0.737302
-205.2984,-7.2753,-85.2927,0.737525
-205.0419,-7.2636,-85.2685,0.737745
-204.7847,-7.2522,-85.2542,0.737969
-204.5276,-7.2409,-85.2465,0.738185
-204.2706,-7.2299,-85.2459,0.738406
-204.0137,-7.2188,-85.2530,0.738626
-203.7567,-7.2080,-85.2656,0.738845
-203.4757,-7.1964,-85.2863,0.739085
-203.2166,-7.1856,-85.3128,0.739306
-202.9582,-7.1751,-85.3444,0.739526
-202.6979,-7.1649,-85.3822,0.739749
-202.4361,-7.1544,-85.4278,0.739972
-202.1759,-7.1444,-85.4786,0.740198
-201.9139,-7.1350,-85.5364,0.740422
-201.6510,-7.1250,-85.6025,0.740650
-201.3906,-7.1162,-85.6742,0.740881
-201.1041,-7.1072,-85.7626,0.741132
-200.8452,-7.0991,-85.8491,0.741363
-200.5840,-7.0932,-85.9443,0.741594
-200.3278,-7.0871,-86.0454,0.741830
-200.0683,-7.0856,-86.1552,0.742067
-199.8102,-7.0843,-86.2722,0.742300
-199.5575,-7.0862,-86.3940,0.742535
-199.3049,-7.0888,-86.5249,0.742774
-199.0581,-7.0927,-86.6619,0.743008
-198.7915,-7.0986,-86.8207,0.743268
-198.5534,-7.1044,-86.9731,0.743500
-198.3197,-7.1118,-87.1335,0.743733
-198.0917,-7.1194,-87.3001,0.743964
-197.8705,-7.1277,-87.4732,0.744197
-197.6553,-7.1366,-87.6532,0.744427
-197.4467,-7.1458,-87.8393,0.744657
-197.2449,-7.1554,-88.0304,0.744882
-197.0500,-7.1655,-88.2278,0.745109
-196.8453,-7.1766,-88.4490,0.745353
-196.6647,-7.1870,-88.6563,0.745576
-196.4859,-7.1970,-88.8647,0.745795
-196.3185,-7.2076,-89.0811,0.746018
-196.1553,-7.2182,-89.3017,0.746232
-195.9967,-7.2288,-89.5264,0.746455
-195.8402,-7.2396,-89.7558,0.746675
-195.6852,-7.2508,-89.9906,0.746897
-195.5169,-7.2624,-90.2541,0.747144
-195.3655,-7.2733,-90.5018,0.747372
-195.2160,-7.2846,-90.7561,0.747607
-195.0669,-7.2953,-91.0185,0.747844
-194.9206,-7.3061,-91.2873,0.748090
-194.7759,-7.3173,-91.5637,0.748335
-194.6319,-7.3279,-91.8495,0.748588
-194.4914,-7.3382,-92.1422,0.748846
-194.3538,-7.3489,-92.4432,0.749107
-194.2060,-7.3599,-92.7826,0.749404
-194.0754,-7.3692,-93.1011,0.749676
-193.9549,-7.3794,-93.4302,0.749956
-193.8315,-7.3882,-93.7671,0.750238
-193.7140,-7.3960,-94.1104,0.750525
-193.6018,-7.4041,-94.4620,0.750822
-193.4935,-7.4109,-94.8237,0.751121
-193.3922,-7.4166,-95.1912,0.751424
-193.2970,-7.4227,-95.5663,0.751727
-193.1991,-7.4270,-95.9872,0.752067
-193.1171,-7.4302,-96.3783,0.752383
-193.0412,-7.4336,-96.7769,0.752700
-192.9707,-7.4336,-97.1855,0.753025
-192.9077,-7.4336,-97.5985,0.753352
-192.8504,-7.4329,-98.0217,0.753687
-192.8008,-7.4289,-98.4485,0.754022
-192.7593,-7.4250,-98.8819,0.754361
-192.7244,-7.4191,-99.3246,0.754704
-192.6962,-7.4100,-99.8109,0.755085
-192.6780,-7.4016,-100.2627,0.755432
-192.6663,-7.3898,-100.7228,0.755789
-192.6607,-7.3765,-101.1868,0.756146
-192.6613,-7.3620,-101.6559,0.756508
-192.6672,-7.3463,-102.1312,0.756872
-192.6781,-7.3299,-102.6119,0.757242
-192.6951,-7.3125,-103.0972,0.757612
-192.7180,-7.2945,-103.5876,0.757988
-192.7509,-7.2741,-104.1273,0.758399
-192.7882,-7.2549,-104.6264,0.758780
-192.8320,-7.2352,-105.1279,0.759162
-192.8829,-7.2149,-105.6320,0.759546
-192.9402,-7.1945,-106.1367,0.759931
-193.0041,-7.1736,-106.6420,0.760316
-193.0730,-7.1527,-107.1465,0.760699
-193.1464,-7.1313,-107.6503,0.761082
-193.2232,-7.1100,-108.1519,0.761469
-193.3115,-7.0864,-108.6964,0.761879
-193.3969,-7.0649,-109.1919,0.762258
-193.4875,-7.0433,-109.6844,0.762636
-193.5827,-7.0217,-110.1732,0.763006
-193.6823,-7.0002,-110.6589,0.763381
-193.7859,-6.9786,-111.1411,0.763750
-193.8934,-6.9571,-111.6203,0.764118
-194.0045,-6.9356,-112.0962,0.764485
-194.1190,-6.9142,-112.5691,0.764850
-194.2368,-6.8927,-113.0389,0.765212
-194.3678,-6.8695,-113.5484,0.765610
-194.4897,-6.8481,-114.0133,0.765969
-194.6124,-6.8267,-114.4762,0.766326
-194.7352,-6.8053,-114.9376,0.766684
-194.8573,-6.7838,-115.3977,0.767036
-194.9784,-6.7623,-115.8564,0.767384
-195.0984,-6.7407,-116.3139,0.767731
-195.2165,-6.7191,-116.7702,0.768082
-195.3425,-6.6954,-117.2672,0.768454
-195.4550,-6.6737,-117.7217,0.768800
-195.5646,-6.6519,-118.1754,0.769138
-195.6708,-6.6300,-118.6281,0.769478
-195.7736,-6.6082,-119.0798,0.769812
-195.8730,-6.5862,-119.5304,0.770146
-195.9691,-6.5642,-119.9797,0.770477
-196.0620,-6.5423,-120.4277,0.770801
-196.1519,-6.5204,-120.8737,0.771129
-196.2465,-6.4965,-121.3577,0.771478
-196.3298,-6.4747,-121.7987,0.771797
-196.4102,-6.4531,-122.2367,0.772115
-196.4872,-6.4315,-122.6717,0.772428
-196.5605,-6.4100,-123.1032,0.772737
-196.6298,-6.3887,-123.5314,0.773030
-196.6945,-6.3676,-123.9560,0.773340
-196.7549,-6.3465,-124.3772,0.773637
-196.8105,-6.3256,-124.7948,0.773926
-196.8658,-6.3031,-125.2461,0.774241
-196.9118,-6.2826,-125.6558,0.774521
-196.9531,-6.2622,-126.0617,0.774799
-196.9902,-6.2421,-126.4638,0.775080
-197.0226,-6.2221,-126.8619,0.775347
-197.0498,-6.2024,-127.2562,0.775615
-197.0719,-6.1829,-127.6469,0.775881
-197.0882,-6.1635,-128.0340,0.776139
-197.0982,-6.1444,-128.4173,0.776402
-197.1024,-6.1238,-128.8312,0.776675
-197.0995,-6.1051,-129.2066,0.776928
-197.0908,-6.0868,-129.5778,0.777176
-197.0761,-6.0687,-129.9451,0.777420
-197.0550,-6.0508,-130.3075,0.777660
-197.0280,-6.0335,-130.6668,0.777899
-196.9941,-6.0162,-131.0232,0.778136
-196.9536,-5.9993,-131.3766,0.778368
-196.9068,-5.9826,-131.7284,0.778600
-196.8472,-5.9636,-132.1103,0.778856
-196.7834,-5.9458,-132.4566,0.779078
-196.7123,-5.9280,-132.8005,0.779310
-196.6335,-5.9102,-133.1413,0.779528
-196.5474,-5.8923,-133.4789,0.779752
-196.4545,-5.8741,-133.8127,0.779972
-196.3555,-5.8560,-134.1426,0.780188
-196.2507,-5.8378,-134.4686,0.780408
-196.1405,-5.8197,-134.7904,0.780617
-196.0062,-5.7986,-135.1347,0.780848
-195.8840,-5.7794,-135.4478,0.781065
-195.7562,-5.7601,-135.7565,0.781266
-195.6230,-5.7406,-136.0609,0.781476
-195.4845,-5.7214,-136.3606,0.781675
-195.3405,-5.7021,-136.6560,0.781883
-195.1899,-5.6827,-136.9458,0.782081
-195.0351,-5.6636,-137.2313,0.782285
-194.8744,-5.6446,-137.5123,0.782479
-194.6910,-5.6237,-137.8123,0.782688
-194.5181,-5.6041,-138.0822,0.782881
-194.3399,-5.5848,-138.3462,0.783079
-194.1553,-5.5659,-138.6038,0.783269
-193.9670,-5.5470,-138.8571,0.783462
-193.7747,-5.5281,-139.1042,0.783648
-193.5783,-5.5095,-139.3463,0.783829
-193.3777,-5.4911,-139.5816,0.784012
-193.1743,-5.4729,-139.8146,0.784198
-192.9478,-5.4536,-140.0651,0.784398
-192.7346,-5.4356,-140.2931,0.784582
-192.5149,-5.4176,-140.5181,0.784771
-192.2901,-5.4004,-140.7430,0.784963
-192.0581,-5.3827,-140.9668,0.785149
-191.8197,-5.3651,-141.1869,0.785347
-191.5744,-5.3482,-141.4073,0.785541
-191.3221,-5.3308,-141.6257,0.785742
-191.0629,-5.3140,-141.8402,0.785944
-190.7716,-5.2959,-142.0737,0.786166
-190.4968,-5.2790,-142.2839,0.786370
-190.2152,-5.2629,-142.4923,0.786582
-189.9256,-5.2464,-142.6970,0.786797
-189.6298,-5.2304,-142.8982,0.787016
-189.3268,-5.2144,-143.0945,0.787225
-189.0174,-5.1983,-143.2835,0.787441
-188.7027,-5.1826,-143.4650,0.787660
-188.3822,-5.1666,-143.6376,0.787875
-188.0293,-5.1508,-143.8147,0.788112
-187.7000,-5.1373,-143.9671,0.788320
-187.3676,-5.1240,-144.1115,0.788536
-187.0337,-5.1124,-144.2467,0.788738
-186.6956,-5.1007,-144.3737,0.788948
-186.3551,-5.0894,-144.4944,0.789160
-186.0091,-5.0790,-144.6087,0.789374
-185.6582,-5.0686,-144.7182,0.789595
-185.3037,-5.0585,-144.8217,0.789809
-184.9101,-5.0484,-144.9278,0.790048
-184.5442,-5.0389,-145.0192,0.790271
-184.1745,-5.0299,-145.1040,0.790495
-183.7981,-5.0215,-145.1841,0.790729
-183.4163,-5.0126,-145.2580,0.790967
-183.0303,-5.0045,-145.3257,0.791195
-182.6376,-4.9967,-145.3881,0.791434
-182.2397,-4.9885,-145.4440,0.791684
-181.8371,-4.9812,-145.4934,0.791930
-181.3912,-4.9732,-145.5391,0.792207
-180.9774,-4.9656,-145.5731,0.792451
-180.5605,-4.9591,-145.5988,0.792714
-180.1393,-4.9523,-145.6153,0.792971
-179.7165,-4.9453,-145.6222,0.793229
-179.2911,-4.9393,-145.6183,0.793487
-178.8651,-4.9328,-145.6035,0.793745
-178.4410,-4.9265,-145.5769,0.794000
-178.0179,-4.9208,-145.5379,0.794250
-177.5593,-4.9141,-145.4809,0.794519
-177.1438,-4.9085,-145.4150,0.794766
-176.7308,-4.9031,-145.3366,0.795011
-176.3224,-4.8972,-145.2453,0.795246
-175.9204,-4.8926,-145.1419,0.795488
-175.5225,-4.8877,-145.0267,0.795722
-175.1321,-4.8827,-144.8998,0.795957
-174.7468,-4.8789,-144.7610,0.796191
-174.3683,-4.8747,-144.6115,0.796420
-173.9654,-4.8711,-144.4362,0.796668
-173.6027,-4.8683,-144.2640,0.796893
-173.2480,-4.8651,-144.0815,0.797117
-172.9036,-4.8641,-143.8897,0.797345
-172.5660,-4.8628,-143.6875,0.797561
-172.2396,-4.8621,-143.4770,0.797781
-171.9200,-4.8634,-143.2565,0.798000
-171.6099,-4.8641,-143.0275,0.798213
-171.3118,-4.8662,-142.7912,0.798438
-170.9954,-4.8697,-142.5229,0.798675
-170.7158,-4.8723,-142.2688,0.798888
-170.4486,-4.8769,-142.0088,0.799101
-170.1897,-4.8815,-141.7406,0.799318
-169.9409,-4.8856,-141.4662,0.799528
-169.7037,-4.8918,-141.1877,0.799742
-169.4736,-4.8976,-140.9025,0.799953
-169.2516,-4.9030,-140.6136,0.800167
-169.0347,-4.9105,-140.3181,0.800382
-168.8035,-4.9184,-139.9902,0.800617
-168.5966,-4.9256,-139.6855,0.800840
-168.3921,-4.9345,-139.3740,0.801063
-168.1899,-4.9432,-139.0569,0.801286
-167.9902,-4.9521,-138.7354,0.801512
-167.7917,-4.9625,-138.4067,0.801750
-167.5950,-4.9728,-138.0721,0.801981
-167.4005,-4.9834,-137.7324,0.802226
-167.2079,-4.9951,-137.3848,0.802468
-167.0001,-5.0078,-136.9977,0.802746
-166.8135,-5.0200,-136.6364,0.802997
-166.6291,-5.0330,-136.2668,0.803256
-166.4476,-5.0456,-135.8903,0.803508
-166.2708,-5.0592,-135.5079,0.803775
-166.0977,-5.0730,-135.1180,0.804044
-165.9311,-5.0864,-134.7226,0.804314
-165.7708,-5.1008,-134.3205,0.804585
-165.6194,-5.1146,-133.9135,0.804857
-165.4654,-5.1299,-133.4656,0.805157
-165.3359,-5.1437,-133.0511,0.805437
-165.2186,-5.1570,-132.6336,0.805712
-165.1080,-5.1706,-132.2151,0.805983
-165.0149,-5.1834,-131.7934,0.806256
-164.9333,-5.1957,-131.3707,0.806535
-164.8639,-5.2080,-130.9473,0.806808
-164.8059,-5.2200,-130.5240,0.807077
-164.7589,-5.2315,-130.1012,0.807349
-164.7206,-5.2437,-129.6414,0.807634
-164.6961,-5.2545,-129.2220,0.807901
-164.6821,-5.2657,-128.8038,0.808166
-164.6768,-5.2766,-128.3858,0.808421
-164.6805,-5.2877,-127.9680,0.808690
-164.6916,-5.2988,-127.5480,0.808957
-164.7105,-5.3099,-127.1264,0.809225
-164.7365,-5.3215,-126.7007,0.809495
-164.7701,-5.3328,-126.2721,0.809767
-164.8148,-5.3459,-125.7996,0.810068
-164.8635,-5.3577,-125.3629,0.810351
-164.9192,-5.3700,-124.9229,0.810631
-164.9821,-5.3822,-124.4788,0.810924
-165.0514,-5.3949,-124.0309,0.811211
-165.1272,-5.4077,-123.5783,0.811510
-165.2089,-5.4208,-123.1214,0.811813
-165.2969,-5.4342,-122.6598,0.812118
-165.3909,-5.4478,-122.1939,0.812432
-165.5011,-5.4631,-121.6803,0.812779
-165.6088,-5.4773,-121.2053,0.813098
-165.7237,-5.4919,-120.7267,0.813426
-165.8454,-5.5065,-120.2457,0.813754
-165.9747,-5.5217,-119.7622,0.814095
-166.1108,-5.5369,-119.2766,0.814432
-166.2532,-5.5525,-118.7895,0.814778
-166.4006,-5.5682,-118.3003,0.815120
-166.5518,-5.5843,-117.8099,0.815485
-166.7206,-5.6021,-117.2725,0.815869
-166.8787,-5.6188,-116.7784,0.816230
-167.0402,-5.6358,-116.2828,0.816606
-167.2049,-5.6530,-115.7862,0.816973
-167.3733,-5.6705,-115.2882,0.817349
-167.5450,-5.6883,-114.7896,0.817725
-167.7200,-5.7063,-114.2902,0.818103
-167.8981,-5.7245,-113.7911,0.818477
-168.0789,-5.7429,-113.2923,0.818848
-168.2790,-5.7628,-112.7497,0.819256
-168.4641,-5.7803,-112.2551,0.819630
-168.6502,-5.7984,-111.7639,0.819999
-168.8382,-5.8173,-111.2746,0.820372
-169.0272,-5.8369,-110.7888,0.820745
-169.2178,-5.8570,-110.3049,0.821119
-169.4093,-5.8778,-109.8241,0.821488
-169.6024,-5.8987,-109.3453,0.821868
-169.7968,-5.9202,-108.8694,0.822244
-170.0110,-5.9438,-108.3526,0.822653
-170.2087,-5.9658,-107.8818,0.823028
-170.4079,-5.9878,-107.4132,0.823414
-170.6080,-6.0100,-106.9473,0.823784
-170.8091,-6.0323,-106.4836,0.824161
-171.0110,-6.0547,-106.0225,0.824535
-171.2133,-6.0770,-105.5639,0.824903
-171.4153,-6.0993,-105.1089,0.825280
-171.6165,-6.1215,-104.6576,0.825649
-171.8342,-6.1455,-104.1700,0.826049
-172.0320,-6.1674,-103.7275,0.826414
-172.2275,-6.1890,-103.2895,0.826780
-172.4202,-6.2103,-102.8561,0.827133
-172.6098,-6.2315,-102.4272,0.827492
-172.7964,-6.2523,-102.0027,0.827839
-172.9798,-6.2729,-101.5829,0.828187
-173.1651,-6.2927,-101.1693,0.828537
-173.3412,-6.3123,-100.7583,0.828885
-173.5285,-6.3334,-100.3147,0.829254
-173.6962,-6.3523,-99.9124,0.829590
-173.8596,-6.3710,-99.5144,0.829950
-174.0191,-6.3894,-99.1201,0.830282
-174.1742,-6.4073,-98.7304,0.830615
-174.3246,-6.4251,-98.3445,0.830949
-174.4703,-6.4423,-97.9622,0.831282
-174.6107,-6.4593,-97.5842,0.831605
-174.7464,-6.4762,-97.2096,0.831934
-174.8887,-6.4936,-96.8059,0.832286
-175.0139,-6.5096,-96.4398,0.832603
-175.1345,-6.5250,-96.0768,0.832917
-175.2504,-6.5399,-95.7184,0.833224
-175.3617,-6.5548,-95.3637,0.833527
-175.4689,-6.5686,-95.0121,0.833833
-175.5711,-6.5823,-94.6650,0.834132
-175.6688,-6.5957,-94.3208,0.834439
-175.7609,-6.6081,-93.9817,0.834725
-175.8548,-6.6217,-93.6160,0.835049
-175.9352,-6.6331,-93.2839,0.835332
-176.0087,-6.6442,-92.9568,0.835622
-176.0762,-6.6550,-92.6325,0.835904
-176.1363,-6.6646,-92.3136,0.836176
-176.1835,-6.6745,-91.9976,0.836454
-176.2298,-6.6826,-91.6856,0.836723
-176.2684,-6.6901,-91.3794,0.836984
-176.3008,-6.6970,-91.0751,0.837243
-176.3281,-6.7030,-90.7490,0.837530
-176.3471,-6.7079,-90.4498,0.837786
-176.3597,-6.7109,-90.1547,0.838040
-176.3672,-6.7121,-89.8557,0.838287
-176.3685,-6.7103,-89.5629,0.838534
-176.3643,-6.7085,-89.2714,0.838786
-176.3546,-6.7069,-88.9811,0.839033
-176.3395,-6.7001,-88.6858,0.839281
-176.3186,-6.6920,-88.3991,0.839520
-176.2885,-6.6831,-88.0881,0.839790
-176.2552,-6.6710,-87.7990,0.840027
-176.2164,-6.6565,-87.5190,0.840267
-176.1694,-6.6419,-87.2412,0.840501
-176.1164,-6.6238,-86.9611,0.840738
-176.0574,-6.6036,-86.6905,0.840970
-175.9890,-6.5830,-86.4231,0.841206
-175.9144,-6.5592,-86.1560,0.841438
-175.8338,-6.5344,-85.8977,0.841668
-175.7352,-6.5067,-85.6202,0.841920
-175.6398,-6.4783,-85.3683,0.842151
-175.5397,-6.4502,-85.1236,0.842378
-175.4310,-6.4213,-84.8826,0.842604
-175.3198,-6.3909,-84.6454,0.842832
-175.2042,-6.3611,-84.4140,0.843065
-175.0806,-6.3307,-84.1871,0.843286
-174.9554,-6.3003,-83.9649,0.843515
-174.8257,-6.2703,-83.7476,0.843740
-174.6774,-6.2377,-83.5172,0.843981
-174.5392,-6.2084,-83.3094,0.844200
-174.3970,-6.1794,-83.1053,0.844421
-174.2492,-6.1506,-82.9058,0.844639
-174.0975,-6.1228,-82.7069,0.844867
-173.9413,-6.0951,-82.5112,0.845087
-173.7802,-6.0674,-82.3181,0.845306
-173.6176,-6.0415,-82.1266,0.845529
-173.4461,-6.0157,-81.9373,0.845750
-173.2498,-5.9879,-81.7361,0.845996
-173.0689,-5.9647,-81.5538,0.846223
-172.8819,-5.9416,-81.3702,0.846451
-172.6900,-5.9185,-81.1884,0.846681
-172.4950,-5.8977,-81.0118,0.846913
-172.2927,-5.8780,-80.8337,0.847143
-172.0853,-5.8583,-80.6581,0.847372
-171.8688,-5.8363,-80.4823,0.847610
-171.6498,-5.8123,-80.3141,0.847840
-171.4017,-5.7847,-80.1361,0.848103
-171.1741,-5.7631,-79.9785,0.848343
-170.9366,-5.7402,-79.8226,0.848577
-170.6990,-5.7185,-79.6718,0.848817
-170.4534,-5.6980,-79.5229,0.849056
-170.2013,-5.6764,-79.3792,0.849296
-169.9479,-5.6572,-79.2405,0.849541
-169.6859,-5.6377,-79.1052,0.849786
-169.4210,-5.6181,-78.9739,0.850030
-169.1244,-5.5981,-78.8342,0.850300
-168.8473,-5.5792,-78.7111,0.850547
-168.5679,-5.5609,-78.5919,0.850801
-168.2829,-5.5432,-78.4761,0.851052
-167.9929,-5.5248,-78.3647,0.851306
-167.6995,-5.5071,-78.2571,0.851560
-167.4001,-5.4894,-78.1542,0.851814
-167.0966,-5.4713,-78.0557,0.852074
-166.7889,-5.4537,-77.9628,0.852330
-166.4477,-5.4343,-77.8686,0.852615
-166.1315,-5.4164,-77.7884,0.852878
-165.8114,-5.3986,-77.7152,0.853140
-165.4888,-5.3805,-77.6483,0.853406
-165.1635,-5.3625,-77.5885,0.853670
-164.8361,-5.3442,-77.5364,0.853934
-164.5074,-5.3259,-77.4913,0.854199
-164.1767,-5.3072,-77.4539,0.854462
-163.8461,-5.2883,-77.4240,0.854725
-163.4835,-5.2675,-77.3997,0.855012
-163.1527,-5.2474,-77.3858,0.855272
-162.8223,-5.2276,-77.3803,0.855529
-162.4800,-5.1956,-77.3796,0.855788
-162.1513,-5.1568,-77.3934,0.856044
-161.8341,-5.1236,-77.4111,0.856295
-161.5168,-5.0888,-77.4383,0.856543
-161.1983,-5.0585,-77.4689,0.856785
-160.8524,-5.0244,-77.5103,0.857052
-160.5421,-4.9981,-77.5507,0.857291
-160.2293,-4.9713,-77.5970,0.857528
-159.9219,-4.9458,-77.6449,0.857764
-159.6126,-4.9222,-77.6970,0.857994
-159.3054,-4.8987,-77.7523,0.858225
-159.0028,-4.8766,-77.8084,0.858453
-158.6989,-4.8558,-77.8658,0.858678
-158.3959,-4.8351,-77.9227,0.858899
-158.0953,-4.8149,-77.9778,0.859118
-157.7649,-4.7949,-78.0357,0.859358
-157.4617,-4.7765,-78.0857,0.859573
-157.1580,-4.7581,-78.1322,0.859787
-156.8564,-4.7412,-78.1742,0.859999
-156.5526,-4.7252,-78.2138,0.860213
-156.2487,-4.7090,-78.2492,0.860423
-155.9444,-4.6928,-78.2819,0.860634
-155.6416,-4.6782,-78.3097,0.860844
-155.3353,-4.6644,-78.3348,0.861048
-155.0000,-4.6492,-78.3568,0.861274
-154.6915,-4.6351,-78.3714,0.861479
-154.3842,-4.6224,-78.3802,0.861689
-154.0741,-4.6107,-78.3823,0.861892
-153.7629,-4.5990,-78.3790,0.862097
-153.4512,-4.5871,-78.3684,0.862308
-153.1416,-4.5755,-78.3502,0.862511
-152.8296,-4.5659,-78.3246,0.862714
-152.5186,-4.5562,-78.2907,0.862922
-152.1801,-4.5457,-78.2460,0.863150
-151.8713,-4.5360,-78.1970,0.863355
-151.5639,-4.5257,-78.1407,0.863559
-151.2594,-4.5152,-78.0777,0.863767
-150.9573,-4.5048,-78.0089,0.863970
-150.6611,-4.4965,-77.9355,0.864172
-150.3648,-4.4893,-77.8577,0.864378
-150.0715,-4.4822,-77.7764,0.864581
-149.7572,-4.4782,-77.6861,0.864800
-149.4674,-4.4746,-77.6006,0.865001
-149.1800,-4.4724,-77.5139,0.865212
-148.8888,-4.4715,-77.4245,0.865414
-148.5956,-4.4707,-77.3323,0.865626
-148.3011,-4.4714,-77.2373,0.865833
-148.0019,-4.4723,-77.1380,0.866043
-147.7003,-4.4734,-77.0347,0.866266
-147.3948,-4.4748,-76.9264,0.866492
-147.0855,-4.4758,-76.8127,0.866726
-146.7449,-4.4762,-76.6832,0.866972
-146.4272,-4.4763,-76.5586,0.867209
-146.1066,-4.4745,-76.4306,0.867451
-145.7807,-4.4727,-76.2989,0.867697
-145.4475,-4.4695,-76.1629,0.867941
-145.1096,-4.4652,-76.0244,0.868198
-144.7650,-4.4608,-75.8823,0.868461
-144.4120,-4.4549,-75.7355,0.868727
-144.0208,-4.4474,-75.5708,0.869030
-143.6549,-4.4404,-75.4146,0.869301
-143.2810,-4.4325,-75.2528,0.869589
-142.9017,-4.4231,-75.0864,0.869879
-142.5157,-4.4134,-74.9152,0.870176
-142.1230,-4.4035,-74.7400,0.870475
-141.7225,-4.3929,-74.5606,0.870787
-141.3160,-4.3810,-74.3785,0.871104
-140.9026,-4.3688,-74.1931,0.871421
-140.4436,-4.3553,-73.9869,0.871780
-140.0154,-4.3426,-73.7939,0.872118
-139.5802,-4.3295,-73.5970,0.872458
-139.1382,-4.3160,-73.3959,0.872806
-138.6893,-4.3022,-73.1903,0.873162
-138.2336,-4.2878,-72.9804,0.873524
-137.7708,-4.2731,-72.7663,0.873890
-137.3012,-4.2581,-72.5484,0.874262
-136.8247,-4.2427,-72.3270,0.874644
-136.2968,-4.2256,-72.0822,0.875066
-135.8053,-4.2096,-71.8550,0.875457
-135.3065,-4.1933,-71.6254,0.875857
-134.8006,-4.1768,-71.3931,0.876258
-134.2876,-4.1600,-71.1578,0.876672
-133.7675,-4.1430,-70.9192,0.877086
-133.2405,-4.1256,-70.6772,0.877505
-132.7067,-4.1080,-70.4314,0.877931
-132.1660,-4.0898,-70.1815,0.878367
-131.5692,-4.0693,-69.9044,0.878841
-131.0154,-4.0502,-69.6464,0.879286
-130.4555,-4.0309,-69.3849,0.879732
-129.8895,-4.0113,-69.1205,0.880187
-129.3174,-3.9915,-68.8538,0.880641
-128.7393,-3.9715,-68.5851,0.881110
-128.1557,-3.9513,-68.3148,0.881580
-127.5711,-3.9311,-68.0447,0.882045
-126.9884,-3.9109,-67.7760,0.882522
-126.3503,-3.8889,-67.4823,0.883039
-125.7635,-3.8686,-67.2125,0.883511
-125.1784,-3.8484,-66.9438,0.883984
-124.5916,-3.8281,-66.6750,0.884458
-124.0028,-3.8078,-66.4060,0.884932
-123.4158,-3.7875,-66.1386,0.885405
-122.8276,-3.7672,-65.8714,0.885883
-122.2377,-3.7469,-65.6043,0.886362
-121.6495,-3.7267,-65.3386,0.886837
-121.0064,-3.7046,-65.0490,0.887359
-120.4154,-3.6843,-64.7837,0.887836
-119.8262,-3.6641,-64.5197,0.888310
-119.2354,-3.6439,-64.2553,0.888789
-118.6435,-3.6236,-63.9907,0.889266
-118.0535,-3.6035,-63.7271,0.889739
-117.4619,-3.5832,-63.4633,0.890218
-116.8693,-3.5630,-63.1995,0.890695
-116.2785,-3.5429,-62.9370,0.891174
-115.6323,-3.5209,-62.6504,0.891693
-115.0391,-3.5007,-62.3877,0.892170
-114.4478,-3.4806,-62.1261,0.892647
-113.8548,-3.4605,-61.8637,0.893124
-113.2612,-3.4403,-61.6007,0.893603
-112.6697,-3.4203,-61.3380,0.894080
-112.0767,-3.4001,-61.0738,0.894556
-111.4832,-3.3799,-60.8090,0.895034
-110.8919,-3.3599,-60.5449,0.895508
-110.2451,-3.3379,-60.2561,0.896030
-109.6520,-3.3179,-59.9916,0.896507
-109.0609,-3.2979,-59.7279,0.896982
-108.4679,-3.2778,-59.4633,0.897457
-107.8749,-3.2578,-59.1983,0.897937
-107.2840,-3.2378,-58.9336,0.898410
-106.6914,-3.2178,-58.6671,0.898886
-106.0990,-3.1978,-58.3996,0.899361
-105.5088,-3.1778,-58.1320,0.899839
-104.8632,-3.1560,-57.8381,0.900353
-104.2719,-3.1359,-57.5680,0.900831
-103.6827,-3.1160,-57.2980,0.901308
-103.0918,-3.0960,-57.0261,0.901788
-102.5016,-3.0760,-56.7539,0.902265
-101.9135,-3.0561,-56.4818,0.902742
-101.3237,-3.0362,-56.2081,0.903215
-100.7345,-3.0163,-55.9342,0.903692
-100.1474,-2.9965,-55.6604,0.904172
-99.5051,-2.9748,-55.3599,0.904693
-98.9171,-2.9549,-55.0841,0.905171
-98.3309,-2.9348,-54.8084,0.905649
-97.7428,-2.9143,-54.5312,0.906125
-97.1555,-2.8934,-54.2544,0.906600
-96.5699,-2.8723,-53.9786,0.907076
-95.9824,-2.8508,-53.7025,0.907552
-95.3954,-2.8289,-53.4272,0.908030
-94.8099,-2.8069,-53.1532,0.908510
-94.1686,-2.7824,-52.8536,0.909036
-93.5817,-2.7598,-52.5798,0.909508
-92.9961,-2.7368,-52.3068,0.909987
-92.4081,-2.7135,-52.0328,0.910463
-91.8211,-2.6900,-51.7595,0.910941
-91.2352,-2.6665,-51.4870,0.911414
-90.6472,-2.6426,-51.2137,0.911887
-90.0602,-2.6187,-50.9412,0.912367
-89.4742,-2.5946,-50.6693,0.912847
-88.8323,-2.5681,-50.3717,0.913365
-88.2448,-2.5438,-50.0996,0.913838
-87.6584,-2.5194,-49.8280,0.914319
-87.0697,-2.4948,-49.5553,0.914793
-86.4816,-2.4701,-49.2828,0.915269
-85.8951,-2.4455,-49.0111,0.915744
-85.3065,-2.4207,-48.7382,0.916219
-84.7188,-2.3958,-48.4656,0.916696
-84.1326,-2.3711,-48.1932,0.917167
-83.4908,-2.3439,-47.8940,0.917689
-82.9033,-2.3190,-47.6194,0.918166
-82.3175,-2.2941,-47.3446,0.918646
-81.7297,-2.2692,-47.0682,0.919122
-81.1425,-2.2443,-46.7918,0.919598
-80.5572,-2.2196,-46.5162,0.920074
-79.9704,-2.1949,-46.2395,0.920548
-79.3838,-2.1706,-45.9627,0.921028
-78.7994,-2.1467,-45.6863,0.921502
-78.1597,-2.1206,-45.3829,0.922024
-77.5737,-2.0969,-45.1042,0.922504
-76.9897,-2.0733,-44.8257,0.922976
-76.4039,-2.0499,-44.5458,0.923451
-75.8182,-2.0266,-44.2656,0.923930
-75.2345,-2.0036,-43.9861,0.924408
-74.6494,-1.9807,-43.7054,0.924882
-74.0644,-1.9580,-43.4245,0.925356
-73.4816,-1.9356,-43.1442,0.925834
-72.8437,-1.9113,-42.8369,0.926353
-72.2590,-1.8893,-42.5549,0.926827
-71.6764,-1.8675,-42.2734,0.927302
-71.0921,-1.8460,-41.9908,0.927779
-70.5080,-1.8247,-41.7081,0.928260
-69.9260,-1.8037,-41.4261,0.928732
-69.3420,-1.7829,-41.1430,0.929212
-68.7577,-1.7623,-40.8596,0.929688
-68.1756,-1.7421,-40.5771,0.930163
-67.5387,-1.7202,-40.2679,0.930685
-66.9550,-1.7005,-39.9846,0.931161
-66.3731,-1.6810,-39.7024,0.931640
-65.7892,-1.6619,-39.4196,0.932114
-65.2055,-1.6430,-39.1373,0.932590
-64.6233,-1.6244,-38.8559,0.933069
-64.0395,-1.6060,-38.5740,0.933545
-63.4556,-1.5878,-38.2923,0.934020
-62.8732,-1.5701,-38.0114,0.934497
-62.2358,-1.5509,-37.7044,0.935017
-61.6509,-1.5336,-37.4230,0.935494
-61.0680,-1.5167,-37.1428,0.935971
-60.4830,-1.4998,-36.8620,0.936450
-59.8980,-1.4833,-36.5814,0.936926
-59.3147,-1.4670,-36.3019,0.937401
-58.7293,-1.4509,-36.0217,0.937878
-58.1435,-1.4348,-35.7415,0.938358
-57.5597,-1.4181,-35.4626,0.938834
-56.9210,-1.4000,-35.1579,0.939357
-56.3352,-1.3839,-34.8789,0.939833
-55.7512,-1.3682,-34.6010,0.940307
-55.1648,-1.3527,-34.3224,0.940784
-54.5788,-1.3375,-34.0443,0.941263
-53.9942,-1.3227,-33.7672,0.941738
-53.4076,-1.3081,-33.4895,0.942216
-52.8210,-1.2937,-33.2121,0.942691
-52.2361,-1.2797,-32.9357,0.943170
-51.5955,-1.2646,-32.6330,0.943690
-51.0090,-1.2510,-32.3558,0.944167
-50.4236,-1.2376,-32.0793,0.944646
-49.8362,-1.2243,-31.8018,0.945126
-49.2493,-1.2113,-31.5246,0.945600
-48.6639,-1.1984,-31.2480,0.946079
-48.0762,-1.1857,-30.9703,0.946552
-47.4893,-1.1731,-30.6929,0.947029
-46.9037,-1.1608,-30.4161,0.947506
-46.2625,-1.1473,-30.1129,0.948026
-45.6757,-1.1353,-29.8356,0.948505
-45.0899,-1.1234,-29.5588,0.948979
-44.5020,-1.1116,-29.2813,0.949458
-43.9149,-1.0999,-29.0043,0.949936
-43.3295,-1.0887,-28.7281,0.950407
-42.7414,-1.0784,-28.4506,0.950885
-42.1541,-1.0683,-28.1735,0.951364
-41.5681,-1.0583,-27.8966,0.951840
-40.9264,-1.0476,-27.5931,0.952360
-40.3394,-1.0379,-27.3150,0.952839
-39.7533,-1.0283,-27.0367,0.953315
-39.1652,-1.0187,-26.7569,0.953793
-38.5784,-1.0093,-26.4772,0.954269
-37.9926,-1.0001,-26.1973,0.954744
-37.4049,-0.9908,-25.9159,0.955221
-36.8186,-0.9817,-25.6345,0.955699
-36.2333,-0.9727,-25.3528,0.956175
-35.5932,-0.9629,-25.0438,0.956696
-35.0084,-0.9540,-24.7608,0.957171
-34.4239,-0.9452,-24.4771,0.957648
-33.8378,-0.9364,-24.1919,0.958127
-33.2536,-0.9278,-23.9072,0.958603
-32.6697,-0.9192,-23.6218,0.959081
-32.0843,-0.9106,-23.3350,0.959557
-31.5007,-0.9021,-23.0485,0.960035
-30.9175,-0.8937,-22.7614,0.960510
-30.2802,-0.8845,-22.4467,0.961032
-29.6982,-0.8762,-22.1586,0.961507
-29.1156,-0.8679,-21.8695,0.961986
-28.5321,-0.8597,-21.5794,0.962461
-27.9507,-0.8515,-21.2897,0.962937
-27.3688,-0.8434,-20.9990,0.963414
-26.7864,-0.8352,-20.7075,0.963891
-26.2062,-0.8272,-20.4166,0.964368
-25.6250,-0.8192,-20.1246,0.964844
-24.9903,-0.8105,-19.8056,0.965364
-24.4106,-0.8027,-19.5140,0.965840
-23.8294,-0.7948,-19.2218,0.966316
-23.2477,-0.7870,-18.9295,0.966793
-22.6680,-0.7793,-18.6380,0.967268
-22.0869,-0.7716,-18.3458,0.967748
-21.5058,-0.7639,-18.0536,0.968224
-20.9265,-0.7563,-17.7620,0.968698
-20.3454,-0.7487,-17.4694,0.969176
-19.7115,-0.7405,-17.1499,0.969698
-19.1322,-0.7330,-16.8576,0.970171
-18.5512,-0.7255,-16.5641,0.970650
-17.9708,-0.7181,-16.2709,0.971124
-17.3920,-0.7107,-15.9782,0.971596
-16.8110,-0.7034,-15.6842,0.972073
-16.2306,-0.6961,-15.3905,0.972552
-15.6518,-0.6888,-15.0972,0.973025
-15.0183,-0.6808,-14.7761,0.973549
-14.4389,-0.6736,-14.4823,0.974026
-13.8602,-0.6665,-14.1888,0.974502
-13.2794,-0.6593,-13.8942,0.974983
-12.6999,-0.6522,-13.6002,0.975461
-12.1211,-0.6451,-13.3065,0.975937
-11.5407,-0.6380,-13.0119,0.976416
-10.9617,-0.6310,-12.7180,0.976895
-10.3830,-0.6241,-12.4242,0.977372
-9.8024,-0.6171,-12.1294,0.977853
-9.1707,-0.6095,-11.8085,0.978373
-8.5917,-0.6026,-11.5143,0.978850
-8.0115,-0.5957,-11.2194,0.979329
-7.4330,-0.5889,-10.9253,0.979808
-6.8541,-0.5821,-10.6309,0.980286
-6.2737,-0.5753,-10.3358,0.980766
-5.6950,-0.5685,-10.0415,0.981243
-5.1160,-0.5618,-9.7470,0.981721
-4.5359,-0.5551,-9.4519,0.982201
-3.9052,-0.5478,-9.1311,0.982720
-3.3259,-0.5411,-8.8363,0.983200
-2.7458,-0.5345,-8.5411,0.983678
-2.1675,-0.5279,-8.2467,0.984156
-1.5882,-0.5213,-7.9518,0.984633
-1.0084,-0.5147,-7.6565,0.985114
-0.4306,-0.5082,-7.3621,0.985592
0.1488,-0.5017,-7.0667,0.986068
0.7287,-0.4952,-6.7710,0.986547
1.3592,-0.4881,-6.4491,0.987068
1.9386,-0.4816,-6.1531,0.987547
2.5177,-0.4752,-5.8570,0.988025
3.0951,-0.4688,-5.5616,0.988502
3.6745,-0.4624,-5.2650,0.988981
4.2536,-0.4560,-4.9684,0.989459
4.8311,-0.4496,-4.6725,0.989935
5.4102,-0.4433,-4.3754,0.990413
5.9887,-0.4370,-4.0786,0.990890
6.6183,-0.4301,-3.7552,0.991411
7.1975,-0.4238,-3.4575,0.991888
7.7758,-0.4175,-3.1602,0.992367
8.3528,-0.4113,-2.8631,0.992843
8.9317,-0.4050,-2.5649,0.993320
9.5092,-0.3988,-2.2672,0.993798
10.0860,-0.3926,-1.9697,0.994273
10.6648,-0.3864,-1.6709,0.994751
11.2947,-0.3796,-1.3454,0.995271
11.8716,-0.3735,-1.0470,0.995748
12.4499,-0.3673,-0.7477,0.996226
13.0265,-0.3612,-0.4490,0.996702
13.6031,-0.3551,-0.1500,0.997180
14.1814,-0.3489,0.1501,0.997657
14.7579,-0.3429,0.4495,0.998135
15.3344,-0.3368,0.7492,0.998610
15.9121,-0.3307,1.0497,0.999087
16.5402,-0.3241,1.3765,0.999601
