13.0967,-0.2547,9.7632,0.000197
13.6773,-0.2488,10.0558,0.000674
14.2561,-0.2429,10.3475,0.001153
14.8363,-0.2370,10.6399,0.001628
15.4696,-0.2306,10.9591,0.002148
16.0485,-0.2247,11.2508,0.002625
16.6293,-0.2189,11.5434,0.003101
17.2098,-0.2131,11.8359,0.003578
17.7890,-0.2073,12.1274,0.004052
18.3703,-0.2015,12.4197,0.004529
18.9510,-0.1957,12.7116,0.005007
19.5305,-0.1900,13.0027,0.005482
20.1121,-0.1842,13.2948,0.005959
20.7452,-0.1780,13.6130,0.006479
21.3248,-0.1723,13.9043,0.006955
21.9062,-0.1666,14.1966,0.007429
22.4861,-0.1610,14.4882,0.007907
23.0657,-0.1553,14.7797,0.008381
23.6469,-0.1497,15.0722,0.008859
24.2264,-0.1442,15.3640,0.009336
24.8061,-0.1386,15.6559,0.009811
25.3873,-0.1331,15.9486,0.010288
26.0193,-0.1270,16.2667,0.010808
26.5997,-0.1215,16.5587,0.011287
27.1809,-0.1160,16.8511,0.011762
27.7603,-0.1106,17.1424,0.012238
28.3409,-0.1051,17.4344,0.012716
28.9219,-0.0997,17.7267,0.013196
29.5010,-0.0943,18.0182,0.013673
30.0817,-0.0889,18.3106,0.014149
30.6623,-0.0836,18.6032,0.014628
31.2938,-0.0778,18.9215,0.015145
31.8746,-0.0725,19.2143,0.015627
32.4547,-0.0672,19.5069,0.016104
33.0335,-0.0619,19.7990,0.016583
33.6143,-0.0567,20.0921,0.017061
34.1942,-0.0515,20.3849,0.017541
34.7731,-0.0463,20.6771,0.018019
35.4069,-0.0406,20.9970,0.018543
35.9338,-0.0360,21.2630,0.018980
36.5657,-0.0304,21.5821,0.019498
37.1465,-0.0253,21.8755,0.019979
37.7257,-0.0202,22.1683,0.020460
38.3050,-0.0152,22.4612,0.020938
38.8856,-0.0101,22.7549,0.021422
39.4644,-0.0052,23.0479,0.021898
40.0437,-0.0002,23.3413,0.022381
40.6240,0.0047,23.6354,0.022862
41.2025,0.0096,23.9287,0.023342
41.8347,0.0150,24.2493,0.023869
42.4147,0.0198,24.5435,0.024350
42.9930,0.0246,24.8368,0.024828
43.5730,0.0295,25.1309,0.025313
44.1535,0.0343,25.4253,0.025960
44.7322,0.0390,25.7187,0.026288
46.4712,0.0532,26.6003,0.027759
47.1045,0.0583,26.9212,0.028209
47.6849,0.0629,27.2152,0.029587
48.8453,0.0722,27.8018,0.029643
49.4271,0.0768,28.0955,0.030035
50.0071,0.0813,28.3880,0.030673
50.5885,0.0859,28.6809,0.031155
51.1718,0.0905,28.9745,0.031636
51.7534,0.0950,29.2672,0.032116
52.3873,0.0999,29.5858,0.032641
52.9712,0.1044,29.8790,0.033123
53.5547,0.1088,30.1719,0.033606
54.1364,0.1132,30.4636,0.034090
54.7197,0.1177,30.7558,0.034575
55.3041,0.1220,31.0484,0.035056
55.8865,0.1263,31.3400,0.035540
56.4689,0.1306,31.6315,0.036024
57.0537,0.1349,31.9240,0.036506
57.6905,0.1395,32.2424,0.037032
58.2728,0.1437,32.5331,0.037516
58.8566,0.1479,32.8242,0.037998
59.4422,0.1520,33.1160,0.038482
60.0288,0.1561,33.4082,0.038968
60.6158,0.1601,33.7002,0.039449
61.2023,0.1641,33.9917,0.039930
61.7873,0.1681,34.2821,0.040410
62.3704,0.1720,34.5712,0.040891
63.0038,0.1761,34.8850,0.041409
63.5819,0.1798,35.1713,0.041881
64.1576,0.1833,35.4563,0.042353
64.7308,0.1867,35.7401,0.042820
65.3014,0.1901,36.0225,0.043284
65.8698,0.1930,36.3037,0.043749
66.4359,0.1960,36.5836,0.044212
66.9994,0.1988,36.8622,0.044668
67.5609,0.2011,37.1397,0.045125
68.1708,0.2037,37.4408,0.045623
68.7274,0.2059,37.7152,0.046075
69.2820,0.2077,37.9885,0.046525
69.8344,0.2095,38.2605,0.046969
70.3844,0.2110,38.5310,0.047413
70.9325,0.2122,38.8002,0.047855
71.4784,0.2135,39.0680,0.048295
72.0220,0.2142,39.3344,0.048736
72.5636,0.2149,39.5997,0.049175
73.1516,0.2154,39.8875,0.049648
73.6885,0.2155,40.1503,0.050085
74.2233,0.2156,40.4118,0.050517
74.7557,0.2151,40.6719,0.050945
75.2861,0.2146,40.9311,0.051373
75.8141,0.2138,41.1889,0.051798
76.3403,0.2127,41.4458,0.052220
76.8640,0.2114,41.7014,0.052645
77.4332,0.2095,41.9791,0.053102
77.9524,0.2077,42.2325,0.053522
78.4697,0.2053,42.4851,0.053939
78.9847,0.2029,42.7368,0.054356
79.4971,0.1999,42.9876,0.054772
80.0075,0.1968,43.2378,0.055186
80.5154,0.1931,43.4871,0.055596
81.0215,0.1894,43.7358,0.056005
81.5251,0.1851,43.9832,0.056414
82.0268,0.1807,44.2296,0.056820
82.5712,0.1752,44.4967,0.057261
83.0678,0.1701,44.7402,0.057665
83.5625,0.1644,44.9824,0.058063
84.0546,0.1586,45.2232,0.058463
84.5448,0.1523,45.4627,0.058857
85.0329,0.1457,45.7003,0.059250
85.5201,0.1389,45.9355,0.059642
86.0064,0.1317,46.1671,0.060032
86.4923,0.1244,46.3951,0.060419
87.0218,0.1161,46.6401,0.060837
87.5061,0.1082,46.8613,0.061221
87.9896,0.1002,47.0797,0.061599
88.4727,0.0919,47.2949,0.061982
88.9548,0.0834,47.5070,0.062357
89.4362,0.0749,47.7159,0.062732
89.9173,0.0661,47.9213,0.063108
90.3980,0.0573,48.1229,0.063484
90.9225,0.0478,48.3379,0.063884
91.4035,0.0390,48.5302,0.064254
91.8847,0.0304,48.7178,0.064620
92.3658,0.0218,48.9008,0.064982
92.8467,0.0135,49.0793,0.065343
93.3271,0.0053,49.2534,0.065703
93.8072,-0.0025,49.4231,0.066061
94.2867,-0.0100,49.5884,0.066415
94.7658,-0.0172,49.7493,0.066767
95.2877,-0.0246,49.9193,0.067150
95.7661,-0.0308,50.0701,0.067502
96.2445,-0.0365,50.2155,0.067849
96.7229,-0.0417,50.3552,0.068194
97.2009,-0.0461,50.4891,0.068536
97.6791,-0.0499,50.6174,0.068882
98.1568,-0.0532,50.7401,0.069224
98.6335,-0.0556,50.8575,0.069558
99.1097,-0.0573,50.9697,0.069893
99.6282,-0.0585,51.0861,0.070258
100.1021,-0.0588,51.1873,0.070588
100.5754,-0.0584,51.2834,0.070910
101.0477,-0.0574,51.3743,0.071239
101.5185,-0.0555,51.4599,0.071562
101.9882,-0.0533,51.5403,0.071878
102.4566,-0.0508,51.6158,0.072196
102.9235,-0.0481,51.6865,0.072512
103.3891,-0.0453,51.7524,0.072826
103.8954,-0.0420,51.8188,0.073167
104.3582,-0.0387,51.8744,0.073476
104.8197,-0.0354,51.9245,0.073785
105.2806,-0.0317,51.9687,0.074090
105.7413,-0.0279,52.0071,0.074396
106.2028,-0.0239,52.0399,0.074697
106.6651,-0.0195,52.0672,0.075001
107.1278,-0.0151,52.0896,0.075310
107.5913,-0.0104,52.1068,0.075613
108.0983,-0.0050,52.1198,0.075948
108.5646,0.0000,52.1265,0.076257
109.0331,0.0053,52.1279,0.076568
109.5036,0.0109,52.1244,0.076878
109.9766,0.0166,52.1159,0.077192
110.4524,0.0226,52.1019,0.077507
110.9305,0.0288,52.0828,0.077823
111.4113,0.0352,52.0581,0.078142
111.8942,0.0419,52.0276,0.078462
112.4233,0.0494,51.9879,0.078811
112.9103,0.0565,51.9449,0.079134
113.3988,0.0639,51.8957,0.079453
113.8890,0.0716,51.8395,0.079777
114.3805,0.0796,51.7754,0.080101
114.8729,0.0878,51.7034,0.080428
115.3665,0.0964,51.6282,0.080749
115.8584,0.1058,51.5381,0.081079
116.3492,0.1155,51.4387,0.081404
116.8829,0.1263,51.3190,0.081762
117.3700,0.1366,51.1998,0.082084
117.8549,0.1471,51.0714,0.082408
118.3374,0.1580,50.9346,0.082736
118.8177,0.1691,50.7894,0.083062
119.2962,0.1804,50.6354,0.083384
119.7730,0.1921,50.4734,0.083714
120.2483,0.2040,50.3029,0.084042
120.7222,0.2162,50.1247,0.084365
121.2384,0.2297,49.9211,0.084726
121.7108,0.2425,49.7265,0.085053
122.1826,0.2555,49.5240,0.085380
122.6536,0.2689,49.3141,0.085713
123.1237,0.2825,49.0964,0.086049
123.5930,0.2964,48.8709,0.086380
124.0615,0.3106,48.6384,0.086719
124.5293,0.3250,48.3991,0.087057
124.9965,0.3396,48.1541,0.087401
125.5056,0.3558,47.8804,0.087776
125.9721,0.3709,47.6241,0.088117
126.4383,0.3862,47.3619,0.088466
126.9042,0.4018,47.0938,0.088818
127.3696,0.4176,46.8186,0.089170
127.8343,0.4336,46.5364,0.089519
128.2974,0.4499,46.2463,0.089867
128.7582,0.4665,45.9487,0.090224
129.2159,0.4832,45.6427,0.090578
129.7103,0.5018,45.3000,0.090960
130.1586,0.5191,44.9767,0.091316
130.6009,0.5364,44.6459,0.091669
131.0373,0.5541,44.3067,0.092013
131.4665,0.5718,43.9599,0.092362
131.8884,0.5897,43.6059,0.092705
132.3015,0.6080,43.2439,0.093054
132.7050,0.6272,42.8749,0.093396
133.0983,0.6465,42.4979,0.093735
133.5158,0.6683,42.0793,0.094104
133.8873,0.6880,41.6887,0.094443
134.2483,0.7081,41.2914,0.094779
134.5983,0.7282,40.8888,0.095112
134.9367,0.7489,40.4801,0.095441
135.2635,0.7698,40.0664,0.095774
135.5784,0.7910,39.6470,0.096094
135.8817,0.8126,39.2232,0.096419
136.1732,0.8342,38.7946,0.096745
136.4770,0.8584,38.3219,0.097096
136.7425,0.8803,37.8852,0.097407
136.9956,0.9027,37.4447,0.097717
137.2366,0.9249,37.0021,0.098034
137.4658,0.9473,36.5569,0.098332
137.6841,0.9697,36.1109,0.098642
137.8927,0.9920,35.6633,0.098950
138.0928,1.0145,35.2160,0.099250
138.2859,1.0365,34.7682,0.099552
138.4896,1.0610,34.2788,0.099873
138.6711,1.0828,33.8303,0.100183
138.8481,1.1049,33.3798,0.100481
139.0209,1.1268,32.9284,0.100796
139.1898,1.1486,32.4735,0.101104
139.3547,1.1706,32.0166,0.101411
139.5160,1.1921,31.5557,0.101727
139.6731,1.2142,31.0912,0.102041
139.8266,1.2355,30.6243,0.102359
139.9899,1.2591,30.1103,0.102699
140.1360,1.2803,29.6367,0.103025
140.2787,1.3014,29.1590,0.103341
140.4177,1.3224,28.6791,0.103666
140.5532,1.3429,28.1951,0.103990
140.6841,1.3637,27.7082,0.104313
140.8105,1.3836,27.2174,0.104642
140.9311,1.4037,26.7235,0.104969
141.0450,1.4231,26.2281,0.105298
141.1613,1.4441,25.6846,0.105652
141.2591,1.4629,25.1856,0.105977
141.3493,1.4811,24.6853,0.106307
141.4308,1.4993,24.1853,0.106632
141.5044,1.5164,23.6847,0.106961
141.5698,1.5337,23.1845,0.107289
141.6269,1.5498,22.6863,0.107621
141.6763,1.5657,22.1883,0.107953
141.7172,1.5811,21.6925,0.108280
141.7536,1.5970,21.1526,0.108643
141.7790,1.6115,20.6603,0.108975
141.7981,1.6247,20.1687,0.109305
141.8111,1.6380,19.6778,0.109639
141.8182,1.6502,19.1879,0.109976
141.8206,1.6620,18.6966,0.110306
141.8178,1.6736,18.2052,0.110647
141.8105,1.6839,17.7108,0.110993
141.7984,1.6943,17.2139,0.111333
141.7796,1.7042,16.6702,0.111703
141.7573,1.7130,16.1678,0.112053
141.7300,1.7206,15.6636,0.112400
141.6974,1.7284,15.1565,0.112753
141.6595,1.7351,14.6460,0.113109
141.6161,1.7419,14.1334,0.113465
141.5676,1.7479,13.6176,0.113821
141.5146,1.7538,13.1000,0.114188
141.4578,1.7589,12.5795,0.114548
141.3923,1.7643,12.0097,0.114948
141.3294,1.7687,11.4845,0.115322
141.2635,1.7730,10.9570,0.115706
141.1942,1.7774,10.4269,0.116071
141.1211,1.7814,9.8946,0.116456
141.0441,1.7852,9.3592,0.116838
140.9633,1.7886,8.8216,0.117223
140.8789,1.7918,8.2811,0.117609
140.7910,1.7944,7.7385,0.117994
140.6919,1.7973,7.1438,0.118426
140.5991,1.7993,6.5971,0.118818
140.5054,1.8013,6.0485,0.119210
140.4105,1.8027,5.4978,0.119611
140.3142,1.8041,4.9454,0.120018
140.2158,1.8050,4.3909,0.120419
140.1151,1.8059,3.8347,0.120826
140.0118,1.8064,3.2768,0.121239
139.9061,1.8068,2.7177,0.121649
139.7881,1.8070,2.1066,0.122099
139.6779,1.8070,1.5461,0.122514
139.5662,1.8068,0.9856,0.122928
139.4535,1.8065,0.4257,0.123342
139.3405,1.8059,-0.1334,0.123758
139.2278,1.8053,-0.6911,0.124169
139.1159,1.8044,-1.2475,0.124589
139.0049,1.8034,-1.8022,0.124996
138.8947,1.8023,-2.3552,0.125405
138.7754,1.8009,-2.9561,0.125851
138.6668,1.7996,-3.5047,0.126266
138.5587,1.7981,-4.0510,0.126671
138.4507,1.7966,-4.5953,0.127075
138.3427,1.7950,-5.1375,0.127478
138.2347,1.7935,-5.6776,0.127875
138.1265,1.7918,-6.2155,0.128277
138.0184,1.7901,-6.7512,0.128679
137.9108,1.7884,-7.2848,0.129067
137.7940,1.7866,-7.8643,0.129504
137.6876,1.7849,-8.3932,0.129894
137.5818,1.7832,-8.9200,0.130285
137.4766,1.7815,-9.4447,0.130674
137.3721,1.7798,-9.9672,0.131065
137.2682,1.7782,-10.4877,0.131455
137.1648,1.7766,-11.0061,0.131842
137.0618,1.7751,-11.5225,0.132228
136.9591,1.7737,-12.0369,0.132611
136.8476,1.7723,-12.5957,0.133030
136.7459,1.7710,-13.1059,0.133413
136.6445,1.7699,-13.6140,0.133792
136.5436,1.7689,-14.1202,0.134167
136.4431,1.7680,-14.6242,0.134544
136.3431,1.7673,-15.1264,0.134920
136.2435,1.7668,-15.6265,0.135292
136.1443,1.7664,-16.1247,0.135666
136.0455,1.7663,-16.6207,0.136032
135.9382,1.7664,-17.1599,0.136437
135.8404,1.7667,-17.6518,0.136806
135.7430,1.7674,-18.1420,0.137170
135.6460,1.7683,-18.6304,0.137534
135.5494,1.7697,-19.1164,0.137899
135.4534,1.7712,-19.6007,0.138258
135.3579,1.7729,-20.0828,0.138620
135.2628,1.7747,-20.5631,0.138980
135.1680,1.7767,-21.0413,0.139334
135.0651,1.7788,-21.5609,0.139725
134.9712,1.7809,-22.0352,0.140079
134.8775,1.7830,-22.5075,0.140435
134.7836,1.7852,-22.9781,0.140789
134.6893,1.7874,-23.4467,0.141137
134.5945,1.7897,-23.9135,0.141486
134.4994,1.7921,-24.3783,0.141834
134.4039,1.7946,-24.8412,0.142181
134.3080,1.7971,-25.3022,0.142523
134.2029,1.7998,-25.8027,0.142901
134.1061,1.8024,-26.2596,0.143242
134.0085,1.8051,-26.7145,0.143580
133.9100,1.8078,-27.1674,0.143922
133.8103,1.8105,-27.6184,0.144258
133.7092,1.8133,-28.0673,0.144593
133.6065,1.8161,-28.5143,0.144926
133.5024,1.8190,-28.9592,0.145259
133.3967,1.8219,-29.4020,0.145591
133.2796,1.8251,-29.8826,0.145946
133.1707,1.8281,-30.3209,0.146277
133.0601,1.8312,-30.7570,0.146605
132.9481,1.8342,-31.1909,0.146925
132.8347,1.8373,-31.6225,0.147251
132.7201,1.8403,-32.0519,0.147571
132.6047,1.8434,-32.4790,0.147890
132.4884,1.8465,-32.9039,0.148209
132.3714,1.8496,-33.3266,0.148523
132.2429,1.8529,-33.7851,0.148868
132.1243,1.8559,-34.2032,0.149182
132.0049,1.8589,-34.6186,0.149493
131.8848,1.8619,-35.0312,0.149804
131.7639,1.8649,-35.4407,0.150104
131.6425,1.8678,-35.8466,0.150409
131.5206,1.8707,-36.2489,0.150706
131.3985,1.8735,-36.6472,0.151000
131.2759,1.8763,-37.0417,0.151290
131.1420,1.8793,-37.4672,0.151608
131.0189,1.8818,-37.8531,0.151896
130.8957,1.8845,-38.2349,0.152176
130.7723,1.8869,-38.6125,0.152454
130.6486,1.8893,-38.9861,0.152729
130.5246,1.8917,-39.3555,0.153001
130.3999,1.8939,-39.7210,0.153271
130.2740,1.8962,-40.0823,0.153529
130.1464,1.8982,-40.4388,0.153784
130.0046,1.9005,-40.8224,0.154067
129.8718,1.9025,-41.1687,0.154311
129.7363,1.9044,-41.5101,0.154554
129.5984,1.9064,-41.8464,0.154792
129.4582,1.9081,-42.1774,0.155029
129.3100,1.9103,-42.5024,0.155260
129.1651,1.9123,-42.8253,0.155484
129.0179,1.9141,-43.1454,0.155705
128.8687,1.9160,-43.4620,0.155929
128.7028,1.9174,-43.8046,0.156170
128.5474,1.9190,-44.1154,0.156379
128.3885,1.9200,-44.4223,0.156591
128.2254,1.9211,-44.7264,0.156797
128.0580,1.9220,-45.0259,0.157006
127.8853,1.9227,-45.3221,0.157208
127.7077,1.9235,-45.6124,0.157403
127.5239,1.9231,-45.8986,0.157601
127.3340,1.9230,-46.1792,0.157786
127.1196,1.9234,-46.4778,0.157993
126.9162,1.9241,-46.7443,0.158171
126.7077,1.9234,-47.0022,0.158355
126.4921,1.9227,-47.2541,0.158530
126.2701,1.9224,-47.4978,0.158709
126.0414,1.9225,-47.7328,0.158878
125.8074,1.9222,-47.9574,0.159044
125.5666,1.9211,-48.1743,0.159214
125.3204,1.9204,-48.3819,0.159374
125.0461,1.9202,-48.5980,0.159549
124.7908,1.9199,-48.7861,0.159710
124.5305,1.9184,-48.9675,0.159873
124.2669,1.9174,-49.1409,0.160025
124.0006,1.9166,-49.3065,0.160181
123.7315,1.9161,-49.4642,0.160336
123.4613,1.9142,-49.6137,0.160491
123.1873,1.9126,-49.7565,0.160644
122.9110,1.9113,-49.8914,0.160791
122.6065,1.9102,-50.0291,0.160961
122.3262,1.9082,-50.1462,0.161112
122.0428,1.9064,-50.2560,0.161251
121.7582,1.9049,-50.3581,0.161407
121.4726,1.9035,-50.4527,0.161551
121.1881,1.9014,-50.5402,0.161697
120.9027,1.8993,-50.6223,0.161845
120.6180,1.8973,-50.6988,0.161988
120.3336,1.8955,-50.7697,0.162131
120.0248,1.8929,-50.8405,0.162287
119.7410,1.8905,-50.8998,0.162428
119.4571,1.8883,-50.9536,0.162572
119.1730,1.8863,-51.0012,0.162713
118.8875,1.8836,-51.0430,0.162852
118.6012,1.8813,-51.0790,0.162993
118.3140,1.8791,-51.1094,0.163130
118.0263,1.8770,-51.1335,0.163272
117.7369,1.8745,-51.1513,0.163414
117.4200,1.8722,-51.1631,0.163561
117.1285,1.8702,-51.1665,0.163699
116.8368,1.8683,-51.1621,0.163837
116.5448,1.8664,-51.1497,0.163976
116.2534,1.8649,-51.1289,0.164116
115.9633,1.8635,-51.1001,0.164254
115.6750,1.8622,-51.0635,0.164393
115.3883,1.8612,-51.0197,0.164532
115.1038,1.8604,-50.9692,0.164670
114.7960,1.8597,-50.9063,0.164818
114.5155,1.8592,-50.8419,0.164953
114.2369,1.8590,-50.7712,0.165091
113.9602,1.8589,-50.6942,0.165231
113.6855,1.8592,-50.6109,0.165369
113.4130,1.8596,-50.5217,0.165509
113.1428,1.8603,-50.4270,0.165650
112.8745,1.8610,-50.3274,0.165793
112.6079,1.8619,-50.2235,0.165930
112.3186,1.8630,-50.1055,0.166086
112.0551,1.8639,-49.9930,0.166227
111.7922,1.8648,-49.8756,0.166370
111.5305,1.8659,-49.7533,0.166512
111.2706,1.8672,-49.6256,0.166657
111.0116,1.8682,-49.4918,0.166801
110.7542,1.8694,-49.3521,0.166947
110.4986,1.8709,-49.2062,0.167095
110.2456,1.8723,-49.0543,0.167242
109.9713,1.8738,-48.8808,0.167399
109.7224,1.8755,-48.7153,0.167551
109.4761,1.8774,-48.5435,0.167697
109.2330,1.8789,-48.3660,0.167846
108.9921,1.8806,-48.1824,0.167992
108.7540,1.8826,-47.9932,0.168143
108.5195,1.8846,-47.7990,0.168297
108.2873,1.8862,-47.5990,0.168446
108.0374,1.8882,-47.3751,0.168614
107.8117,1.8903,-47.1641,0.168765
107.5901,1.8921,-46.9482,0.168912
107.3712,1.8937,-46.7265,0.169065
107.1560,1.8956,-46.4994,0.169217
106.9445,1.8978,-46.2671,0.169372
106.7374,1.8993,-46.0307,0.169532
106.5329,1.9009,-45.7893,0.169684
106.3321,1.9027,-45.5435,0.169842
106.1355,1.9046,-45.2943,0.169996
105.9247,1.9057,-45.0161,0.170166
105.7357,1.9071,-44.7560,0.170323
105.5514,1.9087,-44.4907,0.170479
105.3725,1.9102,-44.2212,0.170641
105.1977,1.9110,-43.9457,0.170805
105.0278,1.9121,-43.6656,0.170962
104.8631,1.9134,-43.3806,0.171126
104.7042,1.9146,-43.0921,0.171294
104.5364,1.9151,-42.7707,0.171467
104.3883,1.9159,-42.4713,0.171632
104.2458,1.9170,-42.1673,0.171798
104.1091,1.9176,-41.8601,0.171969
103.9770,1.9176,-41.5474,0.172143
103.8503,1.9179,-41.2304,0.172315
103.7290,1.9185,-40.9091,0.172492
103.6134,1.9187,-40.5847,0.172663
103.5030,1.9181,-40.2544,0.172843
103.3984,1.9178,-39.9194,0.173023
103.2915,1.9179,-39.5483,0.173224
103.2005,1.9178,-39.2043,0.173403
103.1161,1.9170,-38.8544,0.173590
103.0389,1.9167,-38.4997,0.173781
102.9633,1.9155,-38.1415,0.173963
102.9010,1.9157,-37.7778,0.174154
102.8467,1.9159,-37.4099,0.174349
102.8005,1.9160,-37.0374,0.174543
102.7594,1.9164,-36.6269,0.174760
102.7305,1.9165,-36.2466,0.174950
102.7102,1.9168,-35.8627,0.175155
102.6983,1.9171,-35.4759,0.175361
102.6947,1.9175,-35.0860,0.175576
102.6989,1.9179,-34.6938,0.175794
102.7102,1.9183,-34.2992,0.176002
102.7272,1.9188,-33.9027,0.176221
102.7473,1.9192,-33.5046,0.176449
102.7692,1.9196,-33.0682,0.176711
102.7875,1.9198,-32.6661,0.176954
102.8056,1.9199,-32.2607,0.177188
102.8261,1.9200,-31.8513,0.177440
102.8504,1.9201,-31.4372,0.177705
102.8790,1.9203,-31.0178,0.177976
102.9122,1.9204,-30.5933,0.178239
102.9500,1.9206,-30.1635,0.178516
102.9925,1.9208,-29.7285,0.178806
103.0439,1.9210,-29.2482,0.179144
103.0953,1.9213,-28.8024,0.179442
103.1498,1.9216,-28.3516,0.179748
103.2056,1.9218,-27.8956,0.180068
103.2620,1.9221,-27.4343,0.180380
103.3199,1.9223,-26.9670,0.180707
103.3810,1.9225,-26.4934,0.181032
103.4461,1.9228,-26.0133,0.181371
103.5156,1.9231,-25.5265,0.181706
103.5964,1.9236,-24.9881,0.182077
103.6752,1.9240,-24.4877,0.182428
103.7584,1.9246,-23.9809,0.182786
103.8461,1.9252,-23.4677,0.183144
103.9381,1.9259,-22.9482,0.183508
104.0340,1.9266,-22.4226,0.183872
104.1331,1.9275,-21.8910,0.184243
104.2355,1.9284,-21.3534,0.184629
104.3415,1.9294,-20.8098,0.185005
104.4619,1.9306,-20.2101,0.185433
104.5766,1.9319,-19.6542,0.185839
104.6956,1.9333,-19.0924,0.186244
104.8188,1.9348,-18.5250,0.186655
104.9461,1.9365,-17.9520,0.187075
105.0773,1.9382,-17.3736,0.187498
105.2121,1.9399,-16.7900,0.187918
105.3498,1.9418,-16.2016,0.188351
105.4900,1.9438,-15.6091,0.188793
105.6451,1.9461,-14.9586,0.189278
105.7887,1.9484,-14.3596,0.189718
105.9327,1.9507,-13.7590,0.190173
106.0769,1.9532,-13.1574,0.190617
106.2213,1.9557,-12.5553,0.191074
106.3658,1.9583,-11.9538,0.191518
106.5102,1.9609,-11.3536,0.191970
106.6545,1.9636,-10.7556,0.192422
106.7985,1.9664,-10.1601,0.192864
106.9547,1.9694,-9.5132,0.193359
107.0970,1.9721,-8.9229,0.193813
107.2384,1.9749,-8.3350,0.194267
107.3789,1.9777,-7.7496,0.194722
107.5184,1.9804,-7.1666,0.195172
107.6574,1.9832,-6.5860,0.195618
107.7960,1.9859,-6.0079,0.196062
107.9336,1.9887,-5.4321,0.196510
108.0697,1.9914,-4.8587,0.196955
108.2163,1.9943,-4.2360,0.197443
108.3490,1.9969,-3.6676,0.197893
108.4797,1.9994,-3.1015,0.198341
108.6081,2.0019,-2.5376,0.198785
108.7342,2.0043,-1.9764,0.199238
108.8575,2.0066,-1.4183,0.199680
108.9780,2.0089,-0.8639,0.200128
109.0957,2.0110,-0.3136,0.200573
109.2105,2.0130,0.2323,0.201006
109.3324,2.0151,0.8225,0.201473
109.4412,2.0170,1.3582,0.201903
109.5469,2.0187,1.8888,0.202334
109.6491,2.0202,2.4139,0.202764
109.7471,2.0217,2.9332,0.203193
109.8401,2.0229,3.4464,0.203637
109.9274,2.0240,3.9535,0.204066
110.0083,2.0249,4.4542,0.204496
110.0828,2.0256,4.9489,0.204910
110.1569,2.0261,5.4814,0.205363
110.2181,2.0264,5.9633,0.205778
110.2727,2.0263,6.4391,0.206176
110.3205,2.0261,6.9087,0.206587
110.3614,2.0256,7.3723,0.207004
110.3949,2.0249,7.8297,0.207406
110.4206,2.0241,8.2804,0.207813
110.4377,2.0231,8.7235,0.208206
110.4459,2.0217,9.1590,0.208588
110.4444,2.0197,9.6247,0.209019
110.4338,2.0176,10.0430,0.209401
110.4151,2.0150,10.4537,0.209783
110.3890,2.0116,10.8557,0.210171
110.3559,2.0077,11.2511,0.210550
110.3161,2.0038,11.6401,0.210916
110.2699,1.9996,12.0218,0.211292
110.2177,1.9936,12.3996,0.211655
110.1596,1.9877,12.7720,0.212010
110.0884,1.9811,13.1713,0.212411
110.0158,1.9731,13.5289,0.212771
109.9356,1.9649,13.8813,0.213117
109.8475,1.9566,14.2243,0.213458
109.7498,1.9460,14.5607,0.213795
109.6431,1.9355,14.8884,0.214133
109.5232,1.9238,15.2029,0.214468
109.3982,1.9115,15.5109,0.214789
109.2671,1.8979,15.8061,0.215100
109.1124,1.8813,16.1195,0.215443
108.9662,1.8632,16.3941,0.215753
108.8143,1.8448,16.6545,0.216065
108.6520,1.8228,16.9184,0.216363
108.4856,1.8011,17.1683,0.216644
108.3090,1.7815,17.4102,0.216929
108.1214,1.7647,17.6414,0.217210
107.9294,1.7524,17.8605,0.217485
107.7219,1.7431,18.0658,0.217763
107.4883,1.7348,18.2701,0.218065
107.2651,1.7286,18.4414,0.218333
107.0321,1.7237,18.5995,0.218598
106.7966,1.7216,18.7404,0.218859
106.5537,1.7198,18.8664,0.219123
106.3086,1.7195,18.9780,0.219386
106.0603,1.7190,19.0773,0.219641
105.8080,1.7191,19.1670,0.219895
105.5552,1.7196,19.2475,0.220147
105.2773,1.7199,19.3258,0.220419
105.0201,1.7207,19.3888,0.220672
104.7627,1.7215,19.4428,0.220919
104.5037,1.7221,19.4881,0.221171
104.2415,1.7229,19.5253,0.221426
103.9772,1.7237,19.5552,0.221679
103.7097,1.7244,19.5799,0.221933
103.4383,1.7252,19.6024,0.222195
103.1629,1.7262,19.6258,0.222458
102.8565,1.7273,19.6541,0.222756
102.5698,1.7284,19.6811,0.223028
102.2777,1.7295,19.7067,0.223308
101.9806,1.7305,19.7290,0.223590
101.6790,1.7315,19.7460,0.223875
101.3732,1.7321,19.7562,0.224164
101.0639,1.7326,19.7582,0.224453
100.7515,1.7329,19.7511,0.224744
100.4367,1.7326,19.7347,0.225039
100.0900,1.7321,19.7059,0.225357
99.7706,1.7314,19.6693,0.225648
99.4485,1.7298,19.6229,0.225944
99.1244,1.7281,19.5669,0.226237
98.7997,1.7260,19.5015,0.226527
98.4723,1.7228,19.4265,0.226818
98.1428,1.7195,19.3425,0.227115
97.8133,1.7154,19.2494,0.227411
97.4806,1.7100,19.1470,0.227700
97.1163,1.7042,19.0247,0.228014
96.7833,1.6965,18.9036,0.228305
96.4469,1.6887,18.7731,0.228598
96.1120,1.6800,18.6332,0.228886
95.7756,1.6704,18.4832,0.229175
95.4410,1.6602,18.3237,0.229470
95.1061,1.6492,18.1541,0.229764
94.7738,1.6378,17.9747,0.230058
94.4421,1.6255,17.7849,0.230355
94.0837,1.6119,17.5667,0.230681
93.7567,1.5983,17.3559,0.230981
93.4322,1.5848,17.1353,0.231285
93.1094,1.5703,16.9058,0.231590
92.7855,1.5556,16.6679,0.231900
92.4605,1.5404,16.4224,0.232214
92.1315,1.5246,16.1693,0.232531
91.7994,1.5085,15.9091,0.232853
91.4628,1.4917,15.6410,0.233176
91.0933,1.4732,15.3389,0.233534
90.7529,1.4554,15.0524,0.233867
90.4122,1.4377,14.7570,0.234203
90.0732,1.4191,14.4516,0.234541
89.7365,1.4006,14.1366,0.234883
89.4042,1.3815,13.8114,0.235226
89.0766,1.3623,13.4764,0.235572
88.7556,1.3427,13.1314,0.235920
88.4409,1.3232,12.7774,0.236266
88.1073,1.3015,12.3808,0.236646
87.8099,1.2818,12.0089,0.236993
87.5231,1.2620,11.6295,0.237341
87.2465,1.2425,11.2437,0.237687
86.9828,1.2229,10.8520,0.238027
86.7310,1.2040,10.4549,0.238367
86.4926,1.1850,10.0528,0.238707
86.2688,1.1670,9.6464,0.239037
86.0583,1.1492,9.2357,0.239370
85.8464,1.1308,8.7843,0.239728
85.6664,1.1147,8.3671,0.240054
85.5011,1.0989,7.9474,0.240382
85.3512,1.0834,7.5259,0.240701
85.2147,1.0687,7.1025,0.241022
85.0926,1.0543,6.6782,0.241342
84.9856,1.0404,6.2540,0.241658
84.8926,1.0271,5.8294,0.241974
84.8143,1.0141,5.4060,0.242287
84.7458,1.0003,4.9455,0.242636
84.6978,0.9882,4.5253,0.242949
84.6645,0.9763,4.1071,0.243259
84.6450,0.9648,3.6919,0.243569
84.6400,0.9534,3.2795,0.243876
84.6487,0.9425,2.8708,0.244179
84.6716,0.9316,2.4657,0.244486
84.7079,0.9213,2.0623,0.244789
84.7566,0.9108,1.6606,0.245091
84.8209,0.8998,1.2206,0.245423
84.8864,0.8899,0.8137,0.245724
84.9551,0.8802,0.3995,0.246032
85.0244,0.8708,-0.0233,0.246340
85.0935,0.8614,-0.4580,0.246654
85.1627,0.8528,-0.9043,0.246979
85.2324,0.8439,-1.3630,0.247307
85.3033,0.8361,-1.8343,0.247642
85.3753,0.8281,-2.3148,0.247983
85.4554,0.8204,-2.8492,0.248366
85.5297,0.8135,-3.3465,0.248723
85.6051,0.8077,-3.8521,0.249087
85.6815,0.8020,-4.3645,0.249458
85.7599,0.7975,-4.8848,0.249837
85.8406,0.7931,-5.4112,0.250224
85.9246,0.7900,-5.9450,0.250617
86.0124,0.7870,-6.4845,0.251016
86.1043,0.7855,-7.0312,0.251424
86.2088,0.7841,-7.6352,0.251874
86.3082,0.7845,-8.1951,0.252295
86.4110,0.7854,-8.7635,0.252722
86.5166,0.7886,-9.3373,0.253156
86.6251,0.7940,-9.9196,0.253595
86.7361,0.8008,-10.5086,0.254041
86.8496,0.8097,-11.1027,0.254489
86.9660,0.8200,-11.7041,0.254939
87.0959,0.8325,-12.3665,0.255441
87.2178,0.8456,-12.9784,0.255902
87.3421,0.8596,-13.5961,0.256364
87.4679,0.8743,-14.2177,0.256828
87.5947,0.8903,-14.8440,0.257293
87.7219,0.9067,-15.4734,0.257761
87.8498,0.9238,-16.1046,0.258223
87.9772,0.9415,-16.7378,0.258693
88.1033,0.9594,-17.3709,0.259159
88.2280,0.9778,-18.0023,0.259620
88.3617,0.9979,-18.6889,0.260123
88.4811,1.0165,-19.3164,0.260574
88.5972,1.0350,-19.9423,0.261020
88.7096,1.0536,-20.5665,0.261470
88.8176,1.0720,-21.1893,0.261913
88.9198,1.0903,-21.8110,0.262352
89.0155,1.1084,-22.4320,0.262790
89.1040,1.1262,-23.0519,0.263222
89.1852,1.1438,-23.6711,0.263654
89.2648,1.1622,-24.3446,0.264118
89.3293,1.1789,-24.9605,0.264537
89.3860,1.1946,-25.5753,0.264956
89.4345,1.2098,-26.1875,0.265366
89.4749,1.2244,-26.7986,0.265776
89.5072,1.2375,-27.4063,0.266180
89.5310,1.2504,-28.0114,0.266580
89.5460,1.2612,-28.6140,0.266977
89.5519,1.2722,-29.2647,0.267404
89.5470,1.2810,-29.8572,0.267793
89.5320,1.2887,-30.4435,0.268170
89.5066,1.2961,-31.0249,0.268546
89.4706,1.3026,-31.5998,0.268920
89.4236,1.3090,-32.1697,0.269280
89.3656,1.3146,-32.7339,0.269639
89.2969,1.3200,-33.2944,0.270000
89.2185,1.3246,-33.8498,0.270354
89.1223,1.3295,-34.4507,0.270739
89.0243,1.3332,-34.9952,0.271093
88.9168,1.3369,-35.5348,0.271429
88.8000,1.3398,-36.0683,0.271780
88.6740,1.3427,-36.5968,0.272119
88.5393,1.3449,-37.1190,0.272458
88.3963,1.3471,-37.6359,0.272792
88.2457,1.3487,-38.1464,0.273129
88.0875,1.3503,-38.6515,0.273454
87.9069,1.3514,-39.1952,0.273815
87.7338,1.3525,-39.6879,0.274143
87.5538,1.3530,-40.1744,0.274464
87.3671,1.3535,-40.6556,0.274783
87.1741,1.3537,-41.1310,0.275108
86.9747,1.3538,-41.6013,0.275419
86.7692,1.3537,-42.0660,0.275740
86.5573,1.3535,-42.5257,0.276051
86.3394,1.3531,-42.9798,0.276365
86.0943,1.3527,-43.4695,0.276696
85.8630,1.3521,-43.9126,0.277010
85.6247,1.3517,-44.3504,0.277312
85.3793,1.3511,-44.7829,0.277626
85.1266,1.3505,-45.2104,0.277923
84.8667,1.3500,-45.6326,0.278237
84.5999,1.3495,-46.0500,0.278538
84.3262,1.3491,-46.4629,0.278839
84.0457,1.3487,-46.8716,0.279146
83.7324,1.3482,-47.3125,0.279482
83.4383,1.3477,-47.7128,0.279789
83.1381,1.3469,-48.1088,0.280099
82.8314,1.3460,-48.5012,0.280411
82.5186,1.3449,-48.8894,0.280714
82.1995,1.3435,-49.2741,0.281033
81.8746,1.3420,-49.6549,0.281346
81.5438,1.3402,-50.0326,0.281665
81.2076,1.3385,-50.4069,0.281978
80.8339,1.3361,-50.8121,0.282327
80.4851,1.3339,-51.1800,0.282651
80.1295,1.3315,-51.5448,0.282977
79.7673,1.3290,-51.9057,0.283303
79.3978,1.3263,-52.2629,0.283631
79.0210,1.3236,-52.6158,0.283960
78.6370,1.3206,-52.9640,0.284294
78.2456,1.3177,-53.3077,0.284629
77.8471,1.3145,-53.6461,0.284953
77.4046,1.3111,-54.0100,0.285321
76.9919,1.3077,-54.3384,0.285660
76.5720,1.3043,-54.6625,0.285992
76.1450,1.3007,-54.9823,0.286332
75.7104,1.2971,-55.2982,0.286668
75.2687,1.2933,-55.6098,0.287015
74.8195,1.2894,-55.9171,0.287357
74.3632,1.2853,-56.2198,0.287707
73.8994,1.2813,-56.5177,0.288055
73.3850,1.2766,-56.8374,0.288435
72.9058,1.2722,-57.1257,0.288791
72.4191,1.2676,-57.4098,0.289152
71.9253,1.2629,-57.6899,0.289504
71.4238,1.2581,-57.9664,0.289871
70.9151,1.2530,-58.2393,0.290230
70.3991,1.2478,-58.5084,0.290598
69.8753,1.2418,-58.7738,0.290967
69.3446,1.2356,-59.0348,0.291343
68.7568,1.2278,-59.3152,0.291755
68.2109,1.2198,-59.5675,0.292139
67.6573,1.2114,-59.8151,0.292526
67.0961,1.2019,-60.0579,0.292926
66.5279,1.1921,-60.2951,0.293321
65.9520,1.1818,-60.5266,0.293726
65.3693,1.1708,-60.7521,0.294138
64.7794,1.1597,-60.9714,0.294556
64.1826,1.1483,-61.1844,0.294980
63.5241,1.1357,-61.4091,0.295449
62.9134,1.1242,-61.6077,0.295883
62.2963,1.1127,-61.7993,0.296317
61.6733,1.1017,-61.9834,0.296754
61.0442,1.0909,-62.1602,0.297203
60.4112,1.0806,-62.3292,0.297650
59.7770,1.0711,-62.4897,0.298100
59.1414,1.0621,-62.6414,0.298556
58.5024,1.0538,-62.7854,0.299015
57.8004,1.0457,-62.9349,0.299511
57.1564,1.0387,-63.0644,0.299973
56.5137,1.0330,-63.1870,0.300423
55.8681,1.0276,-63.3036,0.300878
55.2198,1.0233,-63.4151,0.301332
54.5710,1.0194,-63.5217,0.301794
53.9246,1.0168,-63.6231,0.302246
53.2763,1.0154,-63.7201,0.302695
52.6250,1.0149,-63.8137,0.303154
51.9148,1.0151,-63.9126,0.303653
51.2668,1.0159,-64.0006,0.304109
50.6182,1.0173,-64.0875,0.304564
49.9676,1.0192,-64.1743,0.305026
49.3184,1.0213,-64.2610,0.305486
48.6722,1.0238,-64.3473,0.305945
48.0251,1.0264,-64.4338,0.306410
47.3753,1.0292,-64.5209,0.306873
46.7242,1.0322,-64.6081,0.307339
46.0164,1.0355,-64.7023,0.307844
45.3686,1.0386,-64.7881,0.308309
44.7196,1.0417,-64.8737,0.308776
44.0692,1.0447,-64.9592,0.309247
43.4183,1.0477,-65.0445,0.309720
42.7679,1.0505,-65.1293,0.310193
42.1191,1.0532,-65.2136,0.310662
41.4727,1.0557,-65.2976,0.311133
40.8292,1.0579,-65.3812,0.311604
40.1302,1.0601,-65.4723,0.312108
39.4926,1.0617,-65.5555,0.312575
38.8577,1.0631,-65.6385,0.313038
38.2252,1.0640,-65.7211,0.313497
37.5956,1.0646,-65.8034,0.313960
36.9682,1.0649,-65.8853,0.314421
36.3437,1.0645,-65.9666,0.314879
35.7217,1.0640,-66.0474,0.315336
35.1017,1.0626,-66.1276,0.315793
34.4287,1.0607,-66.2145,0.316290
33.8140,1.0584,-66.2937,0.316740
33.2023,1.0553,-66.3727,0.317196
32.5927,1.0519,-66.4514,0.317642
31.9862,1.0474,-66.5300,0.318090
31.3824,1.0425,-66.6084,0.318536
30.7805,1.0365,-66.6870,0.318980
30.1819,1.0299,-66.7657,0.319425
29.5851,1.0225,-66.8447,0.319865
28.9377,1.0129,-66.9311,0.320347
28.3471,1.0035,-67.0105,0.320779
27.7580,0.9928,-67.0902,0.321217
27.1727,0.9806,-67.1698,0.321651
26.5892,0.9676,-67.2498,0.322080
26.0097,0.9530,-67.3296,0.322510
25.4332,0.9381,-67.4096,0.322936
24.8589,0.9216,-67.4898,0.323365
24.2884,0.9049,-67.5698,0.323787
23.6685,0.8855,-67.6574,0.324249
23.1039,0.8673,-67.7371,0.324670
22.5415,0.8484,-67.8165,0.325090
21.9823,0.8290,-67.8953,0.325505
21.4255,0.8091,-67.9739,0.325916
20.8720,0.7888,-68.0522,0.326326
20.3209,0.7681,-68.1304,0.326740
19.7730,0.7470,-68.2082,0.327147
19.2276,0.7257,-68.2858,0.327553
18.6364,0.7020,-68.3702,0.327991
18.0974,0.6801,-68.4472,0.328391
17.5620,0.6580,-68.5238,0.328788
17.0297,0.6357,-68.6001,0.329184
16.5012,0.6133,-68.6762,0.329578
15.9761,0.5908,-68.7520,0.329962
15.4550,0.5682,-68.8275,0.330347
14.9376,0.5455,-68.9028,0.330730
14.4241,0.5229,-68.9775,0.331108
13.8684,0.4982,-69.0580,0.331514
13.3632,0.4757,-69.1306,0.331889
12.8619,0.4533,-69.2017,0.332258
12.3649,0.4309,-69.2715,0.332622
11.8719,0.4087,-69.3397,0.332983
11.3831,0.3867,-69.4060,0.333339
10.8981,0.3650,-69.4696,0.333693
10.4173,0.3434,-69.5305,0.334039
9.9401,0.3221,-69.5883,0.334382
9.4245,0.2992,-69.6478,0.334755
8.9556,0.2786,-69.6988,0.335087
8.4912,0.2583,-69.7467,0.335415
8.0305,0.2384,-69.7908,0.335744
7.5747,0.2190,-69.8312,0.336063
7.1228,0.1998,-69.8671,0.336380
6.6761,0.1815,-69.8985,0.336692
6.2343,0.1631,-69.9253,0.337000
5.7966,0.1459,-69.9472,0.337307
5.3256,0.1273,-69.9661,0.337630
4.8983,0.1112,-69.9785,0.337924
4.4770,0.0955,-69.9863,0.338214
4.0598,0.0805,-69.9891,0.338497
3.6488,0.0662,-69.9872,0.338776
3.2418,0.0524,-69.9799,0.339051
2.8409,0.0398,-69.9678,0.339322
2.4445,0.0270,-69.9512,0.339584
2.0541,0.0160,-69.9301,0.339833
1.6345,0.0041,-69.9028,0.340115
1.2546,-0.0063,-69.8731,0.340365
0.8805,-0.0162,-69.8391,0.340602
0.5117,-0.0260,-69.8011,0.340828
0.1473,-0.0357,-69.7578,0.341051
-0.2112,-0.0443,-69.7096,0.341277
-0.5645,-0.0527,-69.6562,0.341494
-0.9123,-0.0609,-69.5983,0.341707
-1.2553,-0.0689,-69.5350,0.341909
-1.6227,-0.0767,-69.4605,0.342122
-1.9540,-0.0836,-69.3871,0.342318
-2.2807,-0.0904,-69.3089,0.342513
-2.6035,-0.0970,-69.2260,0.342708
-2.9224,-0.1031,-69.1374,0.342889
-3.2381,-0.1091,-69.0430,0.343079
-3.5505,-0.1149,-68.9425,0.343255
-3.8604,-0.1205,-68.8358,0.343438
-4.1664,-0.1255,-68.7219,0.343616
-4.4966,-0.1306,-68.5899,0.343805
-4.7956,-0.1353,-68.4627,0.343978
-5.0917,-0.1395,-68.3280,0.344146
-5.3833,-0.1433,-68.1876,0.344309
-5.6709,-0.1469,-68.0415,0.344479
-5.9543,-0.1505,-67.8903,0.344647
-6.2341,-0.1534,-67.7326,0.344807
-6.5088,-0.1561,-67.5697,0.344968
-6.7789,-0.1587,-67.4015,0.345123
-7.0687,-0.1614,-67.2111,0.345288
-7.3288,-0.1632,-67.0312,0.345437
-7.5839,-0.1649,-66.8460,0.345586
-7.8339,-0.1666,-66.6558,0.345737
-8.0788,-0.1679,-66.4599,0.345884
-8.3179,-0.1687,-66.2592,0.346034
-8.5513,-0.1695,-66.0538,0.346184
-8.7791,-0.1702,-65.8438,0.346329
-9.0015,-0.1705,-65.6293,0.346471
-9.2373,-0.1706,-65.3909,0.346626
-9.4471,-0.1706,-65.1679,0.346765
-9.6509,-0.1704,-64.9407,0.346901
-9.8483,-0.1700,-64.7093,0.347040
-10.0391,-0.1693,-64.4737,0.347180
-10.2232,-0.1686,-64.2341,0.347319
-10.4005,-0.1677,-63.9907,0.347457
-10.5709,-0.1666,-63.7436,0.347598
-10.7342,-0.1654,-63.4928,0.347737
-10.9038,-0.1639,-63.2151,0.347881
-11.0509,-0.1624,-62.9567,0.348015
-11.1900,-0.1608,-62.6946,0.348146
-11.3205,-0.1591,-62.4288,0.348283
-11.4424,-0.1572,-62.1599,0.348414
-11.5508,-0.1547,-61.8867,0.348547
-11.6556,-0.1528,-61.6129,0.348679
-11.7522,-0.1506,-61.3375,0.348810
-11.8406,-0.1481,-61.0607,0.348941
-11.9278,-0.1451,-60.7591,0.349082
-12.0003,-0.1433,-60.4810,0.349211
-12.0654,-0.1413,-60.2027,0.349340
-12.1231,-0.1390,-59.9244,0.349467
-12.1737,-0.1365,-59.6461,0.349592
-12.2169,-0.1343,-59.3694,0.349717
-12.2535,-0.1325,-59.0919,0.349846
-12.2833,-0.1305,-58.8151,0.349970
-12.3113,-0.1285,-58.5391,0.350094
-12.3293,-0.1257,-58.2382,0.350229
-12.3393,-0.1224,-57.9611,0.350355
-12.3437,-0.1188,-57.6830,0.350477
-12.3424,-0.1150,-57.4024,0.350602
-12.3352,-0.1112,-57.1191,0.350727
-12.3219,-0.1067,-56.8327,0.350851
-12.3014,-0.1017,-56.5441,0.350975
-12.2745,-0.0964,-56.2532,0.351106
-12.2408,-0.0909,-55.9596,0.351238
-12.1963,-0.0843,-55.6365,0.351384
-12.1482,-0.0780,-55.3391,0.351517
-12.0923,-0.0712,-55.0400,0.351653
-12.0300,-0.0641,-54.7396,0.351788
-11.9611,-0.0566,-54.4384,0.351923
-11.8857,-0.0489,-54.1358,0.352060
-11.8039,-0.0411,-53.8318,0.352199
-11.7146,-0.0326,-53.5262,0.352340
-11.6190,-0.0240,-53.2194,0.352484
-11.5057,-0.0145,-52.8837,0.352642
-11.3946,-0.0056,-52.5747,0.352789
-11.2748,0.0036,-52.2644,0.352937
-11.1479,0.0131,-51.9535,0.353082
-11.0128,0.0229,-51.6420,0.353230
-10.8701,0.0326,-51.3306,0.353385
-10.7187,0.0425,-51.0185,0.353539
-10.5608,0.0530,-50.7063,0.353695
-10.3967,0.0635,-50.3946,0.353854
-10.2110,0.0745,-50.0535,0.354027
-10.0346,0.0850,-49.7404,0.354186
-9.8538,0.0960,-49.4269,0.354346
-9.6682,0.1060,-49.1137,0.354509
-9.4759,0.1160,-48.7992,0.354674
-9.2762,0.1264,-48.4847,0.354843
-9.0696,0.1368,-48.1708,0.355015
-8.8549,0.1470,-47.8571,0.355190
-8.6321,0.1575,-47.5445,0.355367
-8.3792,0.1693,-47.2057,0.355554
-8.1387,0.1796,-46.8969,0.355725
-7.8899,0.1902,-46.5905,0.355903
-7.6326,0.2012,-46.2867,0.356089
-7.3683,0.2114,-45.9862,0.356283
-7.0968,0.2217,-45.6876,0.356479
-6.8188,0.2324,-45.3914,0.356668
-6.5359,0.2422,-45.0979,0.356856
-6.2477,0.2520,-44.8054,0.357051
-5.9284,0.2629,-44.4879,0.357289
-5.6317,0.2715,-44.1989,0.357528
-5.3300,0.2804,-43.9102,0.357770
-5.0247,0.2889,-43.6236,0.357995
-4.7136,0.2962,-43.3367,0.358235
-4.3976,0.3037,-43.0502,0.358479
-4.0773,0.3099,-42.7645,0.358751
-3.7504,0.3154,-42.4765,0.359010
-3.4196,0.3203,-42.1889,0.359268
-3.0505,0.3232,-41.8722,0.359559
-2.7059,0.3260,-41.5807,0.359827
-2.3559,0.3269,-41.2901,0.360105
-1.9976,0.3268,-40.9978,0.360377
-1.6332,0.3265,-40.7070,0.360660
-1.2599,0.3240,-40.4158,0.360949
-0.8793,0.3215,-40.1257,0.361231
-0.4921,0.3173,-39.8376,0.361519
-0.0962,0.3125,-39.5498,0.361817
0.3432,0.3064,-39.2382,0.362151
0.7552,0.2996,-38.9540,0.362456
1.1744,0.2925,-38.6727,0.362767
1.6024,0.2841,-38.3936,0.363084
2.0387,0.2757,-38.1179,0.363408
2.4827,0.2661,-37.8461,0.363734
2.9355,0.2564,-37.5780,0.364056
3.3962,0.2462,-37.3145,0.364391
3.8657,0.2357,-37.0557,0.364726
4.3873,0.2242,-36.7795,0.365092
4.8745,0.2134,-36.5327,0.365428
5.3700,0.2029,-36.2925,0.365772
5.8732,0.1924,-36.0597,0.366111
6.3842,0.1825,-35.8349,0.366458
6.9018,0.1728,-35.6192,0.366797
7.4262,0.1640,-35.4130,0.367143
7.9549,0.1558,-35.2182,0.367490
8.4878,0.1489,-35.0356,0.367832
9.0714,0.1421,-34.8522,0.368200
9.6099,0.1379,-34.6985,0.368548
10.1492,0.1343,-34.5593,0.368882
10.6908,0.1330,-34.4336,0.369224
11.2314,0.1324,-34.3220,0.369560
11.7720,0.1332,-34.2224,0.369887
12.3104,0.1346,-34.1351,0.370224
12.8470,0.1364,-34.0593,0.370556
13.3819,0.1385,-33.9949,0.370880
13.9642,0.1415,-33.9372,0.371241
14.4982,0.1445,-33.8954,0.371568
15.0332,0.1480,-33.8637,0.371904
15.5708,0.1519,-33.8416,0.372235
16.1119,0.1562,-33.8285,0.372573
16.6573,0.1611,-33.8235,0.372911
17.2070,0.1663,-33.8257,0.373253
17.7611,0.1721,-33.8337,0.373595
18.3197,0.1783,-33.8464,0.373947
18.9341,0.1856,-33.8639,0.374334
19.5023,0.1926,-33.8821,0.374696
20.0750,0.2000,-33.9014,0.375066
20.6528,0.2079,-33.9213,0.375452
21.2357,0.2161,-33.9414,0.375840
21.8237,0.2247,-33.9618,0.376234
22.4173,0.2336,-33.9820,0.376623
23.0161,0.2428,-34.0019,0.377026
23.6203,0.2523,-34.0214,0.377434
24.2852,0.2630,-34.0420,0.377878
24.8996,0.2731,-34.0601,0.378289
25.5190,0.2834,-34.0768,0.378714
26.1431,0.2945,-34.0977,0.379136
26.7717,0.3058,-34.1111,0.379570
27.4046,0.3173,-34.1227,0.380013
28.0419,0.3288,-34.1323,0.380455
28.6828,0.3406,-34.1401,0.380914
29.3266,0.3521,-34.1464,0.381376
30.0324,0.3644,-34.1521,0.381886
30.6812,0.3757,-34.1571,0.382361
31.3302,0.3872,-34.1615,0.382833
31.9780,0.3986,-34.1646,0.383321
32.6234,0.4100,-34.1658,0.383794
33.2659,0.4213,-34.1651,0.384278
33.9055,0.4326,-34.1627,0.384760
34.5421,0.4438,-34.1585,0.385236
35.2335,0.4560,-34.1520,0.385758
35.8643,0.4671,-34.1446,0.386230
36.4926,0.4782,-34.1361,0.386704
37.1183,0.4892,-34.1270,0.387175
37.7417,0.5003,-34.1175,0.387646
38.3626,0.5114,-34.1082,0.388113
38.9812,0.5225,-34.0990,0.388575
39.5974,0.5334,-34.0840,0.389033
40.2107,0.5451,-34.0745,0.389502
40.8765,0.5578,-34.0641,0.390003
41.4827,0.5695,-34.0545,0.390455
42.0840,0.5811,-34.0448,0.390921
42.6797,0.5926,-34.0347,0.391375
43.2695,0.6041,-34.0241,0.391842
43.8528,0.6155,-34.0123,0.392314
44.4293,0.6267,-33.9989,0.392777
44.9985,0.6378,-33.9836,0.393255
45.5599,0.6488,-33.9659,0.393716
46.1632,0.6606,-33.9436,0.394233
46.7075,0.6712,-33.9201,0.394702
47.2438,0.6816,-33.8936,0.395166
47.7715,0.6919,-33.8635,0.395633
48.2905,0.7018,-33.8293,0.396080
48.8007,0.7117,-33.7902,0.396536
49.3015,0.7212,-33.7458,0.396983
49.7930,0.7306,-33.6958,0.397421
50.2745,0.7396,-33.6397,0.397862
50.7886,0.7492,-33.5715,0.398323
51.2489,0.7576,-33.5020,0.398746
51.6986,0.7658,-33.4257,0.399161
52.1372,0.7737,-33.3423,0.399561
52.5648,0.7814,-33.2520,0.399964
52.9812,0.7887,-33.1553,0.400343
53.3868,0.7959,-33.0518,0.400720
53.7811,0.8027,-32.9426,0.401104
54.1651,0.8093,-32.8276,0.401474
54.5710,0.8164,-32.6955,0.401863
54.9325,0.8226,-32.5689,0.402228
55.2829,0.8288,-32.4373,0.402576
55.6227,0.8347,-32.3003,0.402923
55.9510,0.8406,-32.1584,0.403257
56.2665,0.8471,-32.0050,0.403587
56.5708,0.8543,-31.8524,0.403909
56.8627,0.8618,-31.6937,0.404223
57.1420,0.8686,-31.5305,0.404529
57.4334,0.8753,-31.3469,0.404857
57.6901,0.8812,-31.1737,0.405143
57.9372,0.8871,-30.9950,0.405422
58.1762,0.8926,-30.8100,0.405712
58.4100,0.8979,-30.6198,0.405992
58.6369,0.9031,-30.4243,0.406278
58.8576,0.9078,-30.2241,0.406568
59.0718,0.9122,-30.0190,0.406853
59.2781,0.9160,-29.8094,0.407139
59.4965,0.9198,-29.5755,0.407442
59.6888,0.9225,-29.3576,0.407724
59.8756,0.9248,-29.1354,0.408003
60.0550,0.9264,-28.9104,0.408274
60.2291,0.9276,-28.6815,0.408553
60.3964,0.9281,-28.4505,0.408822
60.5587,0.9282,-28.2163,0.409091
60.7149,0.9277,-27.9806,0.409358
60.8661,0.9268,-27.7418,0.409623
61.0241,0.9254,-27.4795,0.409917
61.1637,0.9236,-27.2355,0.410181
61.2985,0.9217,-26.9885,0.410450
61.4296,0.9190,-26.7362,0.410711
61.5569,0.9163,-26.4796,0.410981
61.6797,0.9129,-26.2191,0.411244
61.7992,0.9094,-25.9523,0.411519
61.9139,0.9054,-25.6812,0.411793
62.0249,0.9009,-25.4038,0.412065
62.1401,0.8960,-25.0961,0.412370
62.2407,0.8906,-24.8076,0.412649
62.3365,0.8853,-24.5135,0.412931
62.4265,0.8790,-24.2152,0.413208
62.5115,0.8728,-23.9105,0.413494
62.5905,0.8657,-23.6018,0.413784
62.6643,0.8583,-23.2866,0.414070
62.7309,0.8482,-22.9713,0.414352
62.7946,0.8359,-22.6446,0.414639
62.8575,0.8201,-22.2851,0.414959
62.9078,0.8058,-21.9511,0.415249
62.9511,0.7893,-21.6101,0.415541
62.9841,0.7731,-21.2691,0.415839
63.0080,0.7556,-20.9230,0.416129
63.0209,0.7383,-20.5780,0.416430
63.0241,0.7199,-20.2294,0.416729
63.0161,0.7017,-19.8832,0.417025
62.9979,0.6826,-19.5346,0.417325
62.9660,0.6620,-19.1563,0.417658
62.9294,0.6430,-18.8095,0.417966
62.8778,0.6238,-18.4642,0.418270
62.8149,0.6046,-18.1233,0.418577
62.7417,0.5849,-17.7831,0.418885
62.6574,0.5655,-17.4482,0.419203
62.5624,0.5456,-17.1161,0.419511
62.4580,0.5262,-16.7872,0.419825
62.3426,0.5062,-16.4631,0.420138
62.2063,0.4851,-16.1136,0.420477
62.0708,0.4652,-15.7975,0.420784
61.9255,0.4463,-15.4886,0.421099
61.7708,0.4269,-15.1834,0.421406
61.6065,0.4085,-14.8864,0.421713
61.4331,0.3901,-14.5937,0.422024
61.2504,0.3727,-14.3100,0.422339
61.0589,0.3558,-14.0317,0.422652
60.8584,0.3401,-13.7626,0.422963
60.6302,0.3243,-13.4765,0.423299
60.4094,0.3134,-13.2202,0.423616
60.1828,0.3039,-12.9735,0.423932
59.9467,0.2960,-12.7305,0.424245
59.7040,0.2881,-12.4933,0.424562
59.4529,0.2814,-12.2588,0.424877
59.1950,0.2747,-12.0283,0.425196
58.9282,0.2688,-11.7996,0.425519
58.6537,0.2629,-11.5737,0.425848
58.3438,0.2569,-11.3290,0.426217
58.0517,0.2517,-11.1076,0.426557
57.7507,0.2466,-10.8886,0.426905
57.4422,0.2418,-10.6735,0.427257
57.1255,0.2370,-10.4613,0.427613
56.8016,0.2326,-10.2533,0.427969
56.4694,0.2279,-10.0491,0.428338
56.1297,0.2237,-9.8498,0.428699
55.7822,0.2193,-9.6554,0.429060
55.3942,0.2147,-9.4493,0.429461
55.0310,0.2104,-9.2667,0.429829
54.6601,0.2062,-9.0902,0.430194
54.2821,0.2019,-8.9204,0.430565
53.8969,0.1975,-8.7573,0.430940
53.5051,0.1932,-8.6018,0.431318
53.1067,0.1886,-8.4538,0.431697
52.7022,0.1841,-8.3141,0.432080
52.2915,0.1793,-8.1824,0.432463
51.8367,0.1740,-8.0487,0.432885
51.4139,0.1689,-7.9351,0.433272
50.9855,0.1637,-7.8306,0.433660
50.5520,0.1582,-7.7353,0.434048
50.1130,0.1524,-7.6489,0.434437
49.6689,0.1464,-7.5720,0.434832
49.2192,0.1400,-7.5041,0.435227
48.7649,0.1332,-7.4456,0.435617
48.3051,0.1261,-7.3961,0.436009
47.8410,0.1183,-7.3560,0.436404
47.3291,0.1095,-7.3235,0.436828
46.8555,0.1004,-7.3034,0.437222
46.3781,0.0907,-7.2933,0.437614
45.8951,0.0804,-7.2923,0.438004
45.4090,0.0689,-7.3007,0.438400
44.9179,0.0577,-7.3188,0.438791
44.4235,0.0470,-7.3478,0.439180
43.9267,0.0366,-7.3887,0.439572
43.3824,0.0257,-7.4467,0.440000
42.8806,0.0160,-7.5117,0.440396
42.3763,0.0064,-7.5881,0.440797
41.8691,-0.0031,-7.6755,0.441198
41.3583,-0.0126,-7.7739,0.441603
40.8433,-0.0220,-7.8827,0.442012
40.3243,-0.0314,-8.0021,0.442423
39.8023,-0.0409,-8.1324,0.442838
39.2753,-0.0498,-8.2681,0.443255
38.7003,-0.0587,-8.4352,0.443716
38.1721,-0.0670,-8.6006,0.444141
37.6428,-0.0754,-8.7778,0.444570
37.1132,-0.0842,-8.9665,0.445002
36.5833,-0.0930,-9.1668,0.445436
36.0530,-0.1022,-9.3786,0.445873
35.5217,-0.1115,-9.6017,0.446316
34.9896,-0.1212,-9.8355,0.446760
34.4567,-0.1309,-10.0796,0.447207
33.8742,-0.1419,-10.3570,0.447701
33.3381,-0.1521,-10.6202,0.448154
32.7977,-0.1624,-10.8897,0.448611
32.2503,-0.1726,-11.1627,0.449072
31.6943,-0.1826,-11.4373,0.449536
31.1303,-0.1926,-11.7141,0.450004
30.5601,-0.2025,-11.9941,0.450475
29.9846,-0.2124,-12.2779,0.450950
29.4046,-0.2222,-12.5650,0.451430
28.7695,-0.2329,-12.8808,0.451959
28.1898,-0.2425,-13.1700,0.452437
27.6104,-0.2520,-13.4595,0.452918
27.0293,-0.2614,-13.7511,0.453397
26.4504,-0.2708,-14.0433,0.453877
25.8727,-0.2801,-14.3367,0.454359
25.2937,-0.2894,-14.6325,0.454839
24.7169,-0.2986,-14.9288,0.455319
24.1411,-0.3079,-15.2267,0.455798
23.5125,-0.3180,-15.5544,0.456324
22.9389,-0.3275,-15.8558,0.456804
22.3658,-0.3366,-16.1598,0.457285
21.7928,-0.3456,-16.4665,0.457765
21.2230,-0.3542,-16.7744,0.458245
20.6534,-0.3625,-17.0852,0.458722
20.0841,-0.3707,-17.3982,0.459203
19.5163,-0.3784,-17.7114,0.459680
18.9472,-0.3859,-18.0259,0.460161
18.3263,-0.3937,-18.3693,0.460684
17.7582,-0.4005,-18.6839,0.461163
17.1883,-0.4072,-19.0002,0.461642
16.6193,-0.4135,-19.3167,0.462121
16.0518,-0.4197,-19.6332,0.462598
15.4826,-0.4256,-19.9514,0.463077
14.9147,-0.4314,-20.2695,0.463556
14.3479,-0.4370,-20.5877,0.464035
13.7794,-0.4424,-20.9073,0.464516
13.1611,-0.4482,-21.2557,0.465037
12.5974,-0.4533,-21.5806,0.465515
12.0299,-0.4580,-21.9018,0.465994
11.4643,-0.4625,-22.2225,0.466471
10.8989,-0.4672,-22.5437,0.466950
10.3321,-0.4718,-22.8661,0.467430
9.7671,-0.4766,-23.1881,0.467908
9.2028,-0.4814,-23.5106,0.468390
8.6372,-0.4865,-23.8355,0.468870
8.0228,-0.4922,-24.1911,0.469395
7.4625,-0.4977,-24.5182,0.469873
6.9022,-0.5036,-24.8485,0.470355
6.3418,-0.5098,-25.1820,0.470837
5.7839,-0.5161,-25.5166,0.471320
5.2289,-0.5224,-25.8527,0.471802
4.6742,-0.5287,-26.1918,0.472286
4.1197,-0.5350,-26.5343,0.472772
3.5658,-0.5414,-26.8801,0.473258
2.9634,-0.5484,-27.2612,0.473788
2.4138,-0.5549,-27.6143,0.474273
1.8673,-0.5614,-27.9711,0.474760
1.3243,-0.5682,-28.3314,0.475244
0.7852,-0.5750,-28.6949,0.475731
0.2502,-0.5820,-29.0615,0.476217
-0.2807,-0.5893,-29.4306,0.476700
-0.8069,-0.5967,-29.8019,0.477181
-1.3287,-0.6043,-30.1753,0.477663
-1.8931,-0.6129,-30.5845,0.478183
-2.4062,-0.6210,-30.9613,0.478660
-2.9157,-0.6293,-31.3395,0.479136
-3.4209,-0.6379,-31.7191,0.479606
-3.9219,-0.6466,-32.1002,0.480078
-4.4193,-0.6556,-32.4837,0.480547
-4.9142,-0.6648,-32.8706,0.481017
-5.4079,-0.6743,-33.2619,0.481485
-5.9019,-0.6839,-33.6582,0.481959
-6.4416,-0.6948,-34.0967,0.482480
-6.9375,-0.7049,-34.5046,0.482962
-7.4340,-0.7153,-34.9177,0.483446
-7.9271,-0.7259,-35.3333,0.483929
-8.4163,-0.7365,-35.7512,0.484411
-8.9042,-0.7477,-36.1738,0.484894
-9.3906,-0.7587,-36.5998,0.485380
-9.8735,-0.7695,-37.0273,0.485865
-10.3993,-0.7812,-37.4978,0.486394
-10.8796,-0.7918,-37.9323,0.486879
-11.3565,-0.8024,-38.3680,0.487364
-11.8321,-0.8129,-38.8075,0.487851
-12.3059,-0.8234,-39.2498,0.488337
-12.7763,-0.8338,-39.6931,0.488821
-13.2460,-0.8443,-40.1399,0.489307
-13.7146,-0.8548,-40.5889,0.489796
-14.1808,-0.8653,-41.0382,0.490279
-14.6474,-0.8758,-41.4900,0.490766
-15.1563,-0.8873,-41.9846,0.491296
-15.6212,-0.8979,-42.4375,0.491780
-16.0872,-0.9085,-42.8925,0.492264
-16.5528,-0.9191,-43.3484,0.492749
-17.0167,-0.9298,-43.8037,0.493234
-17.4813,-0.9406,-44.2609,0.493718
-17.9454,-0.9514,-44.7183,0.494200
-18.4086,-0.9622,-45.1746,0.494684
-18.8739,-0.9731,-45.6323,0.495164
-19.3820,-0.9851,-46.1309,0.495691
-19.8478,-0.9961,-46.5863,0.496167
-20.3160,-1.0072,-47.0427,0.496649
-20.7842,-1.0183,-47.4980,0.497131
-21.2518,-1.0295,-47.9520,0.497611
-21.7215,-1.0409,-48.4072,0.498095
-22.1912,-1.0523,-48.8616,0.498577
-22.6603,-1.0638,-49.3145,0.499056
-23.1741,-1.0764,-49.8093,0.499579
-23.6451,-1.0881,-50.2620,0.500057
-24.1155,-1.1000,-50.7131,0.500539
-24.5878,-1.1119,-51.1653,0.501018
-25.0603,-1.1240,-51.6168,0.501496
-25.5320,-1.1362,-52.0665,0.501978
-26.0057,-1.1486,-52.5171,0.502455
-26.4802,-1.1612,-52.9676,0.502940
-26.9536,-1.1738,-53.4161,0.503415
-27.4287,-1.1867,-53.8651,0.503897
-27.9486,-1.2010,-54.3551,0.504419
-28.4244,-1.2142,-54.8022,0.504900
-28.9020,-1.2277,-55.2488,0.505380
-29.3830,-1.2414,-55.6953,0.505858
-29.8650,-1.2553,-56.1390,0.506337
-30.3489,-1.2694,-56.5800,0.506814
-30.8365,-1.2846,-57.0201,0.507294
-31.3267,-1.3003,-57.4591,0.507771
-31.8175,-1.3163,-57.8948,0.508251
-32.3557,-1.3339,-58.3672,0.508768
-32.8531,-1.3502,-58.7988,0.509245
-33.3540,-1.3667,-59.2296,0.509719
-33.8575,-1.3834,-59.6588,0.510194
-34.3631,-1.4001,-60.0863,0.510672
-34.8700,-1.4171,-60.5113,0.511151
-35.3776,-1.4341,-60.9337,0.511623
-35.8850,-1.4512,-61.3532,0.512097
-36.3915,-1.4684,-61.7697,0.512567
-36.9427,-1.4872,-62.2206,0.513073
-37.4470,-1.5045,-62.6309,0.513537
-37.9504,-1.5218,-63.0381,0.514000
-38.4533,-1.5391,-63.4421,0.514458
-38.9551,-1.5566,-63.8432,0.514916
-39.4561,-1.5740,-64.2413,0.515373
-39.9603,-1.5910,-64.6323,0.515828
-40.4600,-1.6078,-65.0244,0.516279
-41.0046,-1.6262,-65.4488,0.516768
-41.5035,-1.6432,-65.8348,0.517215
-42.0025,-1.6602,-66.2182,0.517654
-42.5021,-1.6772,-66.5996,0.518101
-43.0025,-1.6944,-66.9790,0.518539
-43.5040,-1.7117,-67.3570,0.518983
-44.0071,-1.7291,-67.7335,0.519421
-44.5119,-1.7466,-68.1082,0.519859
-45.0190,-1.7642,-68.4809,0.520294
-45.5290,-1.7819,-68.8509,0.520733
-46.0889,-1.8012,-69.2512,0.521206
-46.6060,-1.8189,-69.6145,0.521644
-47.1270,-1.8366,-69.9739,0.522074
-47.6518,-1.8544,-70.3292,0.522508
-48.1806,-1.8721,-70.6801,0.522942
-48.7135,-1.8898,-71.0262,0.523377
-49.2508,-1.9074,-71.3669,0.523807
-49.7931,-1.9250,-71.7015,0.524243
-50.3402,-1.9425,-72.0296,0.524676
-50.9426,-1.9614,-72.3796,0.525146
-51.4998,-1.9786,-72.6929,0.525580
-52.0611,-1.9957,-72.9993,0.526019
-52.6265,-2.0126,-73.2987,0.526452
-53.1954,-2.0295,-73.5912,0.526887
-53.7678,-2.0464,-73.8770,0.527327
-54.3441,-2.0633,-74.1564,0.527772
-54.9241,-2.0805,-74.4302,0.528211
-55.5613,-2.0993,-74.7225,0.528694
-56.1494,-2.1167,-74.9852,0.529146
-56.7415,-2.1344,-75.2427,0.529589
-57.3378,-2.1522,-75.4954,0.530042
-57.9388,-2.1702,-75.7433,0.530495
-58.5441,-2.1885,-75.9866,0.530950
-59.1542,-2.2069,-76.2255,0.531407
-59.7688,-2.2256,-76.4601,0.531866
-60.3875,-2.2443,-76.6906,0.532333
-61.0645,-2.2651,-76.9362,0.532837
-61.6837,-2.2842,-77.1605,0.533299
-62.3076,-2.3024,-77.3738,0.533756
-62.9351,-2.3207,-77.5828,0.534215
-63.5638,-2.3390,-77.7866,0.534683
-64.1923,-2.3574,-77.9847,0.535148
-64.8236,-2.3758,-78.1774,0.535602
-65.4586,-2.3943,-78.3654,0.536067
-66.0944,-2.4129,-78.5475,0.536536
-66.7882,-2.4332,-78.7390,0.537041
-67.4271,-2.4518,-78.9087,0.537506
-68.0687,-2.4706,-79.0731,0.537974
-68.7097,-2.4893,-79.2320,0.538441
-69.3511,-2.5080,-79.3852,0.538906
-69.9951,-2.5269,-79.5339,0.539378
-70.6404,-2.5458,-79.6784,0.539858
-71.2844,-2.5648,-79.8185,0.540321
-71.9286,-2.5838,-79.9542,0.540795
-72.6345,-2.6046,-80.0980,0.541309
-73.2821,-2.6238,-80.2259,0.541790
-73.9282,-2.6429,-80.3494,0.542265
-74.5756,-2.6621,-80.4693,0.542728
-75.2255,-2.6814,-80.5863,0.543208
-75.8748,-2.7007,-80.7003,0.543677
-76.5226,-2.7200,-80.8111,0.544153
-77.1720,-2.7394,-80.9194,0.544618
-77.8231,-2.7588,-81.0257,0.545097
-78.5317,-2.7799,-81.1389,0.545613
-79.1810,-2.7984,-81.2404,0.546085
-79.8319,-2.8163,-81.3404,0.546558
-80.4830,-2.8343,-81.4392,0.547030
-81.1318,-2.8523,-81.5370,0.547505
-81.7804,-2.8703,-81.6344,0.547975
-82.4305,-2.8884,-81.7318,0.548448
-83.0790,-2.9066,-81.8287,0.548927
-83.7261,-2.9247,-81.9249,0.549397
-84.4344,-2.9446,-82.0296,0.549915
-85.0828,-2.9629,-82.1250,0.550393
-85.7301,-2.9812,-82.2196,0.550868
-86.3789,-2.9995,-82.3140,0.551345
-87.0267,-3.0179,-82.4079,0.551827
-87.6735,-3.0362,-82.5012,0.552308
-88.3223,-3.0547,-82.5944,0.552787
-88.9699,-3.0731,-82.6873,0.553267
-89.6166,-3.0915,-82.7798,0.553745
-90.3241,-3.1117,-82.8807,0.554273
-90.9713,-3.1302,-82.9729,0.554759
-91.6179,-3.1487,-83.0646,0.555240
-92.2665,-3.1673,-83.1561,0.555722
-92.9141,-3.1858,-83.2472,0.556201
-93.5604,-3.2044,-83.3377,0.556686
-94.2086,-3.2230,-83.4283,0.557173
-94.8592,-3.2417,-83.5193,0.557654
-95.5112,-3.2604,-83.6105,0.558147
-96.2223,-3.2809,-83.7097,0.558673
-96.8722,-3.2996,-83.8003,0.559163
-97.5199,-3.3183,-83.8904,0.559647
-98.1651,-3.3369,-83.9802,0.560125
-98.8078,-3.3555,-84.0699,0.560604
-99.4481,-3.3740,-84.1594,0.561082
-100.0858,-3.3924,-84.2488,0.561555
-100.7210,-3.4108,-84.3380,0.562031
-101.3538,-3.4291,-84.4272,0.562501
-102.0413,-3.4491,-84.5242,0.563010
-102.6691,-3.4673,-84.6130,0.563479
-103.2946,-3.4855,-84.7016,0.563936
-103.9177,-3.5036,-84.7899,0.564405
-104.5384,-3.5217,-84.8780,0.564863
-105.1569,-3.5397,-84.9659,0.565318
-105.7731,-3.5577,-85.0534,0.565779
-106.3869,-3.5755,-85.1407,0.566237
-106.9979,-3.5934,-85.2277,0.566687
-107.6612,-3.6128,-85.3224,0.567178
-108.2659,-3.6304,-85.4094,0.567629
-108.8675,-3.6480,-85.4966,0.568078
-109.4662,-3.6651,-85.5840,0.568526
-110.0614,-3.6818,-85.6718,0.568971
-110.6532,-3.6986,-85.7602,0.569409
-111.2418,-3.7155,-85.8488,0.569847
-111.8268,-3.7325,-85.9379,0.570285
-112.4081,-3.7495,-86.0271,0.570715
-113.0375,-3.7681,-86.1246,0.571194
-113.6100,-3.7852,-86.2143,0.571623
-114.1778,-3.8023,-86.3046,0.572048
-114.7409,-3.8194,-86.3953,0.572472
-115.2988,-3.8364,-86.4870,0.572892
-115.8519,-3.8535,-86.5795,0.573307
-116.4000,-3.8706,-86.6728,0.573720
-116.9434,-3.8876,-86.7668,0.574128
-117.4820,-3.9045,-86.8613,0.574537
-118.0642,-3.9230,-86.9650,0.574978
-118.5931,-3.9399,-87.0606,0.575374
-119.1176,-3.9567,-87.1565,0.575772
-119.6374,-3.9734,-87.2529,0.576165
-120.1527,-3.9900,-87.3497,0.576562
-120.6635,-4.0066,-87.4470,0.576947
-121.1697,-4.0231,-87.5448,0.577328
-121.6713,-4.0394,-87.6433,0.577709
-122.1685,-4.0556,-87.7426,0.578088
-122.7053,-4.0727,-87.8519,0.578493
-123.1924,-4.0882,-87.9529,0.578867
-123.6750,-4.1039,-88.0549,0.579239
-124.1531,-4.1194,-88.1574,0.579606
-124.6268,-4.1350,-88.2607,0.579972
-125.0959,-4.1505,-88.3645,0.580337
-125.5607,-4.1660,-88.4689,0.580697
-126.0211,-4.1813,-88.5740,0.581054
-126.4769,-4.1965,-88.6800,0.581410
-126.9687,-4.2128,-88.7972,0.581792
-127.4141,-4.2275,-88.9069,0.582143
-127.8541,-4.2419,-89.0190,0.582494
-128.2891,-4.2560,-89.1334,0.582832
-128.7183,-4.2697,-89.2502,0.583178
-129.1427,-4.2827,-89.3691,0.583515
-129.5621,-4.2952,-89.4901,0.583844
-129.9755,-4.3069,-89.6132,0.584182
-130.3853,-4.3167,-89.7385,0.584522
-130.8245,-4.3267,-89.8764,0.584881
-131.2220,-4.3358,-90.0047,0.585210
-131.6131,-4.3440,-90.1345,0.585545
-131.9981,-4.3521,-90.2661,0.585873
-132.3772,-4.3600,-90.3999,0.586192
-132.7493,-4.3673,-90.5355,0.586512
-133.1147,-4.3746,-90.6728,0.586837
-133.4741,-4.3814,-90.8117,0.587153
-133.8264,-4.3880,-90.9516,0.587459
-134.2036,-4.3951,-91.1058,0.587792
-134.5422,-4.4010,-91.2482,0.588095
-134.8742,-4.4069,-91.3918,0.588393
-135.1997,-4.4125,-91.5367,0.588687
-135.5180,-4.4180,-91.6829,0.588975
-135.8296,-4.4233,-91.8307,0.589264
-136.1335,-4.4284,-91.9802,0.589541
-136.4296,-4.4335,-92.1319,0.589819
-136.7180,-4.4384,-92.2860,0.590092
-137.0235,-4.4437,-92.4574,0.590386
-137.2960,-4.4487,-92.6173,0.590647
-137.5621,-4.4537,-92.7799,0.590903
-137.8223,-4.4589,-92.9448,0.591168
-138.0762,-4.4642,-93.1128,0.591423
-138.3254,-4.4701,-93.2850,0.591676
-138.5666,-4.4764,-93.4612,0.591927
-138.8010,-4.4830,-93.6423,0.592176
-139.0289,-4.4911,-93.8305,0.592426
-139.2660,-4.5008,-94.0421,0.592700
-139.4722,-4.5104,-94.2427,0.592940
-139.6702,-4.5204,-94.4507,0.593180
-139.8586,-4.5310,-94.6664,0.593427
-140.0346,-4.5413,-94.8877,0.593668
-140.1991,-4.5510,-95.1128,0.593916
-140.3541,-4.5635,-95.3458,0.594154
-140.4967,-4.5761,-95.5809,0.594389
-140.6312,-4.5899,-95.8224,0.594623
-140.7657,-4.6055,-96.0889,0.594884
-140.8781,-4.6200,-96.3374,0.595117
-140.9817,-4.6349,-96.5884,0.595348
-141.0765,-4.6496,-96.8420,0.595573
-141.1647,-4.6645,-97.0972,0.595805
-141.2487,-4.6790,-97.3544,0.596030
-141.3289,-4.6935,-97.6130,0.596257
-141.4088,-4.7077,-97.8742,0.596487
-141.4886,-4.7218,-98.1405,0.596714
-141.5770,-4.7369,-98.4377,0.596965
-141.6585,-4.7507,-98.7172,0.597208
-141.7413,-4.7642,-99.0051,0.597450
-141.8257,-4.7774,-99.2999,0.597702
-141.9115,-4.7905,-99.6040,0.597954
-141.9988,-4.8030,-99.9152,0.598223
-142.0879,-4.8157,-100.2362,0.598490
-142.1786,-4.8270,-100.5644,0.598765
-142.2702,-4.8384,-100.9011,0.599059
-142.3713,-4.8500,-101.2801,0.599373
-142.4632,-4.8601,-101.6351,0.599682
-142.5547,-4.8699,-102.0008,0.599986
-142.6438,-4.8784,-102.3737,0.600299
-142.7306,-4.8870,-102.7557,0.600624
-142.8144,-4.8940,-103.1483,0.600950
-142.8941,-4.9008,-103.5485,0.601289
-142.9700,-4.9068,-103.9594,0.601633
-143.0417,-4.9114,-104.3777,0.601987
-143.1154,-4.9165,-104.8463,0.602374
-143.1790,-4.9189,-105.2839,0.602742
-143.2386,-4.9213,-105.7310,0.603121
-143.2947,-4.9220,-106.1895,0.603507
-143.3466,-4.9218,-106.6556,0.603899
-143.3947,-4.9209,-107.1331,0.604309
-143.4384,-4.9177,-107.6180,0.604708
-143.4771,-4.9146,-108.1124,0.605122
-143.5109,-4.9088,-108.6181,0.605547
-143.5409,-4.9019,-109.1778,0.606019
-143.5625,-4.8937,-109.7020,0.606453
-143.5777,-4.8838,-110.2319,0.606893
-143.5869,-4.8726,-110.7738,0.607344
-143.5887,-4.8546,-111.3190,0.607783
-143.5831,-4.8342,-111.8692,0.608226
-143.5706,-4.8121,-112.4269,0.608676
-143.5516,-4.7890,-112.9913,0.609125
-143.5267,-4.7649,-113.5620,0.609577
-143.4933,-4.7376,-114.1920,0.610074
-143.4568,-4.7115,-114.7765,0.610527
-143.4148,-4.6847,-115.3658,0.610987
-143.3740,-4.6571,-115.9595,0.611435
-143.3221,-4.6285,-116.5560,0.611893
-143.2662,-4.5996,-117.1552,0.612349
-143.2070,-4.5702,-117.7564,0.612799
-143.1443,-4.5404,-118.3596,0.613252
-143.0780,-4.5105,-118.9632,0.613711
-143.0016,-4.4775,-119.6217,0.614213
-142.9277,-4.4473,-120.2239,0.614664
-142.8506,-4.4171,-120.8232,0.615118
-142.7710,-4.3870,-121.4198,0.615565
-142.6892,-4.3570,-122.0134,0.616005
-142.6053,-4.3271,-122.6041,0.616445
-142.5191,-4.2974,-123.1916,0.616889
-142.4304,-4.2679,-123.7760,0.617319
-142.3392,-4.2386,-124.3570,0.617753
-142.2371,-4.2070,-124.9871,0.618218
-142.1416,-4.1782,-125.5617,0.618645
-142.0451,-4.1498,-126.1336,0.619064
-141.9483,-4.1214,-126.7032,0.619490
-141.8518,-4.0935,-127.2703,0.619910
-141.7555,-4.0658,-127.8339,0.620321
-141.6607,-4.0386,-128.3926,0.620735
-141.5680,-4.0116,-128.9462,0.621143
-141.4782,-3.9853,-129.4940,0.621544
-141.3856,-3.9569,-130.0853,0.621976
-141.3061,-3.9315,-130.6204,0.622364
-141.2318,-3.9063,-131.1495,0.622743
-141.1629,-3.8818,-131.6712,0.623124
-141.0989,-3.8578,-132.1863,0.623492
-141.0398,-3.8342,-132.6935,0.623856
-140.9855,-3.8115,-133.1939,0.624212
-140.9367,-3.7887,-133.6869,0.624567
-140.8933,-3.7673,-134.1718,0.624908
-140.8525,-3.7440,-134.6932,0.625277
-140.8207,-3.7236,-135.1624,0.625611
-140.7942,-3.7037,-135.6249,0.625933
-140.7729,-3.6841,-136.0790,0.626252
-140.7569,-3.6657,-136.5273,0.626566
-140.7463,-3.6472,-136.9695,0.626869
-140.7403,-3.6297,-137.4053,0.627172
-140.7387,-3.6127,-137.8377,0.627467
-140.7406,-3.5956,-138.2658,0.627764
-140.7473,-3.5788,-138.7276,0.628075
-140.7579,-3.5632,-139.1487,0.628362
-140.7725,-3.5482,-139.5655,0.628645
-140.7924,-3.5343,-139.9808,0.628926
-140.8186,-3.5199,-140.3936,0.629196
-140.8511,-3.5069,-140.8018,0.629470
-140.8904,-3.4944,-141.2082,0.629744
-140.9375,-3.4813,-141.6115,0.630001
-140.9915,-3.4703,-142.0094,0.630264
-141.0596,-3.4580,-142.4413,0.630544
-141.1302,-3.4468,-142.8312,0.630799
-141.2099,-3.4374,-143.2191,0.631047
-141.2991,-3.4275,-143.6032,0.631291
-141.3979,-3.4180,-143.9809,0.631533
-141.5075,-3.4100,-144.3561,0.631781
-141.6281,-3.4014,-144.7264,0.632016
-141.7592,-3.3933,-145.0893,0.632251
-141.9150,-3.3861,-145.4814,0.632506
-142.0690,-3.3789,-145.8347,0.632738
-142.2326,-3.3723,-146.1795,0.632967
-142.4069,-3.3672,-146.5196,0.633194
-142.5911,-3.3615,-146.8526,0.633421
-142.7843,-3.3560,-147.1761,0.633652
-142.9879,-3.3521,-147.4934,0.633876
-143.1999,-3.3477,-147.8026,0.634098
-143.4207,-3.3428,-148.1031,0.634319
-143.6486,-3.3390,-148.3930,0.634539
-143.9051,-3.3358,-148.7018,0.634781
-144.1453,-3.3325,-148.9764,0.634998
-144.3889,-3.3289,-149.2433,0.635212
-144.6332,-3.3276,-149.5017,0.635430
-144.8794,-3.3261,-149.7559,0.635648
-145.1264,-3.3245,-150.0044,0.635867
-145.3733,-3.3234,-150.2462,0.636084
-145.6236,-3.3238,-150.4855,0.636299
-145.8772,-3.3241,-150.7218,0.636510
-146.1593,-3.3241,-150.9770,0.636744
-146.4223,-3.3256,-151.2084,0.636971
-146.6926,-3.3275,-151.4401,0.637195
-146.9695,-3.3293,-151.6708,0.637425
-147.2521,-3.3314,-151.8990,0.637654
-147.5431,-3.3351,-152.1272,0.637886
-147.8416,-3.3385,-152.3543,0.638125
-148.1479,-3.3419,-152.5803,0.638362
-148.4612,-3.3470,-152.8046,0.638606
-148.8131,-3.3527,-153.0494,0.638882
-149.1438,-3.3578,-153.2726,0.639132
-149.4817,-3.3646,-153.4936,0.639397
-149.8289,-3.3714,-153.7137,0.639654
-150.1844,-3.3782,-153.9318,0.639927
-150.5479,-3.3867,-154.1468,0.640207
-150.9213,-3.3950,-154.3593,0.640493
-151.3032,-3.4035,-154.5679,0.640777
-151.7313,-3.4143,-154.7921,0.641109
-152.1333,-3.4241,-154.9935,0.641412
-152.5435,-3.4346,-155.1904,0.641721
-152.9631,-3.4458,-155.3838,0.642030
-153.3906,-3.4569,-155.5725,0.642357
-153.8271,-3.4693,-155.7575,0.642690
-154.2719,-3.4817,-155.9380,0.643018
-154.7241,-3.4947,-156.1134,0.643356
-155.1849,-3.5082,-156.2845,0.643691
-155.6962,-3.5231,-156.4650,0.644071
-156.1734,-3.5376,-156.6254,0.644415
-156.6578,-3.5521,-156.7810,0.644766
-157.1492,-3.5674,-156.9317,0.645122
-157.6478,-3.5829,-157.0787,0.645481
-158.1527,-3.5989,-157.2224,0.645841
-158.6645,-3.6153,-157.3643,0.646213
-159.1822,-3.6322,-157.5051,0.646587
-159.7070,-3.6496,-157.6448,0.646964
-160.2866,-3.6691,-157.7961,0.647386
-160.8251,-3.6874,-157.9336,0.647779
-161.3696,-3.7060,-158.0706,0.648177
-161.9193,-3.7250,-158.2133,0.648578
-162.4756,-3.7438,-158.3512,0.648988
-163.0377,-3.7629,-158.4904,0.649400
-163.6052,-3.7823,-158.6311,0.649821
-164.1783,-3.8020,-158.7736,0.650248
-164.7568,-3.8219,-158.9181,0.650676
-165.3939,-3.8438,-159.0779,0.651152
-165.9831,-3.8641,-159.2260,0.651587
-166.5770,-3.8845,-159.3755,0.652032
-167.1745,-3.9047,-159.5259,0.652477
-167.7748,-3.9250,-159.6767,0.652926
-168.3759,-3.9450,-159.8275,0.653375
-168.9762,-3.9646,-159.9780,0.653826
-169.5744,-3.9840,-160.1280,0.654270
-170.1704,-4.0026,-160.2771,0.654717
-170.8188,-4.0222,-160.4390,0.655203
-171.4118,-4.0391,-160.5862,0.655645
-172.0025,-4.0544,-160.7311,0.656084
-172.5925,-4.0687,-160.8738,0.656522
-173.1813,-4.0824,-161.0140,0.656955
-173.7683,-4.0951,-161.1513,0.657388
-174.3543,-4.1075,-161.2858,0.657820
-174.9388,-4.1192,-161.4168,0.658246
-175.5228,-4.1305,-161.5437,0.658672
-176.1585,-4.1424,-161.6767,0.659131
-176.7406,-4.1528,-161.7940,0.659551
-177.3213,-4.1630,-161.9067,0.659971
-177.9001,-4.1727,-162.0148,0.660392
-178.4756,-4.1824,-162.1181,0.660802
-179.0471,-4.1916,-162.2163,0.661211
-179.6144,-4.2007,-162.3093,0.661622
-180.1769,-4.2095,-162.3971,0.662026
-180.7344,-4.2182,-162.4794,0.662422
-181.3364,-4.2275,-162.5624,0.662860
-181.8822,-4.2358,-162.6319,0.663242
-182.4219,-4.2440,-162.6951,0.663629
-182.9554,-4.2520,-162.7519,0.664000
-183.4822,-4.2600,-162.8025,0.664374
-184.0023,-4.2679,-162.8471,0.664740
-184.5154,-4.2756,-162.8859,0.665103
-185.0215,-4.2834,-162.9190,0.665461
-185.5204,-4.2910,-162.9465,0.665806
-186.0565,-4.2994,-162.9705,0.666189
-186.5405,-4.3069,-162.9873,0.666523
-187.0168,-4.3146,-162.9993,0.666857
-187.4862,-4.3221,-163.0066,0.667180
-187.9483,-4.3297,-163.0096,0.667504
-188.4039,-4.3373,-163.0084,0.667827
-188.8524,-4.3449,-163.0035,0.668135
-189.2940,-4.3526,-162.9947,0.668444
-189.7291,-4.3603,-162.9823,0.668746
-190.1957,-4.3686,-162.9649,0.669068
-190.6169,-4.3766,-162.9449,0.669363
-191.0315,-4.3844,-162.9216,0.669642
-191.4394,-4.3921,-162.8946,0.669927
-191.8414,-4.4002,-162.8642,0.670195
-192.2372,-4.4081,-162.8309,0.670470
-192.6271,-4.4161,-162.7940,0.670735
-193.0124,-4.4243,-162.7536,0.670998
-193.3936,-4.4325,-162.7096,0.671253
-193.8052,-4.4414,-162.6566,0.671534
-194.1796,-4.4499,-162.6033,0.671789
-194.5511,-4.4585,-162.5452,0.672044
-194.9192,-4.4669,-162.4805,0.672290
-195.2848,-4.4757,-162.4089,0.672532
-195.6472,-4.4845,-162.3302,0.672773
-196.0064,-4.4932,-162.2432,0.673012
-196.3618,-4.5021,-162.1480,0.673258
-196.7142,-4.5112,-162.0444,0.673490
-197.0950,-4.5210,-161.9205,0.673738
-197.4397,-4.5301,-161.7971,0.673972
-197.7809,-4.5395,-161.6649,0.674196
-198.1176,-4.5488,-161.5230,0.674417
-198.4489,-4.5580,-161.3729,0.674637
-198.7734,-4.5669,-161.2079,0.674850
-199.0950,-4.5757,-161.0414,0.675058
-199.4110,-4.5843,-160.8683,0.675271
-199.7207,-4.5936,-160.6887,0.675478
-200.0529,-4.6037,-160.4856,0.675710
-200.3515,-4.6128,-160.2940,0.675908
-200.6435,-4.6223,-160.0965,0.676112
-200.9308,-4.6321,-159.8935,0.676310
-201.2126,-4.6419,-159.6863,0.676512
-201.4888,-4.6516,-159.4738,0.676716
-201.7598,-4.6620,-159.2575,0.676917
-202.0293,-4.6730,-159.0372,0.677122
-202.2974,-4.6838,-158.8115,0.677317
-202.5890,-4.6965,-158.5606,0.677545
-202.8571,-4.7092,-158.3229,0.677754
-203.1252,-4.7218,-158.0787,0.677965
-203.3922,-4.7349,-157.8281,0.678188
-203.6597,-4.7494,-157.5700,0.678416
-203.9260,-4.7638,-157.3029,0.678638
-204.1900,-4.7784,-157.0278,0.678868
-204.4530,-4.7945,-156.7439,0.679101
-204.7131,-4.8104,-156.4503,0.679356
-204.9932,-4.8283,-156.1210,0.679611
-205.2468,-4.8457,-155.8084,0.679857
-205.4972,-4.8631,-155.4870,0.680116
-205.7443,-4.8811,-155.1578,0.680364
-205.9884,-4.9000,-154.8184,0.680627
-206.2296,-4.9188,-154.4701,0.680891
-206.4675,-4.9387,-154.1141,0.681161
-206.7025,-4.9589,-153.7482,0.681438
-206.9340,-4.9794,-153.3738,0.681719
-207.1837,-5.0028,-152.9550,0.682032
-207.4087,-5.0243,-152.5619,0.682320
-207.6311,-5.0468,-152.1600,0.682625
-207.8499,-5.0697,-151.7491,0.682926
-208.0649,-5.0929,-151.3300,0.683237
-208.2766,-5.1168,-150.9023,0.683551
-208.4838,-5.1409,-150.4657,0.683882
-208.6871,-5.1657,-150.0204,0.684202
-208.8854,-5.1907,-149.5659,0.684533
-209.0960,-5.2186,-149.0603,0.684915
-209.2840,-5.2445,-148.5877,0.685261
-209.4662,-5.2708,-148.1063,0.685614
-209.6431,-5.2974,-147.6162,0.685974
-209.8139,-5.3244,-147.1177,0.686337
-209.9794,-5.3517,-146.6111,0.686708
-210.1395,-5.3794,-146.0968,0.687082
-210.2964,-5.4074,-145.5760,0.687463
-210.4530,-5.4359,-145.0504,0.687845
-210.6290,-5.4677,-144.4734,0.688269
-210.7969,-5.4976,-143.9420,0.688677
-210.9708,-5.5281,-143.4075,0.689074
-211.1487,-5.5592,-142.8688,0.689488
-211.3300,-5.5910,-142.3246,0.689903
-211.5148,-5.6234,-141.7748,0.690327
-211.7039,-5.6564,-141.2197,0.690758
-211.8979,-5.6901,-140.6596,0.691192
-212.0976,-5.7245,-140.0948,0.691628
-212.3216,-5.7628,-139.4736,0.692117
-212.5381,-5.7977,-138.9005,0.692566
-212.7532,-5.8330,-138.3202,0.693021
-212.9714,-5.8687,-137.7341,0.693479
-213.1921,-5.9051,-137.1413,0.693941
-213.4147,-5.9421,-136.5420,0.694404
-213.6385,-5.9797,-135.9359,0.694880
-213.8621,-6.0179,-135.3251,0.695353
-214.0824,-6.0563,-134.7139,0.695825
-214.3186,-6.0985,-134.0438,0.696340
-214.5320,-6.1380,-133.4240,0.696813
-214.7411,-6.1775,-132.8032,0.697284
-214.9467,-6.2171,-132.1792,0.697757
-215.1487,-6.2535,-131.5529,0.698234
-215.3474,-6.2901,-130.9267,0.698710
-215.5436,-6.3268,-130.3008,0.699185
-215.7385,-6.3641,-129.6730,0.699655
-215.9311,-6.4016,-129.0454,0.700133
-216.1380,-6.4428,-128.3622,0.700651
-216.3245,-6.4808,-127.7360,0.701120
-216.5076,-6.5188,-127.1100,0.701596
-216.6878,-6.5570,-126.4852,0.702066
-216.8648,-6.5951,-125.8616,0.702535
-217.0388,-6.6332,-125.2394,0.703001
-217.2095,-6.6713,-124.6186,0.703468
-217.3772,-6.7094,-123.9992,0.703931
-217.5415,-6.7473,-123.3811,0.704396
-217.7172,-6.7885,-122.7083,0.704901
-217.8751,-6.8262,-122.0933,0.705356
-218.0299,-6.8636,-121.4795,0.705814
-218.1815,-6.9010,-120.8672,0.706273
-218.3296,-6.9380,-120.2560,0.706731
-218.4741,-6.9750,-119.6460,0.707189
-218.6143,-7.0115,-119.0368,0.707642
-218.7494,-7.0479,-118.4280,0.708093
-218.8790,-7.0838,-117.8203,0.708546
-219.0138,-7.1226,-117.1595,0.709034
-219.1319,-7.1578,-116.5570,0.709478
-219.2454,-7.1923,-115.9577,0.709921
-219.3551,-7.2264,-115.3631,0.710360
-219.4610,-7.2598,-114.7728,0.710791
-219.5637,-7.2928,-114.1876,0.711216
-219.6630,-7.3250,-113.6077,0.711643
-219.7590,-7.3567,-113.0325,0.712060
-219.8519,-7.3876,-112.4627,0.712474
-219.9497,-7.4208,-111.8465,0.712923
-220.0364,-7.4504,-111.2873,0.713332
-220.1202,-7.4793,-110.7326,0.713731
-220.2012,-7.5076,-110.1833,0.714134
-220.2797,-7.5350,-109.6385,0.714529
-220.3554,-7.5619,-109.0989,0.714924
-220.4288,-7.5877,-108.5638,0.715304
-220.4993,-7.6131,-108.0340,0.715683
-220.5671,-7.6372,-107.5081,0.716060
-220.6374,-7.6631,-106.9396,0.716472
-220.6985,-7.6854,-106.4240,0.716841
-220.7566,-7.7072,-105.9120,0.717203
-220.8114,-7.7278,-105.4054,0.717564
-220.8625,-7.7475,-104.9022,0.717920
-220.9091,-7.7662,-104.4041,0.718267
-220.9505,-7.7835,-103.9089,0.718618
-220.9857,-7.8002,-103.4183,0.718960
-221.0147,-7.8150,-102.9306,0.719300
-221.0391,-7.8302,-102.4028,0.719662
-221.0549,-7.8420,-101.9248,0.719994
-221.0643,-7.8536,-101.4512,0.720319
-221.0679,-7.8646,-100.9803,0.720640
-221.0651,-7.8722,-100.5163,0.720953
-221.0556,-7.8798,-100.0571,0.721266
-221.0400,-7.8869,-99.6009,0.721577
-221.0180,-7.8908,-99.1520,0.721878
-220.9892,-7.8946,-98.7080,0.722181
-220.9512,-7.8984,-98.2273,0.722507
-220.9106,-7.8990,-97.7940,0.722803
-220.8649,-7.8994,-97.3661,0.723086
-220.8149,-7.8998,-96.9417,0.723379
-220.7608,-7.8976,-96.5246,0.723656
-220.7023,-7.8952,-96.1128,0.723931
-220.6392,-7.8928,-95.7062,0.724209
-220.5710,-7.8883,-95.3033,0.724479
-220.4970,-7.8836,-94.9072,0.724741
-220.4094,-7.8782,-94.4809,0.725017
-220.3227,-7.8716,-94.0944,0.725277
-220.2290,-7.8647,-93.7148,0.725524
-220.1286,-7.8577,-93.3411,0.725773
-220.0215,-7.8495,-92.9721,0.726014
-219.9073,-7.8408,-92.6097,0.726252
-219.7863,-7.8320,-92.2528,0.726489
-219.6581,-7.8226,-91.9009,0.726727
-219.5234,-7.8125,-91.5556,0.726960
-219.3624,-7.8001,-91.1875,0.727201
-219.2112,-7.7884,-90.8554,0.727420
-219.0527,-7.7763,-90.5305,0.727651
-218.8857,-7.7639,-90.2130,0.727872
-218.7116,-7.7511,-89.9037,0.728083
-218.5296,-7.7383,-89.6021,0.728295
-218.3417,-7.7250,-89.3083,0.728496
-218.1479,-7.7115,-89.0221,0.728704
-217.9488,-7.6983,-88.7413,0.728912
-217.7277,-7.6838,-88.4420,0.729132
-217.5211,-7.6701,-88.1737,0.729335
-217.3133,-7.6574,-87.9117,0.729538
-217.1023,-7.6444,-87.6538,0.729738
-216.8900,-7.6312,-87.4008,0.729934
-216.6753,-7.6190,-87.1539,0.730138
-216.4583,-7.6067,-86.9104,0.730332
-216.2441,-7.5948,-86.6682,0.730531
-216.0220,-7.5842,-86.4355,0.730727
-215.7773,-7.5732,-86.1854,0.730947
-215.5499,-7.5631,-85.9612,0.731144
-215.3216,-7.5534,-85.7432,0.731339
-215.0896,-7.5449,-85.5285,0.731533
-214.8539,-7.5360,-85.3182,0.731728
-214.6156,-7.5272,-85.1125,0.731925
-214.3719,-7.5194,-84.9092,0.732123
-214.1227,-7.5111,-84.7094,0.732323
-213.8462,-7.5018,-84.4952,0.732537
-213.5871,-7.4929,-84.3025,0.732737
-213.3227,-7.4833,-84.1144,0.732940
-213.0541,-7.4734,-83.9297,0.733139
-212.7809,-7.4634,-83.7488,0.733340
-212.5030,-7.4530,-83.5717,0.733544
-212.2199,-7.4421,-83.3992,0.733749
-211.9328,-7.4310,-83.2305,0.733950
-211.6412,-7.4197,-83.0660,0.734154
-211.3445,-7.4082,-82.9065,0.734361
-211.0167,-7.3952,-82.7369,0.734584
-210.7120,-7.3831,-82.5859,0.734791
-210.4038,-7.3710,-82.4391,0.735008
-210.0910,-7.3588,-82.2967,0.735220
-209.7750,-7.3462,-82.1580,0.735434
-209.4553,-7.3335,-82.0235,0.735649
-209.1322,-7.3211,-81.8936,0.735864
-208.8042,-7.3085,-81.7690,0.736077
-208.4728,-7.2956,-81.6493,0.736292
-208.1076,-7.2814,-81.5261,0.736533
-207.7688,-7.2691,-81.4207,0.736745
-207.4272,-7.2563,-81.3244,0.736956
-207.0841,-7.2433,-81.2373,0.737165
-206.7403,-7.2307,-81.1605,0.737371
-206.3944,-7.2186,-81.0936,0.737581
-206.0472,-7.2060,-81.0381,0.737785
-205.7000,-7.1933,-80.9927,0.737987
-205.3543,-7.1817,-80.9578,0.738192
-204.9763,-7.1690,-80.9314,0.738411
-204.6316,-7.1571,-80.9167,0.738610
-204.2901,-7.1453,-80.9110,0.738809
-203.9492,-7.1351,-80.9135,0.739007
-203.6104,-7.1245,-80.9249,0.739202
-203.2743,-7.1137,-80.9439,0.739399
-202.9426,-7.1036,-80.9712,0.739596
-202.6114,-7.0947,-81.0069,0.739787
-202.2535,-7.0847,-81.0538,0.739996
-201.9286,-7.0755,-81.1050,0.740189
-201.6089,-7.0675,-81.1638,0.740381
-201.2903,-7.0603,-81.2289,0.740568
-200.9749,-7.0531,-81.3009,0.740755
-200.6630,-7.0458,-81.3801,0.740941
-200.3571,-7.0398,-81.4659,0.741128
-200.0522,-7.0350,-81.5582,0.741313
-199.7511,-7.0300,-81.6570,0.741493
-199.4539,-7.0249,-81.7625,0.741677
-199.1369,-7.0210,-81.8840,0.741870
-198.8479,-7.0187,-82.0020,0.742049
-198.5630,-7.0163,-82.1259,0.742230
-198.2825,-7.0138,-82.2558,0.742403
-198.0089,-7.0123,-82.3895,0.742582
-197.7368,-7.0128,-82.5300,0.742761
-197.4687,-7.0132,-82.6759,0.742937
-197.2072,-7.0148,-82.8253,0.743107
-196.9238,-7.0186,-82.9959,0.743301
-196.6684,-7.0220,-83.1580,0.743473
-196.4191,-7.0263,-83.3239,0.743647
-196.1721,-7.0321,-83.4962,0.743823
-195.9296,-7.0378,-83.6732,0.743993
-195.6928,-7.0438,-83.8540,0.744169
-195.4586,-7.0513,-84.0407,0.744337
-195.2282,-7.0588,-84.2323,0.744516
-195.0010,-7.0662,-84.4283,0.744683
-194.7579,-7.0756,-84.6473,0.744873
-194.5374,-7.0844,-84.8540,0.745059
-194.3237,-7.0929,-85.0692,0.745241
-194.1088,-7.1027,-85.2845,0.745421
-193.8951,-7.1130,-85.5061,0.745601
-193.6828,-7.1232,-85.7321,0.745788
-193.4723,-7.1334,-85.9620,0.745974
-193.2619,-7.1445,-86.1966,0.746176
-193.0525,-7.1556,-86.4366,0.746373
-192.8254,-7.1677,-86.7045,0.746594
-192.6189,-7.1791,-86.9561,0.746793
-192.4135,-7.1906,-87.2137,0.746997
-192.2103,-7.2022,-87.4781,0.747202
-192.0092,-7.2138,-87.7490,0.747415
-191.8103,-7.2253,-88.0267,0.747626
-191.6135,-7.2368,-88.3106,0.747843
-191.4196,-7.2484,-88.6016,0.748059
-191.2284,-7.2596,-88.8995,0.748269
-191.0232,-7.2717,-89.2321,0.748517
-190.8378,-7.2829,-89.5438,0.748741
-190.6552,-7.2936,-89.8631,0.748974
-190.4760,-7.3040,-90.1889,0.749204
-190.3002,-7.3143,-90.5217,0.749427
-190.1276,-7.3243,-90.8617,0.749658
-189.9598,-7.3335,-91.2087,0.749893
-189.7964,-7.3426,-91.5628,0.750135
-189.6372,-7.3514,-91.9246,0.750375
-189.4702,-7.3597,-92.3267,0.750647
-189.3230,-7.3670,-92.7028,0.750889
-189.1810,-7.3741,-93.0865,0.751133
-189.0452,-7.3795,-93.4757,0.751386
-188.9156,-7.3846,-93.8717,0.751647
-188.7917,-7.3896,-94.2735,0.751919
-188.6731,-7.3927,-94.6821,0.752173
-188.5608,-7.3953,-95.0954,0.752433
-188.4534,-7.3977,-95.5139,0.752713
-188.3411,-7.3984,-95.9778,0.753010
-188.2437,-7.3981,-96.4077,0.753291
-188.1511,-7.3977,-96.8431,0.753572
-188.0634,-7.3954,-97.2857,0.753859
-187.9822,-7.3918,-97.7328,0.754145
-187.9073,-7.3879,-98.1857,0.754431
-187.8387,-7.3823,-98.6460,0.754730
-187.7775,-7.3750,-99.1107,0.755029
-187.7238,-7.3672,-99.5811,0.755342
-187.6732,-7.3577,-100.1009,0.755672
-187.6346,-7.3479,-100.5822,0.755986
-187.6039,-7.3372,-101.0690,0.756300
-187.5809,-7.3257,-101.5599,0.756610
-187.5661,-7.3133,-102.0561,0.756935
-187.5592,-7.3000,-102.5560,0.757259
-187.5602,-7.2860,-103.0603,0.757586
-187.5698,-7.2711,-103.5684,0.757915
-187.5870,-7.2554,-104.0805,0.758257
-187.6148,-7.2376,-104.6431,0.758631
-187.6482,-7.2203,-105.1625,0.758977
-187.6892,-7.2024,-105.6850,0.759333
-187.7367,-7.1838,-106.2106,0.759685
-187.7894,-7.1648,-106.7388,0.760050
-187.8455,-7.1451,-107.2691,0.760412
-187.9051,-7.1251,-107.8008,0.760792
-187.9687,-7.1046,-108.3336,0.761156
-188.0376,-7.0837,-108.8669,0.761537
-188.1188,-7.0602,-109.4497,0.761954
-188.1992,-7.0383,-109.9845,0.762331
-188.2847,-7.0159,-110.5200,0.762714
-188.3750,-6.9931,-111.0559,0.763098
-188.4691,-6.9698,-111.5922,0.763484
-188.5667,-6.9464,-112.1278,0.763867
-188.6670,-6.9226,-112.6608,0.764236
-188.7701,-6.8987,-113.1900,0.764624
-188.8753,-6.8747,-113.7160,0.764998
-188.9922,-6.8483,-114.2857,0.765409
-189.1009,-6.8240,-114.8046,0.765785
-189.2107,-6.7996,-115.3199,0.766154
-189.3212,-6.7752,-115.8322,0.766528
-189.4325,-6.7506,-116.3412,0.766900
-189.5447,-6.7260,-116.8472,0.767277
-189.6576,-6.7013,-117.3505,0.767647
-189.7708,-6.6766,-117.8506,0.768022
-189.8837,-6.6517,-118.3481,0.768400
-190.0057,-6.6247,-118.8874,0.768811
-190.1160,-6.5999,-119.3790,0.769186
-190.2240,-6.5752,-119.8675,0.769571
-190.3288,-6.5506,-120.3530,0.769945
-190.4296,-6.5261,-120.8343,0.770326
-190.5258,-6.5020,-121.3117,0.770710
-190.6167,-6.4779,-121.7843,0.771083
-190.7024,-6.4543,-122.2525,0.771456
-190.7831,-6.4307,-122.7164,0.771833
-190.8657,-6.4055,-123.2170,0.772238
-190.9371,-6.3823,-123.6715,0.772606
-191.0043,-6.3595,-124.1213,0.772979
-191.0673,-6.3368,-124.5670,0.773343
-191.1252,-6.3142,-125.0077,0.773706
-191.1779,-6.2921,-125.4442,0.774066
-191.2246,-6.2699,-125.8753,0.774426
-191.2650,-6.2483,-126.3016,0.774772
-191.2993,-6.2265,-126.7235,0.775125
-191.3293,-6.2033,-127.1782,0.775502
-191.3510,-6.1818,-127.5919,0.775843
-191.3672,-6.1605,-128.0015,0.776178
-191.3779,-6.1391,-128.4087,0.776506
-191.3838,-6.1177,-128.8123,0.776841
-191.3780,-6.0958,-129.2144,0.777165
-191.3731,-6.0733,-129.6122,0.777488
-191.3616,-6.0500,-130.0076,0.777801
-191.3441,-6.0267,-130.4006,0.778116
-191.3164,-6.0001,-130.8224,0.778463
-191.2828,-5.9745,-131.2068,0.778776
-191.2421,-5.9496,-131.5845,0.779088
-191.1932,-5.9261,-131.9586,0.779390
-191.1348,-5.9035,-132.3270,0.779708
-191.0684,-5.8814,-132.6900,0.780004
-190.9915,-5.8571,-133.0481,0.780308
-190.9039,-5.8334,-133.3961,0.780609
-190.8046,-5.8108,-133.7356,0.780905
-190.6853,-5.7831,-134.1006,0.781220
-190.5655,-5.7584,-134.4240,0.781515
-190.4314,-5.7326,-134.7408,0.781811
-190.2915,-5.7055,-135.0475,0.782096
-190.1413,-5.6791,-135.3456,0.782375
-189.9780,-5.6483,-135.6360,0.782664
-189.8075,-5.6197,-135.9153,0.782950
-189.6240,-5.5860,-136.1851,0.783228
-189.4315,-5.5534,-136.4472,0.783509
-189.2132,-5.5167,-136.7121,0.783806
-189.0032,-5.4819,-136.9500,0.784082
-188.7864,-5.4490,-137.1716,0.784362
-188.5648,-5.4162,-137.3862,0.784634
-188.3374,-5.3871,-137.5875,0.784908
-188.1054,-5.3594,-137.7791,0.785176
-187.8672,-5.3340,-137.9646,0.785448
-187.6256,-5.3107,-138.1368,0.785712
-187.3778,-5.2891,-138.3021,0.785974
-187.1047,-5.2675,-138.4685,0.786256
-186.8495,-5.2491,-138.6129,0.786519
-186.5929,-5.2316,-138.7461,0.786776
-186.3328,-5.2156,-138.8718,0.787037
-186.0712,-5.1998,-138.9892,0.787291
-185.7972,-5.1769,-139.0941,0.787547
-185.5395,-5.1551,-139.1918,0.787799
-185.2727,-5.1375,-139.2876,0.788059
-185.0058,-5.1213,-139.3771,0.788313
-184.7066,-5.1056,-139.4793,0.788604
-184.4271,-5.0915,-139.5610,0.788870
-184.1402,-5.0789,-139.6397,0.789138
-183.8482,-5.0662,-139.7136,0.789415
-183.5523,-5.0545,-139.7811,0.789681
-183.2491,-5.0431,-139.8442,0.789973
-182.9405,-5.0318,-139.9009,0.790259
-182.6284,-5.0213,-139.9523,0.790542
-182.3117,-5.0110,-139.9982,0.790828
-181.9616,-5.0000,-140.0440,0.791151
-181.6351,-4.9903,-140.0819,0.791438
-181.3038,-4.9808,-140.1149,0.791722
-180.9684,-4.9715,-140.1425,0.792014
-180.6293,-4.9627,-140.1627,0.792311
-180.2876,-4.9540,-140.1752,0.792601
-179.9446,-4.9457,-140.1784,0.792898
-179.6007,-4.9379,-140.1712,0.793191
-179.2564,-4.9303,-140.1539,0.793487
-178.8815,-4.9227,-140.1230,0.793813
-178.5376,-4.9159,-140.0843,0.794109
-178.1945,-4.9095,-140.0359,0.794411
-177.8518,-4.9036,-139.9775,0.794712
-177.5103,-4.8978,-139.9098,0.795009
-177.1717,-4.8928,-139.8321,0.795312
-176.8362,-4.8880,-139.7448,0.795615
-176.5062,-4.8838,-139.6475,0.795905
-176.1811,-4.8801,-139.5407,0.796204
-175.8337,-4.8768,-139.4135,0.796524
-175.5207,-4.8744,-139.2870,0.796809
-175.2152,-4.8735,-139.1520,0.797099
-174.9169,-4.8743,-139.0087,0.797383
-174.6237,-4.8764,-138.8551,0.797667
-174.3393,-4.8808,-138.6943,0.797949
-174.0625,-4.8856,-138.5238,0.798222
-173.7935,-4.8918,-138.3434,0.798497
-173.5337,-4.8981,-138.1553,0.798761
-173.2608,-4.9062,-137.9393,0.799055
-173.0209,-4.9133,-137.7336,0.799320
-172.7906,-4.9217,-137.5193,0.799581
-172.5715,-4.9298,-137.2976,0.799843
-172.3635,-4.9385,-137.0696,0.800104
-172.1652,-4.9474,-136.8346,0.800361
-171.9784,-4.9565,-136.5935,0.800616
-171.8019,-4.9659,-136.3474,0.800871
-171.6362,-4.9756,-136.0956,0.801125
-171.4618,-4.9858,-135.8184,0.801402
-171.3168,-4.9956,-135.5575,0.801654
-171.1803,-5.0057,-135.2923,0.801902
-171.0503,-5.0161,-135.0216,0.802157
-170.9272,-5.0267,-134.7449,0.802408
-170.8103,-5.0377,-134.4622,0.802663
-170.6992,-5.0490,-134.1734,0.802921
-170.5959,-5.0604,-133.8792,0.803184
-170.5002,-5.0723,-133.5797,0.803453
-170.4038,-5.0854,-133.2467,0.803748
-170.3241,-5.0977,-132.9364,0.804016
-170.2567,-5.1105,-132.6193,0.804289
-170.1901,-5.1230,-132.2980,0.804571
-170.1298,-5.1357,-131.9709,0.804850
-170.0744,-5.1486,-131.6377,0.805134
-170.0233,-5.1617,-131.2982,0.805416
-169.9785,-5.1749,-130.9528,0.805714
-169.9398,-5.1884,-130.6014,0.806012
-169.9046,-5.2030,-130.2112,0.806337
-169.8809,-5.2167,-129.8487,0.806640
-169.8639,-5.2311,-129.4796,0.806948
-169.8556,-5.2455,-129.1056,0.807265
-169.8550,-5.2595,-128.7264,0.807591
-169.8633,-5.2735,-128.3422,0.807911
-169.8810,-5.2871,-127.9543,0.808246
-169.9072,-5.3007,-127.5613,0.808594
-169.9424,-5.3141,-127.1641,0.808941
-169.9901,-5.3285,-126.7247,0.809327
-170.0432,-5.3418,-126.3167,0.809702
-170.1040,-5.3549,-125.9028,0.810076
-170.1728,-5.3682,-125.4823,0.810454
-170.2479,-5.3814,-125.0549,0.810834
-170.3293,-5.3949,-124.6199,0.811231
-170.4116,-5.4079,-124.1763,0.811632
-170.5060,-5.4212,-123.7265,0.812030
-170.6077,-5.4346,-123.2698,0.812443
-170.7271,-5.4496,-122.7638,0.812880
-170.8444,-5.4635,-122.2932,0.813284
-170.9685,-5.4779,-121.8155,0.813691
-171.0985,-5.4925,-121.3303,0.814102
-171.2333,-5.5075,-120.8365,0.814512
-171.3729,-5.5230,-120.3335,0.814926
-171.5172,-5.5388,-119.8211,0.815337
-171.6669,-5.5551,-119.2997,0.815752
-171.8222,-5.5720,-118.7705,0.816172
-171.9985,-5.5911,-118.1847,0.816625
-172.1664,-5.6092,-117.6409,0.817053
-172.3404,-5.6280,-117.0905,0.817490
-172.5202,-5.6474,-116.5341,0.817920
-172.7059,-5.6677,-115.9714,0.818364
-172.8970,-5.6885,-115.4035,0.818809
-173.0938,-5.7103,-114.8297,0.819263
-173.2953,-5.7330,-114.2521,0.819724
-173.5015,-5.7582,-113.6677,0.820181
-173.7315,-5.7869,-113.0257,0.820689
-173.9470,-5.8141,-112.4329,0.821151
-174.1672,-5.8418,-111.8374,0.821622
-174.3920,-5.8703,-111.2404,0.822088
-174.6203,-5.8992,-110.6439,0.822562
-174.8514,-5.9283,-110.0498,0.823029
-175.0854,-5.9576,-109.4590,0.823497
-175.3215,-5.9870,-108.8716,0.823964
-175.5595,-6.0165,-108.2871,0.824430
-175.8210,-6.0487,-107.6527,0.824936
-176.0675,-6.0783,-107.0759,0.825400
-176.3100,-6.1075,-106.4997,0.825861
-176.5536,-6.1365,-105.9259,0.826320
-176.7981,-6.1655,-105.3546,0.826777
-177.0434,-6.1942,-104.7857,0.827232
-177.2894,-6.2228,-104.2194,0.827688
-177.5355,-6.2510,-103.6563,0.828141
-177.7801,-6.2789,-103.0975,0.828590
-178.0439,-6.3086,-102.4932,0.829074
-178.2822,-6.3354,-101.9448,0.829513
-178.5162,-6.3614,-101.4020,0.829945
-178.7446,-6.3870,-100.8641,0.830370
-178.9664,-6.4115,-100.3318,0.830790
-179.1805,-6.4355,-99.8041,0.831204
-179.3854,-6.4585,-99.2814,0.831608
-179.5803,-6.4808,-98.7626,0.832006
-179.7642,-6.5020,-98.2486,0.832393
-179.9529,-6.5241,-97.6929,0.832810
-180.1135,-6.5433,-97.1888,0.833181
-180.2628,-6.5616,-96.6890,0.833548
-180.3997,-6.5787,-96.1946,0.833911
-180.5252,-6.5948,-95.7048,0.834262
-180.6384,-6.6097,-95.2214,0.834605
-180.7396,-6.6236,-94.7428,0.834945
-180.8286,-6.6362,-94.2716,0.835274
-180.9056,-6.6478,-93.8055,0.835596
-180.9754,-6.6588,-93.3059,0.835940
-181.0268,-6.6677,-92.8534,0.836246
-181.0653,-6.6752,-92.4086,0.836546
-181.0867,-6.6809,-91.9680,0.836842
-181.1007,-6.6845,-91.5357,0.837133
-181.1026,-6.6872,-91.1076,0.837418
-181.0921,-6.6878,-90.6857,0.837698
-181.0706,-6.6872,-90.2661,0.837976
-181.0379,-6.6835,-89.8532,0.838252
-180.9901,-6.6791,-89.4068,0.838554
-180.9371,-6.6747,-89.0018,0.838818
-180.8751,-6.6663,-88.5976,0.839092
-180.8043,-6.6565,-88.2008,0.839360
-180.7254,-6.6466,-87.8080,0.839628
-180.6394,-6.6344,-87.4163,0.839891
-180.5473,-6.6196,-87.0322,0.840159
-180.4484,-6.6044,-86.6519,0.840422
-180.3452,-6.5881,-86.2732,0.840685
-180.2276,-6.5672,-85.8678,0.840966
-180.1140,-6.5472,-85.5001,0.841227
-179.9974,-6.5267,-85.1343,0.841483
-179.8768,-6.5039,-84.7744,0.841739
-179.7500,-6.4801,-84.4183,0.841994
-179.6204,-6.4560,-84.0647,0.842242
-179.4869,-6.4303,-83.7164,0.842496
-179.3470,-6.4037,-83.3720,0.842743
-179.2037,-6.3768,-83.0309,0.842987
-179.0415,-6.3464,-82.6644,0.843248
-178.8842,-6.3178,-82.3332,0.843488
-178.7217,-6.2885,-82.0068,0.843726
-178.5520,-6.2589,-81.6856,0.843962
-178.3746,-6.2291,-81.3700,0.844196
-178.1879,-6.1983,-81.0612,0.844423
-177.9950,-6.1677,-80.7581,0.844652
-177.7945,-6.1368,-80.4618,0.844882
-177.5664,-6.1031,-80.1480,0.845125
-177.3500,-6.0723,-79.8676,0.845348
-177.1281,-6.0415,-79.5942,0.845571
-176.9005,-6.0117,-79.3298,0.845791
-176.6678,-5.9821,-79.0715,0.846009
-176.4304,-5.9523,-78.8209,0.846224
-176.1896,-5.9250,-78.5794,0.846436
-175.9446,-5.8974,-78.3433,0.846651
-175.6967,-5.8708,-78.1177,0.846865
-175.4436,-5.8464,-77.8967,0.847075
-175.1632,-5.8197,-77.6638,0.847303
-174.9052,-5.7984,-77.4606,0.847506
-174.6411,-5.7788,-77.2599,0.847712
-174.3721,-5.7585,-77.0660,0.847923
-174.1026,-5.7387,-76.8789,0.848129
-173.8273,-5.7204,-76.6944,0.848338
-173.5462,-5.7012,-76.5146,0.848547
-173.2626,-5.6819,-76.3397,0.848760
-172.9720,-5.6643,-76.1672,0.848978
-172.6475,-5.6440,-75.9839,0.849214
-172.3459,-5.6252,-75.8202,0.849430
-172.0357,-5.6077,-75.6591,0.849653
-171.7198,-5.5895,-75.4999,0.849875
-171.3984,-5.5710,-75.3443,0.850105
-171.0684,-5.5535,-75.1915,0.850340
-170.7322,-5.5354,-75.0410,0.850573
-170.3901,-5.5171,-74.8946,0.850814
-170.0069,-5.4976,-74.7389,0.851083
-169.6488,-5.4792,-74.5997,0.851325
-169.2844,-5.4608,-74.4653,0.851573
-168.9121,-5.4422,-74.3357,0.851827
-168.5335,-5.4233,-74.2110,0.852084
-168.1489,-5.4043,-74.0928,0.852350
-167.7581,-5.3849,-73.9802,0.852607
-167.3620,-5.3651,-73.8743,0.852874
-166.9596,-5.3450,-73.7755,0.853144
-166.5151,-5.3225,-73.6755,0.853436
-166.1038,-5.3016,-73.5858,0.853709
-165.6870,-5.2803,-73.5091,0.853983
-165.2653,-5.2584,-73.4404,0.854261
-164.8402,-5.2355,-73.3794,0.854546
-164.4109,-5.2123,-73.3267,0.854821
-163.9776,-5.1876,-73.2814,0.855112
-163.5412,-5.1624,-73.2447,0.855406
-163.1016,-5.1366,-73.2150,0.855712
-162.6575,-5.1099,-73.1945,0.856008
-162.1705,-5.0795,-73.1774,0.856352
-161.7197,-5.0514,-73.1689,0.856672
-161.2672,-5.0223,-73.1629,0.856995
-160.8111,-4.9934,-73.1603,0.857321
-160.3517,-4.9640,-73.1621,0.857654
-159.8915,-4.9349,-73.1715,0.857998
-159.4271,-4.9072,-73.1765,0.858337
-158.9614,-4.8800,-73.1829,0.858680
-158.4506,-4.8502,-73.1909,0.859057
-157.9814,-4.8232,-73.1973,0.859405
-157.5108,-4.7965,-73.2024,0.859757
-157.0397,-4.7698,-73.2052,0.860107
-156.5690,-4.7434,-73.2046,0.860459
-156.0988,-4.7172,-73.2007,0.860814
-155.6306,-4.6910,-73.1927,0.861164
-155.1642,-4.6649,-73.1736,0.861513
-154.7031,-4.6375,-73.1545,0.861862
-154.2036,-4.6080,-73.1287,0.862237
-153.7504,-4.5815,-73.0974,0.862578
-153.3000,-4.5562,-73.0619,0.862917
-152.8538,-4.5320,-73.0188,0.863253
-152.4131,-4.5116,-72.9723,0.863592
-151.9718,-4.4947,-72.9199,0.863923
-151.5355,-4.4802,-72.8635,0.864259
-151.1028,-4.4686,-72.8023,0.864589
-150.6721,-4.4613,-72.7368,0.864918
-150.1995,-4.4589,-72.6603,0.865278
-149.7613,-4.4588,-72.5849,0.865611
-149.3179,-4.4578,-72.5097,0.865946
-148.8724,-4.4535,-72.4212,0.866286
-148.4242,-4.4483,-72.3238,0.866628
-147.9762,-4.4416,-72.2178,0.866974
-147.5267,-4.4342,-72.1020,0.867322
-147.0794,-4.4255,-71.9776,0.867675
-146.6323,-4.4170,-71.8438,0.868028
-146.1412,-4.4055,-71.6863,0.868416
-145.6885,-4.3951,-71.5324,0.868777
-145.2315,-4.3845,-71.3693,0.869143
-144.7730,-4.3723,-71.1986,0.869512
-144.3127,-4.3601,-71.0195,0.869885
-143.8509,-4.3482,-70.8322,0.870260
-143.3866,-4.3353,-70.6366,0.870638
-142.9210,-4.3219,-70.4336,0.871018
-142.4527,-4.3085,-70.2226,0.871403
-141.9371,-4.2939,-69.9841,0.871828
-141.4569,-4.2773,-69.7568,0.872222
-140.9791,-4.2591,-69.5191,0.872621
-140.4930,-4.2412,-69.2789,0.873027
-140.0024,-4.2226,-69.0319,0.873438
-139.5070,-4.2035,-68.7777,0.873852
-139.0070,-4.1840,-68.5163,0.874271
-138.5017,-4.1641,-68.2472,0.874698
-137.9942,-4.1448,-67.9668,0.875127
-137.4327,-4.1236,-67.6570,0.875604
-136.9138,-4.1041,-67.3653,0.876045
-136.3910,-4.0846,-67.0659,0.876491
-135.8642,-4.0651,-66.7590,0.876943
-135.3334,-4.0458,-66.4448,0.877402
-134.7982,-4.0267,-66.1242,0.877865
-134.2580,-4.0077,-65.7981,0.878331
-133.7158,-3.9888,-65.4694,0.878803
-133.1747,-3.9700,-65.1404,0.879270
-132.5809,-3.9492,-64.7789,0.879780
-132.0303,-3.9307,-64.4495,0.880254
-131.4814,-3.9126,-64.1171,0.880724
-130.9311,-3.8945,-63.7853,0.881196
-130.3758,-3.8761,-63.4527,0.881668
-129.8199,-3.8577,-63.1220,0.882141
-129.2635,-3.8392,-62.7938,0.882619
-128.7027,-3.8205,-62.4660,0.883095
-128.1409,-3.8017,-62.1406,0.883565
-127.5250,-3.7814,-61.7944,0.884086
-126.9581,-3.7636,-61.4740,0.884560
-126.3906,-3.7456,-61.1565,0.885032
-125.8228,-3.7276,-60.8421,0.885510
-125.2513,-3.7093,-60.5289,0.885982
-124.6799,-3.6910,-60.2182,0.886460
-124.1087,-3.6725,-59.9099,0.886934
-123.5352,-3.6540,-59.6022,0.887411
-122.9629,-3.6354,-59.2960,0.887883
-122.3391,-3.6152,-58.9633,0.888400
-121.7656,-3.5965,-58.6579,0.888876
-121.1939,-3.5779,-58.3539,0.889351
-120.6220,-3.5592,-58.0503,0.889829
-120.0480,-3.5404,-57.7462,0.890310
-119.4756,-3.5217,-57.4434,0.890780
-118.9028,-3.5029,-57.1411,0.891254
-118.3284,-3.4841,-56.8383,0.891729
-117.7559,-3.4653,-56.5367,0.892201
-117.1303,-3.4447,-56.2077,0.892724
-116.5554,-3.4258,-55.9056,0.893199
-115.9824,-3.4070,-55.6047,0.893673
-115.4085,-3.3881,-55.3034,0.894150
-114.8341,-3.3691,-55.0015,0.894626
-114.2620,-3.3503,-54.7005,0.895098
-113.6888,-3.3314,-54.3986,0.895578
-113.1151,-3.3125,-54.0958,0.896057
-112.5436,-3.2937,-53.7936,0.896534
-111.9189,-3.2731,-53.4629,0.897053
-111.3462,-3.2542,-53.1596,0.897530
-110.7750,-3.2354,-52.8573,0.898010
-110.2016,-3.2165,-52.5541,0.898487
-109.6278,-3.1976,-52.2509,0.898966
-109.0556,-3.1786,-51.9490,0.899442
-108.4839,-3.1597,-51.6409,0.899919
-107.9096,-3.1402,-51.3380,0.900398
-107.3372,-3.1207,-51.0361,0.900873
-106.7109,-3.0993,-50.7057,0.901396
-106.1375,-3.0798,-50.4031,0.901874
-105.5652,-3.0603,-50.1013,0.902348
-104.9905,-3.0407,-49.7987,0.902825
-104.4163,-3.0212,-49.4965,0.903301
-103.8433,-3.0017,-49.1955,0.903775
-103.2679,-2.9821,-48.8936,0.904249
-102.6931,-2.9625,-48.5923,0.904729
-102.1196,-2.9429,-48.2919,0.905206
-101.4917,-2.9212,-47.9632,0.905725
-100.9178,-2.9009,-47.6626,0.906202
-100.3447,-2.8803,-47.3621,0.906678
-99.7697,-2.8592,-47.0600,0.907155
-99.1967,-2.8379,-46.7581,0.907628
-98.6253,-2.8163,-46.4559,0.908104
-98.0524,-2.7942,-46.1520,0.908582
-97.4815,-2.7719,-45.8483,0.909055
-96.9112,-2.7493,-45.5445,0.909531
-96.2870,-2.7244,-45.2117,0.910050
-95.7165,-2.7016,-44.9074,0.910524
-95.1457,-2.6787,-44.6029,0.911001
-94.5732,-2.6556,-44.2974,0.911474
-94.0024,-2.6324,-43.9928,0.911951
-93.4317,-2.6091,-43.6880,0.912426
-92.8595,-2.5856,-43.3820,0.912907
-92.2891,-2.5620,-43.0767,0.913383
-91.7188,-2.5384,-42.7713,0.913859
-91.0947,-2.5125,-42.4370,0.914383
-90.5247,-2.4887,-42.1315,0.914859
-89.9541,-2.4648,-41.8258,0.915337
-89.3821,-2.4408,-41.5193,0.915812
-88.8120,-2.4168,-41.2137,0.916286
-88.2414,-2.3927,-40.9079,0.916761
-87.6694,-2.3686,-40.6012,0.917242
-87.0994,-2.3444,-40.2956,0.917714
-86.5288,-2.3202,-39.9898,0.918196
-85.9049,-2.2937,-39.6553,0.918716
-85.3349,-2.2695,-39.3499,0.919191
-84.7640,-2.2453,-39.0440,0.919667
-84.1921,-2.2210,-38.7375,0.920147
-83.6218,-2.1962,-38.4319,0.920618
-83.0509,-2.1709,-38.1259,0.921091
-82.4792,-2.1452,-37.8193,0.921576
-81.9097,-2.1198,-37.5136,0.922049
-81.3394,-2.0945,-37.2074,0.922524
-80.7161,-2.0670,-36.8726,0.923042
-80.1470,-2.0421,-36.5668,0.923517
-79.5767,-2.0174,-36.2602,0.923995
-79.0057,-1.9929,-35.9531,0.924474
-78.4369,-1.9687,-35.6469,0.924950
-77.8668,-1.9447,-35.3399,0.925425
-77.2961,-1.9208,-35.0324,0.925901
-76.7274,-1.8973,-34.7259,0.926395
-76.1575,-1.8740,-34.4186,0.926859
-75.5351,-1.8488,-34.0829,0.927382
-74.9665,-1.8261,-33.7764,0.927857
-74.3959,-1.8035,-33.4692,0.928336
-73.8249,-1.7812,-33.1620,0.928814
-73.2555,-1.7592,-32.8563,0.929289
-72.6841,-1.7375,-32.5499,0.929759
-72.1123,-1.7160,-32.2436,0.930240
-71.5424,-1.6947,-31.9384,0.930714
-70.9711,-1.6739,-31.6324,0.931193
-70.3476,-1.6514,-31.2984,0.931715
-69.7778,-1.6310,-30.9931,0.932191
-69.2064,-1.6110,-30.6870,0.932668
-68.6349,-1.5912,-30.3809,0.933141
-68.0649,-1.5718,-30.0758,0.933619
-67.4929,-1.5526,-29.7702,0.934094
-66.9203,-1.5336,-29.4648,0.934572
-66.3492,-1.5151,-29.1611,0.935048
-65.7752,-1.4966,-28.8573,0.935523
-65.1484,-1.4769,-28.5270,0.936047
-64.5716,-1.4583,-28.2315,0.936523
-63.9942,-1.4399,-27.9314,0.936999
-63.4166,-1.4218,-27.6331,0.937478
-62.8394,-1.4041,-27.3368,0.937950
-62.2608,-1.3882,-27.0414,0.938428
-61.6808,-1.3735,-26.7466,0.938906
-61.1022,-1.3591,-26.4539,0.939382
-60.5206,-1.3448,-26.1616,0.939860
-59.8855,-1.3294,-25.8450,0.940378
-59.3058,-1.3153,-25.5519,0.940856
-58.7210,-1.3011,-25.2648,0.941336
-58.1357,-1.2870,-24.9793,0.941813
-57.5512,-1.2732,-24.6962,0.942290
-56.9639,-1.2594,-24.4135,0.942768
-56.3774,-1.2461,-24.1325,0.943247
-55.7915,-1.2328,-23.8529,0.943723
-55.2036,-1.2197,-23.5729,0.944198
-54.5635,-1.2057,-23.2683,0.944719
-53.9780,-1.1931,-22.9896,0.945199
-53.3908,-1.1807,-22.7101,0.945678
-52.8055,-1.1685,-22.4314,0.946154
-52.2204,-1.1565,-22.1528,0.946630
-51.6334,-1.1446,-21.8733,0.947109
-51.0479,-1.1330,-21.5943,0.947586
-50.4629,-1.1215,-21.3154,0.948061
-49.8764,-1.1103,-21.0354,0.948545
-49.2390,-1.0981,-20.7304,0.949066
-48.6545,-1.0873,-20.4500,0.949543
-48.0691,-1.0766,-20.1687,0.950026
-47.4857,-1.0657,-19.8878,0.950503
-46.9017,-1.0548,-19.6062,0.950980
-46.3166,-1.0440,-19.3235,0.951460
-45.7334,-1.0334,-19.0414,0.951938
-45.1491,-1.0229,-18.7588,0.952420
-44.5639,-1.0126,-18.4760,0.952901
-43.9273,-1.0014,-18.1687,0.953423
-43.3418,-0.9913,-17.8866,0.953903
-42.7558,-0.9812,-17.6051,0.954377
-42.1711,-0.9713,-17.3248,0.954855
-41.5845,-0.9615,-17.0442,0.955336
-40.9982,-0.9518,-16.7637,0.955815
-40.4137,-0.9421,-16.4840,0.956291
-39.8275,-0.9326,-16.2031,0.956771
-39.2423,-0.9232,-15.9224,0.957250
-38.6055,-0.9130,-15.6165,0.957772
-38.0196,-0.9037,-15.3347,0.958249
-37.4349,-0.8945,-15.0530,0.958732
-36.8513,-0.8855,-14.7717,0.959211
-36.2631,-0.8760,-14.4944,0.959689
-35.6787,-0.8667,-14.2125,0.960172
-35.0949,-0.8576,-13.9310,0.960648
-34.5093,-0.8484,-13.6484,0.961129
-33.9252,-0.8394,-13.3664,0.961606
-33.2881,-0.8297,-13.0588,0.962131
-32.7028,-0.8208,-12.7761,0.962610
-32.1195,-0.8119,-12.4941,0.963091
-31.5356,-0.8032,-12.2116,0.963568
-30.9508,-0.7945,-11.9284,0.964048
-30.3679,-0.7859,-11.6460,0.964528
-29.7840,-0.7773,-11.3630,0.965007
-29.1988,-0.7688,-11.0793,0.965486
-28.6154,-0.7603,-10.7965,0.965964
-27.9778,-0.7511,-10.4875,0.966490
-27.3929,-0.7427,-10.2038,0.966970
-26.8097,-0.7344,-9.9210,0.967447
-26.2251,-0.7262,-9.6374,0.967929
-25.6404,-0.7179,-9.3535,0.968408
-25.0576,-0.7098,-9.0705,0.968890
-24.4730,-0.7017,-8.7865,0.969371
-23.8890,-0.6936,-8.5023,0.969853
-23.3065,-0.6856,-8.2187,0.970333
-22.6690,-0.6769,-7.9083,0.970856
-22.0855,-0.6690,-7.6239,0.971333
-21.5030,-0.6611,-7.3399,0.971811
-20.9185,-0.6533,-7.0549,0.972291
-20.3353,-0.6455,-6.7703,0.972770
-19.7528,-0.6378,-6.4861,0.973250
-19.1686,-0.6300,-6.2007,0.973729
-18.5857,-0.6224,-5.9161,0.974206
-18.0032,-0.6148,-5.6316,0.974684
-17.3658,-0.6064,-5.3204,0.975205
-16.7834,-0.5989,-5.0359,0.975683
-16.2004,-0.5914,-4.7512,0.976158
-15.6159,-0.5839,-4.4655,0.976638
-15.0333,-0.5764,-4.1805,0.977113
-14.4505,-0.5690,-3.8949,0.977591
-13.8669,-0.5617,-3.6083,0.978068
-13.2856,-0.5544,-3.3221,0.978544
-12.6508,-0.5465,-3.0087,0.979063
-12.0687,-0.5394,-2.7205,0.979541
-11.4887,-0.5323,-2.4327,0.980017
-10.9074,-0.5252,-2.1435,0.980494
-10.3263,-0.5182,-1.8539,0.980971
-9.7471,-0.5113,-1.5646,0.981447
-9.1663,-0.5043,-1.2740,0.981924
-8.5860,-0.4975,-0.9830,0.982401
-8.0075,-0.4907,-0.6923,0.982878
-7.4273,-0.4839,-0.4002,0.983354
-6.7951,-0.4766,-0.0815,0.983875
-6.2167,-0.4699,0.2101,0.984352
-5.6361,-0.4632,0.5029,0.984829
-5.0568,-0.4566,0.7951,0.985307
-4.4779,-0.4499,1.0870,0.985782
-3.8972,-0.4433,1.3798,0.986259
-3.3178,-0.4368,1.6720,0.986737
-2.7387,-0.4302,1.9640,0.987214
-2.1579,-0.4237,2.2568,0.987692
-1.5260,-0.4166,2.5752,0.988212
-0.9463,-0.4101,2.8672,0.988691
-0.3653,-0.4037,3.1596,0.989168
0.2138,-0.3972,3.4511,0.989645
0.7939,-0.3908,3.7429,0.990123
1.3747,-0.3844,4.0352,0.990601
1.9535,-0.3780,4.3267,0.991079
2.5335,-0.3717,4.6188,0.991558
3.1667,-0.3648,4.9377,0.992080
3.7452,-0.3585,5.2292,0.992558
4.3256,-0.3523,5.5216,0.993037
4.9057,-0.3460,5.8139,0.993517
5.4842,-0.3398,6.1054,0.993995
6.0647,-0.3336,6.3979,0.994474
6.6446,-0.3274,6.6902,0.994952
7.2232,-0.3213,6.9818,0.995430
7.8038,-0.3151,7.2744,0.995910
8.4360,-0.3085,7.5932,0.996429
9.0148,-0.3024,7.8850,0.996911
9.5955,-0.2963,8.1777,0.997388
10.1747,-0.2903,8.4697,0.997866
10.7537,-0.2843,8.7616,0.998342
11.3343,-0.2783,9.0544,0.998821
11.9133,-0.2723,9.3464,0.999293
12.4925,-0.2663,9.6385,0.999764
