30.707965850830078,0.27276182174682617,112.56197357177734,0.0,0
29.294782638549805,0.27267566323280334,113.33379364013672,1.610223650932312,1
27.89384651184082,0.2725899815559387,114.11026763916016,3.211958169937134,2
26.510953903198242,0.272506445646286,114.88461303710938,4.796898365020752,3
25.148513793945312,0.27242618799209595,115.65201568603516,6.360599040985107,4
23.80536460876465,0.2723502814769745,116.41012573242188,7.902936935424805,5
22.47764015197754,0.27227896451950073,117.15878295898438,9.427201271057129,6
21.160144805908203,0.27221229672431946,117.89933776855469,10.938566207885742,7
19.847749710083008,0.27214962244033813,118.63394927978516,12.442584991455078,8
18.53639793395996,0.27209100127220154,119.36470794677734,13.943812370300293,9
17.22345542907715,0.27203547954559326,120.09355926513672,15.445502281188965,10
15.907642364501953,0.27198249101638794,120.82186889648438,16.949440002441406,11
14.58864974975586,0.27193158864974976,121.55055236816406,18.456344604492188,12
13.26673698425293,0.2718820869922638,122.28022003173828,19.96628189086914,13
11.942424774169922,0.2718338072299957,123.0112533569336,21.478984832763672,14
10.616320610046387,0.2717864513397217,123.7437515258789,22.993959426879883,15
9.289093017578125,0.27173975110054016,124.47772216796875,24.51062774658203,16
7.961503028869629,0.2716935873031616,125.21294403076172,26.028217315673828,17
6.634504795074463,0.27164798974990845,125.9489974975586,27.54569435119629,18
5.309345722198486,0.27160289883613586,126.68527221679688,29.061676025390625,19
3.987663745880127,0.2715584337711334,127.4208984375,30.574298858642578,20
2.6715333461761475,0.27151456475257874,128.15472412109375,32.08120346069336,21
1.3634060621261597,0.2714715301990509,128.8854217529297,33.5796012878418,22
0.06586319208145142,0.2714293599128723,129.611572265625,35.06653594970703,23
-1.218930721282959,0.2713880240917206,130.33203125,36.5395622253418,24
-5.089054107666016,0.27126258611679077,132.52113342285156,40.985897064208984,25
-6.399869918823242,0.2712271511554718,133.27590942382812,42.4985237121582,26
-7.708462238311768,0.27120187878608704,134.0386199951172,44.0131950378418,27
-9.014141082763672,0.2711811363697052,134.810302734375,45.529903411865234,28
-10.316516876220703,0.2711554765701294,135.5914764404297,47.04861831665039,29
-11.615701675415039,0.2711189389228821,136.3818817138672,48.569366455078125,30
-12.912408828735352,0.27107036113739014,137.1803436279297,50.09222412109375,31
-14.207878112792969,0.2710144519805908,137.9848175048828,51.61717987060547,32
-15.503595352172852,0.2709595561027527,138.7928924560547,53.14424514770508,33
-16.800899505615234,0.270914226770401,139.6023406982422,54.673377990722656,34
-18.100749969482422,0.27088603377342224,140.41159057617188,56.2045783996582,35
-19.403831481933594,0.2708677649497986,141.21946716308594,57.73780059814453,36
-20.710506439208984,0.27084267139434814,142.02536010742188,59.27302551269531,37
-22.02068328857422,0.27080240845680237,142.82940673828125,60.810272216796875,38
-23.3339900970459,0.27075129747390747,143.6322021484375,62.349544525146484,39
-24.650026321411133,0.27069899439811707,144.43431091308594,63.890785217285156,40
-25.968534469604492,0.2706545293331146,145.23617553710938,65.43400573730469,41
-27.289710998535156,0.27062007784843445,146.03736877441406,66.97915649414062,42
-28.614301681518555,0.2705911099910736,146.83651733398438,68.52616882324219,43
-29.943288803100586,0.27056658267974854,147.6316375732422,70.07489013671875,44
-31.270414352416992,0.2705232501029968,148.41629028320312,71.61666107177734,45
-32.5764274597168,0.27046677470207214,149.17724609375,73.12821960449219,46
-33.93592834472656,0.27051642537117004,149.95535278320312,74.69467163085938,47
-35.26077651977539,0.27103134989738464,150.69801330566406,76.21350860595703,48
-36.6334114074707,0.27232566475868225,151.44952392578125,77.77845001220703,49
-37.97283172607422,0.2740853428840637,152.16175842285156,79.29550170898438,50
-39.3532600402832,0.27550622820854187,152.8694610595703,80.84681701660156,51
-40.70102310180664,0.2759648561477661,153.52880859375,82.3472900390625,52
-42.094993591308594,0.27585718035697937,154.17462158203125,83.8836669921875,53
-43.529823303222656,0.27613773941993713,154.80120849609375,85.44940948486328,54
-44.93052291870117,0.27700185775756836,155.3773651123047,86.96403503417969,55
-46.361297607421875,0.2776753008365631,155.93179321289062,88.49854278564453,56
-47.8243408203125,0.27792713046073914,156.4578399658203,90.05337524414062,57
-49.27960205078125,0.2784609794616699,156.92984008789062,91.5833740234375,58
-50.74306106567383,0.27915334701538086,157.3480987548828,93.1055679321289,59
-52.21131896972656,0.2790505290031433,157.7069091796875,94.6171875,60
-53.745723724365234,0.2783685624599457,158.01095581054688,96.18161010742188,61
-55.27423095703125,0.2785879373550415,158.23382568359375,97.72651672363281,62
-56.794097900390625,0.2796728312969208,158.36875915527344,99.25261688232422,63
-58.30196762084961,0.28022003173828125,158.41213989257812,100.76142120361328,64
-59.85625457763672,0.2799527645111084,158.35818481445312,102.31697082519531,65
-61.384315490722656,0.279829740524292,158.20274353027344,103.85325622558594,66
-62.8846321105957,0.28029415011405945,157.9471893310547,105.37551879882812,67
-64.35964965820312,0.2806779444217682,157.59434509277344,106.89249420166016,68
-65.80591583251953,0.28055351972579956,157.1456298828125,108.4071044921875,69
-67.2148666381836,0.2802787721157074,156.60194396972656,109.91765594482422,70
-68.5774154663086,0.2802267074584961,155.96737670898438,111.42106628417969,71
-69.93775177001953,0.2803674340248108,155.2164306640625,112.97525024414062,72
-71.2294921875,0.28046172857284546,154.38137817382812,114.51376342773438,73
-72.44947814941406,0.280499666929245,153.46673583984375,116.03887939453125,74
-73.59797668457031,0.28057238459587097,152.4751739501953,117.5565185546875,75
-74.67079162597656,0.2805662155151367,151.4133758544922,119.0662841796875,76
-75.7002944946289,0.28047046065330505,150.24342346191406,120.62504577636719,77
-76.63642120361328,0.2805422842502594,149.0146026611328,122.17018127441406,78
-77.47294616699219,0.28077608346939087,147.73574829101562,123.69869995117188,79
-78.20683288574219,0.28097671270370483,146.41207885742188,125.21256256103516,80
-78.83662414550781,0.2810913622379303,145.0463104248047,126.71693420410156,81
-79.37598419189453,0.28106987476348877,143.59339904785156,128.26712036132812,82
-79.7939453125,0.2809907793998718,142.120361328125,129.79872131347656,83
-80.09041595458984,0.28124311566352844,140.63360595703125,131.31515502929688,84
-80.26744842529297,0.2816080152988434,139.13116455078125,132.82838439941406,85
-80.3256607055664,0.2815333306789398,137.6147003173828,134.3463592529297,86
-80.26407623291016,0.28122544288635254,136.09088134765625,135.87181091308594,87
-80.08193969726562,0.28118717670440674,134.56845092773438,137.40550231933594,88
-79.78028869628906,0.2813011109828949,133.0547637939453,138.94932556152344,89
-79.36138153076172,0.2811875641345978,131.5579071044922,140.50404357910156,90
-78.84917449951172,0.2809763252735138,130.14126586914062,142.01077270507812,91
-78.2333755493164,0.2809005379676819,128.7565155029297,143.52658081054688,92
-77.51810455322266,0.28090259432792664,127.40775299072266,145.05355834960938,93
-76.70911407470703,0.2807936370372772,126.09420776367188,146.59645080566406,94
-75.85101318359375,0.2805362939834595,124.85797119140625,148.10147094726562,95
-74.92416381835938,0.28018903732299805,123.64154815673828,149.630859375,96
-73.94222259521484,0.2798205614089966,122.43771362304688,151.18441772460938,97
-72.96903228759766,0.27949053049087524,121.27920532226562,152.69744873046875,98
-71.99026489257812,0.27932438254356384,120.10023498535156,154.22976684570312,99
-71.0285873413086,0.27935710549354553,118.88636016845703,155.77847290039062,100
-70.105224609375,0.2794082462787628,117.62727355957031,157.33995056152344,101
-69.26982879638672,0.2794409394264221,116.37358856201172,158.84661865234375,102
-68.49252319335938,0.2795284688472748,115.07159423828125,160.3631591796875,103
-67.78142547607422,0.27959969639778137,113.72166442871094,161.8891143798828,104
-67.14193725585938,0.2795588970184326,112.32601928710938,163.4244842529297,105
-66.57624816894531,0.27944478392601013,110.88731384277344,164.97059631347656,106
-66.08637237548828,0.27935805916786194,109.4090347290039,166.52810668945312,107
-65.6906967163086,0.2792883515357971,107.961669921875,168.02874755859375,108
-65.36510467529297,0.27914348244667053,106.48490142822266,169.54112243652344,109
-65.10784912109375,0.2789369821548462,104.98184967041016,171.066162109375,110
-64.91981506347656,0.2787717878818512,103.45684051513672,172.60284423828125,111
-64.80118560791016,0.2786552906036377,101.9146499633789,174.14971923828125,112
-64.75106048583984,0.2785568833351135,100.35871887207031,175.70657348632812,113
-64.770751953125,0.2785171568393707,98.79249572753906,177.27304077148438,114
-64.85731506347656,0.27852457761764526,97.29175567626953,178.77639770507812,115
-65.01232147216797,0.27850478887557983,95.78907012939453,180.2871856689453,116
-65.23717498779297,0.27843785285949707,94.28759002685547,181.8055419921875,117
-65.53113555908203,0.2783645689487457,92.78929138183594,183.33253479003906,118
-65.89096069335938,0.27827519178390503,91.2948226928711,184.8698272705078,119
-66.31208038330078,0.2781062126159668,89.80400085449219,186.4190673828125,120
-66.78882598876953,0.27784350514411926,88.31622314453125,187.98141479492188,121
-67.28659057617188,0.2775527834892273,86.90058135986328,189.4820556640625,122
-67.81761932373047,0.2772936522960663,85.48422241210938,190.9947052001953,123
-68.37654876708984,0.27713844180107117,84.06688690185547,192.51829528808594,124
-68.96402740478516,0.27707844972610474,82.6505355834961,194.0516815185547,125
-69.58279418945312,0.2770494222640991,81.23750305175781,195.5942840576172,126
-70.23576354980469,0.27701666951179504,79.82978820800781,197.14610290527344,127
-70.9256591796875,0.27695518732070923,78.42935180664062,198.70729064941406,128
-71.65373229980469,0.2791299819946289,77.03795623779297,200.27769470214844,129
-72.37847900390625,0.28323259949684143,75.72320556640625,201.7790069580078,130
-73.12531280517578,0.2778816223144531,74.41108703613281,203.28880310058594,131
-73.88602447509766,0.2689489424228668,73.10396575927734,204.80120849609375,132
-74.66846466064453,0.2742672860622406,71.79379272460938,206.32725524902344,133
-75.46881103515625,0.2797466814517975,70.48019409179688,207.86549377441406,134
-76.278076171875,0.2786389887332916,69.16263580322266,209.4117431640625,135
-77.08741760253906,0.274608314037323,67.8452377319336,210.95790100097656,136
-77.89107513427734,0.27339157462120056,66.53214263916016,212.49742126464844,137
-78.68745422363281,0.27537015080451965,65.22149658203125,214.03106689453125,138
-79.48027801513672,0.2773120105266571,63.90485382080078,215.5679931640625,139
-80.27228546142578,0.2772856652736664,62.57527542114258,217.1156005859375,140
-81.06133270263672,0.27608323097229004,61.23236083984375,218.6731719970703,141
-81.84412384033203,0.27523043751716614,59.87611770629883,220.23912048339844,142
-82.61787414550781,0.2752481997013092,58.50591278076172,221.81271362304688,143
-83.37995910644531,0.2756994366645813,57.12062072753906,223.393798828125,144
-84.08892822265625,0.275972843170166,55.79298400878906,224.8988800048828,145
-84.78404235839844,0.2758862376213074,54.44981002807617,226.41127014160156,146
-85.46540832519531,0.27556338906288147,53.09138870239258,227.93101501464844,147
-86.13346862792969,0.2752459645271301,51.71847152709961,229.45785522460938,148
-86.78893280029297,0.2751076817512512,50.331939697265625,230.9915313720703,149
-87.4324722290039,0.2751462757587433,48.93241500854492,232.5319366455078,150
-88.06396484375,0.2752055823802948,47.52007293701172,234.0790252685547,151
-88.68207550048828,0.2751530408859253,46.094635009765625,235.6327362060547,152
-89.28462982177734,0.27500009536743164,44.65570831298828,237.1927490234375,153
-89.86839294433594,0.2748565077781677,43.20271301269531,238.75865173339844,154
-90.42914581298828,0.27481070160865784,41.73493576049805,240.32992553710938,155
-90.96253967285156,0.27485477924346924,40.25178527832031,241.90609741210938,156
-91.46448516845703,0.27491265535354614,38.75290298461914,243.48683166503906,157
-91.93119812011719,0.2749215364456177,37.23823547363281,245.0718231201172,158
-92.33702087402344,0.274883508682251,35.793575286865234,246.5724639892578,159
-92.70700073242188,0.2748340666294098,34.335792541503906,248.07650756835938,160
-93.03958892822266,0.2747999429702759,32.865657806396484,249.58384704589844,161
-93.33346557617188,0.2747831642627716,31.38413429260254,251.0942840576172,162
-93.58759307861328,0.2747693359851837,29.892253875732422,252.6077117919922,163
-93.80127716064453,0.27474409341812134,28.39109992980957,254.12405395507812,164
-93.97380065917969,0.2747056186199188,26.881797790527344,255.6432342529297,165
-94.10433197021484,0.274665892124176,25.365589141845703,257.16510009765625,166
-94.1916732788086,0.27463993430137634,23.84393310546875,258.6893310546875,167
-94.234375,0.27463406324386597,22.318452835083008,260.2154846191406,168
-94.23112487792969,0.27464333176612854,20.790807723999023,261.7431945800781,169
-94.18087768554688,0.27465954422950745,19.262615203857422,263.27227783203125,170
-94.08255004882812,0.27467671036720276,17.735618591308594,264.8025207519531,171
-93.93563079833984,0.274554580450058,16.21913719177246,266.326171875,172
-93.73999786376953,0.27441853284835815,14.719256401062012,267.8388366699219,173
-93.4954605102539,0.27453315258026123,13.236188888549805,269.3420104980469,174
-93.20032501220703,0.2750949561595917,11.760245323181152,270.8472595214844,175
-92.85289764404297,0.27567505836486816,10.292337417602539,272.3558044433594,176
-92.4529037475586,0.2758062481880188,8.837690353393555,273.8645324707031,177
-92.00096130371094,0.27539578080177307,7.398758888244629,275.37286376953125,178
-91.49767303466797,0.2748315632343292,5.977454662322998,276.8807373046875,179
-90.9438247680664,0.2746433913707733,4.575597286224365,278.38812255859375,180
-90.34054565429688,0.274951696395874,3.1944732666015625,279.89532470703125,181
-89.68919372558594,0.2753763496875763,1.8350006341934204,281.4028625488281,182
-88.99092102050781,0.27549561858177185,0.4982649087905884,282.91107177734375,183
-88.24686431884766,0.2752505838871002,-0.814434289932251,284.4200439453125,184
-87.45843505859375,0.27491143345832825,-2.101924419403076,285.9298400878906,185
-86.62740325927734,0.2747610807418823,-3.3635926246643066,287.440673828125,186
-85.75587463378906,0.2748313546180725,-4.599574089050293,288.9530944824219,187
-84.84614562988281,0.27493953704833984,-5.810489654541016,290.46771240234375,188
-83.90084075927734,0.27491042017936707,-6.9975080490112305,291.9851989746094,189
-82.92354583740234,0.2747121751308441,-8.163026809692383,293.5062561035156,190
-81.91920471191406,0.27442705631256104,-9.31099796295166,295.0315856933594,191
-80.89407348632812,0.27416157722473145,-10.446741104125977,296.5615539550781,192
-79.85485076904297,0.2739796042442322,-11.576065063476562,298.0962829589844,193
-78.80809020996094,0.2738846242427826,-12.70465087890625,299.63555908203125,194
-77.75984954833984,0.27384382486343384,-13.837369918823242,301.17889404296875,195
-76.72441101074219,0.2737613320350647,-14.967927932739258,302.71197509765625,196
-75.66799926757812,0.273559033870697,-16.141551971435547,304.291015625,197
-74.65978240966797,0.27364596724510193,-17.29073715209961,305.8197937011719,198
-73.64851379394531,0.27463990449905396,-18.48231315612793,307.3826599121094,199
-72.69414520263672,0.2763088047504425,-19.654932022094727,308.89459228515625,200
-71.75642395019531,0.27769869565963745,-20.870410919189453,310.4298095703125,201
-70.84725952148438,0.2780061364173889,-22.134641647338867,311.9870910644531,202
-70.01214599609375,0.2778934836387634,-23.399709701538086,313.5030517578125,203
-69.21831512451172,0.27839288115501404,-24.727834701538086,315.05047607421875,204
-68.50647735595703,0.2791297137737274,-26.063005447387695,316.563720703125,205
-67.8453598022461,0.2793233096599579,-27.474597930908203,318.1226501464844,206
-67.26454162597656,0.2792227566242218,-28.910991668701172,319.6722106933594,207
-66.75762176513672,0.2791820466518402,-30.375843048095703,321.2224426269531,208
-66.31558990478516,0.2789674997329712,-31.864727020263672,322.7756652832031,209
-65.93401336669922,0.2786332368850708,-33.36967468261719,324.3283386230469,210
-65.61910247802734,0.2785836458206177,-34.88064193725586,325.8719177246094,211
-65.38270568847656,0.27887794375419617,-36.38399887084961,327.3939208984375,212
-65.2288818359375,0.2793952226638794,-37.937522888183594,328.95526123046875,213
-65.1751480102539,0.27997323870658875,-39.474388122558594,330.49334716796875,214
-65.22305297851562,0.2803603708744049,-40.9928092956543,332.0128173828125,215
-65.37223052978516,0.28045302629470825,-42.492916107177734,333.5206298828125,216
-65.63375091552734,0.28040599822998047,-44.02848815917969,335.07861328125,217
-65.9997329711914,0.2804405391216278,-45.52531433105469,336.6198425292969,218
-66.46577453613281,0.28064534068107605,-46.9741096496582,338.1420593261719,219
-67.0280990600586,0.28092724084854126,-48.36989974975586,339.647216796875,220
-67.7115707397461,0.2810962498188019,-49.7619514465332,341.1983337402344,221
-68.49259185791016,0.2811124622821808,-51.088661193847656,342.73822021484375,222
-69.36683654785156,0.2811167538166046,-52.34446716308594,344.26873779296875,223
-70.3272476196289,0.2811570167541504,-53.52558898925781,345.7913818359375,224
-71.36572265625,0.281174898147583,-54.63365173339844,347.310302734375,225
-72.47493743896484,0.2811048924922943,-55.67197036743164,348.8299255371094,226
-73.6543960571289,0.2810075879096985,-56.637779235839844,350.3546447753906,227
-74.90836334228516,0.2809293568134308,-57.52839279174805,351.8929748535156,228
-76.18753814697266,0.28072354197502136,-58.31386184692383,353.3943176269531,229
-77.53250122070312,0.2802583873271942,-59.035499572753906,354.9208068847656,230
-78.92708587646484,0.2796943187713623,-59.705970764160156,356.4682922363281,231
-80.30310821533203,0.27953076362609863,-60.30757141113281,357.97015380859375,232
-81.7146987915039,0.2797761559486389,-60.86100769042969,359.4864501953125,233
-83.16299438476562,0.27993515133857727,-61.35563278198242,361.01702880859375,234
-84.64781951904297,0.2797779142856598,-61.782657623291016,362.56219482421875,235
-86.16641235351562,0.27957090735435486,-62.1368293762207,364.1217041015625,236
-87.65039825439453,0.2795143723487854,-62.407039642333984,365.6302490234375,237
-89.15997314453125,0.2794647812843323,-62.61091613769531,367.1536560058594,238
-90.69253540039062,0.27929672598838806,-62.74993896484375,368.692626953125,239
-92.24525451660156,0.27905967831611633,-62.826820373535156,370.2473449707031,240
-93.74732971191406,0.2788552939891815,-62.84727478027344,371.7496337890625,241
-95.2645034790039,0.27870655059814453,-62.821693420410156,373.26708984375,242
-96.79523468017578,0.2785852551460266,-62.75333786010742,374.79937744140625,243
-98.33739471435547,0.2784471809864044,-62.642154693603516,376.3455810546875,244
-99.88848876953125,0.2783156633377075,-62.485572814941406,377.90460205078125,245
-101.44599914550781,0.27825021743774414,-62.2797966003418,379.4757080078125,246
-102.9366683959961,0.27823811769485474,-62.034095764160156,380.9865417480469,247
-104.42982482910156,0.2781948149204254,-61.738922119140625,382.5086364746094,248
-105.92560577392578,0.27805429697036743,-61.39705276489258,384.04302978515625,249
-107.42607116699219,0.2778274118900299,-61.017024993896484,385.5909118652344,250
-108.93521881103516,0.2775769829750061,-60.61451721191406,387.15283203125,251
-110.45750427246094,0.2773866653442383,-60.210933685302734,388.72772216796875,252
-111.92244720458984,0.2773599922657013,-59.84564971923828,390.237548828125,253
-113.40377044677734,0.27746012806892395,-59.513179779052734,391.7557678222656,254
-114.90203857421875,0.27754342555999756,-59.22188186645508,393.2821350097656,255
-116.41674041748047,0.2775307297706604,-58.977439880371094,394.8164978027344,256
-117.94638061523438,0.2774624228477478,-58.78395462036133,396.3583984375,257
-119.48876190185547,0.27739566564559937,-58.64478302001953,397.9071350097656,258
-121.04109954833984,0.2773471772670746,-58.563011169433594,399.4617004394531,259
-122.59193420410156,0.2771749496459961,-58.54257583618164,401.01275634765625,260
-124.12821197509766,0.27702412009239197,-58.587364196777344,402.5498046875,261
-125.64617156982422,0.27729079127311707,-58.70001220703125,404.07208251953125,262
-127.1458740234375,0.2779819667339325,-58.882659912109375,405.5830078125,263
-128.6974639892578,0.27850019931793213,-59.150596618652344,407.15771484375,264
-130.2186737060547,0.27844321727752686,-59.49557113647461,408.71771240234375,265
-131.70310974121094,0.2782033681869507,-59.915775299072266,410.2606506347656,266
-133.14573669433594,0.2783423662185669,-60.40904235839844,411.78546142578125,267
-134.54342651367188,0.2788415253162384,-60.97310256958008,413.2928771972656,268
-135.957275390625,0.27921539545059204,-61.63738250732422,414.8551940917969,269
-137.3176727294922,0.27922096848487854,-62.37392807006836,416.4023742675781,270
-138.6248779296875,0.27915680408477783,-63.18088150024414,417.93878173828125,271
-139.8803253173828,0.2792266607284546,-64.05625915527344,419.469482421875,272
-141.08477783203125,0.2792775332927704,-64.9971694946289,420.9980773925781,273
-142.2389678955078,0.2791556119918823,-66.00035858154297,422.5274658203125,274
-143.3445281982422,0.27892085909843445,-67.06150817871094,424.0600280761719,275
-144.40377807617188,0.27871760725975037,-68.17469787597656,425.5968017578125,276
-145.41783142089844,0.2786480188369751,-69.33495330810547,427.13787841796875,277
-146.3834686279297,0.2787051796913147,-70.53983306884766,428.6820983886719,278
-147.2945098876953,0.27881452441215515,-71.78871154785156,430.2281188964844,279
-148.14547729492188,0.2789236903190613,-73.08190155029297,431.7763671875,280
-148.93264770507812,0.2790117859840393,-74.41968536376953,433.3287353515625,281
-149.6526641845703,0.27905893325805664,-75.80140686035156,434.8869934082031,282
-150.30352783203125,0.27901503443717957,-77.22522735595703,436.45269775390625,283
-150.86203002929688,0.278851717710495,-78.62098693847656,437.95623779296875,284
-151.36196899414062,0.27862927317619324,-80.04969787597656,439.47003173828125,285
-151.8037109375,0.278448224067688,-81.50855255126953,440.99444580078125,286
-152.18861389160156,0.2782941162586212,-82.99406433105469,442.5291442871094,287
-152.5187225341797,0.2781001329421997,-84.5021743774414,444.0730895996094,288
-152.79330444335938,0.27795183658599854,-86.02903747558594,445.62457275390625,289
-153.0089874267578,0.2779778838157654,-87.571533203125,447.1822204589844,290
-153.16070556640625,0.2781260907649994,-89.12704467773438,448.7452697753906,291
-153.24330139160156,0.27823132276535034,-90.69267272949219,450.3132629394531,292
-153.2526092529297,0.2782372832298279,-92.26486206054688,451.88568115234375,293
-153.19073486328125,0.2782149016857147,-93.76443481445312,453.38671875,294
-153.0582733154297,0.2782103419303894,-95.26197052001953,454.8902893066406,295
-152.8544921875,0.2782159447669983,-96.75299072265625,456.3953552246094,296
-152.57928466796875,0.27822333574295044,-98.23346710205078,457.9013977050781,297
-152.23291015625,0.2782350182533264,-99.69960021972656,459.4080810546875,298
-151.81591796875,0.27824389934539795,-101.14752960205078,460.9150695800781,299
-151.32923889160156,0.2782413065433502,-102.57389068603516,462.4223937988281,300
-150.77395629882812,0.27822986245155334,-103.97602844238281,463.9306945800781,301
-150.15142822265625,0.27821120619773865,-105.3517074584961,465.4408874511719,302
-149.46347045898438,0.27817124128341675,-106.69908905029297,466.95391845703125,303
-148.7122039794922,0.27809402346611023,-108.01636505126953,468.4705505371094,304
-147.89938354492188,0.27799659967422485,-109.30083465576172,469.99078369140625,305
-147.02711486816406,0.27791357040405273,-110.54943084716797,471.5140686035156,306
-146.09776306152344,0.2778555452823639,-111.759765625,473.04022216796875,307
-145.11378479003906,0.27781617641448975,-112.9298324584961,474.5692138671875,308
-144.07736206054688,0.2777980864048004,-114.05720520019531,476.10076904296875,309
-142.99050903320312,0.27779844403266907,-115.13917541503906,477.634521484375,310
-141.85501098632812,0.2778015732765198,-116.17303466796875,479.17034912109375,311
-140.67251586914062,0.2778052091598511,-117.15615844726562,480.70831298828125,312
-139.4448699951172,0.2778184413909912,-118.08578491210938,482.2483825683594,313
-138.1744384765625,0.27783408761024475,-118.95890808105469,483.79010009765625,314
-136.86380004882812,0.2778356969356537,-119.77291870117188,485.3331298828125,315
-135.51565551757812,0.2778286933898926,-120.52540588378906,486.8772277832031,316
-134.13265991210938,0.27783510088920593,-121.21444702148438,488.42254638671875,317
-132.7171630859375,0.27785375714302063,-121.83875274658203,489.9697570800781,318
-131.27134704589844,0.2778545916080475,-122.3976058959961,491.5199890136719,319
-129.797607421875,0.27781346440315247,-122.8901138305664,493.0740051269531,320
-128.2988739013672,0.2777367830276489,-123.31536865234375,494.632080078125,321
-126.77814483642578,0.27764570713043213,-123.67293548583984,496.1944274902344,322
-125.23823547363281,0.27755916118621826,-123.96282196044922,497.76153564453125,323
-123.6821060180664,0.27748438715934753,-124.18511199951172,499.3336181640625,324
-122.1128921508789,0.27741095423698425,-124.3399658203125,500.91058349609375,325
-120.61284637451172,0.27733105421066284,-124.42488098144531,502.4131774902344,326
-119.1064224243164,0.2772499918937683,-124.44932556152344,503.919921875,327
-117.59619903564453,0.27719205617904663,-124.4134292602539,505.4306945800781,328
-116.08454132080078,0.2771646976470947,-124.31727600097656,506.9455261230469,329
-114.5734634399414,0.27714160084724426,-124.16134643554688,508.4647521972656,330
-113.06491088867188,0.2770934998989105,-123.94612121582031,509.9886779785156,331
-111.56131744384766,0.27702292799949646,-123.67156219482422,511.5172424316406,332
-110.06546783447266,0.27695244550704956,-123.33757781982422,513.050048828125,333
-108.5802001953125,0.27689680457115173,-122.94428253173828,514.5866088867188,334
-107.10797882080078,0.2768585681915283,-122.49212646484375,516.1268310546875,335
-105.65060424804688,0.2768315076828003,-121.98200225830078,517.6710205078125,336
-104.20933532714844,0.2767973244190216,-121.41526794433594,519.2197875976562,337
-102.78532409667969,0.2767314016819,-120.79341125488281,520.7737426757812,338
-101.37938690185547,0.2766202390193939,-120.11829376220703,522.3334350585938,339
-99.99189758300781,0.27647241950035095,-119.39241027832031,523.8994140625,340
-98.6229019165039,0.2763114869594574,-118.61861419677734,525.4720458984375,341
-97.2721176147461,0.276159405708313,-117.80016326904297,527.051513671875,342
-96.00870513916016,0.276029109954834,-116.98667907714844,528.55419921875,343
-94.76081848144531,0.27591264247894287,-116.13855743408203,530.0630493164062,344
-93.52855682373047,0.27581480145454407,-115.25745391845703,531.5779418945312,345
-92.3124771118164,0.27573949098587036,-114.34429931640625,533.0987548828125,346
-91.11343383789062,0.2756797671318054,-113.39956665039062,534.6253051757812,347
-89.93181610107422,0.2756178677082062,-112.4239730834961,536.1576538085938,348
-88.76612091064453,0.27552515268325806,-111.41976165771484,537.6962890625,349
-87.61282348632812,0.2753782272338867,-110.3909912109375,539.2417602539062,350
-86.4677505493164,0.27518755197525024,-109.3423843383789,540.79443359375,351
-85.32638549804688,0.27499476075172424,-108.27922058105469,542.354248046875,352
-84.1835708618164,0.2748343050479889,-107.20760345458984,543.9208984375,353
-83.0345230102539,0.2747260332107544,-106.13318634033203,545.4940185546875,354
-81.87606048583984,0.2746671736240387,-105.0596694946289,547.0734252929688,355
-80.7063980102539,0.2746298909187317,-103.9891357421875,548.6590576171875,356
-79.59059143066406,0.2745790481567383,-102.98193359375,550.1622314453125,357
-78.46358489990234,0.27449822425842285,-101.9791488647461,551.6707763671875,358
-77.32552337646484,0.2744012773036957,-100.9808349609375,553.1846313476562,359
-76.17713165283203,0.27431079745292664,-99.986328125,554.7037963867188,360
-75.01971435546875,0.2742351293563843,-98.99420928955078,556.2282104492188,361
-73.85503387451172,0.2741669714450836,-98.00247955322266,557.7579345703125,362
-72.68529510498047,0.2740952670574188,-97.00875091552734,559.2927856445312,363
-71.512451171875,0.27402129769325256,-96.01087951660156,560.8327026367188,364
-70.33790588378906,0.2739550769329071,-95.00736999511719,562.3775634765625,365
-69.16251373291016,0.27389463782310486,-93.99736022949219,563.9273071289062,366
-67.9883804321289,0.2737756371498108,-92.98201751708984,565.4795532226562,367
-66.82201385498047,0.27355116605758667,-91.96711730957031,567.025634765625,368
-65.66313171386719,0.27340033650398254,-90.95327758789062,568.5653686523438,369
-64.50528717041016,0.27365729212760925,-89.93571472167969,570.1068115234375,370
-63.34171676635742,0.27417075634002686,-88.90856170654297,571.6588745117188,371
-62.177608489990234,0.2743861973285675,-87.87516784667969,573.2155151367188,372
-61.014217376708984,0.27404069900512695,-86.8349838256836,574.776123046875,373
-59.85268020629883,0.2734094560146332,-85.78608703613281,576.3411865234375,374
-58.6954460144043,0.27307844161987305,-84.72685241699219,577.9099731445312,375
-57.54440689086914,0.27329617738723755,-83.65547943115234,579.4824829101562,376
-56.40093994140625,0.2737317681312561,-82.57049560546875,581.0587768554688,377
-55.26586151123047,0.2739063799381256,-81.4710693359375,582.6390380859375,378
-54.13936233520508,0.27367863059043884,-80.35720825195312,584.2232055664062,379
-53.02116394042969,0.2732957601547241,-79.22956085205078,585.811279296875,380
-51.9107551574707,0.27308201789855957,-78.08904266357422,587.403076171875,381
-50.87238693237305,0.27312028408050537,-77.00447845458984,588.904541015625,382
-49.84037399291992,0.2732532024383545,-75.90939331054688,590.4093017578125,383
-48.81473159790039,0.2733079791069031,-74.80388641357422,591.9172973632812,384
-47.79558563232422,0.27322500944137573,-73.68795776367188,593.4285888671875,385
-46.78308868408203,0.27307018637657166,-72.56163787841797,594.943115234375,386
-45.77740478515625,0.27294495701789856,-71.42498779296875,596.4608154296875,387
-44.77870559692383,0.2728992998600006,-70.27804565429688,597.9816284179688,388
-43.78715896606445,0.27290797233581543,-69.12081146240234,599.5055541992188,389
-42.802947998046875,0.27291080355644226,-67.95328521728516,601.0325927734375,390
-41.826316833496094,0.2728710174560547,-66.77539825439453,602.5626831054688,391
-40.8580322265625,0.2727968990802765,-65.58674621582031,604.0958251953125,392
-39.89966583251953,0.27272486686706543,-64.38642120361328,605.6318359375,393
-38.9533576965332,0.2726888060569763,-63.17326736450195,607.17041015625,394
-38.02126693725586,0.2726958096027374,-61.94610595703125,608.71142578125,395
-37.10547637939453,0.27272385358810425,-60.70388412475586,610.2547607421875,396
-36.20798873901367,0.27274250984191895,-59.44566345214844,611.80029296875,397
-35.330509185791016,0.2727375626564026,-58.1707878112793,613.3479614257812,398
-34.47429275512695,0.27271372079849243,-56.8790168762207,614.8977661132812,399
-33.640167236328125,0.2726808488368988,-55.57038497924805,616.4496459960938,400
-32.82867431640625,0.2726437747478485,-54.24517059326172,618.0036010742188,401
-32.04016876220703,0.2726059854030609,-52.903770446777344,619.5595703125,402
-31.274906158447266,0.27257123589515686,-51.5466194152832,621.1176147460938,403
-30.533123016357422,0.2725403606891632,-50.1741828918457,622.6776733398438,404
-29.815479278564453,0.2725047171115875,-48.78740692138672,624.2391357421875,405
-29.130046844482422,0.27234071493148804,-47.40275573730469,625.7841796875,406
-28.486507415771484,0.27219563722610474,-46.04129409790039,627.2901000976562,407
-27.850345611572266,0.272434800863266,-44.62083435058594,628.8464965820312,408
-27.263166427612305,0.2733966112136841,-43.2240104675293,630.3617553710938,409
-26.696142196655273,0.275042861700058,-41.76963806152344,631.9227905273438,410
-26.187143325805664,0.2765457332134247,-40.3419303894043,633.4385375976562,411
-25.71404457092285,0.277143657207489,-38.864540100097656,634.9898681640625,412
-25.307580947875977,0.277016818523407,-37.413536071777344,636.496826171875,413
-24.95221519470215,0.27727556228637695,-35.905216217041016,638.0465698242188,414
-24.66987419128418,0.2783029079437256,-34.41331100463867,639.5650634765625,415
-24.448577880859375,0.27918389439582825,-32.87186813354492,641.1224365234375,416
-24.301607131958008,0.279390811920166,-31.358049392700195,642.6434936523438,417
-24.22227668762207,0.2796594500541687,-29.8004207611084,644.2032470703125,418
-24.20749282836914,0.2804402709007263,-28.270469665527344,645.7333374023438,419
-24.245145797729492,0.28108513355255127,-26.767412185668945,647.2369384765625,420
-24.33721351623535,0.2811574339866638,-25.22504234313965,648.7821044921875,421
-24.487796783447266,0.2810574769973755,-23.712968826293945,650.3017578125,422
-24.712106704711914,0.2810763418674469,-22.167835235595703,651.8632202148438,423
-25.005748748779297,0.2808869481086731,-20.654447555541992,653.4049682617188,424
-25.37120819091797,0.28042009472846985,-19.170103073120117,654.933837890625,425
-25.82212257385254,0.28012052178382874,-17.71571159362793,656.4567260742188,426
-26.350934982299805,0.27994605898857117,-16.287553787231445,657.979736328125,427
-26.912900924682617,0.2793846130371094,-14.874825477600098,659.5001220703125,428
-27.500442504882812,0.27918681502342224,-13.477555274963379,661.0159301757812,429
-28.13838768005371,0.27988380193710327,-12.107070922851562,662.5277099609375,430
-28.843780517578125,0.2806743383407593,-10.775383949279785,664.0348510742188,431
-29.626691818237305,0.2805370092391968,-9.48804759979248,665.5418090820312,432
-30.488191604614258,0.28574833273887634,-8.257564544677734,667.0441284179688,433
-31.452665328979492,0.28926095366477966,-7.031927585601807,668.6038818359375,434
-32.44319152832031,0.287344753742218,-5.899345397949219,670.108642578125,435
-33.48949432373047,0.2796769440174103,-4.809225082397461,671.6197509765625,436
-34.5876350402832,0.27606502175331116,-3.7577011585235596,673.1402587890625,437
-35.739479064941406,0.28064656257629395,-2.7376492023468018,674.6788940429688,438
-36.9317741394043,0.2815517485141754,-1.743133783340454,676.2315673828125,439
-38.11384582519531,0.2785399258136749,-0.8179338574409485,677.7327270507812,440
-39.33885955810547,0.27820220589637756,0.07293950766324997,679.2474975585938,441
-40.60745620727539,0.28006601333618164,0.9271640777587891,680.7769775390625,442
-41.91897201538086,0.28016403317451477,1.746657133102417,682.3235473632812,443
-43.26914978027344,0.2787701487541199,2.538315534591675,683.8887329101562,444
-44.58713150024414,0.2782050371170044,3.2843852043151855,685.4031982421875,445
-45.918155670166016,0.27850455045700073,4.038948059082031,686.9332275390625,446
-47.251678466796875,0.27867391705513,4.817326545715332,688.477294921875,447
-48.58066940307617,0.27844515442848206,5.62986946105957,690.0350341796875,448
-49.900760650634766,0.2782016396522522,6.482053756713867,691.6063232421875,449
-51.14765930175781,0.2781667709350586,7.336605072021484,693.1179809570312,450
-52.37528610229492,0.2781996726989746,8.235376358032227,694.6395263671875,451
-53.577762603759766,0.27816182374954224,9.180839538574219,696.1692504882812,452
-54.74781036376953,0.28113943338394165,10.174806594848633,697.70458984375,453
-55.879547119140625,0.2868650555610657,11.214926719665527,699.2418212890625,454
-56.97140884399414,0.29013437032699585,12.301033973693848,700.781982421875,455
-58.01982498168945,0.2858210504055023,13.428765296936035,702.3218994140625,456
-59.01703643798828,0.2752014696598053,14.598392486572266,703.859130859375,457
-59.94731521606445,0.27305319905281067,15.820353507995605,705.3950805664062,458
-60.81005859375,0.2791285514831543,17.08873748779297,706.9292602539062,459
-61.612396240234375,0.2816186547279358,18.39449119567871,708.4619750976562,460
-62.350746154785156,0.27854377031326294,19.735706329345703,709.9931640625,461
-63.01667404174805,0.27646711468696594,21.108592987060547,711.5192260742188,462
-63.607486724853516,0.2778944969177246,22.508169174194336,713.03857421875,463
-64.12496185302734,0.2795301675796509,23.933147430419922,714.5547485351562,464
-64.5711898803711,0.27927401661872864,25.383764266967773,716.0726318359375,465
-64.94583892822266,0.2783891558647156,26.858858108520508,717.5947265625,466
-65.24708557128906,0.278224915266037,28.35599708557129,719.1220092773438,467
-65.47505950927734,0.27850696444511414,29.872629165649414,720.6558227539062,468
-65.63179016113281,0.27856096625328064,31.406496047973633,722.1978149414062,469
-65.71959686279297,0.2783316671848297,32.955589294433594,723.74951171875,470
-65.74018859863281,0.2780783176422119,34.5174560546875,725.3116455078125,471
-65.6945571899414,0.27789974212646484,36.088623046875,726.8836059570312,472
-65.59078216552734,0.27776581048965454,37.59016799926758,728.3888549804688,473
-65.4299087524414,0.2776767909526825,39.09440231323242,729.9017333984375,474
-65.21360778808594,0.27764350175857544,40.599796295166016,731.4226684570312,475
-64.94342041015625,0.2776045501232147,42.10514450073242,732.9521484375,476
-64.62098693847656,0.27749091386795044,43.60942459106445,734.4906616210938,477
-64.2477035522461,0.27731409668922424,45.11144256591797,736.0384521484375,478
-63.82555389404297,0.277144193649292,46.610015869140625,737.5953979492188,479
-63.35762405395508,0.27702009677886963,48.104549407958984,739.1614990234375,480
-62.84805679321289,0.27691754698753357,49.595306396484375,740.7369995117188,481
-62.329227447509766,0.27680763602256775,51.0086784362793,742.2426147460938,482
-61.78010940551758,0.2766053378582001,52.41667556762695,743.75390625,483
-61.20634841918945,0.2762557864189148,53.80778121948242,745.2587280273438,484
-60.576446533203125,0.27609413862228394,55.25285339355469,746.8351440429688,485
-59.91748046875,0.27651357650756836,56.68248748779297,748.4093627929688,486
-59.261024475097656,0.27715057134628296,58.03598403930664,749.9136962890625,487
-58.5754508972168,0.27730274200439453,59.38680648803711,751.4285278320312,488
-57.86427688598633,0.2767423391342163,60.735050201416016,752.9528198242188,489
-57.13271713256836,0.27599895000457764,62.08258819580078,754.4861450195312,490
-56.386051177978516,0.2757716774940491,63.431678771972656,756.028076171875,491
-55.628055572509766,0.2760935425758362,64.7842788696289,757.57861328125,492
-54.86057662963867,0.2763776183128357,66.1415786743164,759.1378784179688,493
-54.084285736083984,0.27622348070144653,67.5039291381836,760.7058715820312,494
-53.29970169067383,0.2758079171180725,68.8713607788086,762.2824096679688,495
-52.54895782470703,0.2755450904369354,70.17131805419922,763.7835693359375,496
-51.78990173339844,0.2755480110645294,71.47488403320312,765.2920532226562,497
-51.02040100097656,0.275651216506958,72.78067016601562,766.8077392578125,498
-50.23819351196289,0.2756440043449402,74.08720397949219,768.3305053710938,499
-49.44123458862305,0.2754918038845062,75.39305877685547,769.8603515625,500
-48.627777099609375,0.2753073573112488,76.69673919677734,771.3970336914062,501
-47.796485900878906,0.2751966714859009,77.99703216552734,772.9403686523438,502
-46.9455680847168,0.27516716718673706,79.29219818115234,774.4900512695312,503
-46.072105407714844,0.27515509724617004,80.57933044433594,776.0455932617188,504
-45.17279052734375,0.2751101553440094,81.85446166992188,777.60595703125,505
-44.24510192871094,0.2750450670719147,83.11353302001953,779.169921875,506
-43.286869049072266,0.27500972151756287,84.35285949707031,780.7365112304688,507
-42.29652404785156,0.275023877620697,85.56867218017578,782.3046875,508
-41.2778434753418,0.275036096572876,86.75171661376953,783.8659057617188,509
-40.242408752441406,0.2750181257724762,87.88631439208984,785.4020385742188,510
-39.196014404296875,0.2751144468784332,88.96404266357422,786.9042358398438,511
-38.07309341430664,0.27567899227142334,90.04296875,788.4615478515625,512
-36.92375946044922,0.2766653299331665,91.06538391113281,789.9999389648438,513
-35.746437072753906,0.27743804454803467,92.02953338623047,791.5217895507812,514
-34.54159164428711,0.2774218022823334,92.93355560302734,793.0281982421875,515
-33.24665069580078,0.27683356404304504,93.81787872314453,794.596435546875,516
-31.92770767211914,0.27664652466773987,94.63227844238281,796.1466674804688,517
-30.58621597290039,0.277263343334198,95.37759399414062,797.6814575195312,518
-29.22320556640625,0.2780119478702545,96.05432891845703,799.203369140625,519
-27.839462280273438,0.2782081663608551,96.66266632080078,800.715087890625,520
-26.437271118164062,0.27794119715690613,97.2016372680664,802.2174682617188,521
-24.949716567993164,0.2777339518070221,97.69113159179688,803.7836303710938,522
-23.451990127563477,0.27792415022850037,98.10105895996094,805.3366088867188,523
-21.94775390625,0.2783086597919464,98.43177032470703,806.876953125,524
-20.439218521118164,0.27853113412857056,98.68436431884766,808.4066772460938,525
-18.930206298828125,0.27853310108184814,98.85850524902344,809.9259033203125,526
-17.426002502441406,0.2784949839115143,98.95335388183594,811.4332885742188,527
-15.860695838928223,0.27855366468429565,98.96839904785156,812.9988403320312,528
-14.310020446777344,0.27873101830482483,98.89857482910156,814.55126953125,529
-12.777586936950684,0.27892476320266724,98.74554443359375,816.0914916992188,530
-11.266257286071777,0.2790362536907196,98.51111602783203,817.62109375,531
-9.776885986328125,0.2790561020374298,98.1972427368164,819.1433715820312,532
-8.319780349731445,0.27892857789993286,97.80747985839844,820.6519165039062,533
-6.837120056152344,0.2789253890514374,97.32151794433594,822.21240234375,534
-5.398751735687256,0.27924442291259766,96.75770568847656,823.757568359375,535
-3.9998018741607666,0.27967536449432373,96.11569213867188,825.2969970703125,536
-2.6425585746765137,0.27972033619880676,95.39696502685547,826.8330078125,537
-1.3319735527038574,0.2793997824192047,94.60490417480469,828.3645629882812,538
-0.06987626850605011,0.27923384308815,93.74302673339844,829.89306640625,539
1.1440954208374023,0.27946916222572327,92.81372833251953,831.4220581054688,540
2.3100531101226807,0.2796876132488251,91.81906127929688,832.954833984375,541
3.426893472671509,0.2795681655406952,90.76066589355469,834.4937133789062,542
4.4918718338012695,0.27932608127593994,89.6402816772461,836.0396728515625,543
5.5009589195251465,0.27927714586257935,88.46025085449219,837.5924682617188,544
6.449328899383545,0.2793835401535034,87.22323608398438,839.1513671875,545
7.332159042358398,0.27941468358039856,85.9322280883789,840.7155151367188,546
8.112117767333984,0.2793470025062561,84.64932250976562,842.2171020507812,547
8.827502250671387,0.2792946398258209,83.32156372070312,843.7254638671875,548
9.477448463439941,0.2792764902114868,81.95106506347656,845.242431640625,549
10.061182022094727,0.2792128026485443,80.54017639160156,846.7694702148438,550
10.5779447555542,0.27906590700149536,79.09178161621094,848.3074340820312,551
11.027374267578125,0.27888724207878113,77.60940551757812,849.8565673828125,552
11.409807205200195,0.27874141931533813,76.09678649902344,851.4169311523438,553
11.726306915283203,0.2786320149898529,74.55751037597656,852.988525390625,554
11.968664169311523,0.2785230576992035,73.06619262695312,854.49951171875,555
12.154705047607422,0.2783897817134857,71.5557861328125,856.0214233398438,556
12.285865783691406,0.27824681997299194,70.02852630615234,857.5543823242188,557
12.363547325134277,0.27811020612716675,68.48653411865234,859.098388671875,558
12.3899564743042,0.2779797315597534,66.93161010742188,860.653564453125,559
12.369779586791992,0.27783921360969543,65.36467742919922,862.2206420898438,560
12.315317153930664,0.27767783403396606,63.861244201660156,863.72509765625,561
12.238360404968262,0.27748429775238037,62.34654998779297,865.2417602539062,562
12.157048225402832,0.27728381752967834,60.82036590576172,866.7700805664062,563
12.09206485748291,0.2771848142147064,59.28369140625,868.30810546875,564
12.061555862426758,0.27727603912353516,57.73860168457031,869.853515625,565
12.07874870300293,0.2774573862552643,56.18747329711914,871.40478515625,566
12.152320861816406,0.27758175134658813,54.633018493652344,872.9610595703125,567
12.2874174118042,0.2776215970516205,53.07817459106445,874.5218505859375,568
12.486987113952637,0.27759647369384766,51.526607513427734,876.0863037109375,569
12.75114631652832,0.2773386836051941,49.994911193847656,877.6407470703125,570
13.079423904418945,0.2772005796432495,48.48948287963867,879.181640625,571
13.472036361694336,0.27758729457855225,47.01042556762695,880.7120361328125,572
13.930807113647461,0.27829161286354065,45.55159378051758,882.2413940429688,573
14.456303596496582,0.27859774231910706,44.11185836791992,883.774169921875,574
15.047674179077148,0.27822911739349365,42.694007873535156,885.310546875,575
15.703302383422852,0.2776292562484741,41.30194854736328,886.849365234375,576
16.420984268188477,0.2774339020252228,39.939002990722656,888.3898315429688,577
17.198104858398438,0.27771812677383423,38.60561752319336,889.9332275390625,578
18.031095504760742,0.27796632051467896,37.29962158203125,891.4823608398438,579
18.917118072509766,0.27781081199645996,36.02043914794922,893.0385131835938,580
19.854692459106445,0.27742135524749756,34.77022171020508,894.601318359375,581
20.841535568237305,0.2771592438220978,33.55118942260742,896.1697998046875,582
21.875158309936523,0.27715206146240234,32.365150451660156,897.7431030273438,583
22.95414161682129,0.277273029088974,31.214689254760742,899.3204345703125,584
24.020662307739258,0.2773568034172058,30.157852172851562,900.8219604492188,585
25.127513885498047,0.2773606479167938,29.139039993286133,902.326416015625,586
26.274742126464844,0.2773204743862152,28.16061782836914,903.8342895507812,587
27.462013244628906,0.2772964537143707,27.22464942932129,905.34619140625,588
28.6882381439209,0.2772938907146454,26.331954956054688,906.863037109375,589
29.951309204101562,0.27723678946495056,25.4808292388916,908.3861694335938,590
31.248064041137695,0.27705076336860657,24.66716194152832,909.9171142578125,591
32.57523727416992,0.2767695486545563,23.88673210144043,911.456787109375,592
33.92929458618164,0.27649328112602234,23.135149002075195,913.0054931640625,593
35.305580139160156,0.27626609802246094,22.406267166137695,914.5628662109375,594
36.700016021728516,0.2760889530181885,21.694604873657227,916.12841796875,595
38.11170196533203,0.27600082755088806,21.000673294067383,917.7014770507812,596
39.541900634765625,0.27601850032806396,20.330108642578125,919.2810668945312,597
40.91508102416992,0.2760876715183258,19.72126007080078,920.783203125,598
42.30671310424805,0.27610981464385986,19.14037322998047,922.2911987304688,599
43.716796875,0.27602577209472656,18.58784294128418,923.8056640625,600
45.144737243652344,0.27588316798210144,18.063264846801758,925.326904296875,601
46.58928298950195,0.2757391035556793,17.56468391418457,926.8551025390625,602
48.048805236816406,0.27558985352516174,17.088947296142578,928.3901977539062,603
49.52178192138672,0.27543243765830994,16.63321876525879,929.9320678710938,604
51.00706481933594,0.2753106653690338,16.19550132751465,931.4805297851562,605
52.50381088256836,0.27524515986442566,15.774086952209473,933.0354614257812,606
54.011253356933594,0.27518925070762634,15.366717338562012,934.5969848632812,607
55.52859878540039,0.2750875651836395,14.970634460449219,936.1651611328125,608
57.05508804321289,0.2749469578266144,14.583444595336914,937.739990234375,609
58.58998107910156,0.2748165726661682,14.203064918518066,939.3212890625,610
60.13258743286133,0.27472376823425293,13.827656745910645,940.9088745117188,611
61.5963134765625,0.27466025948524475,13.477078437805176,942.4140014648438,612
63.066741943359375,0.2746013402938843,13.131278038024902,943.9244995117188,613
64.54413604736328,0.27453866600990295,12.792083740234375,945.4403076171875,614
66.02793884277344,0.27446454763412476,12.46154499053955,946.96044921875,615
67.50348663330078,0.27433040738105774,12.143998146057129,948.4697875976562,616
69.02698516845703,0.27417653799057007,11.827913284301758,950.0256958007812,617
70.50045776367188,0.2743060290813446,11.534163475036621,951.5281372070312,618
72.00033569335938,0.27522867918014526,11.24830436706543,953.0549926757812,619
73.52294158935547,0.2769358456134796,10.975337028503418,954.6018676757812,620
75.06769561767578,0.27833259105682373,10.723474502563477,956.1669921875,621
76.56139373779297,0.2784489691257477,10.507231712341309,957.67626953125,622
78.0774154663086,0.2780539393424988,10.313878059387207,959.20458984375,623
79.60675811767578,0.2783913314342499,10.139906883239746,960.7437744140625,624
81.13790130615234,0.27933356165885925,9.983457565307617,962.2828979492188,625
82.6616439819336,0.2799115478992462,9.852733612060547,963.812255859375,626
84.1646499633789,0.28013914823532104,9.764598846435547,965.3179321289062,627
85.68740844726562,0.2808408737182617,9.735937118530273,966.841064453125,628
87.22429656982422,0.2819087505340576,9.791475296020508,968.3792114257812,629
88.73505401611328,0.2822612524032593,9.957112312316895,969.8994140625,630
90.22285461425781,0.2821790874004364,10.252006530761719,971.4166870117188,631
91.70024108886719,0.28229233622550964,10.690995216369629,972.9583740234375,632
93.09956359863281,0.2824168801307678,11.236190795898438,974.4605102539062,633
94.47064208984375,0.28187617659568787,11.882512092590332,975.9765625,634
95.79695129394531,0.2817334234714508,12.622652053833008,977.4957275390625,635
97.06110382080078,0.28223881125450134,13.460514068603516,979.0127563476562,636
98.24296569824219,0.2823815941810608,14.402475357055664,980.5245971679688,637
99.32709503173828,0.2823503017425537,15.449216842651367,982.0321655273438,638
100.30699920654297,0.28256288170814514,16.59956932067871,983.5438842773438,639
101.18394470214844,0.28244736790657043,17.84739112854004,985.0695190429688,640
101.94790649414062,0.28206366300582886,19.13918685913086,986.5706787109375,641
102.62462615966797,0.28186455368995667,20.49851417541504,988.0894775390625,642
103.20285034179688,0.2817147374153137,21.90403938293457,989.6096801757812,643
103.66210174560547,0.2818707227706909,23.33753776550293,991.1154174804688,644
103.98811340332031,0.2822481691837311,24.821308135986328,992.6351928710938,645
104.15645599365234,0.28251373767852783,26.338048934936523,994.1620483398438,646
104.15028381347656,0.28279292583465576,27.875473022460938,995.7003173828125,647
103.96533203125,0.282886266708374,29.380298614501953,997.2173461914062,648
103.60582733154297,0.2863163948059082,30.845701217651367,998.7269897460938,649
103.09424591064453,0.28675955533981323,32.26217269897461,1000.233642578125,650
102.44312286376953,0.2816047966480255,33.636722564697266,1001.755126953125,651
101.67227935791016,0.28166019916534424,34.958831787109375,1003.2859497070312,652
100.82621765136719,0.2832469344139099,36.20117950439453,1004.789306640625,653
99.88738250732422,0.2817751467227936,37.400760650634766,1006.3129272460938,654
98.84559631347656,0.2821749448776245,38.538429260253906,1007.8558959960938,655
97.73114776611328,0.2827398180961609,39.57514190673828,1009.37841796875,656
96.55106353759766,0.2821958661079407,40.512901306152344,1010.8861083984375,657
95.27621459960938,0.28191763162612915,41.3846549987793,1012.4307861328125,658
93.9622802734375,0.2818048596382141,42.17876434326172,1013.9661865234375,659
92.6327133178711,0.2814302444458008,42.923561096191406,1015.4901733398438,660
91.31293487548828,0.2810048460960388,43.65092086791992,1016.9971313476562,661
89.98095703125,0.2808564603328705,44.41596984863281,1018.533203125,662
88.67245483398438,0.2807200253009796,45.2317008972168,1020.0752563476562,663
87.41602325439453,0.28043481707572937,46.10256576538086,1021.6041870117188,664
86.21261596679688,0.2826080024242401,47.06459045410156,1023.145263671875,665
85.09905242919922,0.2829616665840149,48.128849029541016,1024.6861572265625,666
84.1217269897461,0.28175655007362366,49.28261947631836,1026.198974609375,667
83.2646713256836,0.28221920132637024,50.55455780029297,1027.7335205078125,668
82.5615463256836,0.28275999426841736,51.896583557128906,1029.2493896484375,669
82.01251983642578,0.28272801637649536,53.30360412597656,1030.760498046875,670
81.62335968017578,0.2821645736694336,54.75670623779297,1032.265625,671
81.39669036865234,0.282126784324646,56.253421783447266,1033.7802734375,672
81.34534454345703,0.282757043838501,57.76386260986328,1035.29248046875,673
81.48165893554688,0.28280138969421387,59.26930618286133,1036.8050537109375,674
81.81459045410156,0.28270381689071655,60.73859405517578,1038.312744140625,675
82.36421966552734,0.2831607758998871,62.17470169067383,1039.851806640625,676
83.10880279541016,0.283282995223999,63.48722839355469,1041.3621826171875,677
84.03778839111328,0.2831737995147705,64.69291687011719,1042.8853759765625,678
85.09974670410156,0.28287532925605774,65.77344512939453,1044.401123046875,679
86.26211547851562,0.2827148139476776,66.74496459960938,1045.91650390625,680
87.50408935546875,0.28272634744644165,67.63121032714844,1047.442626953125,681
88.8150405883789,0.2824498414993286,68.4281997680664,1048.9771728515625,682
90.18518829345703,0.2824145555496216,69.11292266845703,1050.5093994140625,683
91.60150146484375,0.2825276553630829,69.66865539550781,1052.0313720703125,684
93.05313873291016,0.2824578583240509,70.09233856201172,1053.5440673828125,685
94.52655029296875,0.28227242827415466,70.38695526123047,1055.047119140625,686
96.05615234375,0.2820754647254944,70.56116485595703,1056.5870361328125,687
97.57988739013672,0.2819038927555084,70.6131820678711,1058.112060546875,688
99.0849380493164,0.2817271053791046,70.55589294433594,1059.6185302734375,689
100.613037109375,0.28153344988822937,70.39437866210938,1061.1553955078125,690
102.10259246826172,0.2813835144042969,70.13993072509766,1062.666748046875,691
103.60144805908203,0.2812734544277191,69.79071807861328,1064.2059326171875,692
105.05401611328125,0.28111550211906433,69.36913299560547,1065.7186279296875,693
106.51191711425781,0.2808748185634613,68.86929321289062,1067.260009765625,694
107.91981506347656,0.28062865138053894,68.32063293457031,1068.7711181640625,695
109.33210754394531,0.2804419696331024,67.71400451660156,1070.3082275390625,696
110.69535064697266,0.28031033277511597,67.08264923095703,1071.8106689453125,697
112.06336212158203,0.2801554203033447,66.40708923339844,1073.33642578125,698
113.43455505371094,0.27997779846191406,65.68779754638672,1074.8848876953125,699
114.75054168701172,0.27984851598739624,64.95378112792969,1076.391845703125,700
116.06221008300781,0.2797608971595764,64.17408752441406,1077.9178466796875,701
117.36570739746094,0.2796752154827118,63.34548568725586,1079.4625244140625,702
118.6573257446289,0.2795688807964325,62.46519088745117,1081.025634765625,703
119.87966918945312,0.27945461869239807,61.570762634277344,1082.5404052734375,704
121.08247375488281,0.27934470772743225,60.62503433227539,1084.070556640625,705
122.26176452636719,0.2792551517486572,59.627140045166016,1085.615478515625,706
123.41372680664062,0.27918288111686707,58.57637405395508,1087.1748046875,707
124.48677062988281,0.27910521626472473,57.52165603637695,1088.6795654296875,708
125.52928161621094,0.27900171279907227,56.41899871826172,1090.1971435546875,709
126.5301742553711,0.2786792516708374,55.2767448425293,1091.7159423828125,710
127.47779846191406,0.2783616781234741,54.10369110107422,1093.2239990234375,711
128.37403869628906,0.27870962023735046,52.897254943847656,1094.72705078125,712
129.22845458984375,0.2795061767101288,51.646602630615234,1096.2418212890625,713
130.04132080078125,0.27962782979011536,50.34912872314453,1097.7730712890625,714
130.81182861328125,0.27879899740219116,49.00879669189453,1099.3192138671875,715
131.54489135742188,0.2780032753944397,47.63154602050781,1100.8795166015625,716
132.21945190429688,0.2780468761920929,46.288509368896484,1102.382568359375,717
132.88026428222656,0.2784372568130493,44.92300796508789,1103.899658203125,718
133.5375518798828,0.2783767282962799,43.54019546508789,1105.4307861328125,719
134.1981964111328,0.27778568863868713,42.15632247924805,1106.96435546875,720
134.8873748779297,0.27723103761672974,40.74757766723633,1108.53271484375,721
135.5732879638672,0.27756568789482117,39.408241271972656,1110.03759765625,722
136.29872131347656,0.2788854241371155,38.09114074707031,1111.5413818359375,723
137.10745239257812,0.2802674174308777,36.75654983520508,1113.10205078125,724
137.98171997070312,0.28074970841407776,35.47188949584961,1114.65625,725
138.9097442626953,0.28065985441207886,34.28310012817383,1116.1646728515625,726
139.93353271484375,0.28123992681503296,33.15148162841797,1117.6910400390625,727
141.04449462890625,0.2815703749656677,32.09828186035156,1119.2222900390625,728
142.23558044433594,0.2817472815513611,31.138553619384766,1120.7523193359375,729
143.4979705810547,0.2823861837387085,30.287208557128906,1122.275390625,730
144.82325744628906,0.28279274702072144,29.556880950927734,1123.7891845703125,731
146.210693359375,0.28309929370880127,28.959392547607422,1125.3004150390625,732
147.66249084472656,0.2834257483482361,28.505340576171875,1126.822265625,733
149.17166137695312,0.2833140194416046,28.195154190063477,1128.3636474609375,734
150.67864990234375,0.28341642022132874,28.046911239624023,1129.878662109375,735
152.20347595214844,0.2836497128009796,28.073612213134766,1131.404541015625,736
153.7276153564453,0.28348076343536377,28.287038803100586,1132.9444580078125,737
155.19842529296875,0.2836574912071228,28.686176300048828,1134.469482421875,738
156.60498046875,0.2834762930870056,29.26608657836914,1135.991943359375,739
157.93553161621094,0.28343620896339417,30.021289825439453,1137.5228271484375,740
159.14434814453125,0.2833976149559021,30.916624069213867,1139.028076171875,741
160.2550048828125,0.28323808312416077,31.962093353271484,1140.55419921875,742
161.2245635986328,0.28319644927978516,33.11357879638672,1142.0604248046875,743
162.07077026367188,0.283127099275589,34.390472412109375,1143.5931396484375,744
162.7583465576172,0.28295573592185974,35.73495864868164,1145.1041259765625,745
163.30191040039062,0.2828902006149292,37.16672897338867,1146.6363525390625,746
163.68441772460938,0.28290706872940063,38.62843322753906,1148.1480712890625,747
163.9207305908203,0.2827257513999939,40.15373229980469,1149.6922607421875,748
164.0084686279297,0.2824636399745941,41.681453704833984,1151.22314453125,749
163.96237182617188,0.28227499127388,43.19878005981445,1152.7415771484375,750
163.80880737304688,0.2819386124610901,44.700767517089844,1154.251708984375,751
163.58180236816406,0.2813737094402313,46.18457794189453,1155.7529296875,752
163.3065948486328,0.28084561228752136,47.69502258300781,1157.288330078125,753
163.0019073486328,0.28073981404304504,49.16902160644531,1158.7935791015625,754
162.6387481689453,0.28105661273002625,50.653114318847656,1160.3216552734375,755
162.1988525390625,0.28118032217025757,52.14021301269531,1161.8726806640625,756
161.69509887695312,0.2808910608291626,53.571781158447266,1163.3905029296875,757
161.1129608154297,0.28065770864486694,54.999881744384766,1164.932861328125,758
160.4841766357422,0.2805388867855072,56.36857223510742,1166.439208984375,759
159.7950897216797,0.2803289294242859,57.73414993286133,1167.9688720703125,760
159.05262756347656,0.28008362650871277,59.098419189453125,1169.522216796875,761
158.29344177246094,0.2799055576324463,60.40657043457031,1171.0347900390625,762
157.48948669433594,0.27977511286735535,61.71064758300781,1172.56689453125,763
156.63912963867188,0.27968478202819824,63.007225036621094,1174.1175537109375,764
155.77772521972656,0.2796272039413452,64.23897552490234,1175.6207275390625,765
154.8684539794922,0.2795489430427551,65.45648956298828,1177.140380859375,766
153.91041564941406,0.2794223725795746,66.65677642822266,1178.67626953125,767
152.90333557128906,0.27928394079208374,67.83707427978516,1180.2279052734375,768
151.84767150878906,0.2791743874549866,68.99491119384766,1181.7947998046875,769
150.79278564453125,0.27908438444137573,70.07911682128906,1183.3076171875,770
149.69439697265625,0.27898237109184265,71.13851165771484,1184.833740234375,771
148.55409240722656,0.27882495522499084,72.17008209228516,1186.3714599609375,772
147.38514709472656,0.27843737602233887,73.15978240966797,1187.9031982421875,773
146.18991088867188,0.2783132493495941,74.10407257080078,1189.426513671875,774
144.95993041992188,0.2789289951324463,75.008056640625,1190.9530029296875,775
143.6861572265625,0.2795533537864685,75.87684631347656,1192.4949951171875,776
142.3697509765625,0.2792336642742157,76.70943450927734,1194.052734375,777
141.0775146484375,0.27833476662635803,77.47116088867188,1195.5528564453125,778
139.75413513183594,0.2778838276863098,78.20277404785156,1197.0650634765625,779
138.40179443359375,0.27820003032684326,78.90558624267578,1198.5892333984375,780
137.0212860107422,0.2785477936267853,79.57925415039062,1200.1253662109375,781
135.61306762695312,0.27835220098495483,80.22258758544922,1201.673583984375,782
134.17799377441406,0.2778790593147278,80.83470153808594,1203.2337646484375,783
132.71762084960938,0.27765166759490967,81.41646575927734,1204.8057861328125,784
131.30491638183594,0.27771058678627014,81.94515991210938,1206.314208984375,785
129.87225341796875,0.2777286469936371,82.45209503173828,1207.833984375,786
128.42095947265625,0.2775362432003021,82.93997192382812,1209.3651123046875,787
126.9527816772461,0.27725356817245483,83.4118881225586,1210.9073486328125,788
125.4690933227539,0.2770662009716034,83.87010192871094,1212.460205078125,789
123.97064971923828,0.277016818523407,84.31544494628906,1214.0234375,790
122.45777130126953,0.2769984304904938,84.7476577758789,1215.5968017578125,791
121.00724792480469,0.27691560983657837,85.14535522460938,1217.100830078125,792
119.54391479492188,0.27677398920059204,85.52989196777344,1218.6138916015625,793
118.06805419921875,0.2766357958316803,85.90088653564453,1220.1356201171875,794
116.57997131347656,0.2765408456325531,86.25811767578125,1221.666015625,795
115.0799560546875,0.2764732241630554,86.60143280029297,1223.204833984375,796
113.56832122802734,0.27639397978782654,86.9308853149414,1224.751953125,797
112.05448150634766,0.27613213658332825,87.24546813964844,1226.298095703125,798
110.54462432861328,0.2758338153362274,87.54642486572266,1227.837646484375,799
109.03865051269531,0.2758614420890808,87.83831024169922,1229.3717041015625,800
107.52814483642578,0.2763547897338867,88.12843322753906,1230.9097900390625,801
106.00738525390625,0.2768060863018036,88.42198181152344,1232.4586181640625,802
104.47816467285156,0.2766619026660919,88.72245025634766,1234.01708984375,803
102.942138671875,0.2760051488876343,89.0321273803711,1235.583984375,804
101.39977264404297,0.27548947930336,89.35128021240234,1237.1590576171875,805
99.85102844238281,0.27556920051574707,89.67910766601562,1238.7420654296875,806
98.37752532958984,0.2759241461753845,89.99681854248047,1240.2493896484375,807
96.89752960205078,0.27604296803474426,90.32040405273438,1241.764404296875,808
95.410888671875,0.2757776379585266,90.64891052246094,1243.286865234375,809
93.9174575805664,0.27539318799972534,90.98062896728516,1244.816650390625,810
92.41715240478516,0.27520686388015747,91.31391906738281,1246.353515625,811
90.9104995727539,0.2752600610256195,91.65042877197266,1247.8973388671875,812
89.39805603027344,0.2753402292728424,91.992431640625,1249.447998046875,813
87.88030242919922,0.2752802073955536,92.34168243408203,1251.00537109375,814
86.3581314086914,0.2751096189022064,92.70133209228516,1252.5694580078125,815
84.83259582519531,0.2749466001987457,93.07439422607422,1254.1400146484375,816
83.30449676513672,0.2748650908470154,93.46278381347656,1255.7166748046875,817
81.77422332763672,0.2748468518257141,93.8674087524414,1257.299560546875,818
80.3271255493164,0.2748202681541443,94.26444244384766,1258.8001708984375,819
78.87782287597656,0.2747413218021393,94.67416381835938,1260.3062744140625,820
77.42533111572266,0.2746199667453766,95.09281921386719,1261.81787109375,821
75.96852111816406,0.27449989318847656,95.51618957519531,1263.3349609375,822
74.50659942626953,0.27441808581352234,95.9410400390625,1264.857421875,823
73.03917694091797,0.2743763327598572,96.36569213867188,1266.385009765625,824
71.56654357910156,0.2743322253227234,96.7906494140625,1267.917724609375,825
70.08924102783203,0.2742512822151184,97.21772766113281,1269.45556640625,826
68.60831451416016,0.27415111660957336,97.65020751953125,1270.9984130859375,827
67.12503814697266,0.2740696370601654,98.0916519165039,1272.5460205078125,828
65.64253234863281,0.27396005392074585,98.54409790039062,1274.0960693359375,829
64.21244812011719,0.273855060338974,98.99969482421875,1275.5970458984375,830
62.795982360839844,0.27386876940727234,99.46149444580078,1277.0869140625,831
61.383453369140625,0.27391889691352844,99.93061065673828,1278.5753173828125,832
59.970863342285156,0.2739543318748474,100.40653228759766,1280.06591796875,833
58.55679702758789,0.27395620942115784,100.88844299316406,1281.559814453125,834
57.14155578613281,0.2739281952381134,101.3766098022461,1283.056884765625,835
55.7255859375,0.27387967705726624,101.87055969238281,1284.5565185546875,836
54.30995178222656,0.27382126450538635,102.37032318115234,1286.0577392578125,837
52.895938873291016,0.27376022934913635,102.87602996826172,1287.5594482421875,838
51.48492431640625,0.2737003266811371,103.3875503540039,1289.060302734375,839
50.0787353515625,0.273644357919693,103.90583038330078,1290.5589599609375,840
48.67863082885742,0.2735912799835205,104.43092346191406,1292.0543212890625,841
47.2856559753418,0.2735392451286316,104.96296691894531,1293.54541015625,842
45.90093994140625,0.27348875999450684,105.50333404541016,1295.0318603515625,843
44.52455139160156,0.2734382152557373,106.0525894165039,1296.5137939453125,844
43.15580749511719,0.27338555455207825,106.6119155883789,1297.992431640625,845
41.7932243347168,0.27333101630210876,107.18380737304688,1299.47021484375,846
40.43403244018555,0.273274689912796,107.771484375,1300.9510498046875,847
39.073978424072266,0.27321484684944153,108.37834930419922,1302.4404296875,848
37.70806121826172,0.2731502056121826,109.00801086425781,1303.9444580078125,849
36.33179473876953,0.2730809450149536,109.66431427001953,1305.46923828125,850
34.94221878051758,0.2730076313018799,110.34967041015625,1307.0186767578125,851
33.53904342651367,0.2729295790195465,111.06359100341797,1308.593017578125,852
32.12543487548828,0.27284693717956543,111.80274963378906,1310.188232421875,853
