-46.0752,0.0955,96.6255,0.000464
-45.7469,0.0955,96.5793,0.000761
-45.3372,0.0957,96.5217,0.001134
-45.0100,0.0959,96.4760,0.001420
-44.6424,0.0960,96.4248,0.001757
-44.2756,0.0962,96.3739,0.002084
-43.9097,0.0964,96.3233,0.002409
-43.5445,0.0965,96.2729,0.002747
-43.1806,0.0968,96.2228,0.003065
-42.8181,0.0969,96.1735,0.003385
-42.4566,0.0972,96.1258,0.003717
-42.0960,0.0974,96.0800,0.004034
-41.7363,0.0977,96.0361,0.004359
-41.3775,0.0981,95.9941,0.004693
-41.0195,0.0983,95.9538,0.005013
-40.7013,0.0987,95.9196,0.005294
-40.3435,0.0991,95.8821,0.005610
-39.9862,0.0994,95.8448,0.005934
-39.6296,0.0999,95.8075,0.006255
-39.2736,0.1003,95.7704,0.006570
-38.9180,0.1006,95.7334,0.006882
-38.5630,0.1011,95.6966,0.007208
-38.2088,0.1015,95.6600,0.007521
-37.8551,0.1019,95.6233,0.007838
-37.5020,0.1024,95.5866,0.008154
-37.1886,0.1029,95.5540,0.008425
-36.8364,0.1033,95.5170,0.008735
-36.4849,0.1037,95.4797,0.009051
-36.1341,0.1042,95.4422,0.009375
-35.7839,0.1047,95.4046,0.009679
-35.4343,0.1051,95.3669,0.009993
-35.0854,0.1056,95.3291,0.010304
-34.7372,0.1061,95.2914,0.010613
-34.3898,0.1067,95.2538,0.010921
-34.0815,0.1071,95.2203,0.011190
-33.7353,0.1076,95.1826,0.011504
-33.3899,0.1081,95.1450,0.011820
-33.0451,0.1086,95.1073,0.012135
-32.7006,0.1091,95.0695,0.012436
-32.3560,0.1097,95.0310,0.012735
-32.0117,0.1102,94.9908,0.013045
-31.6678,0.1107,94.9485,0.013348
-31.3245,0.1112,94.9039,0.013656
-30.9820,0.1116,94.8568,0.013960
-30.6790,0.1119,94.8131,0.014226
-30.3396,0.1123,94.7629,0.014532
-30.0009,0.1127,94.7127,0.014839
-29.6629,0.1132,94.6627,0.015141
-29.3258,0.1135,94.6127,0.015444
-28.9895,0.1139,94.5626,0.015749
-28.6538,0.1143,94.5124,0.016046
-28.3187,0.1147,94.4622,0.016354
-27.9839,0.1152,94.4119,0.016656
-27.6496,0.1156,94.3616,0.016953
-27.3157,0.1160,94.3111,0.017253
-26.9826,0.1164,94.2608,0.017551
-26.6873,0.1168,94.2168,0.017831
-26.3556,0.1174,94.1687,0.018130
-26.0241,0.1180,94.1224,0.018426
-25.6926,0.1186,94.0779,0.018727
-25.3602,0.1191,94.0346,0.019029
-25.0280,0.1198,93.9911,0.019329
-24.6962,0.1206,93.9473,0.019625
-24.3644,0.1213,93.9035,0.019926
-24.1432,0.1217,93.8743,0.020131
-23.7010,0.1224,93.8157,0.020538
-23.3696,0.1230,93.7717,0.020837
-23.0383,0.1236,93.7275,0.021133
-22.7072,0.1244,93.6833,0.021435
-22.4132,0.1252,93.6439,0.021696
-22.0827,0.1259,93.5998,0.021990
-21.7524,0.1266,93.5555,0.022294
-21.4224,0.1273,93.5114,0.022590
-21.0927,0.1279,93.4672,0.022892
-20.7632,0.1286,93.4232,0.023182
-20.4338,0.1296,93.3794,0.023488
-20.1048,0.1305,93.3360,0.023780
-19.7761,0.1313,93.2930,0.024086
-19.4475,0.1322,93.2507,0.024382
-19.1188,0.1331,93.2092,0.024680
-18.8263,0.1338,93.1728,0.024941
-18.4970,0.1347,93.1318,0.025236
-18.1680,0.1360,93.0909,0.025534
-17.8388,0.1370,93.0496,0.025838
-17.5095,0.1380,93.0084,0.026130
-17.1802,0.1390,92.9671,0.026426
-16.8508,0.1401,92.9257,0.026716
-16.5214,0.1411,92.8842,0.027019
-16.1919,0.1424,92.8428,0.027318
-15.8626,0.1436,92.8015,0.027615
-15.5331,0.1448,92.7599,0.027900
-15.2037,0.1460,92.7184,0.028200
-14.9108,0.1470,92.6815,0.028463
-14.5813,0.1482,92.6399,0.028771
-14.2516,0.1495,92.5983,0.029059
-13.9221,0.1510,92.5569,0.029348
-13.5925,0.1524,92.5152,0.029648
-13.2628,0.1538,92.4735,0.029944
-12.9331,0.1551,92.4317,0.030245
-12.6033,0.1565,92.3899,0.030536
-12.2732,0.1580,92.3481,0.030837
-11.9799,0.1596,92.3110,0.031190
-11.6497,0.1612,92.2689,0.031594
-11.3190,0.1628,92.2267,0.031875
-10.9879,0.1643,92.1842,0.032078
-10.6562,0.1659,92.1415,0.032242
-10.3235,0.1677,92.0985,0.032260
-8.9858,0.1752,91.9245,0.033799
-8.6491,0.1770,91.8803,0.034070
-8.3113,0.1793,91.8358,0.034328
-7.9727,0.1815,91.7914,0.034591
-7.6706,0.1834,91.7514,0.034826
-7.3297,0.1855,91.7061,0.036337
-5.9528,0.1950,91.5191,0.036376
-5.6052,0.1974,91.4701,0.036543
-5.2564,0.1998,91.4199,0.036747
-4.9062,0.2023,91.3685,0.037027
-4.5548,0.2054,91.3162,0.037327
-4.2416,0.2078,91.2690,0.037771
-3.8880,0.2104,91.2147,0.038071
-3.5331,0.2130,91.1594,0.038374
-3.1767,0.2159,91.1030,0.038668
-2.8193,0.2193,91.0456,0.038973
-2.4605,0.2223,90.9871,0.039269
-2.1001,0.2251,90.9265,0.039572
-1.7385,0.2279,90.8639,0.039877
-1.3755,0.2314,90.7988,0.040178
-1.0119,0.2349,90.7315,0.040483
-0.6472,0.2379,90.6613,0.040793
-0.3223,0.2404,90.5967,0.041063
0.0442,0.2436,90.5214,0.041370
0.4108,0.2473,90.4435,0.041688
0.7779,0.2505,90.3631,0.041992
1.1455,0.2534,90.2799,0.042298
1.5138,0.2565,90.1941,0.042624
1.8821,0.2603,90.1057,0.042928
2.2505,0.2636,90.0149,0.043250
2.6192,0.2665,89.9212,0.043566
2.9883,0.2697,89.8247,0.043884
3.3569,0.2736,89.7255,0.044212
3.7254,0.2767,89.6237,0.044506
4.0529,0.2793,89.5306,0.044790
4.4216,0.2826,89.4231,0.045109
4.7898,0.2864,89.3129,0.045427
5.1577,0.2894,89.1992,0.045750
5.5251,0.2922,89.0824,0.046080
5.8926,0.2958,88.9620,0.046395
6.2589,0.2990,88.8386,0.046725
6.6247,0.3018,88.7113,0.047054
6.9902,0.3046,88.5802,0.047378
7.3542,0.3079,88.4460,0.047726
7.7174,0.3106,88.3078,0.048042
8.0393,0.3129,88.1820,0.048323
8.4007,0.3158,88.0375,0.048625
8.7606,0.3184,87.8897,0.048945
9.1196,0.3208,87.7388,0.049264
9.4779,0.3233,87.5854,0.049559
9.8349,0.3259,87.4284,0.049850
10.1910,0.3284,87.2689,0.050127
10.5465,0.3305,87.1069,0.050414
10.9006,0.3331,86.9417,0.050714
11.2537,0.3356,86.7738,0.050996
11.6062,0.3374,86.6033,0.051284
11.9574,0.3399,86.4299,0.051563
12.2687,0.3421,86.2734,0.051808
12.6179,0.3437,86.0952,0.052098
12.9666,0.3461,85.9137,0.052392
13.3135,0.3485,85.7296,0.052690
13.6596,0.3497,85.5418,0.052992
14.0033,0.3521,85.3510,0.053282
14.3446,0.3538,85.1571,0.053585
14.6842,0.3551,84.9595,0.053870
15.0208,0.3572,84.7588,0.054159
15.3545,0.3582,84.5554,0.054444
15.6860,0.3596,84.3483,0.054738
15.9777,0.3609,84.1621,0.054992
16.3031,0.3616,83.9494,0.055269
16.6258,0.3629,83.7330,0.055540
16.9451,0.3636,83.5132,0.055837
17.2613,0.3640,83.2886,0.056119
17.5728,0.3648,83.0599,0.056395
17.8797,0.3646,82.8261,0.056647
18.1821,0.3647,82.5877,0.056898
18.4792,0.3643,82.3447,0.057168
18.7708,0.3634,82.0976,0.057420
19.0565,0.3629,81.8479,0.057676
19.3073,0.3620,81.6235,0.057898
19.5863,0.3613,81.3689,0.058141
19.8614,0.3606,81.1126,0.058387
20.1329,0.3597,80.8542,0.058635
20.4007,0.3594,80.5937,0.058878
20.6650,0.3587,80.3305,0.059133
20.9256,0.3583,80.0640,0.059375
21.1816,0.3578,79.7941,0.059613
21.4330,0.3571,79.5205,0.059860
21.6791,0.3567,79.2435,0.060101
21.9205,0.3557,78.9629,0.060344
22.1305,0.3555,78.7108,0.060564
22.3617,0.3547,78.4243,0.060798
22.5880,0.3542,78.1343,0.061042
22.8085,0.3535,77.8416,0.061277
23.0236,0.3529,77.5458,0.061516
23.2328,0.3524,77.2475,0.061757
23.4364,0.3516,76.9462,0.061997
23.6339,0.3513,76.6425,0.062224
23.8256,0.3504,76.3360,0.062461
24.0110,0.3502,76.0274,0.062698
24.1904,0.3494,75.7164,0.062929
24.3450,0.3490,75.4375,0.063142
24.5131,0.3484,75.1219,0.063381
24.6758,0.3478,74.8037,0.063616
24.8331,0.3473,74.4832,0.063855
24.9857,0.3467,74.1597,0.064093
25.1332,0.3463,73.8340,0.064327
25.2760,0.3457,73.5052,0.064572
25.4140,0.3453,73.1737,0.064809
25.5473,0.3446,72.8389,0.065052
25.6615,0.3442,72.5387,0.065270
25.7850,0.3433,72.1978,0.065517
25.9034,0.3426,71.8537,0.065757
26.0164,0.3415,71.5062,0.066004
26.1237,0.3406,71.1554,0.066253
26.2251,0.3391,70.8016,0.066496
26.3202,0.3377,70.4446,0.066749
26.4089,0.3358,70.0850,0.066999
26.4909,0.3338,69.7224,0.067246
26.5584,0.3316,69.3979,0.067467
26.6276,0.3289,69.0303,0.067719
26.6900,0.3258,68.6607,0.067972
26.7451,0.3224,68.2898,0.068220
26.7945,0.3186,67.9178,0.068478
26.8387,0.3146,67.5436,0.068730
26.8798,0.3105,67.1670,0.068995
26.9185,0.3062,66.7866,0.069254
26.9555,0.3020,66.4033,0.069529
26.9901,0.2974,66.0172,0.069795
27.0195,0.2935,65.6715,0.070038
27.0505,0.2885,65.2796,0.070318
27.0802,0.2840,64.8846,0.070603
27.1085,0.2788,64.4861,0.070885
27.1360,0.2742,64.0854,0.071173
27.1623,0.2688,63.6839,0.071462
27.1884,0.2641,63.2836,0.071748
27.2136,0.2587,62.8825,0.072041
27.2389,0.2539,62.4824,0.072328
27.2608,0.2490,62.1245,0.072589
27.2857,0.2443,61.7178,0.072885
27.3101,0.2388,61.3084,0.073189
27.3341,0.2340,60.8998,0.073479
27.3562,0.2286,60.4901,0.073772
27.3756,0.2236,60.0807,0.074078
27.3905,0.2181,59.6691,0.074405
27.4010,0.2129,59.2542,0.074743
27.4064,0.2073,58.8350,0.075067
27.4077,0.2024,58.4603,0.075366
27.4068,0.1967,58.0371,0.075707
27.4035,0.1914,57.6106,0.076063
27.3986,0.1860,57.1817,0.076411
27.3921,0.1811,56.7504,0.076766
27.3831,0.1761,56.3162,0.077132
27.3723,0.1718,55.8791,0.077488
27.3593,0.1673,55.4387,0.077849
27.3444,0.1634,54.9950,0.078217
27.3273,0.1596,54.5477,0.078599
27.3102,0.1566,54.1475,0.078940
27.2886,0.1536,53.6943,0.079323
27.2647,0.1509,53.2387,0.079716
27.2386,0.1486,52.7800,0.080129
27.2108,0.1467,52.3185,0.080547
27.1816,0.1453,51.8540,0.080961
27.1511,0.1443,51.3866,0.081380
27.1192,0.1439,50.9161,0.081808
27.0859,0.1437,50.4425,0.082232
27.0549,0.1442,50.0187,0.082616
27.0180,0.1446,49.5389,0.083047
26.9784,0.1450,49.0560,0.083484
26.9356,0.1451,48.5701,0.083917
26.8896,0.1448,48.0823,0.084340
26.8401,0.1443,47.5941,0.084778
26.7867,0.1434,47.1067,0.085200
26.7297,0.1421,46.6208,0.085609
26.6697,0.1405,46.1356,0.086018
26.6072,0.1386,45.6507,0.086435
26.5490,0.1366,45.2202,0.086805
26.4801,0.1340,44.7368,0.087226
26.4064,0.1311,44.2543,0.087648
26.3277,0.1278,43.7733,0.088054
26.2431,0.1240,43.2944,0.088439
26.1524,0.1199,42.8174,0.088830
26.0554,0.1153,42.3432,0.089222
25.9530,0.1104,41.8716,0.089605
25.8460,0.1050,41.4016,0.089981
25.7479,0.1001,40.9851,0.090322
25.6340,0.0940,40.5184,0.090707
25.5164,0.0877,40.0539,0.091103
25.3946,0.0809,39.5915,0.091487
25.2686,0.0740,39.1315,0.091875
25.1378,0.0664,38.6736,0.092277
25.0022,0.0587,38.2179,0.092692
24.8620,0.0504,37.7644,0.093101
24.7173,0.0420,37.3133,0.093500
24.5857,0.0340,36.9141,0.093853
24.4351,0.0249,36.4655,0.094261
24.2823,0.0154,36.0174,0.094665
24.1273,0.0057,35.5696,0.095053
23.9700,-0.0045,35.1213,0.095431
23.8100,-0.0148,34.6713,0.095822
23.6469,-0.0256,34.2189,0.096212
23.4802,-0.0367,33.7640,0.096603
23.3098,-0.0482,33.3070,0.096993
23.1350,-0.0600,32.8481,0.097391
22.9762,-0.0709,32.4389,0.097747
22.7934,-0.0835,31.9778,0.098146
22.6072,-0.0964,31.5176,0.098552
22.4183,-0.1096,31.0577,0.098958
22.2275,-0.1231,30.5978,0.099366
22.0351,-0.1368,30.1382,0.099777
21.8413,-0.1507,29.6795,0.100184
21.6461,-0.1649,29.2218,0.100600
21.4497,-0.1792,28.7652,0.101011
21.2742,-0.1922,28.3602,0.101380
21.0759,-0.2069,27.9055,0.101807
20.8766,-0.2218,27.4519,0.102248
20.6768,-0.2368,26.9993,0.102679
20.4762,-0.2521,26.5476,0.103111
20.2750,-0.2674,26.0967,0.103545
20.0731,-0.2830,25.6461,0.103983
19.8697,-0.2987,25.1951,0.104417
19.6640,-0.3147,24.7437,0.104835
19.4550,-0.3309,24.2921,0.105260
19.2424,-0.3472,23.8405,0.105689
19.0501,-0.3619,23.4389,0.106065
18.8048,-0.3805,22.9368,0.106533
18.6048,-0.3954,22.5355,0.106910
18.3759,-0.4124,22.0853,0.107338
18.1437,-0.4294,21.6353,0.107759
17.9087,-0.4466,21.1849,0.108186
17.6712,-0.4637,20.7345,0.108613
17.4311,-0.4809,20.2841,0.109042
17.1887,-0.4982,19.8340,0.109472
16.9438,-0.5154,19.3837,0.109903
16.6966,-0.5327,18.9332,0.110338
16.4471,-0.5499,18.4822,0.110772
16.2234,-0.5653,18.0807,0.111160
15.9697,-0.5825,17.6284,0.111596
15.7137,-0.5998,17.1749,0.112036
15.4548,-0.6171,16.7203,0.112477
15.1926,-0.6343,16.2649,0.112923
14.9266,-0.6516,15.8093,0.113372
14.6565,-0.6689,15.3536,0.113819
14.3821,-0.6862,14.8978,0.114269
14.1032,-0.7035,14.4424,0.114715
13.8200,-0.7208,13.9879,0.115165
13.5331,-0.7381,13.5349,0.115625
13.2751,-0.7534,13.1324,0.116044
12.9822,-0.7705,12.6797,0.116508
12.6864,-0.7876,12.2272,0.116985
12.3880,-0.8045,11.7753,0.117469
12.0866,-0.8213,11.3238,0.117949
11.7824,-0.8381,10.8724,0.118433
11.4748,-0.8547,10.4207,0.118919
11.1635,-0.8712,9.9693,0.119404
10.8479,-0.8877,9.5185,0.119882
10.5280,-0.9040,9.0687,0.120360
10.2034,-0.9203,8.6198,0.120837
9.8742,-0.9364,8.1722,0.121316
9.5777,-0.9506,7.7755,0.121738
9.2407,-0.9664,7.3315,0.122220
8.9000,-0.9820,6.8887,0.122706
8.5561,-0.9975,6.4468,0.123195
8.2092,-1.0126,6.0058,0.123682
7.8593,-1.0276,5.5661,0.124181
7.5060,-1.0422,5.1275,0.124682
7.1494,-1.0567,4.6902,0.125173
6.7893,-1.0707,4.2544,0.125661
6.4261,-1.0847,3.8206,0.126158
6.0597,-1.0981,3.3888,0.126639
5.6907,-1.1115,2.9597,0.127106
5.3199,-1.1242,2.5335,0.127585
4.9889,-1.1356,2.1568,0.128002
4.6151,-1.1475,1.7350,0.128467
4.2401,-1.1595,1.3156,0.128935
3.8639,-1.1707,0.8986,0.129402
3.4864,-1.1818,0.4838,0.129868
3.1075,-1.1922,0.0714,0.130331
2.7269,-1.2025,-0.3386,0.130797
2.3447,-1.2120,-0.7458,0.131263
1.9604,-1.2215,-1.1504,0.131725
1.5743,-1.2302,-1.5520,0.132198
1.2293,-1.2380,-1.9068,0.132624
0.8397,-1.2459,-2.3028,0.133093
0.4487,-1.2537,-2.6957,0.133575
0.0569,-1.2607,-3.0860,0.134061
-0.3357,-1.2676,-3.4742,0.134540
-0.7286,-1.2736,-3.8602,0.135027
-1.1220,-1.2796,-4.2441,0.135511
-1.5157,-1.2846,-4.6258,0.135997
-1.9096,-1.2895,-5.0056,0.136487
-2.3039,-1.2935,-5.3839,0.136976
-2.6982,-1.2975,-5.7605,0.137465
-3.0490,-1.3002,-6.0942,0.137902
-3.4433,-1.3030,-6.4681,0.138394
-3.8378,-1.3051,-6.8410,0.138883
-4.2319,-1.3069,-7.2125,0.139373
-4.6261,-1.3080,-7.5831,0.139861
-5.0197,-1.3086,-7.9525,0.140350
-5.4133,-1.3085,-8.3210,0.140835
-5.8061,-1.3076,-8.6881,0.141321
-6.1978,-1.3067,-9.0536,0.141805
-6.5450,-1.3057,-9.3771,0.142232
-6.9336,-1.3028,-9.7385,0.142710
-7.3199,-1.3000,-10.0973,0.143183
-7.7036,-1.2973,-10.4531,0.143655
-8.0850,-1.2928,-10.8061,0.144121
-8.4631,-1.2881,-11.1555,0.144579
-8.8378,-1.2835,-11.5013,0.145042
-9.2087,-1.2777,-11.8431,0.145490
-9.5750,-1.2713,-12.1800,0.145909
-9.8971,-1.2657,-12.4757,0.146261
-10.2553,-1.2589,-12.8042,0.146666
-10.6086,-1.2508,-13.1275,0.147063
-10.9576,-1.2429,-13.4464,0.147447
-11.3034,-1.2350,-13.7618,0.147821
-11.6466,-1.2254,-14.0740,0.148197
-11.9888,-1.2158,-14.3848,0.148593
-12.3306,-1.2062,-14.6946,0.149002
-12.6720,-1.1951,-15.0038,0.149398
-13.0127,-1.1837,-15.3113,0.149798
-13.3149,-1.1736,-15.5835,0.150159
-13.6536,-1.1613,-15.8880,0.150564
-13.9896,-1.1483,-16.1890,0.150959
-14.3224,-1.1353,-16.4863,0.151355
-14.6515,-1.1218,-16.7795,0.151743
-14.9760,-1.1074,-17.0674,0.152122
-15.2960,-1.0933,-17.3504,0.152498
-15.6120,-1.0790,-17.6286,0.152868
-15.9237,-1.0634,-17.9023,0.153230
-16.1995,-1.0497,-18.1432,0.153551
-16.5094,-1.0344,-18.4129,0.153912
-16.8197,-1.0174,-18.6819,0.154270
-17.1300,-1.0004,-18.9494,0.154631
-17.4417,-0.9835,-19.2152,0.154991
-17.7561,-0.9651,-19.4788,0.155346
-18.0732,-0.9465,-19.7386,0.155696
-18.3942,-0.9282,-19.9941,0.156052
-18.7196,-0.9086,-20.2452,0.156402
-19.0116,-0.8909,-20.4634,0.156705
-19.3438,-0.8714,-20.7033,0.157040
-19.6796,-0.8510,-20.9374,0.157380
-20.0177,-0.8302,-21.1644,0.157716
-20.3590,-0.8100,-21.3846,0.158039
-20.7033,-0.7889,-21.5982,0.158344
-21.0498,-0.7676,-21.8040,0.158648
-21.3985,-0.7470,-22.0021,0.158966
-21.7495,-0.7253,-22.1936,0.159272
-22.1021,-0.7038,-22.3787,0.159563
-22.4169,-0.6851,-22.5383,0.159816
-22.7723,-0.6630,-22.7123,0.160099
-23.1283,-0.6413,-22.8800,0.160389
-23.4856,-0.6199,-23.0422,0.160674
-23.8432,-0.5977,-23.1985,0.160956
-24.2020,-0.5759,-23.3492,0.161230
-24.5620,-0.5541,-23.4948,0.161504
-24.9225,-0.5320,-23.6350,0.161787
-25.2838,-0.5102,-23.7701,0.162059
-25.6057,-0.4906,-23.8863,0.162302
-25.9676,-0.4685,-24.0123,0.162572
-26.3295,-0.4467,-24.1342,0.162820
-26.6916,-0.4245,-24.2525,0.163078
-27.0534,-0.4025,-24.3672,0.163360
-27.4154,-0.3806,-24.4784,0.163670
-27.7771,-0.3584,-24.5862,0.164019
-28.1388,-0.3365,-24.6905,0.164349
-28.5006,-0.3145,-24.7916,0.164667
-28.8622,-0.2926,-24.8893,0.164970
-29.1838,-0.2732,-24.9732,0.165229
-29.5453,-0.2515,-25.0646,0.165549
-29.9069,-0.2300,-25.1526,0.165874
-30.2680,-0.2085,-25.2372,0.166149
-30.6293,-0.1880,-25.3186,0.166386
-30.9905,-0.1673,-25.3966,0.166601
-31.3513,-0.1470,-25.4712,0.166801
-31.7125,-0.1270,-25.5422,0.167032
-32.0731,-0.1066,-25.6097,0.167259
-32.3947,-0.0893,-25.6667,0.167466
-32.7582,-0.0696,-25.7264,0.167691
-33.1221,-0.0503,-25.7802,0.167923
-33.4872,-0.0318,-25.8272,0.168147
-33.8534,-0.0131,-25.8664,0.168353
-34.2182,0.0041,-25.8973,0.168564
-34.5823,0.0211,-25.9196,0.168789
-34.9445,0.0374,-25.9335,0.169039
-35.3062,0.0527,-25.9399,0.169301
-35.6268,0.0666,-25.9396,0.169558
-35.9847,0.0808,-25.9343,0.169836
-36.3411,0.0947,-25.9246,0.170087
-36.6953,0.1086,-25.9117,0.170327
-37.0478,0.1212,-25.8948,0.170546
-37.3987,0.1342,-25.8738,0.170751
-37.7471,0.1459,-25.8491,0.170957
-38.0949,0.1571,-25.8205,0.171173
-38.4407,0.1686,-25.7888,0.171391
-38.7859,0.1787,-25.7539,0.171608
-39.0925,0.1877,-25.7201,0.171803
-39.4360,0.1973,-25.6793,0.172023
-39.7792,0.2060,-25.6347,0.172240
-40.1217,0.2149,-25.5859,0.172434
-40.4625,0.2223,-25.5333,0.172635
-40.8027,0.2295,-25.4763,0.172849
-41.1412,0.2363,-25.4147,0.173084
-41.4788,0.2420,-25.3489,0.173339
-41.8151,0.2476,-25.2785,0.173629
-42.1121,0.2518,-25.2126,0.173868
-42.4454,0.2559,-25.1344,0.174120
-42.7770,0.2598,-25.0518,0.174367
-43.1072,0.2625,-24.9651,0.174599
-43.4355,0.2649,-24.8741,0.174830
-43.7615,0.2669,-24.7789,0.175061
-44.0859,0.2679,-24.6794,0.175303
-44.4080,0.2687,-24.5757,0.175538
-44.7268,0.2694,-24.4685,0.175758
-45.0080,0.2699,-24.3714,0.175948
-45.3233,0.2703,-24.2612,0.176154
-45.6379,0.2713,-24.1503,0.176348
-45.9509,0.2729,-24.0387,0.176547
-46.2632,0.2745,-23.9258,0.176745
-46.5754,0.2762,-23.8107,0.176949
-46.8863,0.2790,-23.6935,0.177161
-47.1963,0.2815,-23.5733,0.177384
-47.5054,0.2839,-23.4493,0.177617
-47.8137,0.2874,-23.3206,0.177841
-48.0856,0.2903,-23.2020,0.178036
-48.3891,0.2932,-23.0635,0.178250
-48.6905,0.2966,-22.9195,0.178465
-48.9883,0.3005,-22.7706,0.178681
-49.2832,0.3039,-22.6164,0.178907
-49.5752,0.3070,-22.4569,0.179122
-49.8631,0.3114,-22.2925,0.179345
-50.1470,0.3152,-22.1231,0.179564
-50.4270,0.3185,-21.9486,0.179778
-50.7034,0.3225,-21.7686,0.179988
-50.9749,0.3266,-21.5841,0.180195
-51.2419,0.3301,-21.3941,0.180401
-51.5050,0.3332,-21.1991,0.180597
-51.7343,0.3371,-21.0219,0.180778
-51.9877,0.3408,-20.8184,0.180983
-52.2362,0.3438,-20.6101,0.181186
-52.4803,0.3470,-20.3971,0.181390
-52.7187,0.3508,-20.1800,0.181593
-52.9519,0.3537,-19.9588,0.181802
-53.1801,0.3562,-19.7333,0.182005
-53.4034,0.3591,-19.5035,0.182213
-53.6209,0.3620,-19.2702,0.182415
-53.8330,0.3642,-19.0329,0.182616
-54.0398,0.3659,-18.7918,0.182810
-54.2414,0.3683,-18.5470,0.183007
-54.4155,0.3700,-18.3269,0.183176
-54.6060,0.3714,-18.0759,0.183386
-54.7909,0.3723,-17.8216,0.183591
-54.9705,0.3743,-17.5640,0.183781
-55.1436,0.3757,-17.3033,0.183973
-55.3109,0.3766,-17.0396,0.184144
-55.4724,0.3771,-16.7731,0.184322
-55.6285,0.3783,-16.5037,0.184490
-55.7783,0.3790,-16.2319,0.184662
-55.9221,0.3793,-15.9576,0.184841
-56.0599,0.3791,-15.6808,0.185015
-56.1773,0.3793,-15.4323,0.185174
-56.3029,0.3793,-15.1509,0.185345
-56.4216,0.3787,-14.8670,0.185510
-56.5338,0.3777,-14.5810,0.185675
-56.6395,0.3767,-14.2925,0.185841
-56.7381,0.3757,-14.0030,0.185998
-56.8301,0.3743,-13.7118,0.186162
-56.9156,0.3723,-13.4192,0.186331
-56.9949,0.3702,-13.1248,0.186492
-57.0674,0.3685,-12.8299,0.186660
-57.1331,0.3663,-12.5338,0.186822
-57.1922,0.3635,-12.2367,0.186990
-57.2393,0.3606,-11.9713,0.187134
-57.2859,0.3582,-11.6727,0.187298
-57.3257,0.3552,-11.3736,0.187467
-57.3589,0.3518,-11.0740,0.187630
-57.3854,0.3478,-10.7741,0.187800
-57.4057,0.3441,-10.4737,0.187966
-57.4192,0.3403,-10.1738,0.188128
-57.4260,0.3360,-9.8744,0.188296
-57.4267,0.3313,-9.5765,0.188457
-57.4222,0.3266,-9.2789,0.188623
-57.4143,0.3229,-9.0150,0.188766
-57.4014,0.3185,-8.7188,0.188940
-57.3845,0.3138,-8.4234,0.189102
-57.3635,0.3088,-8.1285,0.189267
-57.3386,0.3045,-7.8341,0.189432
-57.3096,0.3002,-7.5406,0.189599
-57.2764,0.2956,-7.2477,0.189767
-57.2390,0.2908,-6.9551,0.189930
-57.1976,0.2861,-6.6628,0.190095
-57.1524,0.2820,-6.3718,0.190262
-57.1037,0.2776,-6.0825,0.190431
-57.0525,0.2731,-5.7940,0.190596
-57.0059,0.2694,-5.5384,0.190749
-56.9523,0.2655,-5.2509,0.190917
-56.8976,0.2620,-4.9644,0.191088
-56.8415,0.2584,-4.6781,0.191266
-56.7842,0.2552,-4.3922,0.191433
-56.7256,0.2519,-4.1064,0.191606
-56.6651,0.2491,-3.8206,0.191780
-56.6029,0.2463,-3.5351,0.191956
-56.5383,0.2436,-3.2496,0.192127
-56.4719,0.2411,-2.9645,0.192304
-56.4033,0.2384,-2.6795,0.192476
-56.3327,0.2362,-2.3952,0.192648
-56.2682,0.2341,-2.1427,0.192803
-56.1932,0.2321,-1.8590,0.192973
-56.1166,0.2301,-1.5758,0.193144
-56.0379,0.2279,-1.2932,0.193313
-55.9571,0.2262,-1.0107,0.193491
-55.8743,0.2243,-0.7288,0.193659
-55.7884,0.2226,-0.4467,0.193830
-55.6995,0.2209,-0.1650,0.194003
-55.6070,0.2190,0.1159,0.194174
-55.5104,0.2173,0.3959,0.194329
-55.4100,0.2155,0.6744,0.194488
-55.3058,0.2135,0.9510,0.194658
-55.2113,0.2120,1.1952,0.194810
-55.1032,0.2102,1.4690,0.194999
-54.9937,0.2085,1.7421,0.195196
-54.8830,0.2070,2.0141,0.195407
-54.7711,0.2054,2.2854,0.195616
-54.6574,0.2039,2.5559,0.195807
-54.5425,0.2027,2.8257,0.195998
-54.4259,0.2013,3.0950,0.196194
-54.3071,0.2002,3.3640,0.196393
-54.1859,0.1990,3.6322,0.196593
-54.0759,0.1979,3.8698,0.196773
-53.9492,0.1964,4.1361,0.196973
-53.8201,0.1953,4.4013,0.197159
-53.6884,0.1940,4.6653,0.197354
-53.5539,0.1927,4.9281,0.197551
-53.4168,0.1913,5.1896,0.197761
-53.2768,0.1898,5.4499,0.197979
-53.1345,0.1886,5.7088,0.198214
-52.9895,0.1872,5.9665,0.198417
-52.8419,0.1858,6.2227,0.198618
-52.6916,0.1842,6.4776,0.198838
-52.5556,0.1830,6.7030,0.199044
-52.4003,0.1817,6.9553,0.199301
-52.2423,0.1802,7.2062,0.199587
-52.0817,0.1785,7.4558,0.199855
-51.9182,0.1771,7.7039,0.200114
-51.7523,0.1757,7.9505,0.200383
-51.5837,0.1741,8.1956,0.200639
-51.4124,0.1724,8.4393,0.200911
-51.2390,0.1710,8.6814,0.201175
-51.0633,0.1694,8.9221,0.201450
-50.9054,0.1680,9.1348,0.201682
-50.7260,0.1663,9.3731,0.201933
-50.5451,0.1649,9.6108,0.202179
-50.3624,0.1634,9.8480,0.202423
-50.1778,0.1618,10.0848,0.202679
-49.9909,0.1603,10.3214,0.202935
-49.8020,0.1589,10.5578,0.203179
-49.6107,0.1574,10.7944,0.203429
-49.4168,0.1558,11.0312,0.203673
-49.2200,0.1545,11.2683,0.203918
-49.0205,0.1530,11.5058,0.204169
-48.8178,0.1515,11.7442,0.204425
-48.6121,0.1500,11.9833,0.204691
-48.4044,0.1486,12.2234,0.204970
-48.2180,0.1473,12.4383,0.205224
-48.0064,0.1458,12.6820,0.205524
-47.7927,0.1446,12.9276,0.205793
-47.5769,0.1432,13.1750,0.206056
-47.3589,0.1418,13.4244,0.206307
-47.1381,0.1406,13.6760,0.206549
-46.9143,0.1393,13.9298,0.206808
-46.6868,0.1379,14.1852,0.207071
-46.4549,0.1366,14.4418,0.207345
-46.2454,0.1353,14.6705,0.207581
-46.0054,0.1337,14.9283,0.207856
-45.7606,0.1321,15.1865,0.208135
-45.5116,0.1303,15.4449,0.208419
-45.2579,0.1284,15.7036,0.208698
-44.9994,0.1266,15.9621,0.208979
-44.7364,0.1245,16.2207,0.209262
-44.4687,0.1223,16.4791,0.209548
-44.1961,0.1200,16.7369,0.209837
-43.9188,0.1175,16.9942,0.210122
-43.6368,0.1150,17.2510,0.210422
-43.3502,0.1123,17.5063,0.210706
-43.0925,0.1099,17.7327,0.210956
-42.7992,0.1071,17.9875,0.211261
-42.5020,0.1042,18.2430,0.211602
-42.2021,0.1012,18.4990,0.211973
-41.8992,0.0982,18.7553,0.212318
-41.5942,0.0951,19.0120,0.212676
-41.2877,0.0920,19.2684,0.213054
-40.9793,0.0887,19.5247,0.213446
-40.6703,0.0856,19.7806,0.213829
-40.3609,0.0821,20.0357,0.214205
-40.0516,0.0789,20.2903,0.214577
-39.7427,0.0756,20.5439,0.214944
-39.4678,0.0725,20.7690,0.215268
-39.1593,0.0692,21.0219,0.215631
-38.8510,0.0655,21.2740,0.215993
-38.5437,0.0622,21.5257,0.216343
-38.2379,0.0588,21.7769,0.216703
-37.9331,0.0551,22.0285,0.217060
-37.6306,0.0518,22.2810,0.217416
-37.3304,0.0480,22.5344,0.217771
-37.0647,0.0449,22.7607,0.218088
-36.7682,0.0416,23.0165,0.218455
-36.4731,0.0375,23.2738,0.218834
-36.1789,0.0341,23.5319,0.219195
-35.8865,0.0304,23.7905,0.219571
-35.5948,0.0264,24.0500,0.219940
-35.3048,0.0230,24.3102,0.220311
-35.0158,0.0189,24.5713,0.220684
-34.7277,0.0149,24.8330,0.221055
-34.4413,0.0111,25.0955,0.221422
-34.1871,0.0074,25.3297,0.221741
-33.9012,0.0034,25.5932,0.222108
-33.6164,-0.0008,25.8566,0.222476
-33.3318,-0.0050,26.1201,0.222847
-33.0475,-0.0092,26.3834,0.223221
-32.7636,-0.0136,26.6466,0.223592
-32.4807,-0.0180,26.9094,0.223963
-32.1995,-0.0226,27.1704,0.224329
-31.9215,-0.0270,27.4291,0.224689
-31.6475,-0.0315,27.6842,0.225044
-31.4075,-0.0356,27.9075,0.225367
-31.1426,-0.0399,28.1544,0.225739
-30.8830,-0.0444,28.3967,0.226101
-30.6280,-0.0489,28.6345,0.226435
-30.3786,-0.0530,28.8676,0.226745
-30.1338,-0.0574,29.0967,0.227038
-29.8920,-0.0619,29.3228,0.227337
-29.6532,-0.0659,29.5467,0.227632
-29.4169,-0.0703,29.7685,0.227931
-29.2084,-0.0744,29.9643,0.228203
-28.9755,-0.0786,30.1827,0.228502
-28.7474,-0.0827,30.3973,0.228792
-28.5241,-0.0873,30.6076,0.229078
-28.3054,-0.0916,30.8132,0.229373
-28.0922,-0.0954,31.0143,0.229668
-27.8836,-0.0998,31.2113,0.229956
-27.6798,-0.1041,31.4040,0.230224
-27.4805,-0.1081,31.5922,0.230496
-27.2857,-0.1120,31.7767,0.230752
-27.1146,-0.1158,31.9391,0.230989
-26.9232,-0.1200,32.1208,0.231240
-26.7318,-0.1240,32.3023,0.231496
-26.5415,-0.1282,32.4834,0.231756
-26.3512,-0.1327,32.6646,0.232022
-26.1611,-0.1372,32.8457,0.232282
-25.9716,-0.1417,33.0265,0.232546
-25.7825,-0.1460,33.2069,0.232800
-25.5945,-0.1508,33.3881,0.233062
-25.4280,-0.1551,33.5495,0.233303
-25.2416,-0.1599,33.7314,0.233587
-25.0563,-0.1645,33.9132,0.233867
-24.8728,-0.1697,34.0959,0.234149
-24.6909,-0.1748,34.2794,0.234424
-24.5110,-0.1800,34.4639,0.234707
-24.3328,-0.1853,34.6493,0.234995
-24.1566,-0.1909,34.8363,0.235283
-23.9823,-0.1965,35.0245,0.235563
-23.8098,-0.2023,35.2140,0.235845
-23.6576,-0.2075,35.3830,0.236103
-23.4879,-0.2136,35.5742,0.236402
-23.3204,-0.2198,35.7669,0.236683
-23.1547,-0.2262,35.9600,0.236952
-22.9920,-0.2327,36.1542,0.237246
-22.8331,-0.2394,36.3491,0.237572
-22.6788,-0.2462,36.5456,0.237967
-22.5291,-0.2535,36.7436,0.238297
-22.3851,-0.2609,36.9449,0.238640
-22.2615,-0.2677,37.1265,0.238960
-22.1269,-0.2762,37.3331,0.239325
-21.9973,-0.2845,37.5434,0.239692
-21.8715,-0.2930,37.7567,0.240040
-21.7491,-0.3023,37.9713,0.240384
-21.6266,-0.3115,38.1887,0.240719
-21.5056,-0.3205,38.4074,0.241090
-21.3848,-0.3302,38.6261,0.241415
-21.2623,-0.3395,38.8461,0.241707
-21.1547,-0.3473,39.0417,0.241944
-21.0346,-0.3573,39.2615,0.242206
-20.9143,-0.3658,39.4828,0.242489
-20.7976,-0.3747,39.7026,0.242770
-20.6827,-0.3836,39.9238,0.243051
-20.5730,-0.3916,40.1450,0.243332
-20.4673,-0.4004,40.3672,0.243605
-20.3675,-0.4079,40.5909,0.243875
-20.2722,-0.4161,40.8162,0.244154
-20.1928,-0.4220,41.0169,0.244404
-20.1088,-0.4292,41.2438,0.244690
-20.0297,-0.4350,41.4728,0.244975
-19.9563,-0.4409,41.7030,0.245253
-19.8892,-0.4454,41.9332,0.245542
-19.8271,-0.4492,42.1653,0.245836
-19.7710,-0.4521,42.3977,0.246143
-19.7206,-0.4534,42.6305,0.246442
-19.6760,-0.4540,42.8642,0.246727
-19.6371,-0.4532,43.0972,0.247019
-19.6075,-0.4514,43.3057,0.247274
-19.5794,-0.4488,43.5385,0.247559
-19.5569,-0.4451,43.7722,0.247843
-19.5395,-0.4415,44.0045,0.248123
-19.5274,-0.4369,44.2372,0.248405
-19.5199,-0.4326,44.4681,0.248685
-19.5179,-0.4275,44.6980,0.248957
-19.5216,-0.4226,44.9258,0.250337
-19.6399,-0.3993,46.0117,0.250571
-19.6835,-0.3955,46.2273,0.250838
-19.7325,-0.3912,46.4405,0.251112
-19.7873,-0.3874,46.6513,0.251382
-19.8478,-0.3842,46.8605,0.251651
-19.9138,-0.3806,47.0663,0.251906
-19.9858,-0.3776,47.2686,0.252167
-20.0636,-0.3753,47.4677,0.252435
-20.1377,-0.3731,47.6423,0.252688
-20.2259,-0.3709,47.8348,0.252981
-20.3195,-0.3694,48.0237,0.253276
-20.4182,-0.3682,48.2101,0.253560
-20.5223,-0.3669,48.3939,0.253840
-20.6315,-0.3659,48.5753,0.254115
-20.7445,-0.3655,48.7550,0.254391
-20.8605,-0.3651,48.9340,0.254696
-20.9785,-0.3644,49.1127,0.254975
-21.0844,-0.3639,49.2715,0.255206
-21.2042,-0.3634,49.4496,0.255441
-21.3256,-0.3631,49.6276,0.255657
-21.4490,-0.3625,49.8052,0.255872
-21.5742,-0.3620,49.9821,0.256096
-21.7012,-0.3616,50.1583,0.256327
-21.8306,-0.3614,50.3348,0.256567
-21.9618,-0.3611,50.5123,0.256819
-22.0933,-0.3606,50.6908,0.257087
-22.2100,-0.3601,50.8502,0.257308
-22.3415,-0.3595,51.0297,0.257558
-22.4738,-0.3590,51.2084,0.257816
-22.6079,-0.3585,51.3857,0.258093
-22.7445,-0.3581,51.5607,0.258384
-22.8840,-0.3580,51.7331,0.258679
-23.0274,-0.3581,51.9027,0.258959
-23.1752,-0.3586,52.0696,0.259242
-23.3269,-0.3594,52.2334,0.259527
-23.4648,-0.3602,52.3765,0.259777
-23.6234,-0.3615,52.5349,0.260090
-23.7853,-0.3630,52.6907,0.260390
-23.9503,-0.3647,52.8439,0.260661
-24.1186,-0.3666,52.9949,0.260921
-24.2898,-0.3685,53.1431,0.261156
-24.4642,-0.3706,53.2888,0.261414
-24.6419,-0.3726,53.4316,0.261690
-24.8223,-0.3745,53.5709,0.261939
-25.0056,-0.3766,53.7069,0.262165
-25.1714,-0.3782,53.8252,0.262352
-25.3601,-0.3800,53.9549,0.262556
-25.5517,-0.3820,54.0815,0.262756
-25.7455,-0.3835,54.2044,0.262969
-25.9415,-0.3853,54.3235,0.263190
-26.1405,-0.3868,54.4389,0.263411
-26.3418,-0.3883,54.5497,0.263647
-26.5461,-0.3902,54.6561,0.263889
-26.7525,-0.3915,54.7576,0.264121
-26.9380,-0.3930,54.8439,0.264325
-27.1499,-0.3946,54.9371,0.264558
-27.3646,-0.3961,55.0262,0.264799
-27.5827,-0.3978,55.1123,0.265056
-27.8040,-0.3988,55.1969,0.265319
-28.0275,-0.4000,55.2807,0.265579
-28.2540,-0.4006,55.3650,0.265840
-28.4825,-0.4008,55.4507,0.266092
-28.7122,-0.4007,55.5380,0.266349
-28.9168,-0.4000,55.6162,0.266583
-29.1479,-0.3992,55.7039,0.266849
-29.3804,-0.3979,55.7904,0.267116
-29.6138,-0.3965,55.8746,0.267377
-29.8497,-0.3951,55.9565,0.267648
-30.0865,-0.3933,56.0349,0.267914
-30.3254,-0.3918,56.1105,0.268185
-30.5667,-0.3898,56.1832,0.268451
-30.8095,-0.3879,56.2528,0.268722
-31.0549,-0.3860,56.3198,0.268996
-31.2738,-0.3840,56.3766,0.269247
-31.5221,-0.3819,56.4381,0.269521
-31.7726,-0.3796,56.4967,0.269790
-32.0246,-0.3772,56.5525,0.270075
-32.2785,-0.3751,56.6053,0.270356
-32.5349,-0.3724,56.6550,0.270658
-32.7934,-0.3699,56.7021,0.270973
-33.0555,-0.3673,56.7475,0.271279
-33.3192,-0.3643,56.7919,0.271577
-33.5557,-0.3616,56.8321,0.271850
-33.8235,-0.3581,56.8781,0.272153
-34.0926,-0.3544,56.9249,0.272457
-34.3633,-0.3507,56.9721,0.272761
-34.6355,-0.3464,57.0192,0.273066
-34.9084,-0.3422,57.0663,0.273367
-35.1831,-0.3378,57.1127,0.273673
-35.4582,-0.3332,57.1578,0.273981
-35.7350,-0.3286,57.2021,0.274293
-36.0133,-0.3238,57.2454,0.274604
-36.2618,-0.3194,57.2832,0.274878
-36.5427,-0.3144,57.3250,0.275188
-36.8251,-0.3094,57.3660,0.275500
-37.1086,-0.3040,57.4065,0.275810
-37.3927,-0.2988,57.4459,0.276122
-37.6774,-0.2935,57.4840,0.276439
-37.9619,-0.2881,57.5190,0.276753
-38.2464,-0.2833,57.5496,0.277075
-38.5335,-0.2782,57.5756,0.277369
-38.7901,-0.2737,57.5945,0.277637
-39.0804,-0.2692,57.6116,0.277952
-39.3735,-0.2644,57.6265,0.278263
-39.6685,-0.2593,57.6401,0.278552
-39.9652,-0.2548,57.6537,0.278844
-40.2645,-0.2495,57.6678,0.279121
-40.5650,-0.2441,57.6814,0.279407
-40.8675,-0.2394,57.6951,0.279700
-41.1715,-0.2335,57.7079,0.279997
-41.4418,-0.2284,57.7179,0.280259
-41.7475,-0.2234,57.7280,0.280561
-42.0549,-0.2175,57.7363,0.280860
-42.3628,-0.2119,57.7425,0.281155
-42.6723,-0.2069,57.7474,0.281454
-42.9835,-0.2011,57.7508,0.281755
-43.2953,-0.1960,57.7523,0.282069
-43.6088,-0.1911,57.7526,0.282375
-43.9240,-0.1855,57.7512,0.282666
-44.2398,-0.1807,57.7480,0.282962
-44.5572,-0.1760,57.7433,0.283254
-44.8757,-0.1708,57.7365,0.283552
-45.1594,-0.1667,57.7290,0.283816
-45.4798,-0.1622,57.7180,0.284113
-45.8015,-0.1575,57.7040,0.284406
-46.1247,-0.1532,57.6874,0.284700
-46.4497,-0.1490,57.6686,0.285002
-46.7766,-0.1446,57.6479,0.285296
-47.1054,-0.1404,57.6264,0.285595
-47.4362,-0.1363,57.6045,0.285899
-47.7688,-0.1321,57.5820,0.286202
-48.1033,-0.1280,57.5596,0.286510
-48.4022,-0.1243,57.5396,0.286783
-48.7399,-0.1203,57.5163,0.287089
-49.0794,-0.1162,57.4931,0.287395
-49.4204,-0.1121,57.4696,0.287703
-49.7630,-0.1083,57.4457,0.288017
-50.1072,-0.1042,57.4218,0.288327
-50.4527,-0.1003,57.3977,0.288635
-50.8004,-0.0966,57.3736,0.288950
-51.1495,-0.0926,57.3494,0.289263
-51.4999,-0.0890,57.3250,0.289575
-51.8524,-0.0853,57.3007,0.289894
-52.1669,-0.0818,57.2790,0.290174
-52.5220,-0.0784,57.2545,0.290496
-52.8790,-0.0748,57.2299,0.290816
-53.2371,-0.0711,57.2050,0.291127
-53.5971,-0.0679,57.1801,0.291444
-53.9589,-0.0644,57.1551,0.291762
-54.3219,-0.0610,57.1298,0.292083
-54.6866,-0.0578,57.1046,0.292409
-55.0530,-0.0543,57.0792,0.292735
-55.3800,-0.0515,57.0569,0.293028
-55.7494,-0.0482,57.0318,0.293358
-56.1204,-0.0450,57.0069,0.293689
-56.4929,-0.0416,56.9821,0.294029
-56.8666,-0.0383,56.9574,0.294365
-57.2419,-0.0353,56.9329,0.294704
-57.6182,-0.0319,56.9085,0.295038
-57.9953,-0.0291,56.8839,0.295376
-58.3731,-0.0260,56.8591,0.295712
-58.7513,-0.0229,56.8331,0.296053
-59.0885,-0.0206,56.8089,0.296356
-59.4693,-0.0176,56.7800,0.296696
-59.8515,-0.0149,56.7507,0.297035
-60.2346,-0.0123,56.7216,0.297376
-60.6189,-0.0096,56.6925,0.297720
-61.0043,-0.0069,56.6632,0.298066
-61.3901,-0.0044,56.6338,0.298418
-61.7769,-0.0019,56.6045,0.298765
-62.1634,0.0007,56.5753,0.299110
-62.5071,0.0025,56.5498,0.299415
-62.8939,0.0049,56.5215,0.299756
-63.2802,0.0070,56.4935,0.300101
-63.6661,0.0091,56.4663,0.300441
-64.0515,0.0112,56.4396,0.300782
-64.4361,0.0132,56.4129,0.301113
-64.8202,0.0150,56.3867,0.301448
-65.2037,0.0169,56.3608,0.301787
-65.5866,0.0188,56.3352,0.302129
-65.9264,0.0202,56.3124,0.302437
-66.3091,0.0217,56.2874,0.302775
-66.6923,0.0232,56.2636,0.303117
-67.0762,0.0248,56.2420,0.303459
-67.4602,0.0262,56.2240,0.303804
-67.8444,0.0275,56.2102,0.304149
-68.2281,0.0287,56.2005,0.304492
-68.6102,0.0299,56.1946,0.304834
-68.9905,0.0309,56.1907,0.305176
-69.3701,0.0317,56.1874,0.305516
-69.7069,0.0324,56.1846,0.305818
-70.0847,0.0332,56.1818,0.306158
-70.4613,0.0337,56.1796,0.306503
-70.8371,0.0341,56.1781,0.306840
-71.2122,0.0345,56.1771,0.307180
-71.5866,0.0349,56.1762,0.307517
-71.9604,0.0349,56.1758,0.307861
-72.3338,0.0349,56.1757,0.308200
-72.7065,0.0350,56.1758,0.308542
-73.0373,0.0349,56.1758,0.308841
-73.4085,0.0346,56.1758,0.309182
-73.7786,0.0343,56.1753,0.309523
-74.1474,0.0340,56.1735,0.309860
-74.5148,0.0336,56.1693,0.310206
-74.8806,0.0331,56.1626,0.310544
-75.2444,0.0326,56.1526,0.310883
-75.6060,0.0322,56.1383,0.311221
-75.9646,0.0317,56.1187,0.311564
-76.2813,0.0313,56.0963,0.311869
-76.6350,0.0308,56.0650,0.312205
-76.9851,0.0306,56.0266,0.312539
-77.3317,0.0303,55.9804,0.312879
-77.6756,0.0301,55.9263,0.313217
-78.0156,0.0304,55.8635,0.313554
-78.3519,0.0302,55.7926,0.313889
-78.6842,0.0303,55.7134,0.314221
-79.0115,0.0308,55.6259,0.314553
-79.3340,0.0316,55.5298,0.314884
-79.6161,0.0322,55.4371,0.315177
-79.9306,0.0334,55.3240,0.315499
-80.2396,0.0351,55.2023,0.315820
-80.5429,0.0365,55.0725,0.316135
-80.8417,0.0384,54.9354,0.316457
-81.1352,0.0409,54.7906,0.316770
-81.4245,0.0432,54.6388,0.317080
-81.7100,0.0457,54.4804,0.317376
-81.9929,0.0490,54.3155,0.317668
-82.2417,0.0519,54.1638,0.317930
-82.5191,0.0552,53.9888,0.318219
-82.7947,0.0588,53.8085,0.318507
-83.0682,0.0632,53.6228,0.318788
-83.3394,0.0673,53.4319,0.319068
-83.6091,0.0716,53.2370,0.319341
-83.8776,0.0762,53.0386,0.319621
-84.1457,0.0810,52.8377,0.319889
-84.4142,0.0858,52.6359,0.320161
-84.6845,0.0905,52.4346,0.320433
-84.9270,0.0947,52.2573,0.320676
-85.2022,0.0994,52.0609,0.320950
-85.4803,0.1039,51.8686,0.321216
-85.7612,0.1084,51.6808,0.321486
-86.0451,0.1126,51.4977,0.321762
-86.3317,0.1167,51.3196,0.322037
-86.6208,0.1207,51.1466,0.322306
-86.9124,0.1245,50.9788,0.322576
-87.2064,0.1282,50.8163,0.322830
-87.4706,0.1312,50.6763,0.323058
-87.8053,0.1348,50.5075,0.323356
-88.1107,0.1379,50.3621,0.323616
-88.4197,0.1406,50.2229,0.323882
-88.7324,0.1431,50.0902,0.324135
-89.0131,0.1451,49.9777,0.324364
-89.3319,0.1471,49.8576,0.324625
-89.6541,0.1489,49.7447,0.324896
-89.9797,0.1502,49.6390,0.325151
-90.3090,0.1513,49.5411,0.325420
-90.6416,0.1519,49.4512,0.325672
-90.9780,0.1523,49.3693,0.325938
-91.3174,0.1523,49.2951,0.326206
-91.6600,0.1519,49.2278,0.326472
-92.0054,0.1513,49.1662,0.326743
-92.3531,0.1504,49.1096,0.327013
-92.6640,0.1493,49.0631,0.327259
-93.0161,0.1479,49.0150,0.327542
-93.3714,0.1463,48.9715,0.327823
-93.7299,0.1444,48.9322,0.328111
-94.0920,0.1421,48.8972,0.328411
-94.4575,0.1396,48.8663,0.328708
-94.8263,0.1368,48.8394,0.329010
-95.1983,0.1337,48.8166,0.329310
-95.5733,0.1303,48.7976,0.329612
-95.9509,0.1267,48.7824,0.329915
-96.2883,0.1232,48.7717,0.330185
-96.6710,0.1191,48.7619,0.330497
-97.0572,0.1148,48.7538,0.330798
-97.4472,0.1102,48.7477,0.331113
-97.8410,0.1054,48.7443,0.331417
-98.2388,0.1002,48.7444,0.331734
-98.6410,0.0946,48.7486,0.332051
-99.0469,0.0888,48.7579,0.332371
-99.4562,0.0825,48.7727,0.332697
-99.8687,0.0759,48.7935,0.333021
-100.2835,0.0687,48.8205,0.333346
-100.7003,0.0612,48.8535,0.333684
-101.0727,0.0543,48.8876,0.333985
-101.4938,0.0460,48.9305,0.334319
-101.9173,0.0376,48.9769,0.334662
-102.3434,0.0286,49.0263,0.335004
-102.7718,0.0195,49.0787,0.335357
-103.2022,0.0101,49.1342,0.335694
-103.6353,0.0002,49.1928,0.336057
-104.0714,-0.0097,49.2547,0.336422
-104.5102,-0.0204,49.3203,0.336799
-104.9028,-0.0299,49.3818,0.337127
-105.3470,-0.0412,49.4547,0.337511
-105.7940,-0.0527,49.5315,0.337899
-106.2427,-0.0646,49.6119,0.338291
-106.6942,-0.0768,49.6952,0.338690
-107.1484,-0.0893,49.7806,0.339077
-107.6056,-0.1022,49.8681,0.339464
-108.0651,-0.1152,49.9576,0.339842
-108.5275,-0.1288,50.0493,0.340241
-108.9407,-0.1409,50.1325,0.340613
-109.4080,-0.1552,50.2281,0.341046
-109.8782,-0.1695,50.3258,0.341461
-110.3511,-0.1843,50.4257,0.341882
-110.8269,-0.1993,50.5274,0.342307
-111.3053,-0.2148,50.6312,0.342735
-111.7867,-0.2305,50.7367,0.343155
-112.2707,-0.2467,50.8443,0.343571
-112.7576,-0.2629,50.9535,0.343992
-113.2472,-0.2798,51.0648,0.344413
-113.7394,-0.2968,51.1778,0.344828
-114.2350,-0.3144,51.2930,0.345242
-114.7333,-0.3322,51.4106,0.345669
-115.1785,-0.3483,51.5172,0.346060
-115.6812,-0.3668,51.6399,0.346503
-116.1862,-0.3856,51.7648,0.346949
-116.6938,-0.4048,51.8919,0.347405
-117.2041,-0.4243,52.0206,0.347882
-117.7165,-0.4446,52.1512,0.348343
-118.2316,-0.4651,52.2833,0.348818
-118.7488,-0.4861,52.4172,0.349298
-119.2681,-0.5072,52.5522,0.349782
-119.7904,-0.5285,52.6887,0.350279
-120.2564,-0.5479,52.8109,0.350709
-120.7832,-0.5695,52.9488,0.351202
-121.3124,-0.5917,53.0877,0.351702
-121.8442,-0.6137,53.2268,0.352198
-122.3784,-0.6363,53.3666,0.352705
-122.9152,-0.6590,53.5064,0.353229
-123.4550,-0.6817,53.6472,0.353751
-123.9970,-0.7049,53.7884,0.354275
-124.5416,-0.7278,53.9298,0.354814
-125.0277,-0.7488,54.0562,0.355285
-125.5762,-0.7722,54.1981,0.355804
-126.1249,-0.7955,54.3396,0.356334
-126.6720,-0.8191,54.4788,0.356862
-127.2180,-0.8420,54.6136,0.357389
-127.7637,-0.8654,54.7429,0.357918
-128.3105,-0.8887,54.8649,0.358444
-128.8619,-0.9119,54.9808,0.358989
-129.4147,-0.9356,55.0917,0.359515
-129.9067,-0.9560,55.1861,0.359986
-130.4616,-0.9797,55.2886,0.360515
-131.0164,-1.0029,55.3871,0.361033
-131.5721,-1.0262,55.4827,0.361555
-132.1305,-1.0495,55.5745,0.362073
-132.6926,-1.0724,55.6633,0.362586
-133.2584,-1.0955,55.7489,0.363106
-133.8280,-1.1183,55.8323,0.363622
-134.4012,-1.1411,55.9134,0.364152
-134.9134,-1.1612,55.9837,0.364616
-135.4924,-1.1838,56.0616,0.365151
-136.0741,-1.2061,56.1376,0.365691
-136.6587,-1.2282,56.2129,0.366234
-137.2459,-1.2502,56.2874,0.366784
-137.8360,-1.2716,56.3617,0.367341
-138.4287,-1.2928,56.4360,0.367899
-139.0239,-1.3136,56.5101,0.368460
-139.6216,-1.3340,56.5846,0.369023
-140.2217,-1.3540,56.6591,0.369593
-140.7572,-1.3712,56.7259,0.370101
-141.3618,-1.3903,56.8012,0.370678
-141.9688,-1.4087,56.8769,0.371264
-142.5775,-1.4266,56.9530,0.371855
-143.1858,-1.4439,57.0292,0.372461
-143.7907,-1.4602,57.1049,0.373059
-144.3893,-1.4759,57.1799,0.373659
-144.9808,-1.4907,57.2539,0.374247
-145.5658,-1.5045,57.3273,0.374830
-146.0802,-1.5163,57.3917,0.375346
-146.6521,-1.5286,57.4633,0.375916
-147.2162,-1.5402,57.5339,0.376480
-147.7715,-1.5509,57.6033,0.377038
-148.3189,-1.5609,57.6716,0.377584
-148.8584,-1.5701,57.7389,0.378133
-149.3903,-1.5787,57.8051,0.378666
-149.9149,-1.5866,57.8704,0.379181
-150.4333,-1.5937,57.9348,0.379711
-150.8889,-1.5997,57.9912,0.380158
-151.3960,-1.6057,58.0530,0.380654
-151.8992,-1.6114,58.1109,0.381156
-152.3998,-1.6166,58.1638,0.381642
-152.8993,-1.6216,58.2109,0.382122
-153.3983,-1.6262,58.2524,0.382603
-153.8957,-1.6306,58.2879,0.383075
-154.3920,-1.6346,58.3166,0.383552
-154.8878,-1.6385,58.3376,0.384021
-155.3836,-1.6421,58.3513,0.384504
-155.8237,-1.6450,58.3583,0.384935
-156.3192,-1.6482,58.3616,0.385415
-156.8144,-1.6509,58.3615,0.385898
-157.3101,-1.6535,58.3580,0.386389
-157.8061,-1.6554,58.3508,0.386880
-158.3026,-1.6575,58.3399,0.387371
-158.7992,-1.6587,58.3258,0.387855
-159.2953,-1.6601,58.3088,0.388339
-159.7906,-1.6608,58.2892,0.388831
-160.2295,-1.6613,58.2696,0.389256
-160.7222,-1.6616,58.2440,0.389741
-161.2134,-1.6615,58.2147,0.390230
-161.7034,-1.6614,58.1813,0.390709
-162.1917,-1.6607,58.1442,0.391193
-162.6785,-1.6601,58.1032,0.391686
-163.1640,-1.6590,58.0581,0.392167
-163.6479,-1.6578,58.0088,0.392647
-164.1312,-1.6565,57.9548,0.393130
-164.6134,-1.6546,57.8968,0.393607
-165.0416,-1.6530,57.8422,0.394040
-165.5231,-1.6512,57.7783,0.394521
-166.0045,-1.6496,57.7124,0.394998
-166.4852,-1.6468,57.6449,0.395476
-166.9657,-1.6441,57.5756,0.395950
-167.4458,-1.6415,57.5047,0.396435
-167.9254,-1.6389,57.4324,0.396895
-168.4047,-1.6352,57.3590,0.397372
-168.8824,-1.6315,57.2850,0.397839
-169.3047,-1.6282,57.2182,0.398241
-169.7776,-1.6247,57.1399,0.398693
-170.2492,-1.6201,57.0570,0.399155
-170.7189,-1.6156,56.9695,0.399608
-171.1882,-1.6113,56.8779,0.400049
-171.6571,-1.6067,56.7842,0.400505
-172.1247,-1.6011,56.6903,0.400942
-172.5921,-1.5956,56.5955,0.401398
-173.0593,-1.5901,56.4996,0.401842
-173.5264,-1.5839,56.4024,0.402286
-173.9409,-1.5779,56.3152,0.402693
-174.4067,-1.5712,56.2165,0.403130
-174.8722,-1.5644,56.1171,0.403575
-175.3367,-1.5564,56.0173,0.404025
-175.8004,-1.5485,55.9173,0.404459
-176.2636,-1.5405,55.8170,0.404912
-176.7262,-1.5315,55.7166,0.405344
-177.1857,-1.5223,55.6166,0.405790
-177.6398,-1.5132,55.5178,0.406225
-178.0379,-1.5044,55.4310,0.406605
-178.4787,-1.4942,55.3349,0.407027
-178.9128,-1.4841,55.2402,0.407442
-179.3405,-1.4736,55.1469,0.407861
-179.7601,-1.4625,55.0553,0.408273
-180.1718,-1.4516,54.9654,0.408667
-180.5757,-1.4405,54.8770,0.409062
-180.9714,-1.4287,54.7905,0.409440
-181.3594,-1.4171,54.7056,0.409821
-181.7404,-1.4054,54.6221,0.410189
-182.0740,-1.3943,54.5485,0.410504
-182.4460,-1.3819,54.4649,0.410854
-182.8165,-1.3695,54.3792,0.411207
-183.1844,-1.3560,54.2916,0.411555
-183.5498,-1.3426,54.2015,0.411899
-183.9128,-1.3291,54.1086,0.412240
-184.2725,-1.3146,54.0112,0.412588
-184.6292,-1.3004,53.9084,0.412932
-184.9446,-1.2875,53.8120,0.413234
-185.2966,-1.2721,53.6984,0.413574
-185.6469,-1.2569,53.5807,0.413911
-185.9964,-1.2408,53.4602,0.414256
-186.3446,-1.2241,53.3373,0.414588
-186.6932,-1.2072,53.2120,0.414932
-187.0405,-1.1889,53.0851,0.415263
-187.3868,-1.1706,52.9569,0.415607
-187.7319,-1.1508,52.8270,0.415937
-188.0734,-1.1310,52.6950,0.416284
-188.3748,-1.1122,52.5747,0.416586
-188.7087,-1.0906,52.4356,0.416921
-189.0386,-1.0680,52.2912,0.417259
-189.3634,-1.0445,52.1406,0.417607
-189.6851,-1.0198,51.9837,0.417952
-190.0009,-0.9943,51.8221,0.418288
-190.3126,-0.9671,51.6551,0.418634
-190.6185,-0.9395,51.4831,0.418975
-190.9192,-0.9093,51.3052,0.419328
-191.1811,-0.8821,51.1423,0.419631
-191.4687,-0.8497,50.9540,0.419981
-191.7501,-0.8156,50.7581,0.420340
-192.0236,-0.7807,50.5559,0.420683
-192.2904,-0.7451,50.3473,0.421025
-192.5514,-0.7093,50.1324,0.421379
-192.8080,-0.6735,49.9128,0.421742
-193.0619,-0.6377,49.6889,0.422092
-193.3114,-0.6026,49.4626,0.422445
-193.5576,-0.5681,49.2346,0.422820
-193.7726,-0.5384,49.0303,0.423146
-194.0096,-0.5064,48.7979,0.423526
-194.2417,-0.4761,48.5621,0.423913
-194.4672,-0.4482,48.3236,0.424303
-194.6868,-0.4225,48.0826,0.424694
-194.9008,-0.3989,47.8390,0.425066
-195.1115,-0.3774,47.5887,0.425455
-195.3158,-0.3590,47.3350,0.425902
-195.5139,-0.3427,47.0787,0.426274
-195.7069,-0.3284,46.8188,0.426691
-195.8733,-0.3187,46.5868,0.427109
-196.0564,-0.3090,46.3234,0.427551
-196.2374,-0.3020,46.0567,0.428026
-196.4141,-0.2971,45.7909,0.428672
-196.5878,-0.2938,45.5223,0.429246
-196.7561,-0.2935,45.2525,0.430048
-196.9201,-0.2941,44.9789,0.430874
-197.0777,-0.2985,44.7036,0.431386
-197.2293,-0.3037,44.4254,0.431390
-197.7735,-0.3268,43.3094,0.434257
-197.9060,-0.3293,43.0167,0.434820
-198.0381,-0.3311,42.7223,0.435281
-198.1700,-0.3318,42.4255,0.435845
-198.3020,-0.3320,42.1255,0.436262
-198.4339,-0.3316,41.8238,0.436570
-198.5657,-0.3306,41.5204,0.436829
-198.6961,-0.3293,41.2163,0.437089
-198.8240,-0.3276,40.9100,0.437402
-198.9341,-0.3260,40.6364,0.437732
-199.0531,-0.3243,40.3263,0.438132
-199.1664,-0.3224,40.0141,0.438496
-199.2744,-0.3207,39.6990,0.438876
-199.3768,-0.3189,39.3824,0.439355
-199.4733,-0.3174,39.0648,0.439949
-199.5628,-0.3158,38.7464,0.440395
-199.6446,-0.3145,38.4280,0.440762
-199.7184,-0.3135,38.1091,0.441143
-199.7842,-0.3126,37.7898,0.441544
-199.8428,-0.3121,37.4703,0.441867
-199.8948,-0.3116,37.1502,0.442180
-199.9357,-0.3114,36.8652,0.442417
-199.9761,-0.3115,36.5433,0.442706
-200.0107,-0.3115,36.2209,0.443024
-200.0393,-0.3119,35.8986,0.443400
-200.0618,-0.3124,35.5776,0.443805
-200.0773,-0.3131,35.2577,0.444181
-200.0851,-0.3142,34.9382,0.444529
-200.0851,-0.3156,34.6189,0.444863
-200.0773,-0.3173,34.2990,0.445213
-200.0630,-0.3193,33.9791,0.445555
-200.0437,-0.3215,33.6586,0.445892
-200.0201,-0.3237,33.3365,0.446218
-199.9968,-0.3259,33.0474,0.446497
-199.9693,-0.3283,32.7187,0.446821
-199.9411,-0.3305,32.3874,0.447161
-199.9121,-0.3328,32.0530,0.447517
-199.8820,-0.3349,31.7157,0.447901
-199.8509,-0.3368,31.3760,0.448254
-199.8191,-0.3384,31.0337,0.448630
-199.7867,-0.3397,30.6893,0.449030
-199.7538,-0.3409,30.3431,0.449468
-199.7208,-0.3425,29.9957,0.449868
-199.6875,-0.3438,29.6483,0.450203
-199.6577,-0.3451,29.3401,0.450471
-199.6235,-0.3468,28.9942,0.450803
-199.5874,-0.3482,28.6503,0.451138
-199.5483,-0.3503,28.3088,0.451445
-199.5051,-0.3522,27.9695,0.451749
-199.4565,-0.3544,27.6334,0.452053
-199.4021,-0.3574,27.2989,0.452368
-199.3412,-0.3603,26.9657,0.452680
-199.2738,-0.3638,26.6334,0.453013
-199.2091,-0.3671,26.3374,0.453321
-199.1302,-0.3710,26.0046,0.453634
-199.0453,-0.3758,25.6716,0.453982
-198.9543,-0.3803,25.3377,0.454361
-198.8565,-0.3853,25.0053,0.454757
-198.7527,-0.3910,24.6744,0.455140
-198.6416,-0.3966,24.3474,0.455508
-198.5234,-0.4032,24.0247,0.455857
-198.3981,-0.4097,23.7052,0.456209
-198.2809,-0.4158,23.4253,0.456521
-198.1432,-0.4234,23.1128,0.456907
-197.9991,-0.4306,22.8038,0.457279
-197.8490,-0.4385,22.4975,0.457649
-197.6933,-0.4461,22.1929,0.458018
-197.5318,-0.4539,21.8914,0.458392
-197.3655,-0.4619,21.5918,0.458775
-197.1948,-0.4694,21.2959,0.459154
-197.0199,-0.4773,21.0028,0.459530
-196.8407,-0.4845,20.7119,0.459900
-196.6775,-0.4911,20.4560,0.460226
-196.4900,-0.4982,20.1702,0.460600
-196.2981,-0.5050,19.8881,0.460982
-196.1013,-0.5116,19.6084,0.461354
-195.8989,-0.5177,19.3320,0.461723
-195.6910,-0.5237,19.0581,0.462107
-195.4777,-0.5291,18.7880,0.462508
-195.2593,-0.5342,18.5217,0.462954
-195.0351,-0.5385,18.2599,0.463376
-194.8314,-0.5420,18.0316,0.463731
-194.5973,-0.5452,17.7809,0.464099
-194.3578,-0.5479,17.5367,0.464467
-194.1138,-0.5497,17.3002,0.464840
-193.8644,-0.5506,17.0708,0.465234
-193.6110,-0.5509,16.8489,0.465615
-193.3524,-0.5498,16.6339,0.465971
-193.0886,-0.5482,16.4258,0.466367
-192.8216,-0.5451,16.2261,0.466794
-192.5805,-0.5416,16.0551,0.467203
-192.3074,-0.5371,15.8720,0.467603
-192.0286,-0.5310,15.6979,0.467968
-191.7457,-0.5251,15.5339,0.468297
-191.4617,-0.5177,15.3815,0.468644
-191.1742,-0.5102,15.2395,0.468996
-190.8852,-0.5023,15.1085,0.469342
-190.5925,-0.4939,14.9884,0.469691
-190.2990,-0.4854,14.8793,0.470040
-190.0362,-0.4782,14.7915,0.470340
-189.7403,-0.4698,14.7032,0.470685
-189.4430,-0.4622,14.6261,0.471022
-189.1461,-0.4543,14.5599,0.471359
-188.8489,-0.4475,14.5054,0.471691
-188.5530,-0.4400,14.4620,0.472029
-188.2575,-0.4341,14.4311,0.472368
-187.9635,-0.4273,14.4120,0.472680
-187.6717,-0.4220,14.4055,0.473012
-187.3806,-0.4163,14.4101,0.473366
-187.1257,-0.4117,14.4238,0.473715
-186.8392,-0.4073,14.4486,0.474108
-186.5556,-0.4023,14.4833,0.474463
-186.2723,-0.3987,14.5281,0.474785
-185.9890,-0.3939,14.5815,0.475091
-185.7052,-0.3901,14.6441,0.475427
-185.4168,-0.3859,14.7143,0.475755
-185.1275,-0.3815,14.7916,0.476064
-184.8359,-0.3775,14.8764,0.476353
-184.5426,-0.3728,14.9682,0.476635
-184.2807,-0.3692,15.0563,0.476897
-183.9851,-0.3644,15.1609,0.477205
-183.6881,-0.3597,15.2712,0.477549
-183.3893,-0.3544,15.3857,0.477920
-183.0888,-0.3491,15.5027,0.478268
-182.7856,-0.3431,15.6223,0.478632
-182.4798,-0.3370,15.7422,0.479037
-182.1710,-0.3304,15.8619,0.479503
-181.8622,-0.3232,15.9808,0.479914
-181.5855,-0.3171,16.0863,0.480230
-181.2725,-0.3090,16.2064,0.480537
-180.9589,-0.3016,16.3264,0.480866
-180.6444,-0.2934,16.4481,0.481219
-180.3313,-0.2857,16.5724,0.481604
-180.0165,-0.2781,16.7000,0.482008
-179.7017,-0.2697,16.8317,0.482392
-179.3842,-0.2621,16.9660,0.482798
-179.0643,-0.2534,17.1013,0.483262
-178.7438,-0.2456,17.2368,0.483723
-178.4557,-0.2383,17.3581,0.484092
-178.1308,-0.2296,17.4958,0.484466
-177.8031,-0.2216,17.6343,0.484843
-177.4738,-0.2126,17.7742,0.485239
-177.1424,-0.2045,17.9148,0.485592
-176.8087,-0.1959,18.0566,0.485939
-176.4743,-0.1874,18.1994,0.486282
-176.1374,-0.1793,18.3430,0.486630
-175.7988,-0.1705,18.4879,0.486981
-175.4960,-0.1634,18.6171,0.487280
-175.1534,-0.1549,18.7635,0.487630
-174.8099,-0.1468,18.9108,0.487983
-174.4644,-0.1388,19.0587,0.488333
-174.1185,-0.1306,19.2082,0.488667
-173.7723,-0.1229,19.3594,0.489020
-173.4260,-0.1151,19.5143,0.489374
-173.0794,-0.1076,19.6727,0.489727
-172.7319,-0.1001,19.8349,0.490074
-172.3838,-0.0928,20.0013,0.490428
-172.0729,-0.0863,20.1512,0.490738
-171.7220,-0.0792,20.3218,0.491103
-171.3689,-0.0721,20.4940,0.491446
-171.0137,-0.0649,20.6683,0.491804
-170.6570,-0.0582,20.8449,0.492172
-170.2981,-0.0512,21.0231,0.492531
-169.9378,-0.0447,21.2035,0.492886
-169.5755,-0.0378,21.3852,0.493244
-169.2119,-0.0311,21.5687,0.493606
-168.8459,-0.0248,21.7538,0.493974
-168.4783,-0.0181,21.9402,0.494347
-168.1092,-0.0121,22.1284,0.494714
-167.7794,-0.0062,22.2966,0.495048
-167.4070,0.0000,22.4873,0.495424
-167.0319,0.0060,22.6793,0.495802
-166.6552,0.0125,22.8722,0.496189
-166.2767,0.0180,23.0666,0.496568
-165.8960,0.0243,23.2619,0.496942
-165.5138,0.0301,23.4585,0.497342
-165.1290,0.0359,23.6562,0.497724
-164.7428,0.0420,23.8550,0.498113
-164.3541,0.0473,24.0549,0.498502
-163.9641,0.0534,24.2559,0.498897
-163.6167,0.0581,24.4357,0.499246
-163.2242,0.0636,24.6398,0.499641
-162.8310,0.0691,24.8463,0.500037
-162.4361,0.0740,25.0551,0.500441
-162.0395,0.0796,25.2664,0.500840
-161.6417,0.0843,25.4796,0.501247
-161.2415,0.0894,25.6941,0.501649
-160.8397,0.0942,25.9102,0.502056
-160.4354,0.0987,26.1279,0.502454
-160.0295,0.1037,26.3473,0.502866
-159.6214,0.1079,26.5681,0.503268
-159.2120,0.1126,26.7899,0.503670
-158.8479,0.1164,26.9876,0.504018
-158.4379,0.1206,27.2101,0.504412
-158.0281,0.1249,27.4325,0.504812
-157.6179,0.1288,27.6548,0.505221
-157.2069,0.1330,27.8766,0.505636
-156.7952,0.1368,28.0971,0.506038
-156.3819,0.1405,28.3154,0.506454
-155.9672,0.1442,28.5309,0.506871
-155.5504,0.1475,28.7430,0.507283
-155.1319,0.1510,28.9511,0.507695
-154.7119,0.1539,29.1547,0.508111
-154.3381,0.1565,29.3314,0.508477
-153.9177,0.1594,29.5265,0.508883
-153.4966,0.1619,29.7197,0.509282
-153.0748,0.1646,29.9112,0.509681
-152.6517,0.1670,30.1000,0.510079
-152.2262,0.1692,30.2843,0.510480
-151.7984,0.1713,30.4632,0.510873
-151.3674,0.1730,30.6357,0.511272
-150.9339,0.1746,30.8010,0.511678
-150.5004,0.1758,30.9578,0.512086
-150.0648,0.1768,31.1072,0.512496
-149.6761,0.1776,31.2347,0.512856
-149.2377,0.1780,31.3728,0.513254
-148.7992,0.1785,31.5064,0.513656
-148.3598,0.1788,31.6372,0.514062
-147.9193,0.1790,31.7652,0.514460
-147.4772,0.1791,31.8902,0.514846
-147.0331,0.1790,32.0127,0.515243
-146.5862,0.1789,32.1329,0.515632
-146.1362,0.1787,32.2506,0.516034
-145.6839,0.1783,32.3652,0.516431
-145.2304,0.1779,32.4765,0.516831
-144.7765,0.1773,32.5847,0.517228
-144.3722,0.1768,32.6798,0.517576
-143.9168,0.1762,32.7859,0.517981
-143.4610,0.1756,32.8911,0.518378
-143.0048,0.1750,32.9954,0.518775
-142.5482,0.1743,33.0989,0.519173
-142.0912,0.1736,33.2017,0.519570
-141.6343,0.1730,33.3039,0.519976
-141.1778,0.1724,33.4054,0.520387
-140.7216,0.1717,33.5061,0.520787
-140.3162,0.1711,33.5951,0.521155
-139.8605,0.1704,33.6945,0.521570
-139.4048,0.1696,33.7929,0.521996
-138.9497,0.1689,33.8905,0.522408
-138.4950,0.1681,33.9875,0.522820
-138.0407,0.1674,34.0838,0.523234
-137.5870,0.1668,34.1797,0.523647
-137.1338,0.1662,34.2752,0.524053
-136.6809,0.1656,34.3700,0.524454
-136.2284,0.1652,34.4643,0.524856
-135.8261,0.1647,34.5477,0.525212
-135.3732,0.1643,34.6403,0.525615
-134.9202,0.1640,34.7311,0.526010
-134.4669,0.1636,34.8198,0.526408
-134.0134,0.1633,34.9061,0.526803
-133.5598,0.1629,34.9901,0.527204
-133.1061,0.1626,35.0715,0.527597
-132.6523,0.1624,35.1501,0.527990
-132.1986,0.1621,35.2261,0.528388
-131.7449,0.1619,35.2993,0.528782
-131.2914,0.1617,35.3697,0.529171
-130.8883,0.1616,35.4300,0.529522
-130.4350,0.1615,35.4949,0.529914
-129.9817,0.1614,35.5570,0.530307
-129.5282,0.1615,35.6159,0.530699
-129.0746,0.1615,35.6713,0.531086
-128.6208,0.1615,35.7228,0.531474
-128.1667,0.1616,35.7700,0.531865
-127.7125,0.1617,35.8127,0.532254
-127.2580,0.1618,35.8504,0.532644
-126.8036,0.1620,35.8830,0.533037
-126.3997,0.1620,35.9075,0.533379
-125.9455,0.1623,35.9300,0.533771
-125.4926,0.1624,35.9470,0.534175
-125.0415,0.1626,35.9592,0.534567
-124.5917,0.1630,35.9684,0.534966
-124.1425,0.1632,35.9755,0.535363
-123.6945,0.1639,35.9805,0.535761
-123.2479,0.1645,35.9834,0.536157
-122.8021,0.1650,35.9844,0.536551
-122.4069,0.1660,35.9840,0.536892
-121.9628,0.1669,35.9821,0.537283
-121.5192,0.1680,35.9790,0.537668
-121.0761,0.1694,35.9749,0.538046
-120.6329,0.1706,35.9692,0.538433
-120.1897,0.1725,35.9617,0.538814
-119.7467,0.1740,35.9516,0.539191
-119.3038,0.1758,35.9390,0.539571
-118.8616,0.1779,35.9237,0.539954
-118.4687,0.1796,35.9077,0.540289
-118.0269,0.1820,35.8870,0.540662
-117.5859,0.1842,35.8631,0.541032
-117.1452,0.1865,35.8361,0.541404
-116.7056,0.1891,35.8060,0.541776
-116.2667,0.1914,35.7725,0.542141
-115.8285,0.1940,35.7359,0.542504
-115.3913,0.1963,35.6957,0.542870
-114.9547,0.1987,35.6521,0.543237
-114.5194,0.2012,35.6051,0.543595
-114.0850,0.2034,35.5545,0.543953
-113.6996,0.2057,35.5067,0.544272
-113.2671,0.2080,35.4495,0.544637
-112.8355,0.2103,35.3890,0.545000
-112.4052,0.2127,35.3249,0.545366
-111.9760,0.2150,35.2573,0.545730
-111.5478,0.2174,35.1862,0.546091
-111.1210,0.2197,35.1117,0.546441
-110.6952,0.2220,35.0340,0.546794
-110.2707,0.2244,34.9527,0.547148
-109.8476,0.2266,34.8682,0.547502
-109.4722,0.2288,34.7900,0.547822
-109.0515,0.2311,34.6990,0.548172
-108.6319,0.2333,34.6048,0.548527
-108.2138,0.2357,34.5071,0.548885
-107.7972,0.2378,34.4064,0.549240
-107.3812,0.2402,34.3020,0.549599
-106.9662,0.2425,34.1937,0.549957
-106.5522,0.2445,34.0809,0.550309
-106.1399,0.2465,33.9626,0.550667
-105.7751,0.2479,33.8527,0.550979
-105.3669,0.2495,33.7234,0.551336
-104.9611,0.2508,33.5882,0.551700
-104.5579,0.2518,33.4470,0.552068
-104.1581,0.2527,33.3001,0.552428
-103.7607,0.2532,33.1479,0.552798
-103.3664,0.2537,32.9904,0.553168
-102.9753,0.2538,32.8280,0.553546
-102.5873,0.2538,32.6608,0.553922
-102.2451,0.2537,32.5086,0.554246
-101.8629,0.2532,32.3332,0.554612
-101.4839,0.2528,32.1538,0.554978
-101.1081,0.2520,31.9708,0.555345
-100.7353,0.2513,31.7849,0.555713
-100.3648,0.2505,31.5967,0.556073
-99.9962,0.2496,31.4067,0.556440
-99.6295,0.2488,31.2151,0.556798
-99.2646,0.2479,31.0220,0.557153
-98.9013,0.2471,30.8275,0.557503
-98.5794,0.2464,30.6537,0.557815
-98.2185,0.2456,30.4571,0.558168
-97.8585,0.2448,30.2594,0.558514
-97.4997,0.2441,30.0606,0.558862
-97.1418,0.2434,29.8608,0.559212
-96.7847,0.2428,29.6594,0.559560
-96.4288,0.2422,29.4565,0.559908
-96.0741,0.2415,29.2518,0.560254
-95.7207,0.2409,29.0453,0.560600
-95.4077,0.2402,28.8599,0.560908
-95.0570,0.2395,28.6489,0.561253
-94.7081,0.2388,28.4356,0.561598
-94.3611,0.2378,28.2195,0.561939
-94.0162,0.2369,28.0006,0.562285
-93.6734,0.2359,27.7789,0.562628
-93.3329,0.2347,27.5545,0.562969
-92.9949,0.2335,27.3268,0.563312
-92.6594,0.2322,27.0963,0.563654
-92.3266,0.2306,26.8631,0.563994
-92.0329,0.2291,26.6530,0.564297
-91.7051,0.2274,26.4143,0.564638
-91.3801,0.2255,26.1729,0.564972
-91.0579,0.2234,25.9284,0.565311
-90.7385,0.2213,25.6818,0.565647
-90.4221,0.2185,25.4335,0.565984
-90.1081,0.2159,25.1832,0.566320
-89.7959,0.2131,24.9324,0.566647
-89.4848,0.2103,24.6801,0.566984
-89.1748,0.2078,24.4271,0.567314
-88.8997,0.2053,24.2006,0.567610
-88.5912,0.2028,23.9435,0.567943
-88.2840,0.2003,23.6842,0.568274
-87.9783,0.1977,23.4220,0.568608
-87.6744,0.1954,23.1575,0.568936
-87.3725,0.1930,22.8905,0.569273
-87.0729,0.1907,22.6209,0.569602
-86.7758,0.1886,22.3490,0.569937
-86.4813,0.1863,22.0747,0.570268
-86.1895,0.1842,21.7976,0.570597
-85.9323,0.1825,21.5497,0.570890
-85.6458,0.1804,21.2686,0.571220
-85.3621,0.1787,20.9851,0.571550
-85.0815,0.1769,20.6996,0.571882
-84.8038,0.1752,20.4118,0.572210
-84.5292,0.1737,20.1217,0.572542
-84.2578,0.1723,19.8294,0.572868
-83.9894,0.1709,19.5348,0.573200
-83.7241,0.1697,19.2381,0.573527
-83.4910,0.1686,18.9726,0.573815
-83.2317,0.1676,18.6718,0.574139
-82.9756,0.1667,18.3691,0.574473
-82.7228,0.1657,18.0644,0.574804
-82.4730,0.1650,17.7576,0.575147
-82.2266,0.1644,17.4489,0.575486
-81.9833,0.1637,17.1383,0.575820
-81.7433,0.1634,16.8258,0.576157
-81.5067,0.1630,16.5115,0.576485
-81.2989,0.1626,16.2304,0.576788
-81.0684,0.1625,15.9127,0.577122
-80.8411,0.1624,15.5933,0.577451
-80.6171,0.1622,15.2722,0.577779
-80.3965,0.1624,14.9498,0.578105
-80.1792,0.1625,14.6266,0.578424
-79.9644,0.1626,14.3028,0.578760
-79.7517,0.1630,13.9788,0.579106
-79.5406,0.1635,13.6549,0.579447
-79.3306,0.1639,13.3310,0.579788
-79.1451,0.1646,13.0432,0.580094
-78.9376,0.1655,12.7195,0.580432
-78.7311,0.1662,12.3959,0.580778
-78.5254,0.1674,12.0720,0.581123
-78.3208,0.1686,11.7483,0.581459
-78.1169,0.1697,11.4246,0.581791
-77.9137,0.1712,11.1005,0.582118
-77.7115,0.1728,10.7766,0.582449
-77.5101,0.1743,10.4528,0.582778
-77.3316,0.1758,10.1645,0.583069
-77.1318,0.1779,9.8403,0.583388
-76.9328,0.1797,9.5163,0.583714
-76.7345,0.1817,9.1917,0.584035
-76.5372,0.1842,8.8673,0.584364
-76.3408,0.1864,8.5429,0.584692
-76.1452,0.1886,8.2178,0.585016
-75.9510,0.1914,7.8925,0.585338
-75.7580,0.1939,7.5671,0.585662
-75.5876,0.1958,7.2772,0.585950
-75.3970,0.1988,6.9505,0.586264
-75.2079,0.2016,6.6236,0.586587
-75.0206,0.2040,6.2958,0.586905
-74.8348,0.2070,5.9671,0.587214
-74.6510,0.2101,5.6383,0.587524
-74.4692,0.2126,5.3084,0.587837
-74.2892,0.2157,4.9775,0.588147
-74.1113,0.2189,4.6465,0.588467
-73.9357,0.2216,4.3143,0.588782
-73.7814,0.2242,4.0181,0.589069
-73.6100,0.2278,3.6848,0.589381
-73.4412,0.2306,3.3503,0.589703
-73.2746,0.2334,3.0147,0.590023
-73.1107,0.2372,2.6791,0.590352
-72.9494,0.2402,2.3423,0.590672
-72.7906,0.2431,2.0048,0.590991
-72.6340,0.2469,1.6665,0.591311
-72.4804,0.2500,1.3276,0.591615
-72.3460,0.2528,1.0257,0.591901
-72.1970,0.2563,0.6855,0.592218
-72.0510,0.2597,0.3446,0.592522
-71.9076,0.2629,0.0031,0.592828
-71.7664,0.2664,-0.3390,0.593134
-71.6283,0.2699,-0.6817,0.593444
-71.4928,0.2733,-1.0249,0.593754
-71.3599,0.2766,-1.3688,0.594048
-71.2301,0.2804,-1.7122,0.594346
-71.1177,0.2836,-2.0155,0.594610
-70.9813,0.2874,-2.3911,0.594936
-70.8629,0.2909,-2.7269,0.595220
-70.7488,0.2943,-3.0593,0.595501
-70.6507,0.2973,-3.3523,0.595754
-70.5439,0.3000,-3.6787,0.596029
-70.4413,0.3031,-4.0019,0.596306
-70.3422,0.3060,-4.3229,0.596571
-70.2458,0.3082,-4.6429,0.596834
-70.1520,0.3108,-4.9636,0.597083
-70.0607,0.3135,-5.2839,0.597340
-69.9714,0.3157,-5.6039,0.597603
-69.8845,0.3177,-5.9247,0.597849
-69.8092,0.3199,-6.2097,0.598075
-69.7266,0.3222,-6.5304,0.598311
-69.6463,0.3238,-6.8517,0.598545
-69.5682,0.3260,-7.1739,0.598794
-69.4924,0.3283,-7.4963,0.599030
-69.4191,0.3299,-7.8197,0.599271
-69.3493,0.3315,-8.1453,0.599502
-69.2846,0.3335,-8.4724,0.599733
-69.2257,0.3346,-8.8012,0.599969
-69.1791,0.3350,-9.0945,0.600173
-69.1339,0.3360,-9.4228,0.600403
-69.0976,0.3363,-9.7473,0.600630
-69.0713,0.3355,-10.0692,0.600858
-69.0555,0.3346,-10.3888,0.601081
-69.0504,0.3332,-10.7044,0.601301
-69.0557,0.3309,-11.0149,0.601505
-69.0707,0.3278,-11.3190,0.601714
-69.0955,0.3249,-11.6175,0.601921
-69.1263,0.3215,-11.8784,0.602106
-69.1699,0.3170,-12.1671,0.602315
-69.2206,0.3120,-12.4514,0.602535
-69.2770,0.3072,-12.7320,0.602757
-69.3377,0.3023,-13.0078,0.602983
-69.4020,0.2969,-13.2792,0.603192
-69.4691,0.2911,-13.5481,0.603397
-69.5384,0.2860,-13.8161,0.603589
-69.6098,0.2809,-14.0819,0.603780
-69.6832,0.2754,-14.3463,0.603959
-69.7493,0.2704,-14.5802,0.604133
-69.8238,0.2655,-14.8430,0.604326
-69.8983,0.2607,-15.1050,0.604521
-69.9726,0.2560,-15.3666,0.604713
-70.0470,0.2513,-15.6280,0.604904
-70.1213,0.2472,-15.8896,0.605097
-70.1957,0.2435,-16.1506,0.605281
-70.2706,0.2397,-16.4121,0.605475
-70.3467,0.2356,-16.6741,0.605665
-70.4163,0.2328,-16.9078,0.605840
-70.4974,0.2296,-17.1702,0.606034
-70.5824,0.2260,-17.4326,0.606221
-70.6720,0.2220,-17.6950,0.606421
-70.7669,0.2189,-17.9562,0.606608
-70.8675,0.2152,-18.2155,0.606799
-70.9742,0.2110,-18.4725,0.606991
-71.0867,0.2067,-18.7276,0.607180
-71.2049,0.2028,-18.9796,0.607369
-71.3288,0.1984,-19.2287,0.607561
-71.4434,0.1941,-19.4475,0.607730
-71.5773,0.1895,-19.6910,0.607933
-71.7161,0.1850,-19.9306,0.608123
-71.8599,0.1801,-20.1665,0.608312
-72.0079,0.1747,-20.3978,0.608499
-72.1594,0.1703,-20.6252,0.608695
-72.3131,0.1656,-20.8487,0.608885
-72.4678,0.1607,-21.0695,0.609093
-72.6230,0.1563,-21.2891,0.609304
-72.7784,0.1527,-21.5073,0.609522
-72.9172,0.1494,-21.6998,0.609698
-73.0745,0.1456,-21.9150,0.609904
-73.2332,0.1424,-22.1295,0.610113
-73.3936,0.1396,-22.3427,0.610323
-73.5569,0.1367,-22.5547,0.610546
-73.7230,0.1337,-22.7646,0.610774
-73.8926,0.1311,-22.9727,0.610999
-74.0656,0.1285,-23.1780,0.611215
-74.2420,0.1259,-23.3804,0.611427
-74.4219,0.1230,-23.5800,0.611640
-74.6052,0.1201,-23.7763,0.611859
-74.7920,0.1173,-23.9693,0.612060
-74.9610,0.1145,-24.1380,0.612246
-75.1549,0.1109,-24.3245,0.612460
-75.3527,0.1072,-24.5067,0.612671
-75.5541,0.1031,-24.6840,0.612875
-75.7592,0.0987,-24.8566,0.613073
-75.9683,0.0941,-25.0244,0.613274
-76.1799,0.0892,-25.1868,0.613470
-76.3937,0.0839,-25.3437,0.613661
-76.6084,0.0788,-25.4965,0.613856
-76.8238,0.0735,-25.6465,0.614047
-77.0401,0.0682,-25.7946,0.614245
-77.2568,0.0631,-25.9401,0.614442
-77.4501,0.0584,-26.0674,0.614610
-77.6691,0.0533,-26.2083,0.614810
-77.8897,0.0481,-26.3468,0.615004
-78.1125,0.0427,-26.4826,0.615202
-78.3370,0.0375,-26.6152,0.615398
-78.5635,0.0320,-26.7448,0.615598
-78.7919,0.0266,-26.8715,0.615792
-79.0216,0.0212,-26.9950,0.615992
-79.2528,0.0157,-27.1158,0.616187
-79.4851,0.0103,-27.2340,0.616390
-79.7186,0.0048,-27.3496,0.616592
-79.9536,-0.0006,-27.4628,0.616789
-80.1632,-0.0053,-27.5611,0.616965
-80.4005,-0.0106,-27.6693,0.617165
-80.6388,-0.0158,-27.7749,0.617366
-80.8785,-0.0210,-27.8779,0.617564
-81.1191,-0.0260,-27.9781,0.617763
-81.3608,-0.0311,-28.0756,0.617968
-81.6029,-0.0357,-28.1705,0.618169
-81.8449,-0.0406,-28.2630,0.618371
-82.0871,-0.0449,-28.3540,0.618572
-82.3293,-0.0493,-28.4439,0.618776
-82.5452,-0.0529,-28.5229,0.618957
-82.7880,-0.0567,-28.6105,0.619161
-83.0315,-0.0604,-28.6967,0.619369
-83.2752,-0.0638,-28.7814,0.619578
-83.5197,-0.0669,-28.8647,0.619789
-83.7644,-0.0699,-28.9464,0.620000
-84.0098,-0.0726,-29.0266,0.620215
-84.2549,-0.0750,-29.1053,0.620430
-84.4997,-0.0773,-29.1827,0.620647
-84.7435,-0.0790,-29.2600,0.620865
-84.9873,-0.0807,-29.3374,0.621083
-85.2034,-0.0816,-29.4063,0.621277
-85.4466,-0.0828,-29.4837,0.621498
-85.6892,-0.0833,-29.5608,0.621720
-85.9317,-0.0838,-29.6377,0.621943
-86.1745,-0.0839,-29.7142,0.622167
-86.4168,-0.0840,-29.7905,0.622390
-86.6590,-0.0837,-29.8665,0.622617
-86.9007,-0.0833,-29.9422,0.622843
-87.1424,-0.0827,-30.0178,0.623069
-87.3568,-0.0819,-30.0850,0.623273
-87.5978,-0.0810,-30.1607,0.623500
-87.8388,-0.0796,-30.2362,0.623728
-88.0793,-0.0782,-30.3118,0.623956
-88.3198,-0.0765,-30.3872,0.624183
-88.5598,-0.0747,-30.4627,0.624411
-88.7996,-0.0728,-30.5381,0.624638
-89.0394,-0.0706,-30.6132,0.624865
-89.2787,-0.0683,-30.6884,0.625091
-89.5177,-0.0661,-30.7636,0.625318
-89.7302,-0.0639,-30.8301,0.625519
-89.9688,-0.0614,-30.9051,0.625745
-90.2071,-0.0589,-30.9800,0.625972
-90.4455,-0.0564,-31.0542,0.626197
-90.6833,-0.0538,-31.1291,0.626422
-90.9208,-0.0513,-31.2038,0.626646
-91.1582,-0.0488,-31.2781,0.626873
-91.3951,-0.0462,-31.3527,0.627098
-91.6313,-0.0436,-31.4273,0.627325
-91.8666,-0.0413,-31.5019,0.627549
-92.1005,-0.0387,-31.5775,0.627774
-92.3064,-0.0363,-31.6457,0.627975
-92.5355,-0.0336,-31.7244,0.628200
-92.7634,-0.0315,-31.8060,0.628424
-92.9889,-0.0286,-31.8912,0.628648
-93.2122,-0.0257,-31.9795,0.628873
-93.4330,-0.0230,-32.0709,0.629097
-93.6523,-0.0207,-32.1654,0.629319
-93.8704,-0.0180,-32.2625,0.629542
-94.0868,-0.0149,-32.3628,0.629762
-94.3018,-0.0122,-32.4657,0.629982
-94.5168,-0.0098,-32.5703,0.630202
-94.7318,-0.0074,-32.6761,0.630422
-94.9231,-0.0052,-32.7706,0.630618
-95.1387,-0.0026,-32.8769,0.630840
-95.3548,-0.0005,-32.9832,0.631058
-95.5711,0.0016,-33.0894,0.631280
-95.7874,0.0036,-33.1955,0.631500
-96.0034,0.0055,-33.3015,0.631720
-96.2195,0.0070,-33.4075,0.631939
-96.4356,0.0087,-33.5135,0.632158
-96.6511,0.0106,-33.6199,0.632379
-96.8424,0.0122,-33.7146,0.632571
-97.0572,0.0137,-33.8214,0.632789
-97.2723,0.0151,-33.9284,0.633009
-97.4873,0.0165,-34.0353,0.633227
-97.7022,0.0178,-34.1419,0.633444
-97.9171,0.0193,-34.2482,0.633662
-98.1319,0.0205,-34.3544,0.633879
-98.3466,0.0216,-34.4607,0.634094
-98.5612,0.0228,-34.5668,0.634311
-98.7520,0.0238,-34.6611,0.634503
-98.9663,0.0248,-34.7672,0.634719
-99.1808,0.0257,-34.8731,0.634935
-99.3951,0.0266,-34.9790,0.635152
-99.6096,0.0276,-35.0847,0.635368
-99.8240,0.0286,-35.1905,0.635584
-100.0382,0.0296,-35.2962,0.635799
-100.2526,0.0305,-35.4019,0.636017
-100.4671,0.0313,-35.5076,0.636233
-100.6816,0.0322,-35.6133,0.636450
-100.8723,0.0329,-35.7070,0.636643
-101.0870,0.0336,-35.8126,0.636859
-101.3017,0.0344,-35.9180,0.637076
-101.5167,0.0351,-36.0233,0.637291
-101.7319,0.0359,-36.1286,0.637508
-101.9477,0.0366,-36.2338,0.637725
-102.1645,0.0374,-36.3387,0.637941
-102.3820,0.0382,-36.4425,0.638158
-102.6003,0.0389,-36.5450,0.638375
-102.8192,0.0396,-36.6465,0.638591
-103.0144,0.0402,-36.7358,0.638784
-103.2345,0.0409,-36.8354,0.639001
-103.4551,0.0416,-36.9339,0.639217
-103.6763,0.0423,-37.0314,0.639433
-103.8980,0.0430,-37.1280,0.639649
-104.1201,0.0437,-37.2236,0.639866
-104.3427,0.0443,-37.3183,0.640082
-104.5657,0.0450,-37.4121,0.640299
-104.7892,0.0457,-37.5048,0.640515
-105.0131,0.0464,-37.5967,0.640732
-105.2376,0.0472,-37.6875,0.640949
-105.4626,0.0479,-37.7772,0.641166
-105.6631,0.0486,-37.8560,0.641359
-105.8891,0.0493,-37.9437,0.641576
-106.1156,0.0500,-38.0303,0.641793
-106.3427,0.0508,-38.1158,0.642010
-106.5702,0.0516,-38.2002,0.642228
-106.7983,0.0524,-38.2834,0.642445
-107.0269,0.0532,-38.3657,0.642662
-107.2560,0.0540,-38.4468,0.642880
-107.4857,0.0548,-38.5268,0.643097
-107.7157,0.0558,-38.6058,0.643315
-107.9463,0.0567,-38.6836,0.643535
-108.1775,0.0576,-38.7603,0.643753
-108.4091,0.0585,-38.8359,0.643972
-108.6153,0.0593,-38.9022,0.644165
-108.8475,0.0602,-38.9758,0.644384
-109.0802,0.0612,-39.0487,0.644602
-109.3132,0.0623,-39.1208,0.644820
-109.5466,0.0634,-39.1922,0.645039
-109.7803,0.0645,-39.2630,0.645257
-110.0146,0.0654,-39.3329,0.645476
-110.2494,0.0664,-39.4020,0.645693
-110.4586,0.0674,-39.4628,0.645887
-110.6943,0.0686,-39.5305,0.646104
-110.9304,0.0698,-39.5975,0.646321
-111.1672,0.0710,-39.6638,0.646541
-111.4047,0.0722,-39.7295,0.646759
-111.6429,0.0734,-39.7943,0.646977
-111.8819,0.0745,-39.8586,0.647195
-112.1221,0.0759,-39.9219,0.647413
-112.3633,0.0772,-39.9843,0.647632
-112.6056,0.0786,-40.0452,0.647852
-112.8490,0.0799,-40.1046,0.648073
-113.0663,0.0811,-40.1562,0.648269
-113.3117,0.0824,-40.2130,0.648489
-113.5584,0.0838,-40.2684,0.648710
-113.8059,0.0855,-40.3225,0.648930
-114.0542,0.0869,-40.3753,0.649150
-114.3037,0.0883,-40.4267,0.649371
-114.5544,0.0897,-40.4767,0.649591
-114.8066,0.0911,-40.5254,0.649814
-115.0603,0.0924,-40.5729,0.650039
-115.3157,0.0940,-40.6191,0.650265
-115.5727,0.0958,-40.6639,0.650493
-115.8311,0.0974,-40.7076,0.650720
-116.0915,0.0988,-40.7497,0.650949
-116.3243,0.1001,-40.7860,0.651153
-116.5878,0.1014,-40.8255,0.651385
-116.8530,0.1028,-40.8636,0.651617
-117.1201,0.1045,-40.9002,0.651851
-117.3889,0.1064,-40.9352,0.652092
-117.6593,0.1080,-40.9689,0.652331
-117.9317,0.1094,-41.0008,0.652567
-118.2058,0.1108,-41.0310,0.652804
-118.4815,0.1121,-41.0597,0.653040
-118.7280,0.1133,-41.0838,0.653250
-119.0072,0.1151,-41.1094,0.653491
-119.2880,0.1169,-41.1331,0.653733
-119.5698,0.1182,-41.1553,0.653974
-119.8523,0.1195,-41.1761,0.654213
-120.1361,0.1208,-41.1970,0.654451
-120.4213,0.1221,-41.2185,0.654685
-120.7080,0.1235,-41.2403,0.654924
-120.9959,0.1254,-41.2623,0.655165
-121.2851,0.1269,-41.2847,0.655404
-121.5763,0.1282,-41.3070,0.655648
-121.8691,0.1297,-41.3294,0.655892
-122.1308,0.1309,-41.3494,0.656106
-122.4269,0.1323,-41.3720,0.656343
-122.7250,0.1340,-41.3947,0.656586
-123.0244,0.1358,-41.4179,0.656836
-123.3258,0.1375,-41.4410,0.657092
-123.6291,0.1391,-41.4643,0.657360
-123.9342,0.1408,-41.4877,0.657619
-124.2413,0.1424,-41.5113,0.657880
-124.5505,0.1442,-41.5350,0.658144
-124.8612,0.1463,-41.5591,0.658407
-125.1741,0.1482,-41.5828,0.658671
-125.4890,0.1502,-41.6066,0.658939
-125.8059,0.1521,-41.6304,0.659207
-126.0893,0.1538,-41.6515,0.659445
-126.4103,0.1559,-41.6751,0.659717
-126.7329,0.1584,-41.6989,0.659987
-127.0577,0.1606,-41.7224,0.660259
-127.3846,0.1629,-41.7456,0.660530
-127.7135,0.1652,-41.7688,0.660808
-128.0445,0.1674,-41.7918,0.661084
-128.3779,0.1703,-41.8147,0.661358
-128.7135,0.1730,-41.8375,0.661637
-129.0143,0.1752,-41.8568,0.661878
-129.3549,0.1778,-41.8773,0.662158
-129.6981,0.1803,-41.8959,0.662451
-130.0441,0.1832,-41.9126,0.662750
-130.3921,0.1862,-41.9274,0.663049
-130.7428,0.1889,-41.9396,0.663344
-131.0958,0.1914,-41.9495,0.663648
-131.4510,0.1939,-41.9570,0.663955
-131.8083,0.1970,-41.9621,0.664260
-132.1265,0.1997,-41.9647,0.664540
-132.4855,0.2023,-41.9649,0.664848
-132.8454,0.2048,-41.9625,0.665164
-133.2061,0.2074,-41.9574,0.665468
-133.5672,0.2104,-41.9495,0.665778
-133.9286,0.2131,-41.9389,0.666086
-134.2902,0.2155,-41.9251,0.666395
-134.6518,0.2179,-41.9084,0.666708
-135.0136,0.2207,-41.8887,0.667015
-135.3355,0.2231,-41.8680,0.667291
-135.6977,0.2253,-41.8408,0.667602
-136.0597,0.2272,-41.8085,0.667910
-136.4212,0.2295,-41.7711,0.668209
-136.7818,0.2316,-41.7283,0.668519
-137.1417,0.2332,-41.6803,0.668827
-137.5007,0.2345,-41.6269,0.669128
-137.8583,0.2361,-41.5682,0.669425
-138.2142,0.2374,-41.5041,0.669712
-138.5686,0.2383,-41.4349,0.669999
-138.8825,0.2388,-41.3690,0.670256
-139.2337,0.2396,-41.2902,0.670563
-139.5831,0.2401,-41.2062,0.670873
-139.9307,0.2402,-41.1171,0.671198
-140.2757,0.2401,-41.0233,0.671500
-140.6181,0.2400,-40.9253,0.671816
-140.9586,0.2397,-40.8239,0.672127
-141.2973,0.2392,-40.7194,0.672438
-141.6344,0.2386,-40.6121,0.672753
-141.9698,0.2379,-40.5019,0.673066
-142.2666,0.2372,-40.4017,0.673348
-142.5990,0.2362,-40.2862,0.673656
-142.9299,0.2350,-40.1679,0.673962
-143.2595,0.2338,-40.0467,0.674278
-143.5876,0.2325,-39.9229,0.674584
-143.9144,0.2309,-39.7964,0.674896
-144.2398,0.2291,-39.6673,0.675209
-144.5640,0.2274,-39.5359,0.675514
-144.8865,0.2255,-39.4025,0.675820
-145.1726,0.2233,-39.2820,0.676094
-145.4933,0.2211,-39.1449,0.676403
-145.8131,0.2189,-39.0060,0.676711
-146.1316,0.2159,-38.8652,0.677021
-146.4493,0.2130,-38.7224,0.677330
-146.7654,0.2102,-38.5786,0.677645
-147.0804,0.2067,-38.4343,0.677952
-147.3956,0.2032,-38.2893,0.678263
-147.7101,0.1998,-38.1446,0.678567
-147.9890,0.1963,-38.0162,0.678851
-148.3033,0.1916,-37.8708,0.679159
-148.6174,0.1876,-37.7258,0.679466
-148.9309,0.1828,-37.5811,0.679774
-149.2450,0.1771,-37.4355,0.680091
-149.5590,0.1723,-37.2905,0.680404
-149.8722,0.1665,-37.1464,0.680719
-150.1865,0.1598,-37.0019,0.681040
-150.5008,0.1543,-36.8593,0.681354
-150.8147,0.1474,-36.7189,0.681674
-151.0950,0.1404,-36.5951,0.681951
-151.4113,0.1339,-36.4568,0.682271
-151.7274,0.1257,-36.3221,0.682590
-152.0455,0.1166,-36.1888,0.682908
-152.3652,0.1088,-36.0562,0.683230
-152.6845,0.0985,-35.9267,0.683545
-153.0056,0.0880,-35.7979,0.683863
-153.3269,0.0775,-35.6699,0.684187
-153.6494,0.0653,-35.5431,0.684515
-153.9372,0.0542,-35.4321,0.684806
-154.2610,0.0398,-35.3082,0.685124
-154.5867,0.0254,-35.1862,0.685453
-154.9121,0.0103,-35.0669,0.685788
-155.2401,-0.0076,-34.9469,0.686132
-155.5686,-0.0238,-34.8299,0.686475
-155.8958,-0.0435,-34.7162,0.686814
-156.2254,-0.0630,-34.6027,0.687155
-156.5539,-0.0833,-34.4955,0.687496
-156.8479,-0.1030,-34.4026,0.687805
-157.1783,-0.1256,-34.3019,0.688149
-157.5110,-0.1518,-34.2042,0.688498
-157.8455,-0.1788,-34.1115,0.688841
-158.1826,-0.2034,-34.0227,0.689187
-158.5199,-0.2280,-33.9433,0.689534
-158.8591,-0.2512,-33.8701,0.689882
-159.2000,-0.2734,-33.8055,0.690225
-159.5443,-0.2947,-33.7453,0.690576
-159.8912,-0.3142,-33.6899,0.690917
-160.2029,-0.3302,-33.6418,0.691225
-160.5555,-0.3465,-33.5897,0.691574
-160.9092,-0.3587,-33.5385,0.691921
-161.2656,-0.3665,-33.4873,0.692270
-161.6240,-0.3684,-33.4372,0.692623
-161.9840,-0.3625,-33.3882,0.692974
-162.3492,-0.3447,-33.3395,0.693324
-162.7075,-0.3180,-33.2941,0.693673
-163.0674,-0.2853,-33.2483,0.694021
-163.4260,-0.2486,-33.2030,0.694364
-163.7830,-0.2102,-33.1576,0.694717
-164.1384,-0.1722,-33.1121,0.695066
-164.4536,-0.1414,-33.0700,0.695372
-164.8071,-0.1061,-33.0243,0.695726
-165.1600,-0.0731,-32.9769,0.696076
-165.5131,-0.0405,-32.9295,0.696428
-165.8647,-0.0139,-32.8832,0.696771
-166.2167,0.0118,-32.8365,0.697118
-166.5685,0.0319,-32.7877,0.697472
-166.9219,0.0455,-32.7401,0.697806
-167.2759,0.0567,-32.6920,0.698150
-167.6301,0.0680,-32.6434,0.698482
-167.9833,0.0782,-32.5963,0.698819
-168.2977,0.0869,-32.5543,0.699120
-168.6507,0.0961,-32.5087,0.699457
-169.0050,0.1040,-32.4647,0.699784
-169.3590,0.1127,-32.4229,0.700125
-169.7125,0.1199,-32.3835,0.700460
-170.0667,0.1268,-32.3448,0.700794
-170.4211,0.1339,-32.3077,0.701128
-170.7763,0.1402,-32.2708,0.701461
-171.1319,0.1469,-32.2355,0.701796
-171.4879,0.1527,-32.2014,0.702126
-171.8445,0.1588,-32.1668,0.702455
-172.2012,0.1645,-32.1327,0.702788
-172.5195,0.1688,-32.1021,0.703084
-172.8774,0.1744,-32.0677,0.703408
-173.2352,0.1794,-32.0338,0.703733
-173.5939,0.1838,-31.9997,0.704058
-173.9526,0.1893,-31.9657,0.704387
-174.3112,0.1936,-31.9321,0.704709
-174.6706,0.1979,-31.8982,0.705024
-175.0304,0.2029,-31.8646,0.705333
-175.3908,0.2072,-31.8306,0.705659
-175.7117,0.2111,-31.8003,0.705938
-176.0734,0.2159,-31.7666,0.706245
-176.4360,0.2204,-31.7330,0.706544
-176.7998,0.2250,-31.7000,0.706845
-177.1650,0.2299,-31.6681,0.707150
-177.5314,0.2349,-31.6366,0.707455
-177.8995,0.2399,-31.6059,0.707756
-178.2694,0.2452,-31.5756,0.708044
-178.6407,0.2506,-31.5450,0.708345
-179.0136,0.2561,-31.5145,0.708647
-179.3464,0.2612,-31.4871,0.708918
-179.7222,0.2671,-31.4564,0.709225
-180.1000,0.2731,-31.4254,0.709532
-180.4788,0.2794,-31.3945,0.709835
-180.8597,0.2858,-31.3629,0.710149
-181.2430,0.2924,-31.3304,0.710468
-181.6276,0.2992,-31.2964,0.710810
-182.0139,0.3060,-31.2602,0.711128
-182.4022,0.3130,-31.2216,0.711457
-182.7917,0.3201,-31.1806,0.711797
-183.1826,0.3271,-31.1365,0.712142
-183.5750,0.3345,-31.0892,0.712484
-183.9244,0.3410,-31.0446,0.712786
-184.3186,0.3480,-30.9911,0.713134
-184.7138,0.3556,-30.9339,0.713484
-185.1097,0.3630,-30.8733,0.713830
-185.5068,0.3701,-30.8087,0.714180
-185.9047,0.3778,-30.7398,0.714529
-186.3034,0.3851,-30.6662,0.714881
-186.7031,0.3923,-30.5871,0.715239
-187.1031,0.3997,-30.5019,0.715589
-187.4586,0.4059,-30.4209,0.715896
-187.8584,0.4128,-30.3232,0.716239
-188.2574,0.4196,-30.2185,0.716590
-188.6556,0.4260,-30.1067,0.716931
-189.0530,0.4323,-29.9876,0.717270
-189.4490,0.4384,-29.8611,0.717595
-189.8437,0.4441,-29.7273,0.717932
-190.2365,0.4498,-29.5861,0.718268
-190.6273,0.4550,-29.4374,0.718596
-191.0162,0.4600,-29.2811,0.718921
-191.4024,0.4648,-29.1173,0.719256
-191.7856,0.4691,-28.9460,0.719593
-192.1653,0.4733,-28.7679,0.719912
-192.5001,0.4767,-28.6042,0.720201
-192.8742,0.4803,-28.4149,0.720521
-193.2465,0.4840,-28.2210,0.720846
-193.6172,0.4874,-28.0236,0.721165
-193.9865,0.4908,-27.8228,0.721494
-194.3541,0.4944,-27.6191,0.721813
-194.7207,0.4977,-27.4124,0.722143
-195.0867,0.5012,-27.2032,0.722464
-195.4522,0.5047,-26.9917,0.722793
-195.8178,0.5082,-26.7782,0.723114
-196.1837,0.5120,-26.5629,0.723445
-196.5500,0.5157,-26.3463,0.723775
-196.8761,0.5192,-26.1525,0.724072
-197.2436,0.5233,-25.9335,0.724412
-197.6119,0.5275,-25.7134,0.724743
-197.9811,0.5319,-25.4923,0.725085
-198.3512,0.5364,-25.2704,0.725421
-198.7221,0.5410,-25.0474,0.725765
-199.0941,0.5458,-24.8235,0.726122
-199.4671,0.5506,-24.5985,0.726465
-199.8415,0.5555,-24.3718,0.726816
-200.2170,0.5602,-24.1428,0.727157
-200.5932,0.5647,-23.9103,0.727500
-200.9694,0.5697,-23.6739,0.727839
-201.3031,0.5739,-23.4598,0.728150
-201.6778,0.5785,-23.2142,0.728511
-202.0509,0.5835,-22.9639,0.728861
-202.4220,0.5881,-22.7094,0.729219
-202.7912,0.5928,-22.4515,0.729580
-203.1596,0.5977,-22.1910,0.729942
-203.5277,0.6026,-21.9286,0.730301
-203.8953,0.6078,-21.6640,0.730661
-204.2621,0.6130,-21.3975,0.731027
-204.6286,0.6182,-21.1288,0.731389
-204.9543,0.6232,-20.8884,0.731711
-205.3210,0.6287,-20.6154,0.732082
-205.6877,0.6345,-20.3394,0.732439
-206.0541,0.6403,-20.0601,0.732807
-206.4200,0.6461,-19.7771,0.733162
-206.7851,0.6521,-19.4901,0.733539
-207.1490,0.6580,-19.1991,0.733920
-207.5118,0.6640,-18.9038,0.734312
-207.8732,0.6700,-18.6042,0.734678
-208.2328,0.6759,-18.3003,0.735061
-208.5905,0.6820,-17.9918,0.735466
-208.9462,0.6879,-17.6789,0.735849
-209.2997,0.6939,-17.3614,0.736254
-209.6505,0.6999,-17.0392,0.736656
-209.9987,0.7057,-16.7125,0.737067
-210.3056,0.7109,-16.4183,0.737419
-210.6478,0.7167,-16.0836,0.737836
-210.9871,0.7225,-15.7456,0.738270
-211.3247,0.7284,-15.4044,0.738697
-211.6609,0.7343,-15.0605,0.739124
-211.9956,0.7404,-14.7141,0.739540
-212.3291,0.7464,-14.3648,0.739982
-212.6613,0.7528,-14.0120,0.740418
-212.9918,0.7590,-13.6556,0.740864
-213.3207,0.7653,-13.2949,0.741291
-213.6112,0.7710,-12.9702,0.741679
-213.9357,0.7771,-12.5999,0.742108
-214.2569,0.7831,-12.2242,0.742563
-214.5740,0.7888,-11.8430,0.743005
-214.8866,0.7942,-11.4565,0.743430
-215.1942,0.7993,-11.0647,0.743866
-215.4961,0.8040,-10.6680,0.744288
-215.7912,0.8082,-10.2672,0.744716
-216.0798,0.8122,-9.8621,0.745112
-216.3618,0.8157,-9.4529,0.745536
-216.6371,0.8189,-9.0403,0.745930
-216.9058,0.8217,-8.6247,0.746329
-217.1391,0.8240,-8.2530,0.746664
-217.3952,0.8262,-7.8333,0.747066
-217.6457,0.8281,-7.4119,0.747458
-217.8908,0.8299,-6.9892,0.747858
-218.1311,0.8313,-6.5651,0.748256
-218.3670,0.8327,-6.1401,0.748639
-218.5988,0.8338,-5.7139,0.749050
-218.8270,0.8349,-5.2868,0.749461
-219.0521,0.8357,-4.8588,0.749868
-219.2748,0.8366,-4.4299,0.750256
-219.4954,0.8374,-4.0001,0.750644
-219.6899,0.8380,-3.6171,0.750984
-219.9074,0.8387,-3.1857,0.751385
-220.1234,0.8394,-2.7532,0.751790
-220.3384,0.8400,-2.3197,0.752192
-220.5518,0.8406,-1.8848,0.752595
-220.7635,0.8410,-1.4484,0.753007
-220.9727,0.8415,-1.0100,0.753421
-221.1792,0.8417,-0.5701,0.753838
-221.3827,0.8418,-0.1279,0.754252
-221.5826,0.8419,0.3160,0.754630
-221.7785,0.8416,0.7618,0.755043
-221.9697,0.8414,1.2093,0.755434
-222.1358,0.8408,1.6083,0.755777
-222.3179,0.8403,2.0586,0.756146
-222.4949,0.8392,2.5103,0.756526
-222.6667,0.8382,2.9635,0.756904
-222.8333,0.8369,3.4173,0.757276
-222.9946,0.8354,3.8726,0.757642
-223.1506,0.8339,4.3282,0.758010
-223.3014,0.8319,4.7846,0.758400
-223.4475,0.8302,5.2409,0.758819
-223.5892,0.8278,5.6984,0.759225
-223.7118,0.8264,6.1051,0.759575
-223.8454,0.8237,6.5627,0.759983
-223.9749,0.8216,7.0214,0.760406
-224.1005,0.8189,7.4800,0.760802
-224.2222,0.8164,7.9396,0.761200
-224.3403,0.8136,8.3989,0.761590
-224.4548,0.8107,8.8590,0.761978
-224.5662,0.8079,9.3182,0.762378
-224.6751,0.8046,9.7780,0.762795
-224.7823,0.8019,10.2369,0.763201
-224.8876,0.7982,10.6962,0.763604
-224.9917,0.7953,11.1549,0.764016
-225.0945,0.7914,11.6129,0.764435
-225.1848,0.7886,12.0205,0.764808
-225.2856,0.7849,12.4782,0.765239
-225.3856,0.7810,12.9365,0.765637
-225.4851,0.7773,13.3938,0.766075
-225.5840,0.7727,13.8517,0.766491
-225.6828,0.7690,14.3088,0.766908
-225.7814,0.7639,14.7658,0.767328
-225.8796,0.7596,15.2223,0.767753
-225.9789,0.7544,15.6766,0.768170
-226.0798,0.7491,16.1299,0.768595
-226.1840,0.7435,16.5807,0.769017
-226.2915,0.7372,17.0303,0.769430
-226.3893,0.7309,17.4281,0.769805
-226.5034,0.7226,17.8748,0.770218
-226.6205,0.7133,18.3198,0.770635
-226.7415,0.7043,18.7634,0.771057
-226.8673,0.6957,19.2046,0.771480
-226.9978,0.6877,19.6444,0.771895
-227.1334,0.6797,20.0819,0.772312
-227.2743,0.6724,20.5171,0.772736
-227.4198,0.6655,20.9512,0.773148
-227.5531,0.6593,21.3353,0.773527
-227.7074,0.6531,21.7662,0.773942
-227.8665,0.6469,22.1953,0.774362
-228.0308,0.6413,22.6221,0.774776
-228.2001,0.6358,23.0474,0.775199
-228.3739,0.6307,23.4706,0.775613
-228.5520,0.6258,23.8932,0.776032
-228.7335,0.6212,24.3152,0.776460
-228.9169,0.6169,24.7370,0.776872
-229.0817,0.6133,25.1116,0.777257
-229.2688,0.6095,25.5331,0.777675
-229.4577,0.6059,25.9545,0.778109
-229.6479,0.6027,26.3758,0.778545
-229.8391,0.5996,26.7969,0.778980
-230.0311,0.5970,27.2182,0.779415
-230.2237,0.5944,27.6396,0.779852
-230.4165,0.5923,28.0608,0.780306
-230.6096,0.5903,28.4824,0.780760
-230.8028,0.5886,28.9039,0.781210
-230.9745,0.5872,29.2790,0.781629
-231.1677,0.5861,29.7009,0.782081
-231.3608,0.5849,30.1234,0.782556
-231.5537,0.5842,30.5460,0.783026
-231.7466,0.5835,30.9694,0.783454
-231.9392,0.5833,31.3932,0.783919
-232.1313,0.5829,31.8182,0.784368
-232.3224,0.5832,32.2438,0.784813
-232.5121,0.5832,32.6705,0.785236
-232.6799,0.5838,33.0504,0.785622
-232.8674,0.5842,33.4782,0.786049
-233.0545,0.5852,33.9065,0.786480
-233.2407,0.5860,34.3352,0.786907
-233.4265,0.5872,34.7642,0.787332
-233.6115,0.5883,35.1935,0.787767
-233.7961,0.5899,35.6231,0.788183
-233.9800,0.5913,36.0530,0.788604
-234.1638,0.5930,36.4831,0.789027
-234.3266,0.5946,36.8658,0.789397
-234.5095,0.5965,37.2966,0.789816
-234.6915,0.5986,37.7279,0.790227
-234.8734,0.6007,38.1591,0.790635
-235.0548,0.6032,38.5911,0.791039
-235.2354,0.6056,39.0231,0.791446
-235.4158,0.6081,39.4551,0.791858
-235.5954,0.6109,39.8873,0.792250
-235.7746,0.6135,40.3195,0.792655
-235.9529,0.6166,40.7519,0.793060
-236.1112,0.6188,41.1362,0.793410
-236.2882,0.6223,41.5686,0.793811
-236.4646,0.6249,42.0007,0.794222
-236.6400,0.6286,42.4338,0.794633
-236.8139,0.6316,42.8660,0.795036
-236.9864,0.6351,43.2993,0.795451
-237.1575,0.6385,43.7318,0.795860
-237.3270,0.6418,44.1655,0.796279
-237.4947,0.6455,44.5985,0.796685
-237.6423,0.6480,44.9847,0.797060
-237.8062,0.6523,45.4185,0.797475
-237.9673,0.6549,45.8533,0.797882
-238.1264,0.6592,46.2885,0.798290
-238.2823,0.6619,46.7244,0.798702
-238.4356,0.6658,47.1612,0.799114
-238.5860,0.6686,47.5972,0.799519
-238.7337,0.6719,48.0347,0.799934
-238.8786,0.6748,48.4714,0.800334
-239.0204,0.6774,48.9089,0.800744
-239.1446,0.6801,49.2979,0.801093
-239.2806,0.6828,49.7360,0.801484
-239.4148,0.6853,50.1741,0.801884
-239.5457,0.6880,50.6126,0.802269
-239.6743,0.6898,51.0510,0.802651
-239.7996,0.6922,51.4895,0.803036
-239.9229,0.6932,51.9274,0.803414
-240.0438,0.6952,52.3651,0.803795
-240.1636,0.6960,52.8018,0.804185
-240.2689,0.6970,53.1906,0.804511
-240.3861,0.6979,53.6265,0.804893
-240.5021,0.6981,54.0631,0.805268
-240.6172,0.6988,54.4981,0.805649
-240.7313,0.6984,54.9339,0.806023
-240.8447,0.6991,55.3682,0.806395
-240.9570,0.6984,55.8028,0.806771
-241.0692,0.6986,56.2369,0.807146
-241.1802,0.6979,56.6707,0.807519
-241.2789,0.6978,57.0559,0.807853
-241.3889,0.6970,57.4891,0.808223
-241.4988,0.6965,57.9220,0.808585
-241.6078,0.6957,58.3551,0.808954
-241.7156,0.6948,58.7890,0.809324
-241.8212,0.6939,59.2236,0.809686
-241.9239,0.6927,59.6592,0.810053
-242.0234,0.6913,60.0958,0.810420
-242.1185,0.6896,60.5332,0.810787
-242.2097,0.6874,60.9715,0.811152
-242.2868,0.6855,61.3617,0.811471
-242.3694,0.6826,61.8012,0.811836
-242.4468,0.6799,62.2412,0.812189
-242.5196,0.6764,62.6817,0.812553
-242.5869,0.6731,63.1224,0.812913
-242.6493,0.6690,63.5630,0.813263
-242.7062,0.6653,64.0044,0.813633
-242.7578,0.6608,64.4453,0.813982
-242.8038,0.6565,64.8868,0.814340
-242.8400,0.6523,65.2788,0.814656
-242.8752,0.6474,65.7208,0.815049
-242.9042,0.6424,66.1632,0.815420
-242.9259,0.6370,66.6068,0.815794
-242.9395,0.6315,67.0503,0.816165
-242.9442,0.6253,67.4944,0.816556
-242.9396,0.6192,67.9373,0.816939
-242.9254,0.6123,68.3801,0.817309
-242.9011,0.6056,68.8212,0.817652
-242.8666,0.5980,69.2616,0.818000
-242.8217,0.5907,69.6995,0.818356
-242.7732,0.5831,70.0868,0.818659
-242.7092,0.5756,70.5193,0.818974
-242.6349,0.5668,70.9495,0.819270
-242.5508,0.5588,71.3771,0.819593
-242.4567,0.5498,71.8009,0.819894
-242.3526,0.5415,72.2213,0.820195
-242.2385,0.5323,72.6372,0.820482
-242.1145,0.5237,73.0490,0.820779
-241.9808,0.5146,73.4553,0.821076
-241.8543,0.5067,73.8121,0.821340
-241.7042,0.4980,74.2081,0.821616
-241.5462,0.4892,74.6005,0.821884
-241.3813,0.4810,74.9884,0.822167
-241.2096,0.4726,75.3723,0.822447
-241.0319,0.4653,75.7510,0.822726
-240.8480,0.4574,76.1260,0.823005
-240.6586,0.4511,76.4965,0.823290
-240.4636,0.4440,76.8635,0.823556
-240.2851,0.4391,77.1872,0.823801
-240.0793,0.4332,77.5473,0.824085
-239.8676,0.4282,77.9043,0.824399
-239.6511,0.4235,78.2568,0.824708
-239.4291,0.4191,78.6064,0.824998
-239.2026,0.4156,78.9518,0.825299
-238.9712,0.4119,79.2940,0.825619
-238.7353,0.4096,79.6319,0.826000
-238.4951,0.4067,79.9659,0.826338
-238.2497,0.4054,80.2966,0.826680
-238.0001,0.4037,80.6228,0.827032
-237.7448,0.4028,80.9455,0.827383
-237.4848,0.4020,81.2628,0.827743
-237.2489,0.4011,81.5411,0.828062
-236.9789,0.4011,81.8486,0.828395
-236.7038,0.4005,82.1506,0.828711
-236.4231,0.4006,82.4475,0.829042
-236.1378,0.4006,82.7382,0.829376
-235.8476,0.4003,83.0231,0.829686
-235.5537,0.4008,83.3013,0.829993
-235.2559,0.4006,83.5742,0.830288
-234.9540,0.4012,83.8420,0.830586
-234.6831,0.4016,84.0751,0.830861
-234.3752,0.4015,84.3323,0.831160
-234.0636,0.4023,84.5843,0.831456
-233.7492,0.4027,84.8305,0.831753
-233.4314,0.4028,85.0717,0.832052
-233.1107,0.4036,85.3073,0.832363
-232.7871,0.4038,85.5376,0.832662
-232.4603,0.4040,85.7630,0.832977
-232.1308,0.4044,85.9827,0.833281
-231.7988,0.4044,86.1972,0.833584
-231.5011,0.4043,86.3837,0.833847
-231.1640,0.4043,86.5884,0.834156
-230.8240,0.4040,86.7878,0.834457
-230.4813,0.4035,86.9823,0.834757
-230.1361,0.4031,87.1715,0.835060
-229.7883,0.4023,87.3555,0.835350
-229.4379,0.4013,87.5346,0.835630
-229.0851,0.4004,87.7083,0.835932
-228.7297,0.3989,87.8769,0.836215
-228.4113,0.3975,88.0224,0.836475
-228.0506,0.3959,88.1814,0.836760
-227.6878,0.3939,88.3351,0.837038
-227.3231,0.3915,88.4835,0.837321
-226.9566,0.3894,88.6280,0.837607
-226.5883,0.3871,88.7690,0.837902
-226.2184,0.3845,88.9066,0.838205
-225.8464,0.3818,89.0406,0.838497
-225.4731,0.3794,89.1715,0.838779
-225.1398,0.3771,89.2851,0.839055
-224.7630,0.3741,89.4103,0.839374
-224.3840,0.3713,89.5323,0.839717
-224.0035,0.3686,89.6517,0.840030
-223.6209,0.3656,89.7684,0.840354
-223.2364,0.3624,89.8824,0.840696
-222.8496,0.3595,89.9936,0.841044
-222.4612,0.3565,90.1023,0.841391
-222.0708,0.3532,90.2081,0.841736
-221.6783,0.3496,90.3112,0.842097
-221.3282,0.3469,90.4009,0.842423
-220.9325,0.3436,90.4995,0.842785
-220.5350,0.3402,90.5955,0.843150
-220.1356,0.3364,90.6890,0.843521
-219.7341,0.3331,90.7793,0.843889
-219.3312,0.3296,90.8671,0.844262
-218.9273,0.3259,90.9521,0.844624
-218.5224,0.3220,91.0351,0.845008
-218.1160,0.3186,91.1168,0.845390
-217.7543,0.3157,91.1891,0.845726
-217.3465,0.3123,91.2698,0.846100
-216.9377,0.3088,91.3499,0.846473
-216.5275,0.3055,91.4292,0.846852
-216.1165,0.3026,91.5084,0.847235
-215.7043,0.2997,91.5874,0.847612
-215.2909,0.2967,91.6663,0.847986
-214.8760,0.2936,91.7447,0.848369
-214.4601,0.2912,91.8234,0.848747
-214.0895,0.2890,91.8934,0.849085
-213.6715,0.2866,91.9723,0.849472
-213.2525,0.2840,92.0514,0.849851
-212.8321,0.2814,92.1306,0.850240
-212.4110,0.2796,92.2106,0.850637
-211.9888,0.2777,92.2914,0.851013
-211.5655,0.2758,92.3729,0.851405
-211.1408,0.2738,92.4548,0.851791
-210.7149,0.2718,92.5370,0.852174
-210.2875,0.2704,92.6189,0.852561
-209.9067,0.2692,92.6923,0.852908
-209.4771,0.2677,92.7752,0.853286
-209.0461,0.2662,92.8582,0.853671
-208.6138,0.2646,92.9413,0.854058
-208.1801,0.2632,93.0241,0.854451
-207.7453,0.2621,93.1074,0.854851
-207.3092,0.2609,93.1907,0.855243
-206.8717,0.2596,93.2737,0.855644
-206.4330,0.2582,93.3571,0.856038
-206.0419,0.2569,93.4311,0.856400
-205.6008,0.2553,93.5144,0.856803
-205.1578,0.2538,93.5974,0.857208
-204.7143,0.2525,93.6803,0.857617
-204.2686,0.2509,93.7629,0.858026
-203.8222,0.2497,93.8454,0.858434
-203.3737,0.2479,93.9277,0.858837
-202.9237,0.2462,94.0095,0.859254
-202.4729,0.2444,94.0909,0.859665
-202.0200,0.2427,94.1717,0.860074
-201.6168,0.2413,94.2431,0.860438
-201.1609,0.2394,94.3226,0.860846
-200.7038,0.2376,94.4017,0.861255
-200.2460,0.2354,94.4800,0.861665
-199.7861,0.2335,94.5579,0.862071
-199.3256,0.2315,94.6356,0.862486
-198.8631,0.2295,94.7128,0.862903
-198.4000,0.2276,94.7899,0.863323
-197.9348,0.2256,94.8666,0.863742
-197.5201,0.2238,94.9347,0.864113
-197.0527,0.2216,95.0111,0.864540
-196.5829,0.2195,95.0872,0.864966
-196.1119,0.2173,95.1632,0.865399
-195.6380,0.2152,95.2390,0.865823
-195.1624,0.2132,95.3148,0.866263
-194.6833,0.2110,95.3902,0.866700
-194.2015,0.2090,95.4651,0.867135
-193.7162,0.2067,95.5385,0.867581
-193.2821,0.2047,95.6021,0.867978
-192.7914,0.2023,95.6718,0.868426
-192.2976,0.1998,95.7391,0.868871
-191.8020,0.1975,95.8044,0.869329
-191.3032,0.1949,95.8685,0.869777
-190.8022,0.1926,95.9316,0.870240
-190.2988,0.1898,95.9937,0.870691
-189.7930,0.1876,96.0545,0.871151
-189.2848,0.1849,96.1143,0.871611
-188.7742,0.1825,96.1729,0.872078
-188.3181,0.1802,96.2243,0.872493
-187.8027,0.1778,96.2812,0.872962
-187.2847,0.1752,96.3375,0.873427
-186.7640,0.1727,96.3928,0.873900
-186.2408,0.1702,96.4475,0.874373
-185.7149,0.1677,96.5014,0.874848
-185.1864,0.1652,96.5548,0.875317
-184.6553,0.1627,96.6074,0.875787
-184.1216,0.1603,96.6596,0.876264
-183.5852,0.1578,96.7110,0.876739
-183.1063,0.1557,96.7562,0.877158
-182.5648,0.1532,96.8062,0.877639
-182.0209,0.1508,96.8554,0.878111
-181.4742,0.1484,96.9036,0.878593
-180.9249,0.1460,96.9508,0.879071
-180.3730,0.1436,96.9968,0.879550
-179.8185,0.1413,97.0418,0.880025
-179.2614,0.1389,97.0855,0.880511
-178.7018,0.1366,97.1280,0.880997
-178.1395,0.1343,97.1690,0.881492
-177.5748,0.1320,97.2088,0.881990
-177.0708,0.1300,97.2429,0.882430
-176.5014,0.1277,97.2799,0.882938
-175.9295,0.1255,97.3154,0.883448
-175.3552,0.1233,97.3495,0.883964
-174.7784,0.1210,97.3820,0.884483
-174.1992,0.1188,97.4129,0.885006
-173.6175,0.1167,97.4422,0.885530
-173.0334,0.1145,97.4699,0.886050
-172.4469,0.1124,97.4960,0.886583
-171.8581,0.1103,97.5204,0.887106
-171.2668,0.1083,97.5431,0.887647
-170.7393,0.1064,97.5618,0.888119
-170.1435,0.1045,97.5813,0.888658
-169.5455,0.1024,97.5990,0.889196
-168.9455,0.1004,97.6150,0.889737
-168.3431,0.0986,97.6295,0.890280
-167.7386,0.0966,97.6427,0.890830
-167.1319,0.0948,97.6547,0.891372
-166.5231,0.0930,97.6656,0.891924
-165.9124,0.0912,97.6756,0.892473
-165.2993,0.0894,97.6845,0.893031
-164.6841,0.0877,97.6925,0.893592
-164.0668,0.0860,97.6999,0.894144
-163.4474,0.0844,97.7065,0.894708
-162.8950,0.0830,97.7120,0.895206
-162.2715,0.0814,97.7178,0.895769
-161.6458,0.0799,97.7232,0.896335
-161.0181,0.0784,97.7283,0.896911
-160.3882,0.0770,97.7331,0.897472
-159.7561,0.0756,97.7378,0.898048
-159.1219,0.0743,97.7423,0.898629
-158.4856,0.0730,97.7468,0.899197
-157.8471,0.0717,97.7512,0.899779
-157.2066,0.0705,97.7555,0.900354
-156.6354,0.0694,97.7593,0.900875
-155.9909,0.0683,97.7637,0.901453
-155.3442,0.0672,97.7682,0.902038
-154.6955,0.0661,97.7728,0.902618
-154.0447,0.0651,97.7775,0.903202
-153.3920,0.0641,97.7823,0.903793
-152.7374,0.0631,97.7874,0.904372
-152.0807,0.0622,97.7930,0.904951
-151.4221,0.0614,97.7993,0.905549
-150.7617,0.0605,97.8064,0.906125
-150.0993,0.0598,97.8142,0.906719
-149.5087,0.0591,97.8220,0.907248
-148.8425,0.0584,97.8314,0.907851
-148.1741,0.0578,97.8416,0.908450
-147.5037,0.0571,97.8525,0.909051
-146.8312,0.0565,97.8640,0.909660
-146.1567,0.0560,97.8762,0.910263
-145.4800,0.0555,97.8890,0.910879
-144.8013,0.0550,97.9024,0.911492
-144.1207,0.0546,97.9163,0.912106
-143.4381,0.0542,97.9307,0.912724
-142.7537,0.0538,97.9458,0.913342
-142.0676,0.0535,97.9616,0.913963
-141.4563,0.0533,97.9764,0.914520
-140.7672,0.0530,97.9940,0.915141
-140.0766,0.0528,98.0130,0.915772
-139.3845,0.0526,98.0338,0.916397
-138.6909,0.0525,98.0564,0.917023
-137.9958,0.0524,98.0810,0.917654
-137.2990,0.0524,98.1079,0.918287
-136.6002,0.0524,98.1368,0.918925
-135.8997,0.0525,98.1673,0.919558
-135.1975,0.0526,98.1992,0.920195
-134.4935,0.0527,98.2327,0.920838
-133.8660,0.0529,98.2637,0.921405
-133.1585,0.0531,98.2999,0.922044
-132.4492,0.0534,98.3375,0.922692
-131.7382,0.0537,98.3763,0.923338
-131.0256,0.0540,98.4162,0.923992
-130.3113,0.0544,98.4569,0.924629
-129.5954,0.0548,98.4984,0.925279
-128.8780,0.0552,98.5404,0.925933
-128.1590,0.0556,98.5829,0.926584
-127.4385,0.0560,98.6257,0.927241
-126.7967,0.0563,98.6639,0.927821
-126.0732,0.0567,98.7069,0.928475
-125.3482,0.0572,98.7499,0.929118
-124.6217,0.0576,98.7927,0.929775
-123.8937,0.0580,98.8353,0.930428
-123.1654,0.0584,98.8774,0.931081
-122.4377,0.0589,98.9190,0.931730
-121.7105,0.0593,98.9599,0.932382
-120.9838,0.0597,99.0001,0.933022
-120.3380,0.0601,99.0350,0.933596
-119.6096,0.0605,99.0734,0.934239
-118.8813,0.0609,99.1108,0.934880
-118.1540,0.0614,99.1471,0.935518
-117.4276,0.0618,99.1823,0.936171
-116.7022,0.0622,99.2162,0.936807
-115.9773,0.0626,99.2487,0.937461
-115.2513,0.0630,99.2800,0.938110
-114.5236,0.0634,99.3099,0.938764
-113.8755,0.0638,99.3354,0.939342
-113.1448,0.0642,99.3628,0.939995
-112.4127,0.0646,99.3889,0.940661
-111.6792,0.0650,99.4136,0.941330
-110.9441,0.0654,99.4369,0.941994
-110.2073,0.0658,99.4586,0.942673
-109.4687,0.0661,99.4788,0.943354
-108.7282,0.0665,99.4971,0.944023
-107.9856,0.0669,99.5134,0.944711
-107.2412,0.0672,99.5272,0.945393
-106.5781,0.0675,99.5372,0.945993
-105.8306,0.0679,99.5457,0.946675
-105.0818,0.0682,99.5514,0.947358
-104.3317,0.0685,99.5542,0.948036
-103.5801,0.0688,99.5545,0.948715
-102.8271,0.0691,99.5526,0.949402
-102.0728,0.0693,99.5482,0.950081
-101.3171,0.0696,99.5415,0.950777
-100.5602,0.0698,99.5326,0.951452
-99.8864,0.0700,99.5228,0.952070
-99.1271,0.0703,99.5099,0.952756
-98.3665,0.0704,99.4950,0.953440
-97.6046,0.0707,99.4784,0.954131
-96.8413,0.0709,99.4602,0.954816
-96.0766,0.0710,99.4405,0.955502
-95.3104,0.0712,99.4195,0.956196
-94.5429,0.0714,99.3973,0.956885
-93.7739,0.0716,99.3740,0.957578
-93.0035,0.0718,99.3497,0.958265
-92.3174,0.0719,99.3274,0.958887
-91.5443,0.0721,99.3015,0.959579
-90.7698,0.0723,99.2747,0.960275
-89.9938,0.0725,99.2473,0.960974
-89.2164,0.0727,99.2190,0.961675
-88.4375,0.0729,99.1901,0.962369
-87.6572,0.0731,99.1605,0.963072
-86.8756,0.0733,99.1302,0.963775
-86.0925,0.0735,99.0993,0.964476
-85.3953,0.0737,99.0714,0.965111
-84.6096,0.0739,99.0394,0.965816
-83.8225,0.0741,99.0068,0.966525
-83.0341,0.0743,98.9738,0.967234
-82.2444,0.0746,98.9403,0.967946
-81.4532,0.0748,98.9064,0.968657
-80.6608,0.0750,98.8722,0.969379
-79.8669,0.0753,98.8376,0.970094
-79.0717,0.0756,98.8027,0.970823
-78.2752,0.0759,98.7676,0.971539
-77.5660,0.0761,98.7363,0.972174
-76.7669,0.0764,98.7008,0.972907
-75.9664,0.0768,98.6652,0.973627
-75.1646,0.0771,98.6295,0.974356
-74.3613,0.0774,98.5937,0.975084
-73.5568,0.0778,98.5578,0.975803
-72.7508,0.0782,98.5218,0.976537
-71.9436,0.0786,98.4858,0.977270
-71.1349,0.0790,98.4498,0.978005
-70.4150,0.0794,98.4178,0.978652
-69.6037,0.0798,98.3817,0.979385
-68.7911,0.0802,98.3455,0.980113
-67.9772,0.0807,98.3092,0.980858
-67.1619,0.0812,98.2729,0.981591
-66.3453,0.0818,98.2363,0.982318
-65.5273,0.0823,98.1997,0.983063
-64.7079,0.0829,98.1628,0.983805
-63.8872,0.0834,98.1257,0.984548
-63.1566,0.0840,98.0924,0.985208
-62.3333,0.0846,98.0545,0.985942
-61.5086,0.0853,98.0161,0.986688
-60.6827,0.0859,97.9769,0.987432
-59.8554,0.0866,97.9371,0.988170
-59.0268,0.0873,97.8966,0.988921
-58.1969,0.0880,97.8551,0.989668
-57.3658,0.0888,97.8127,0.990411
-56.5333,0.0896,97.7693,0.991158
-55.6997,0.0904,97.7248,0.991907
-54.9576,0.0911,97.6842,0.992577
-54.1215,0.0919,97.6373,0.993317
-53.2841,0.0928,97.5890,0.994069
-52.4456,0.0937,97.5389,0.994835
-51.6056,0.0946,97.4871,0.995572
-50.7638,0.0955,97.4331,0.996327
-49.9204,0.0964,97.3761,0.997072
-49.0756,0.0973,97.3153,0.997828
-48.2294,0.0982,97.2499,0.998581
-47.4763,0.0990,97.1877,0.999250
