-67.7740,19.5036,23.1547,0.000585
-67.9139,19.5133,23.5744,0.000979
-68.0320,19.5214,23.9262,0.001311
-68.1632,19.5303,24.3155,0.001676
-68.3077,19.5401,24.7432,0.002079
-68.4410,19.5492,25.1383,0.002449
-68.5504,19.5567,25.4638,0.002757
-68.6846,19.5659,25.8643,0.003130
-68.8315,19.5761,26.3044,0.003541
-68.9544,19.5846,26.6734,0.003888
-69.0778,19.5931,27.0443,0.004237
-69.2268,19.6034,27.4916,0.004655
-69.3633,19.6129,27.9012,0.005037
-69.5002,19.6232,28.3116,0.005424
-69.6487,19.6379,28.7558,0.005838
-69.7600,19.6489,29.0886,0.006150
-69.8719,19.6600,29.4226,0.006464
-70.0229,19.6749,29.8734,0.006887
-70.1506,19.6875,30.2555,0.007245
-70.2671,19.6991,30.6045,0.007572
-70.4107,19.7134,31.0361,0.007979
-70.5547,19.7278,31.4707,0.008384
-70.6986,19.7422,31.9066,0.008794
-70.8419,19.7567,32.3436,0.009202
-70.9718,19.7699,32.7421,0.009574
-71.1013,19.7828,33.1415,0.009950
-71.2309,19.7946,33.5433,0.010323
-71.3605,19.8065,33.9468,0.010701
-71.5032,19.8196,34.3927,0.011116
-71.6331,19.8316,34.7998,0.011494
-71.7762,19.8448,35.2496,0.011916
-71.8934,19.8557,35.6192,0.012261
-72.0295,19.8179,36.0295,0.012644
-72.1726,19.8269,36.4846,0.013068
-72.3028,19.8363,36.9001,0.013456
-72.4333,19.8470,37.3178,0.013846
-72.5881,19.8616,37.8214,0.014313
-72.7310,19.8702,38.2834,0.014741
-72.8730,19.8800,38.7479,0.015172
-73.0003,19.8901,39.1705,0.015558
-73.1389,19.9021,39.6361,0.015988
-73.2767,19.9147,40.1037,0.016420
-73.4139,19.9275,40.5737,0.016850
-73.5501,19.9401,41.0460,0.017290
-73.6966,19.9530,41.5631,0.017772
-73.8170,19.9628,41.9952,0.018170
-73.9497,19.9664,42.4658,0.018612
-74.0814,19.9611,42.9446,0.019054
-74.2020,19.9551,43.3820,0.019458
-74.3475,19.9466,43.9086,0.019948
-74.4688,19.9386,44.3479,0.020351
-74.6023,19.9291,44.8315,0.020797
-74.7237,19.9202,45.2728,0.021203
-74.8697,19.9095,45.8062,0.021693
-74.9979,19.9279,46.3009,0.022143
-75.1293,19.9189,46.7953,0.022598
-75.2711,19.9072,47.3374,0.023094
-75.4002,19.8964,47.8347,0.023550
-75.5292,19.8856,48.3328,0.024010
-75.6583,19.8748,48.8329,0.024468
-75.7996,19.8630,49.3813,0.024970
-75.9177,19.8531,49.8408,0.025392
-76.0600,19.8411,50.3948,0.025902
-76.1790,19.8311,50.8578,0.026324
-76.3220,19.8191,51.4141,0.026835
-76.4414,19.8086,51.8787,0.027260
-76.5851,19.7960,52.4371,0.027773
-76.7175,19.7843,52.9506,0.028246
-76.8506,19.7727,53.4658,0.028718
-76.9970,19.7599,54.0297,0.029237
-77.1199,19.7492,54.5009,0.029671
-77.2566,19.7374,55.0204,0.030147
-77.4075,19.7244,55.5879,0.030670
-77.5479,19.7129,56.1090,0.031206
-77.6902,19.7019,56.6302,0.031841
-77.8343,19.6909,57.1520,0.032184
-77.9804,19.6799,57.6747,0.032258
-78.4158,19.6474,59.2007,0.034067
-78.5689,19.6361,59.7273,0.034486
-78.7233,19.6248,60.2549,0.034913
-78.8644,19.6144,60.7355,0.036424
-79.3039,19.5820,62.2323,0.036668
-79.4739,19.5692,62.8146,0.037222
-79.6157,19.5586,63.3007,0.037820
-79.7719,19.5468,63.8362,0.038317
-79.9288,19.5351,64.3722,0.038812
-80.0862,19.5233,64.9084,0.039311
-80.2589,19.5104,65.4937,0.039854
-80.4177,19.4986,66.0307,0.040352
-80.5622,19.4873,66.5189,0.040807
-80.7213,19.4744,67.0570,0.041306
-80.8804,19.4615,67.5959,0.041806
-81.0395,19.4486,68.1358,0.042307
-81.2274,19.4334,68.7747,0.042899
-81.3864,19.4205,69.3161,0.043401
-81.5309,19.4087,69.8087,0.043857
-81.6754,19.3969,70.3016,0.044314
-81.8197,19.3852,70.7949,0.044770
-81.9784,19.3723,71.3380,0.045272
-82.1514,19.3583,71.9310,0.045817
-82.3098,19.3454,72.4751,0.046325
-82.4826,19.3313,73.0692,0.046870
-82.6264,19.3195,73.5648,0.047333
-82.7848,19.3066,74.1103,0.047841
-82.9434,19.2937,74.6562,0.048347
-83.0885,19.2828,75.1539,0.048806
-83.2484,19.2736,75.7000,0.049313
-83.3945,19.2653,76.1964,0.049774
-83.5558,19.2561,76.7424,0.050280
-83.6883,19.2485,77.1891,0.050696
-83.8359,19.2401,77.6855,0.051156
-83.9989,19.2308,78.2318,0.051664
-84.1624,19.2216,78.7784,0.052171
-84.3266,19.2123,79.3254,0.052681
-84.4614,19.2048,79.7733,0.053097
-84.6116,19.1964,80.2710,0.053563
-84.7927,19.1863,80.8683,0.054119
-84.9442,19.1780,81.3659,0.054581
-85.1116,19.1687,81.9129,0.055090
-85.2795,19.1595,82.4591,0.055595
-85.4479,19.1502,83.0042,0.056102
-85.6012,19.1418,83.4985,0.056559
-85.7546,19.1334,83.9913,0.057021
-85.9213,19.1158,84.5270,0.057525
-86.0885,19.0948,85.0643,0.058029
-86.2548,19.0739,85.5990,0.058525
-86.4200,19.0531,86.1315,0.059026
-86.5841,19.0324,86.6628,0.059516
-86.7468,19.0118,87.1925,0.060007
-86.8788,18.9950,87.6238,0.060406
-87.0384,18.9745,88.1473,0.060893
-87.1685,18.9639,88.5745,0.061283
-87.3105,18.9527,89.0416,0.061719
-87.4787,18.9395,89.5964,0.062226
-87.6308,18.9275,90.0997,0.062692
-87.7945,18.9145,90.6426,0.063188
-87.9292,18.9039,91.0901,0.063603
-88.0755,18.8923,91.5772,0.064053
-88.2197,18.8808,92.0587,0.064496
-88.3619,18.8695,92.5339,0.064926
-88.4761,18.8603,92.9171,0.065277
-88.6130,18.8492,93.3774,0.065699
-88.7465,18.8383,93.8277,0.066111
-88.8767,18.8276,94.2678,0.066511
-89.0148,18.8163,94.7363,0.066936
-89.1269,18.8071,95.1177,0.067286
-89.2687,18.7954,95.6019,0.067719
-89.3852,18.7858,96.0018,0.068079
-89.4988,18.7764,96.3939,0.068425
-89.6196,18.7663,96.8136,0.068799
-89.7272,18.7573,97.1922,0.069130
-89.8321,18.7485,97.5658,0.069461
-89.9342,18.7398,97.9352,0.069782
-90.0337,18.7313,98.3011,0.070095
-90.1308,18.7229,98.6631,0.070409
-90.2256,18.7146,99.0210,0.070724
-90.3180,18.7065,99.3744,0.071027
-90.4162,18.6977,99.7549,0.071352
-90.4959,18.6906,100.0680,0.071620
-90.5815,18.6828,100.4082,0.071910
-90.6649,18.6752,100.7439,0.072199
-90.7536,18.6671,101.1055,0.072500
-90.8257,18.6604,101.4033,0.072752
-90.9172,18.6518,101.7863,0.073082
-91.0065,18.6433,102.1645,0.073392
-91.0736,18.6369,102.4522,0.073637
-91.1328,18.6312,102.7087,0.073851
-91.1973,18.6250,102.9910,0.074088
-91.2668,18.6182,103.2982,0.074342
-91.3344,18.6115,103.6025,0.074594
-91.3941,18.6055,103.8769,0.074817
-91.4519,18.5995,104.1501,0.075042
-91.5184,18.5925,104.4776,0.075311
-91.5720,18.5892,104.7546,0.075531
-91.6168,18.5882,105.0010,0.075732
-91.6678,18.5871,105.3029,0.075968
-91.7111,18.5865,105.5793,0.076182
-91.7587,18.5882,105.9093,0.076438
-91.7955,18.5896,106.1840,0.076650
-91.8334,18.5912,106.4853,0.076892
-91.8685,18.5928,106.7854,0.077119
-91.9039,18.5945,107.1117,0.077364
-91.9313,18.5960,107.3833,0.077572
-91.9590,18.5978,107.6819,0.077799
-91.9814,18.5987,107.9528,0.078004
-92.0030,18.5996,108.2516,0.078223
-92.0208,18.6006,108.5505,0.078447
-92.0333,18.6015,108.8221,0.078654
-92.0426,18.6025,109.1208,0.078872
-92.0470,18.6035,109.3920,0.079078
-92.0473,18.6047,109.6899,0.079291
-92.0420,18.6058,110.0140,0.079531
-92.0319,18.6069,110.3107,0.079757
-92.0135,18.6082,110.6607,0.080010
-91.9924,18.6093,110.9561,0.080240
-91.9664,18.6101,111.2517,0.080456
-91.9358,18.6110,111.5474,0.080696
-91.9008,18.6120,111.8430,0.080923
-91.8615,18.6128,112.1382,0.081150
-91.8182,18.6134,112.4337,0.081373
-91.7708,18.6142,112.7294,0.081594
-91.7241,18.6150,112.9984,0.081795
-91.6633,18.6155,113.3206,0.082035
-91.6030,18.6154,113.6170,0.082263
-91.5442,18.6154,113.8865,0.082468
-91.4751,18.6155,114.1830,0.082697
-91.4082,18.6157,114.4526,0.082906
-91.3302,18.6148,114.7482,0.083131
-91.2625,18.6139,114.9908,0.083306
-91.1752,18.6129,115.2871,0.083536
-91.0911,18.6122,115.5564,0.083735
-90.9840,18.6111,115.8782,0.083983
-90.8786,18.6091,116.1730,0.084211
-90.7769,18.6074,116.4401,0.084424
-90.6469,18.6056,116.7593,0.084678
-90.5321,18.6041,117.0240,0.084886
-90.3871,18.6014,117.3391,0.085139
-90.2465,18.5988,117.6264,0.085369
-90.1129,18.5965,117.8856,0.085597
-89.9600,18.5942,118.1684,0.085842
-89.8012,18.5919,118.4484,0.086087
-89.6372,18.5895,118.7254,0.086340
-89.4677,18.5869,118.9999,0.086582
-89.2936,18.5844,119.2720,0.086821
-89.1487,18.5889,119.5404,0.087042
-88.9492,18.6023,119.8317,0.087308
-88.7621,18.6141,120.0967,0.087554
-88.5885,18.6244,120.3359,0.087783
-88.3975,18.6300,120.5543,0.087997
-88.2178,18.6298,120.7897,0.088221
-88.0360,18.6297,121.0241,0.088439
-87.8339,18.6295,121.2816,0.088675
-87.6480,18.6294,121.5162,0.088905
-87.4410,18.6292,121.7746,0.089165
-87.2309,18.6290,122.0329,0.089413
-87.0553,18.6288,122.2431,0.089620
-86.8351,18.6286,122.4979,0.089868
-86.6087,18.6285,122.7502,0.090120
-86.3983,18.6285,122.9776,0.090351
-86.1630,18.6285,123.2262,0.090601
-85.9453,18.6286,123.4503,0.090840
-85.7020,18.6287,123.6949,0.091100
-85.4322,18.6288,123.9596,0.091396
-85.2045,18.6289,124.1784,0.091627
-84.9511,18.6290,124.4174,0.091900
-84.6940,18.6291,124.6548,0.092167
-84.4324,18.6292,124.8910,0.092433
-84.1421,18.6293,125.1469,0.092726
-83.8965,18.6293,125.3585,0.092980
-83.6478,18.6294,125.5686,0.093226
-83.3712,18.6295,125.7978,0.093508
-83.1112,18.6296,125.9969,0.093751
-82.8290,18.6292,126.2231,0.094034
-82.5703,18.6290,126.4276,0.094293
-82.2834,18.6288,126.6513,0.094567
-82.0733,18.6287,126.8133,0.094783
-81.8620,18.6287,126.9748,0.094992
-81.6229,18.6288,127.1559,0.095230
-81.3822,18.6289,127.3364,0.095475
-81.1671,18.6290,127.4964,0.095686
-80.8423,18.6294,127.7359,0.096004
-80.5696,18.6297,127.9352,0.096272
-80.2738,18.6296,128.1620,0.096581
-79.9978,18.6296,128.3612,0.096849
-79.6924,18.6296,128.5804,0.097158
-79.4133,18.6295,128.7800,0.097435
-79.1328,18.6294,128.9797,0.097717
-78.8224,18.6293,129.1994,0.098025
-78.5100,18.6292,129.4191,0.098335
-78.2815,18.6292,129.5788,0.098565
-77.9944,18.6291,129.7782,0.098848
-77.6764,18.6290,129.9972,0.099166
-77.3562,18.6289,130.2158,0.099476
-77.0338,18.6288,130.4342,0.099808
-76.7095,18.6287,130.6522,0.100124
-76.3831,18.6286,130.8700,0.100453
-76.0847,18.6285,131.0677,0.100742
-75.7845,18.6284,131.2653,0.101038
-75.4827,18.6284,131.4624,0.101345
-75.1488,18.6284,131.6789,0.101673
-74.8128,18.6284,131.8950,0.102000
-74.4747,18.6283,132.1107,0.102332
-74.1348,18.6283,132.3259,0.102672
-73.8237,18.6284,132.5208,0.102968
-73.4800,18.6284,132.7352,0.103306
-73.1661,18.6285,132.9298,0.103613
-72.8193,18.6285,133.1435,0.103952
-72.4711,18.6286,133.3569,0.104289
-72.1215,18.6287,133.5700,0.104629
-71.7706,18.6288,133.7831,0.104973
-71.4184,18.6289,133.9959,0.105315
-71.1292,18.6290,134.1700,0.105597
-70.7745,18.6291,134.3825,0.105935
-70.4509,18.6292,134.5754,0.106251
-70.1260,18.6293,134.7675,0.106566
-69.7997,18.6295,134.9586,0.106874
-69.4390,18.6296,135.1673,0.107216
-69.1424,18.6297,135.3366,0.107496
-68.8113,18.6298,135.5231,0.107822
-68.5116,18.6299,135.6893,0.108102
-68.1767,18.6300,135.8719,0.108406
-67.8548,18.6304,136.0723,0.108725
-67.4817,18.6223,136.2678,0.109074
-67.1400,18.6145,136.4423,0.109395
-66.7267,18.6045,136.6473,0.109781
-66.3441,18.5952,136.8305,0.110125
-65.9055,18.5827,136.9996,0.110504
-65.5159,18.5846,137.1710,0.110843
-65.1582,18.5865,137.3209,0.111168
-64.7247,18.5889,137.4937,0.111555
-64.3608,18.5910,137.6320,0.111873
-63.9958,18.5933,137.7653,0.112183
-63.5942,18.5958,137.9068,0.112540
-63.1925,18.5985,138.0439,0.112893
-62.7900,18.6013,138.1769,0.113247
-62.3860,18.6039,138.3059,0.113604
-62.0159,18.6056,138.4201,0.113936
-61.6058,18.6076,138.5424,0.114286
-61.2304,18.6094,138.6509,0.114616
-60.8149,18.6116,138.7675,0.114970
-60.3596,18.6128,138.8912,0.115365
-59.9396,18.6135,139.0016,0.115728
-59.4792,18.6144,139.1183,0.116113
-59.1709,18.6150,139.1934,0.116378
-58.7453,18.6153,139.2925,0.116739
-58.3946,18.6154,139.3698,0.117032
-57.9633,18.6157,139.4589,0.117394
-57.5290,18.6161,139.5424,0.117750
-57.1322,18.6156,139.6136,0.118082
-56.7730,18.6151,139.6747,0.118385
-56.3324,18.6145,139.7460,0.118753
-55.9308,18.6140,139.8080,0.119085
-55.5286,18.6133,139.8675,0.119420
-55.1657,18.6126,139.9189,0.119724
-54.7210,18.6119,139.9787,0.120092
-54.3158,18.6112,140.0300,0.120436
-53.8269,18.6095,140.0876,0.120842
-53.3354,18.6079,140.1405,0.121256
-52.8826,18.6065,140.1849,0.121642
-52.4279,18.6045,140.2250,0.122011
-52.0124,18.6027,140.2574,0.122361
-51.5114,18.6007,140.2904,0.122778
-51.0926,18.5987,140.3129,0.123126
-50.6297,18.5960,140.3320,0.123512
-50.2497,18.5940,140.3433,0.123819
-49.7416,18.5913,140.3524,0.124246
-49.2749,18.5889,140.3549,0.124633
-48.8071,18.5863,140.3521,0.125025
-48.3814,18.5841,140.3450,0.125384
-47.9115,18.5383,140.3371,0.125766
-47.4794,18.6002,140.3454,0.126130
-47.0961,18.6106,140.3310,0.126456
-46.6275,18.6223,140.3110,0.126847
-46.2007,18.6325,140.2888,0.127201
-45.8228,18.6299,140.2428,0.127524
-45.3966,18.6297,140.2145,0.127885
-44.9701,18.6295,140.1850,0.128248
-44.4997,18.6293,140.1510,0.128643
-44.0276,18.6291,140.1142,0.129040
-43.5967,18.6288,140.0772,0.129403
-43.1215,18.6287,140.0312,0.129811
-42.6450,18.6286,139.9796,0.130200
-42.2116,18.6285,139.9278,0.130567
-41.7785,18.6284,139.8716,0.130931
-41.2167,18.6283,139.7929,0.131405
-40.7428,18.6284,139.7205,0.131798
-40.3129,18.6284,139.6503,0.132165
-39.8407,18.6284,139.5681,0.132573
-39.3262,18.6284,139.4725,0.133010
-38.8122,18.6285,139.3705,0.133450
-38.3843,18.6286,139.2807,0.133815
-37.9573,18.6287,139.1866,0.134190
-37.4886,18.6289,139.0784,0.134593
-37.0213,18.6290,138.9653,0.134995
-36.5556,18.6291,138.8475,0.135402
-36.0916,18.6292,138.7252,0.135810
-35.6296,18.6293,138.5986,0.136210
-35.2115,18.6294,138.4799,0.136574
-34.7541,18.6294,138.3460,0.136980
-34.2994,18.6293,138.2090,0.137381
-33.8899,18.6292,138.0826,0.137738
-33.4460,18.6291,137.9428,0.138131
-33.0495,18.6290,137.8154,0.138482
-32.6219,18.6289,137.6758,0.138869
-32.2423,18.6288,137.5498,0.139202
-31.8344,18.6288,137.4142,0.139561
-31.5086,18.6288,137.3059,0.139858
-31.1197,18.6288,137.1767,0.140202
-30.7410,18.6288,137.0512,0.140536
-30.3725,18.6288,136.9285,0.140874
-30.0459,18.6288,136.8186,0.141163
-29.7261,18.6288,136.7092,0.141450
-29.4127,18.6288,136.5998,0.141730
-29.1049,18.6288,136.4897,0.142000
-28.7727,18.6289,136.3677,0.142303
-28.4763,18.6290,136.2562,0.142567
-28.1564,18.6290,136.1328,0.142854
-27.8708,18.6291,136.0204,0.143105
-27.5624,18.6291,135.8967,0.143377
-27.2598,18.6292,135.7733,0.143643
-26.9627,18.6292,135.6507,0.143910
-26.6460,18.6293,135.5178,0.144191
-26.3883,18.6293,135.4078,0.144419
-26.1359,18.6294,135.2983,0.144637
-25.9076,18.6280,135.2247,0.144837
-25.6889,18.6228,135.1272,0.145027
-25.4035,18.6157,134.9980,0.145278
-25.1485,18.6093,134.8812,0.145503
-24.9232,18.6035,134.7777,0.145701
-24.6814,18.5973,134.6662,0.145908
-24.4023,18.5900,134.5365,0.146153
-24.2201,18.5824,134.4183,0.146322
-24.0136,18.5834,134.3207,0.146503
-23.8104,18.5845,134.2233,0.146679
-23.5906,18.5855,134.1160,0.146866
-23.3930,18.5863,134.0177,0.147025
-23.1976,18.5872,133.9188,0.147192
-22.9848,18.5882,133.8093,0.147368
-22.7747,18.5892,133.6989,0.147544
-22.5863,18.5902,133.5975,0.147701
-22.3815,18.5910,133.4836,0.147876
-22.1977,18.5919,133.3770,0.148029
-21.9977,18.5930,133.2555,0.148195
-21.8178,18.5941,133.1412,0.148341
-21.6044,18.5955,133.0003,0.148511
-21.4289,18.5967,132.8807,0.148653
-21.2389,18.5978,132.7478,0.148797
-21.0512,18.5987,132.6133,0.148961
-20.8326,18.5998,132.4516,0.149145
-20.6505,18.6009,132.3115,0.149297
-20.4549,18.6022,132.1541,0.149458
-20.2630,18.6036,131.9908,0.149611
-20.1374,18.6047,131.8783,0.149710
-19.9691,18.6053,131.7194,0.149848
-19.8189,18.6060,131.5699,0.149961
-19.6721,18.6068,131.4166,0.150079
-19.5148,18.6078,131.2441,0.150213
-19.3480,18.6091,131.0519,0.150365
-19.1993,18.6103,130.8725,0.150503
-19.0548,18.6111,130.6907,0.150630
-18.9261,18.6117,130.5224,0.150754
-18.7878,18.6126,130.3344,0.150882
-18.6653,18.6134,130.1608,0.150997
-18.5348,18.6141,129.9674,0.151125
-18.4308,18.6143,129.8061,0.151232
-18.2967,18.6146,129.5874,0.151360
-18.1786,18.6151,129.3835,0.151483
-18.0754,18.6156,129.1954,0.151593
-17.9666,18.6162,128.9865,0.151715
-17.8709,18.6160,128.7939,0.151826
-17.7785,18.6159,128.5997,0.151936
-17.6891,18.6159,128.4042,0.152049
-17.5857,18.6160,128.1676,0.152187
-17.4788,18.6162,127.9089,0.152333
-17.4008,18.6159,127.7085,0.152450
-17.3336,18.6155,127.5256,0.152555
-17.2627,18.6152,127.3203,0.152669
-17.2026,18.6149,127.1333,0.152776
-17.1404,18.6147,126.9237,0.152887
-17.0670,18.6140,126.6470,0.153030
-16.9943,18.6135,126.3227,0.153195
-16.9613,18.6133,126.1477,0.153288
-16.9228,18.6132,125.9049,0.153413
-16.8953,18.6126,125.6831,0.153529
-16.8769,18.6120,125.4813,0.153638
-16.8649,18.6116,125.2786,0.153746
-16.8592,18.6112,125.0074,0.153895
-16.8653,18.6111,124.7356,0.154045
-16.8830,18.6109,124.4646,0.154203
-16.9092,18.6104,124.2165,0.154336
-16.9517,18.6101,123.9249,0.154494
-16.9882,18.6101,123.7251,0.154602
-17.0511,18.6094,123.4383,0.154761
-17.1193,18.6089,123.1767,0.154910
-17.1972,18.6087,122.9184,0.155051
-17.2918,18.6084,122.6431,0.155207
-17.3802,18.6078,122.4130,0.155336
-17.4579,18.6074,122.2271,0.155448
-17.5402,18.6072,122.0433,0.155558
-17.6268,18.6070,121.8615,0.155664
-17.7070,18.6070,121.7016,0.155758
-17.8112,18.6065,121.5045,0.155878
-17.9203,18.6059,121.3090,0.156002
-18.0222,18.6055,121.1350,0.156111
-18.1757,18.6049,120.8875,0.156273
-18.3122,18.6041,120.6811,0.156409
-18.4545,18.6033,120.4780,0.156543
-18.6168,18.6027,120.2605,0.156700
-18.7569,18.6023,120.0830,0.156830
-18.9170,18.6012,119.8910,0.156968
-19.0821,18.6002,119.7026,0.157109
-19.2514,18.5994,119.5174,0.157250
-19.4241,18.5987,119.3351,0.157387
-19.6152,18.5977,119.1386,0.157547
-19.7930,18.5966,118.9596,0.157700
-20.0057,18.5953,118.7486,0.157875
-20.1378,18.5945,118.6187,0.157990
-20.2874,18.5936,118.4725,0.158109
-20.4384,18.5926,118.3259,0.158243
-20.5903,18.5916,118.1788,0.158381
-20.7263,18.5908,118.0477,0.158495
-20.9308,18.5890,117.8506,0.158679
-21.1206,18.5865,117.6684,0.158847
-21.3118,18.5840,117.4849,0.159019
-21.5220,18.5812,117.2833,0.159214
-21.6988,18.5789,117.1139,0.159381
-21.8771,18.5765,116.9435,0.159549
-22.0970,18.5832,116.6958,0.159765
-22.2618,18.5881,116.5413,0.159913
-22.4283,18.5929,116.3865,0.160067
-22.5967,18.5975,116.2316,0.160218
-22.7671,18.6020,116.0770,0.160375
-22.9587,18.6069,115.9055,0.160558
-23.1332,18.6111,115.7516,0.160712
-23.3812,18.6134,115.5680,0.160939
-23.6209,18.6119,115.3645,0.161149
-23.8655,18.6104,115.1628,0.161367
-24.0953,18.6090,114.9805,0.161564
-24.3335,18.6098,114.8016,0.161765
-24.5774,18.6112,114.6292,0.161973
-24.8283,18.6126,114.4627,0.162176
-25.0613,18.6139,114.3164,0.162365
-25.3219,18.6153,114.1605,0.162559
-25.6098,18.6169,113.9961,0.162784
-25.8758,18.6183,113.8504,0.162987
-26.0948,18.6195,113.7349,0.163165
-26.3890,18.6210,113.5854,0.163400
-26.5868,18.6221,113.4887,0.163572
-26.8114,18.6233,113.3826,0.163745
-27.1402,18.6250,113.2349,0.163987
-27.4484,18.6266,113.1049,0.164232
-27.7081,18.6280,113.0013,0.164455
-27.9916,18.6335,112.8663,0.164713
-28.2814,18.6417,112.7618,0.165010
-28.5716,18.6495,112.6608,0.165245
-28.8606,18.6571,112.5619,0.165504
-29.1991,18.6661,112.4455,0.165836
-29.4827,18.6738,112.3463,0.166143
-29.7386,18.6810,112.2547,0.166443
-29.9937,18.6884,112.1614,0.166727
-30.2394,18.6970,112.1026,0.166971
-30.5478,18.7139,111.9845,0.167297
-30.7802,18.7266,111.8934,0.167539
-31.0132,18.7393,111.8002,0.167775
-31.2981,18.7549,111.6841,0.168071
-31.5309,18.7677,111.5876,0.168317
-31.8178,18.7870,111.4663,0.168614
-32.0767,18.8050,111.3558,0.168901
-32.3365,18.8231,111.2439,0.169181
-32.5972,18.8413,111.1311,0.169458
-32.8590,18.8596,111.0174,0.169747
-33.1479,18.8798,110.8913,0.170077
-33.4644,18.9019,110.7520,0.170432
-33.7554,18.9223,110.6221,0.170762
-33.9669,18.9369,110.5257,0.170992
-34.3107,18.9604,110.3659,0.171367
-34.6000,18.9803,110.2264,0.171675
-34.8089,18.9947,110.1221,0.171899
-35.0418,19.0106,110.0019,0.172154
-35.3240,19.0297,109.8502,0.172460
-35.5527,19.0452,109.7225,0.172712
-35.7791,19.0602,109.5914,0.172961
-36.0048,19.0750,109.4574,0.173218
-36.2297,19.0898,109.3202,0.173467
-36.4286,19.1034,109.1961,0.173689
-36.7253,19.1236,109.0055,0.174023
-36.9709,19.1405,108.8426,0.174305
-37.2622,19.1600,108.6415,0.174647
-37.5259,19.1777,108.4519,0.174953
-37.7634,19.1951,108.2734,0.175226
-38.0405,19.2172,108.0541,0.175552
-38.2872,19.2368,107.8468,0.175855
-38.5079,19.2534,107.6535,0.176125
-38.7478,19.2723,107.4343,0.176427
-38.9806,19.2939,107.2116,0.176726
-39.2269,19.3165,106.9621,0.177048
-39.3889,19.3306,106.7917,0.177262
-39.5683,19.3466,106.5961,0.177508
-39.7629,19.3647,106.3754,0.177778
-39.9340,19.3808,106.1733,0.178018
-40.0820,19.3947,105.9907,0.178235
-40.2460,19.4098,105.7817,0.178476
-40.4605,19.4320,105.4958,0.178801
-40.6492,19.4541,105.2309,0.179100
-40.8303,19.4750,104.9625,0.179398
-40.9930,19.4924,104.7150,0.179668
-41.1685,19.5114,104.4399,0.179965
-41.3559,19.5320,104.1362,0.180289
-41.5232,19.5498,103.8535,0.180586
-41.6861,19.5687,103.5672,0.180882
-41.8570,19.5891,103.2508,0.181210
-42.0059,19.6074,102.9574,0.181507
-42.1611,19.6325,102.6285,0.181831
-42.2784,19.6577,102.3573,0.182102
-42.3947,19.6818,102.0571,0.182399
-42.5160,19.7082,101.7268,0.182723
-42.6205,19.7321,101.4224,0.183018
-42.7174,19.7498,101.1188,0.183313
-42.7878,19.7627,100.8932,0.183532
-42.8730,19.7788,100.6075,0.183801
-42.9700,19.7981,100.2602,0.184130
-43.0441,19.8144,99.9652,0.184404
-43.1037,19.8320,99.7015,0.184649
-43.1645,19.8532,99.3803,0.184948
-43.2023,19.8695,99.1211,0.185193
-43.2416,19.8971,98.7697,0.185514
-43.2645,19.9248,98.4578,0.185807
-43.2743,19.9456,98.2065,0.186044
-43.2828,19.9685,97.8918,0.186332
-43.2866,19.9920,97.5729,0.186624
-43.2868,20.0157,97.2480,0.186918
-43.2821,20.0391,96.9173,0.187215
-43.2728,20.0639,96.5776,0.187517
-43.2559,20.0894,96.2377,0.187824
-43.2287,20.1140,95.9008,0.188132
-43.1920,20.1391,95.5629,0.188440
-43.1426,20.1682,95.2016,0.188777
-43.0897,20.1925,94.8752,0.189085
-43.0342,20.2134,94.5462,0.189392
-42.9704,20.2360,94.1818,0.189732
-42.9096,20.2570,93.8422,0.190045
-42.8459,20.2776,93.4972,0.190359
-42.7796,20.2959,93.1482,0.190677
-42.7020,20.3151,92.7620,0.191028
-42.6251,20.3327,92.4071,0.191352
-42.5423,20.3480,92.0551,0.191682
-42.4438,20.3611,91.6677,0.192041
-42.3476,20.3731,91.3121,0.192374
-42.2373,20.3861,90.9226,0.192740
-42.1414,20.3970,90.5956,0.193044
-42.0122,20.4112,90.1670,0.193448
-41.8997,20.4233,89.8007,0.193795
-41.7849,20.4354,89.4303,0.194141
-41.6577,20.4478,89.0209,0.194525
-41.5611,20.4569,88.7087,0.194810
-41.4307,20.4692,88.2862,0.195201
-41.3429,20.4775,88.0008,0.195458
-41.2100,20.4902,87.5674,0.195855
-41.0869,20.5019,87.1649,0.196218
-40.9627,20.5138,86.7578,0.196587
-40.8374,20.5258,86.3458,0.196959
-40.6993,20.5391,85.8907,0.197373
-40.5715,20.5514,85.4679,0.197756
-40.4542,20.5627,85.0791,0.198111
-40.3356,20.5741,84.6859,0.198470
-40.2036,20.5868,84.2486,0.198875
-40.0699,20.5997,83.8067,0.199280
-39.9347,20.6126,83.3602,0.199692
-39.8105,20.6246,82.9500,0.200077
-39.6731,20.6385,82.4958,0.200505
-39.5242,20.6536,82.0027,0.200969
-39.3756,20.6686,81.5096,0.201436
-39.2523,20.6812,81.1000,0.201829
-39.1161,20.6950,80.6487,0.202263
-38.9777,20.7089,80.1927,0.202706
-38.8495,20.7217,79.7721,0.203118
-38.7318,20.7334,79.3879,0.203495
-38.5852,20.7479,78.9107,0.203952
-38.4495,20.7613,78.4703,0.204391
-38.2980,20.7761,77.9794,0.204870
-38.1446,20.7911,77.4830,0.205363
-37.9893,20.8063,76.9821,0.205860
-37.8325,20.8215,76.4770,0.206359
-37.6740,20.8369,75.9679,0.206864
-37.5284,20.8510,75.5013,0.207323
-37.3665,20.8666,74.9835,0.207832
-37.2028,20.8824,74.4609,0.208341
-37.0368,20.8984,73.9333,0.208863
-36.8531,20.9159,73.3521,0.209446
-36.6821,20.9321,72.8147,0.209972
-36.5085,20.9483,72.2728,0.210512
-36.3485,20.9633,71.7767,0.211005
-36.2027,20.9767,71.3272,0.211445
-36.0056,20.9948,70.7237,0.212034
-35.8392,21.0100,70.2168,0.212525
-35.6544,21.0269,69.6550,0.213079
-35.4681,21.0439,69.0883,0.213624
-35.2975,21.0594,68.5687,0.214118
-35.1085,21.0767,67.9925,0.214668
-34.9357,21.0925,67.4646,0.215172
-34.7447,21.1100,66.8794,0.215727
-34.5541,21.1276,66.2943,0.216286
-34.3648,21.1451,65.7104,0.216833
-34.1767,21.1626,65.1278,0.217388
-33.9899,21.1801,64.5457,0.217930
-33.8206,21.1960,64.0152,0.218428
-33.6339,21.2137,63.4272,0.218979
-33.4634,21.2299,62.8872,0.219481
-33.2748,21.2480,62.2870,0.220045
-33.1024,21.2646,61.7362,0.220557
-32.9120,21.2830,61.1254,0.221134
-32.7037,21.3032,60.4540,0.221757
-32.5298,21.3202,59.8906,0.222288
-32.3142,21.3149,59.2744,0.222862
-32.1427,21.3348,58.7034,0.223392
-31.9336,21.3574,58.0138,0.224035
-31.7591,21.3747,57.4345,0.224575
-31.5677,21.3925,56.7930,0.225171
-31.3777,21.4097,56.1497,0.225773
-31.1888,21.4272,55.5036,0.226370
-30.9833,21.4477,54.7940,0.227033
-30.7950,21.4684,54.1387,0.227634
-30.6044,21.4925,53.4797,0.228252
-30.3652,21.5240,52.6344,0.229032
-30.1945,21.5474,52.0273,0.229600
-30.0063,21.5730,51.3567,0.230219
-29.8173,21.5974,50.6834,0.230843
-29.6271,21.6198,50.0075,0.231472
-29.4530,21.6376,49.3907,0.232045
-29.2602,21.6543,48.7089,0.232677
-29.0509,21.6683,47.9583,0.233375
-28.8910,21.6779,47.3923,0.233899
-28.6948,21.6887,46.6965,0.234549
-28.5160,21.6988,46.0600,0.235130
-28.3191,21.7117,45.3554,0.235784
-28.1222,21.7276,44.6466,0.236438
-27.9268,21.7472,43.9374,0.237084
-27.7321,21.7706,43.2265,0.237741
-27.5342,21.8498,42.4421,0.238447
-27.3570,21.8697,41.7880,0.239052
-27.1630,21.8917,41.0630,0.239716
-26.9696,21.9139,40.3355,0.240381
-26.7756,21.9360,39.6081,0.241053
-26.5793,21.9581,38.8818,0.241726
-26.3791,21.9801,38.1570,0.242400
-26.1739,22.0020,37.4342,0.243067
-25.9411,22.0256,36.6460,0.243798
-25.7161,22.0474,35.9183,0.244479
-25.4810,22.0693,35.1826,0.245161
-25.2256,22.0628,34.4433,0.245852
-24.9817,22.0882,33.6945,0.246542
-24.7376,22.1159,32.9413,0.247235
-24.4894,22.1469,32.1850,0.247930
-24.2493,22.1763,31.4286,0.248622
-24.0118,22.2030,30.6675,0.249313
-23.8212,22.2221,30.0422,0.249885
-23.5762,22.2433,29.2119,0.250636
-23.3793,22.2576,28.5210,0.251260
-23.1510,22.2721,27.6951,0.252010
-22.9282,22.2867,26.8710,0.252760
-22.6917,22.3048,25.9773,0.253566
-22.4781,22.3225,25.1492,0.254311
-22.2644,22.3454,24.3168,0.255065
-22.0782,22.3672,23.5500,0.255757
-21.9045,22.3844,22.8514,0.256386
-21.7201,22.4371,22.0818,0.257083
-21.5365,22.4284,21.3195,0.257784
-21.3533,22.4184,20.5552,0.258484
-21.1722,22.3974,19.7976,0.259184
-20.9903,22.3750,19.0376,0.259881
-20.8098,22.3471,18.2829,0.260580
-20.6284,22.3135,17.5260,0.261277
-20.4493,22.2726,16.7779,0.261964
-20.2850,22.2245,16.0947,0.262589
-20.0872,22.1669,15.2780,0.263335
-19.9038,22.1142,14.5317,0.264020
-19.7158,22.0616,13.7906,0.264702
-19.5237,22.0093,13.0574,0.265383
-19.3133,21.9528,12.2659,0.266119
-19.1214,21.9012,11.5437,0.266791
-18.9300,21.8502,10.8224,0.267463
-18.7381,21.7996,10.1029,0.268136
-18.5271,21.7447,9.3210,0.268875
-18.3310,21.6944,8.6086,0.269547
-18.1313,21.6443,7.9013,0.270214
-17.9093,21.5899,7.1359,0.270939
-17.7212,21.5446,6.5027,0.271535
-17.5115,21.4951,5.8101,0.272195
-17.2609,21.4368,4.9959,0.272965
-17.0468,21.3877,4.3097,0.273613
-16.8507,21.3430,3.6877,0.274201
-16.6134,21.2894,2.9437,0.274899
-16.4140,21.2449,2.3260,0.275475
-16.1730,21.1915,1.5877,0.276164
-15.9710,21.1472,0.9749,0.276745
-15.7481,21.0986,0.3035,0.277372
-15.5257,21.0501,-0.3659,0.278001
-15.3232,21.0181,-0.9771,0.278574
-15.1052,20.9838,-1.6406,0.279198
-14.8925,20.9501,-2.2947,0.279811
-14.6679,20.9143,-2.9914,0.280459
-14.4863,20.8852,-3.5576,0.280996
-14.2918,20.8539,-4.1659,0.281565
-14.1191,20.8262,-4.7064,0.282075
-13.9173,20.7937,-5.3389,0.282689
-13.7507,20.7832,-5.8615,0.283179
-13.5759,20.7830,-6.4119,0.283726
-13.4377,20.7830,-6.8506,0.284162
-13.3042,20.7832,-7.2788,0.284588
-13.1473,20.7837,-7.7907,0.285095
-12.9829,20.7843,-8.3326,0.285640
-12.8375,20.7862,-8.8125,0.286112
-12.6952,20.7891,-9.2800,0.286550
-12.5550,20.7924,-9.7393,0.286976
-12.4302,20.7956,-10.1485,0.287363
-12.2984,20.7995,-10.5859,0.287792
-12.2052,20.8028,-10.9030,0.288096
-12.0791,20.8073,-11.3283,0.288485
-11.9694,20.8116,-11.7092,0.288866
-11.8405,20.8169,-12.1559,0.289359
-11.7371,20.8212,-12.5201,0.289736
-11.6269,20.8267,-12.9105,0.290155
-11.5124,20.8326,-13.3193,0.290599
-11.4125,20.8379,-13.6817,0.290977
-11.3172,20.8437,-14.0322,0.291346
-11.2268,20.8495,-14.3741,0.291732
-11.1372,20.8502,-14.7008,0.292148
-11.0547,20.8462,-15.0263,0.292515
-10.9762,20.8422,-15.3402,0.292889
-10.9073,20.8387,-15.6151,0.293226
-10.8469,20.8357,-15.8527,0.293515
-10.7748,20.8322,-16.1310,0.293845
-10.7049,20.8288,-16.4008,0.294155
-10.6427,20.8249,-16.6344,0.294429
-10.5729,20.8180,-16.9062,0.294746
-10.5276,20.8134,-17.0794,0.294927
-10.4673,20.8073,-17.3057,0.295168
-10.4090,20.8016,-17.5187,0.295404
-10.3527,20.7960,-17.7255,0.295646
-10.3035,20.7912,-17.9066,0.295868
-10.2470,20.7856,-18.1160,0.296136
-10.2028,20.7822,-18.3093,0.296337
-10.1484,20.7817,-18.5073,0.296555
-10.1015,20.7815,-18.6721,0.296737
-10.0435,20.7817,-18.8642,0.296950
-9.9888,20.7819,-19.0372,0.297143
-9.9331,20.7819,-19.2051,0.297330
-9.8766,20.7820,-19.3690,0.297512
-9.8242,20.7820,-19.5153,0.297662
-9.7598,20.7819,-19.6883,0.297842
-9.6989,20.7818,-19.8459,0.298002
-9.6420,20.7816,-19.9885,0.298143
-9.5897,20.7815,-20.1162,0.298272
-9.5247,20.7812,-20.2715,0.298428
-9.4584,20.7810,-20.4256,0.298577
-9.3966,20.7807,-20.5651,0.298713
-9.3268,20.7806,-20.7171,0.298863
-9.2546,20.7804,-20.8673,0.299002
-9.1796,20.7801,-21.0153,0.299140
-9.1084,20.7804,-21.1470,0.299263
-9.0269,20.7807,-21.2870,0.299399
-8.9408,20.7813,-21.4220,0.299529
-8.8586,20.7819,-21.5389,0.299650
-8.7627,20.7823,-21.6615,0.299783
-8.6619,20.7830,-21.7758,0.299914
-8.5549,20.7836,-21.8820,0.300046
-8.4531,20.7841,-21.9707,0.300169
-8.3360,20.7845,-22.0594,0.300299
-8.2121,20.7846,-22.1384,0.300434
-8.0831,20.7845,-22.2072,0.300566
-7.9368,20.7846,-22.2718,0.300713
-7.8126,20.7847,-22.3178,0.300836
-7.6598,20.7849,-22.3654,0.300985
-7.5188,20.7851,-22.4018,0.301121
-7.3894,20.7852,-22.4295,0.301247
-7.2450,20.7854,-22.4543,0.301385
-7.1123,20.7855,-22.4715,0.301512
-6.9640,20.7855,-22.4847,0.301654
-6.8134,20.7853,-22.4913,0.301798
-6.6601,20.7852,-22.4909,0.301942
-6.5070,20.7853,-22.4835,0.302088
-6.3677,20.7853,-22.4703,0.302221
-6.2141,20.7854,-22.4485,0.302368
-6.0616,20.7854,-22.4185,0.302517
-5.9238,20.7857,-22.3836,0.302651
-5.7883,20.7859,-22.3422,0.302787
-5.6415,20.7859,-22.2884,0.302938
-5.5115,20.7862,-22.2328,0.303075
-5.3843,20.7863,-22.1711,0.303209
-5.2351,20.7863,-22.0890,0.303372
-5.1137,20.7862,-22.0143,0.303506
-4.9960,20.7862,-21.9346,0.303641
-4.8707,20.7862,-21.8413,0.303787
-4.7388,20.7866,-21.7321,0.303948
-4.6345,20.7869,-21.6367,0.304083
-4.5344,20.7873,-21.5362,0.304217
-4.4394,20.7876,-21.4316,0.304352
-4.3408,20.7879,-21.3118,0.304498
-4.2564,20.7880,-21.1982,0.304629
-4.1698,20.7882,-21.0693,0.304774
-4.0897,20.7882,-20.9362,0.304917
-4.0161,20.7883,-20.7988,0.305060
-3.9494,20.7883,-20.6582,0.305202
-3.8944,20.7881,-20.5277,0.305332
-3.8358,20.7877,-20.3679,0.305486
-3.7888,20.7875,-20.2181,0.305626
-3.7521,20.7872,-20.0798,0.305756
-3.7181,20.7870,-19.9249,0.305897
-3.6916,20.7867,-19.7683,0.306037
-3.6737,20.7865,-19.6241,0.306165
-3.6612,20.7862,-19.4640,0.306301
-3.6563,20.7857,-19.3008,0.306439
-3.6569,20.7852,-19.1509,0.306561
-3.6599,20.7846,-18.9834,0.306699
-3.6615,20.7841,-18.8280,0.306826
-3.6584,20.7837,-18.6524,0.306976
-3.6474,20.7834,-18.4708,0.307144
-3.6282,20.7833,-18.2819,0.307316
-3.6048,20.7833,-18.1038,0.307486
-3.5747,20.7833,-17.9015,0.307672
-3.5527,20.7841,-17.7060,0.307852
-3.5227,20.7896,-17.4930,0.308050
-3.4983,20.7947,-17.2952,0.308236
-3.4779,20.7993,-17.1136,0.308427
-3.4541,20.8051,-16.8868,0.308674
-3.4297,20.8110,-16.6542,0.308917
-3.4033,20.8171,-16.4148,0.309154
-3.3775,20.8228,-16.1904,0.309367
-3.3493,20.8277,-15.9612,0.309575
-3.3183,20.8312,-15.6966,0.309826
-3.2837,20.8351,-15.3965,0.310126
-3.2520,20.8388,-15.1121,0.310421
-3.2236,20.8422,-14.8467,0.310699
-3.1915,20.8458,-14.5477,0.311023
-3.1581,20.8495,-14.2417,0.311354
-3.1220,20.8512,-13.9648,0.311666
-3.0838,20.8456,-13.6463,0.312028
-3.0457,20.8407,-13.3504,0.312389
-3.0010,20.8355,-13.0186,0.312813
-2.9524,20.8302,-12.6796,0.313217
-2.9047,20.8254,-12.3656,0.313568
-2.8483,20.8203,-12.0144,0.313978
-2.7888,20.8154,-11.6585,0.314395
-2.7436,20.8117,-11.3967,0.314692
-2.6725,20.8069,-10.9986,0.315133
-2.6047,20.8027,-10.6282,0.315561
-2.5348,20.7989,-10.2529,0.315990
-2.4562,20.7950,-9.8369,0.316465
-2.3760,20.7914,-9.4146,0.316967
-2.3018,20.7884,-9.0213,0.317395
-2.2281,20.7866,-8.6218,0.317795
-2.1627,20.7851,-8.2543,0.318201
-2.0989,20.7847,-7.8815,0.318582
-2.0315,20.7845,-7.4649,0.318980
-1.9732,20.7884,-7.0839,0.319336
-1.9174,20.7923,-6.6986,0.319707
-1.8583,20.7965,-6.2696,0.320131
-1.8008,20.8008,-5.8365,0.320566
-1.7403,20.8053,-5.3656,0.321027
-1.6854,20.8095,-4.9331,0.321472
-1.6308,20.8136,-4.5009,0.321919
-1.5757,20.8178,-4.0668,0.322360
-1.5147,20.8238,-3.5844,0.322851
-1.4636,20.8330,-3.1777,0.323281
-1.4019,20.8442,-2.6806,0.323798
-1.3400,20.8556,-2.1731,0.324328
-1.2882,20.8653,-1.7429,0.324774
-1.2311,20.8760,-1.2623,0.325270
-1.1737,20.8869,-0.7755,0.325759
-1.1162,20.8979,-0.2837,0.326245
-1.0636,20.9080,0.1672,0.326701
-1.0055,20.9192,0.6673,0.327205
-0.9524,20.9294,1.1259,0.327665
-0.8988,20.9454,1.5938,0.328130
-0.8460,20.9678,2.0606,0.328611
-0.7882,20.9926,2.5794,0.329148
-0.7360,21.0154,3.0556,0.329628
-0.6785,21.0407,3.5852,0.330139
-0.6313,21.0617,4.0232,0.330574
-0.5735,21.0875,4.5640,0.331078
-0.5208,21.1112,5.0601,0.331528
-0.4681,21.1351,5.5599,0.331990
-0.4154,21.1591,6.0630,0.332467
-0.3629,21.1832,6.5694,0.332948
-0.3158,21.2050,7.0281,0.333378
-0.2587,21.2320,7.5931,0.333917
-0.2074,21.2569,8.1110,0.334421
-0.1568,21.2820,8.6333,0.334925
-0.1068,21.3072,9.1599,0.335419
-0.0623,21.3301,9.6373,0.335863
-0.0088,21.3582,10.2253,0.336415
0.0436,21.3865,10.8179,0.336964
0.0902,21.4124,11.3602,0.337463
0.1353,21.4383,11.9055,0.337969
0.1832,21.4670,12.5084,0.338538
0.2283,21.4970,13.1119,0.339101
0.2666,21.5242,13.6602,0.339615
0.3051,21.5536,14.2612,0.340174
0.3398,21.5828,14.8585,0.340728
0.3673,21.6090,15.3973,0.341229
0.3925,21.6375,15.9854,0.341776
0.4116,21.6664,16.5691,0.342319
0.4234,21.6933,17.0948,0.342807
0.4300,21.7225,17.6685,0.343337
0.4290,21.7547,18.2895,0.343915
0.4221,21.7824,18.8018,0.344394
0.4085,21.8090,19.3097,0.344869
0.3889,21.8349,19.8139,0.345338
0.3593,21.8630,20.3637,0.345849
0.3205,21.8913,20.9099,0.346353
0.2675,21.9248,21.4976,0.346900
0.2076,21.9547,22.0313,0.347395
0.1387,21.9869,22.5578,0.347884
0.0599,22.0168,23.0768,0.348369
-0.0181,22.0415,23.5460,0.348805
-0.1104,22.0684,24.0585,0.349283
-0.2001,22.0921,24.5218,0.349716
-0.3143,22.1210,25.0750,0.350235
-0.4160,22.1446,25.5330,0.350666
-0.5359,22.1708,26.0344,0.351138
-0.6410,22.1923,26.4410,0.351523
-0.7659,22.2158,26.8887,0.351949
-0.8990,22.2393,27.3332,0.352377
-1.0544,22.2653,27.8173,0.352845
-1.2035,22.2886,28.2536,0.353272
-1.3751,22.3145,28.7322,0.353740
-1.5540,22.3421,29.2067,0.354210
-1.7747,22.3719,29.7621,0.354762
-1.9507,22.3922,30.1893,0.355188
-2.1319,22.4123,30.6150,0.355611
-2.3185,22.4316,31.0385,0.356034
-2.5289,22.4505,31.5025,0.356503
-2.7257,22.4670,31.9229,0.356927
-2.9683,22.4867,32.4242,0.357435
-3.1972,22.5044,32.8803,0.357902
-3.4099,22.5184,33.2911,0.358327
-3.6276,22.5311,33.7012,0.358752
-3.8717,22.5450,34.1506,0.359220
-4.1197,22.5589,34.5994,0.359685
-4.3691,22.5664,35.0458,0.360153
-4.5985,22.5728,35.4550,0.360574
-4.8521,22.5797,35.9066,0.361039
-5.0825,22.5823,36.3174,0.361463
-5.3141,22.5849,36.7310,0.361888
-5.5456,22.5876,37.1457,0.362315
-5.7996,22.5897,37.6019,0.362782
-6.0307,22.5899,38.0182,0.363207
-6.2844,22.5900,38.4765,0.363672
-6.5370,22.5898,38.9342,0.364138
-6.7896,22.5872,39.3935,0.364607
-7.0418,22.5847,39.8535,0.365072
-7.2707,22.5824,40.2726,0.365495
-7.5220,22.5799,40.7350,0.365966
-7.7726,22.5774,41.1989,0.366431
-7.9998,22.5752,41.6220,0.366857
-8.2266,22.5730,42.0459,0.367282
-8.4758,22.5704,42.5125,0.367751
-8.7252,22.5672,42.9794,0.368218
-8.9749,22.5640,43.4463,0.368685
-9.2021,22.5612,43.8709,0.369110
-9.4523,22.5580,44.3381,0.369583
-9.7026,22.5548,44.8060,0.370053
-9.9531,22.5516,45.2748,0.370526
-10.2037,22.5485,45.7445,0.371001
-10.4315,22.5456,46.1723,0.371433
-10.6821,22.5424,46.6438,0.371905
-10.9098,22.5393,47.0729,0.372337
-11.1375,22.5362,47.5026,0.372769
-11.3878,22.5329,47.9758,0.373244
-11.6152,22.5298,48.4065,0.373678
-11.8197,22.5270,48.7946,0.374068
-12.0696,22.5236,49.2696,0.374545
-12.2965,22.5206,49.7020,0.374979
-12.5232,22.5175,50.1348,0.375413
-12.7951,22.5139,50.6548,0.375933
-13.0445,22.5105,51.1317,0.376410
-13.2714,22.5076,51.5650,0.376845
-13.4989,22.5046,51.9979,0.377279
-13.7501,22.5013,52.4732,0.377753
-14.0022,22.4980,52.9471,0.378231
-14.2551,22.4946,53.4189,0.378706
-14.4841,22.4916,53.8434,0.379130
-14.7332,22.4882,54.3023,0.379589
-14.9997,22.4849,54.7900,0.380076
-15.2419,22.4859,55.1715,0.380500
-15.4757,22.4842,55.5942,0.380896
-15.6836,22.4828,55.9678,0.381271
-15.8872,22.4816,56.3312,0.381637
-16.0863,22.4805,56.6848,0.381991
-16.2810,22.4796,57.0286,0.382335
-16.5096,22.4787,57.4292,0.382735
-16.6967,22.4781,57.7546,0.383056
-16.9006,22.4777,58.1058,0.383406
-17.1031,22.4775,58.4523,0.383750
-17.2854,22.4773,58.7646,0.384059
-17.5011,22.4769,59.1373,0.384423
-17.6953,22.4762,59.4783,0.384754
-17.8855,22.4751,59.8202,0.385081
-18.0714,22.4734,60.1639,0.385407
-18.2524,22.4710,60.5098,0.385731
-18.4124,22.4683,60.8259,0.386022
-18.5828,22.4647,61.1757,0.386341
-18.7473,22.4603,61.5273,0.386660
-18.8918,22.4558,61.8484,0.386947
-19.0450,22.4501,62.2029,0.387258
-19.1923,22.4438,62.5584,0.387571
-19.3199,22.4341,62.9607,0.387911
-19.4664,22.4330,63.3501,0.388249
-19.5828,22.4321,63.6751,0.388528
-19.6944,22.4314,64.0002,0.388807
-19.8122,22.4307,64.3573,0.389111
-19.9252,22.4301,64.7130,0.389416
-20.0244,22.4296,65.0349,0.389691
-20.1209,22.4292,65.3553,0.389966
-20.2149,22.4288,65.6747,0.390238
-20.3246,22.4283,66.0572,0.390565
-20.4135,22.4280,66.3759,0.390838
-20.5085,22.4277,66.7269,0.391134
-20.6005,22.4275,67.0788,0.391433
-20.6891,22.4272,67.4318,0.391728
-20.7812,22.4269,67.8183,0.392052
-20.8397,22.4268,68.0769,0.392267
-20.9226,22.4266,68.4658,0.392590
-20.9997,22.4264,68.8563,0.392913
-21.0480,22.4264,69.1173,0.393128
-21.1107,22.4262,69.4777,0.393424
-21.1695,22.4259,69.8397,0.393720
-21.2246,22.4257,70.2037,0.394016
-21.2714,22.4253,70.5358,0.394288
-21.3198,22.4240,70.9036,0.394589
-21.3564,22.4229,71.2062,0.394834
-21.3974,22.4216,71.5779,0.395137
-21.4339,22.4202,71.9514,0.395439
-21.4629,22.4185,72.2932,0.395712
-21.4900,22.4166,72.6717,0.396019
-21.5100,22.4150,73.0179,0.396296
-21.5256,22.4135,73.3660,0.396572
-21.5374,22.4116,73.7512,0.396879
-21.5423,22.4103,74.0327,0.397106
-21.5434,22.4085,74.4568,0.397442
-21.5384,22.4067,74.8114,0.397726
-21.5289,22.4051,75.1320,0.397980
-21.5109,22.4032,75.5252,0.398294
-21.4882,22.4014,75.8836,0.398582
-21.4561,22.3993,76.2793,0.398897
-21.4168,22.3974,76.6761,0.399216
-21.3707,22.3956,77.0738,0.399538
-21.3180,22.3937,77.4723,0.399860
-21.2647,22.3920,77.8348,0.400151
-21.1943,22.3899,78.2698,0.400506
-21.1235,22.3877,78.6688,0.400831
-21.0466,22.3855,79.0681,0.401160
-20.9634,22.3834,79.4673,0.401484
-20.8734,22.3810,79.8668,0.401810
-20.7854,22.3789,80.2301,0.402107
-20.6814,22.3767,80.6299,0.402435
-20.5700,22.3745,81.0293,0.402763
-20.4621,22.3723,81.3924,0.403067
-20.3366,22.3699,81.7913,0.403408
-20.2164,22.3678,82.1533,0.403710
-20.0796,22.3621,82.5487,0.404050
-19.9494,22.3563,82.9090,0.404364
-19.8011,22.3500,83.3044,0.404711
-19.6328,22.3429,83.7346,0.405106
-19.4568,22.3356,84.1633,0.405485
-19.3040,22.3295,84.5196,0.405799
-19.1455,22.3235,84.8748,0.406104
-18.9518,22.2872,85.3021,0.406476
-18.7470,22.2890,85.7289,0.406845
-18.5576,22.2980,86.1144,0.407175
-18.3627,22.3079,86.4977,0.407499
-18.1298,22.3572,86.9279,0.407847
-17.9417,22.4081,87.2696,0.408140
-17.7319,22.4439,87.6346,0.408473
-17.5100,22.4709,88.0026,0.408804
-17.3070,22.4954,88.3325,0.409099
-17.1046,22.5196,88.6587,0.409398
-16.9022,22.5438,88.9850,0.409709
-16.6785,22.5706,89.3464,0.410064
-16.4748,22.5950,89.6759,0.410400
-16.2716,22.6194,90.0051,0.410722
-16.0287,22.6486,90.3996,0.411116
-15.8060,22.6753,90.7610,0.411484
-15.5779,22.7024,91.1202,0.411852
-15.3419,22.7318,91.4792,0.412220
-15.0996,22.7627,91.8374,0.412574
-14.8305,22.7966,92.2273,0.412949
-14.6040,22.8249,92.5500,0.413256
-14.3773,22.8530,92.8697,0.413568
-14.1288,22.8836,93.2177,0.413924
-13.8816,22.9140,93.5627,0.414287
-13.6494,22.9412,93.8669,0.414616
-13.4254,22.9671,94.1766,0.414942
-13.1765,22.9958,94.5145,0.415303
-12.9000,23.0273,94.8782,0.415703
-12.5936,23.0618,95.2656,0.416134
-12.3302,23.0912,95.5877,0.416486
-12.0161,23.1260,95.9621,0.416883
-11.7748,23.1517,96.2450,0.417183
-11.5097,23.1793,96.5526,0.417521
-11.2231,23.2090,96.8817,0.417876
-10.9870,23.2334,97.1496,0.418161
-10.7288,23.2599,97.4374,0.418457
-10.4712,23.2863,97.7174,0.418771
-10.2138,23.3124,97.9892,0.419072
-9.9565,23.3384,98.2529,0.419365
-9.7238,23.3618,98.4854,0.419628
-9.4697,23.3871,98.7335,0.419915
-9.2253,23.4116,98.9801,0.420194
-8.9754,23.4346,99.2133,0.420467
-8.7261,23.4573,99.4399,0.420734
-8.4756,23.4796,99.6604,0.420994
-8.2269,23.4924,99.8702,0.421252
-7.9942,23.5016,100.0630,0.421485
-7.7372,23.5117,100.2720,0.421741
-7.4812,23.5195,100.4746,0.422000
-7.2440,23.5235,100.6576,0.422243
-6.9801,23.5280,100.8540,0.422501
-6.7112,23.5325,101.0448,0.422764
-6.4386,23.5370,101.2288,0.423018
-6.1872,23.5393,101.3921,0.423254
-5.9087,23.5418,101.5666,0.423512
-5.6804,23.5438,101.7045,0.423724
-5.4018,23.5462,101.8666,0.423987
-5.1494,23.5483,102.0077,0.424225
-4.9073,23.5481,102.1337,0.424457
-4.7228,23.5325,102.2605,0.424641
-4.4141,23.5047,102.4003,0.424873
-4.1328,23.4858,102.5417,0.425108
-3.8521,23.4839,102.6819,0.425341
-3.5167,23.4997,102.8395,0.425613
-3.2595,23.5007,102.9597,0.425829
-2.9740,23.5015,103.0882,0.426063
-2.7119,23.5020,103.2027,0.426279
-2.4220,23.5027,103.3263,0.426511
-2.1336,23.5034,103.4457,0.426748
-1.8502,23.5041,103.5577,0.426980
-1.5702,23.5049,103.6620,0.427203
-1.2887,23.5054,103.7602,0.427435
-1.0544,23.5057,103.8364,0.427621
-0.7628,23.5063,103.9233,0.427842
-0.4382,23.5071,104.0078,0.428094
-0.1629,23.5080,104.0694,0.428300
0.1153,23.5090,104.1228,0.428505
0.4514,23.5097,104.1765,0.428741
0.7593,23.5106,104.2161,0.428946
1.0382,23.5115,104.2444,0.429136
1.3155,23.5125,104.2656,0.429325
1.5921,23.5131,104.2801,0.429512
1.8677,23.5139,104.2877,0.429705
2.1426,23.5148,104.2880,0.429895
2.4442,23.5160,104.2792,0.430102
2.7170,23.5168,104.2627,0.430295
3.0166,23.5175,104.2358,0.430502
3.2875,23.5183,104.2038,0.430690
3.5568,23.5192,104.1653,0.430872
3.8512,23.5204,104.1159,0.431076
4.1163,23.5214,104.0652,0.431265
4.4068,23.5218,104.0032,0.431471
4.6959,23.5223,103.9349,0.431683
4.9840,23.5229,103.8601,0.431895
5.2714,23.5233,103.7786,0.432110
5.5327,23.5236,103.6984,0.432305
5.8202,23.5242,103.6034,0.432520
6.0810,23.5248,103.5108,0.432721
6.3423,23.5247,103.4121,0.432925
6.5773,23.5248,103.3182,0.433117
6.8644,23.5250,103.1968,0.433348
7.1251,23.5254,103.0800,0.433557
7.3849,23.5252,102.9573,0.433771
7.6705,23.5251,102.8147,0.434012
7.9293,23.5251,102.6784,0.434229
8.1868,23.5249,102.5358,0.434452
8.4434,23.5247,102.3865,0.434677
8.7239,23.5247,102.2146,0.434930
8.9516,23.5244,102.0682,0.435131
9.2284,23.5237,101.8815,0.435381
9.5029,23.5232,101.6867,0.435637
9.7745,23.5226,101.4841,0.435890
10.0435,23.5220,101.2732,0.436147
10.3093,23.5216,101.0542,0.436408
10.5474,23.5205,100.8487,0.436645
10.7829,23.5192,100.6363,0.436885
11.0152,23.5181,100.4173,0.437127
11.2441,23.5171,100.1918,0.437370
11.4912,23.5153,99.9366,0.437641
11.7122,23.5137,99.6974,0.437894
11.9290,23.5121,99.4517,0.438144
12.1203,23.5109,99.2251,0.438371
12.3078,23.5093,98.9938,0.438600
12.5319,23.5073,98.7036,0.438885
12.7108,23.5058,98.4607,0.439119
12.9428,23.5038,98.1294,0.439437
13.1306,23.5022,97.8467,0.439703
13.3316,23.5005,97.5296,0.439998
13.5090,23.4964,97.2387,0.440274
13.7008,23.4907,96.9113,0.440578
13.9219,23.4840,96.5175,0.440944
14.1152,23.4988,96.2102,0.441227
14.2880,23.5152,95.8637,0.441541
14.4544,23.5308,95.5107,0.441858
14.6148,23.5502,95.1455,0.442177
14.7525,23.5741,94.8135,0.442471
14.8750,23.5937,94.4381,0.442801
15.0041,23.6113,94.0934,0.443103
15.1176,23.6332,93.7863,0.443377
15.2547,23.6601,93.4095,0.443718
15.3780,23.6846,93.0650,0.444030
15.5119,23.7118,92.6824,0.444376
15.6423,23.7393,92.2948,0.444722
15.7577,23.7644,91.9379,0.445039
15.8689,23.7898,91.5762,0.445362
15.9970,23.8274,91.1308,0.445749
16.1061,23.8671,90.7215,0.446103
16.1990,23.9035,90.3451,0.446425
16.2865,23.9401,89.9658,0.446746
16.3775,23.9805,89.5461,0.447097
16.4565,24.0174,89.1624,0.447420
16.5404,24.0581,88.7381,0.447780
16.6143,24.0953,88.3501,0.448115
16.6921,24.1366,87.9197,0.448480
16.7589,24.1745,87.5247,0.448814
16.8266,24.2167,87.0856,0.449190
16.8935,24.2630,86.6008,0.449617
16.9346,24.2942,86.2746,0.449893
16.9918,24.3413,85.7812,0.450318
17.0406,24.3848,85.3251,0.450718
17.0909,24.4325,84.8239,0.451164
17.1344,24.4765,84.3612,0.451574
17.1788,24.5249,83.8521,0.452030
17.2162,24.5697,83.3806,0.452455
17.2503,24.6149,82.9041,0.452883
17.2806,24.6606,82.4221,0.453311
17.3072,24.7067,81.9345,0.453745
17.3303,24.7533,81.4413,0.454184
17.3501,24.8003,80.9431,0.454627
17.3669,24.8475,80.4396,0.455052
17.3815,24.8995,79.8849,0.455555
17.3915,24.9476,79.3715,0.456006
17.3984,24.9961,78.8535,0.456466
17.4018,25.0405,78.3786,0.456883
17.4276,25.0921,77.8560,0.457351
17.4274,25.1321,77.3242,0.457827
17.4255,25.1722,76.7883,0.458305
17.4221,25.1927,76.3134,0.458741
17.3786,25.1828,75.7953,0.459188
17.3861,25.2861,75.2504,0.459677
17.3848,25.3354,74.7506,0.460130
17.3864,25.3898,74.1982,0.460629
17.3906,25.4393,73.6963,0.461085
17.3983,25.4906,73.1392,0.461588
17.4065,25.5376,72.6284,0.462052
17.4155,25.5850,72.1136,0.462520
17.4262,25.6357,71.5464,0.463038
17.4392,25.6825,70.9757,0.463555
17.4567,25.7248,70.3568,0.464118
17.4778,25.7601,69.7868,0.464623
17.5066,25.7936,69.1685,0.465187
17.5383,25.8192,68.6082,0.465697
17.5789,25.8353,67.9925,0.466253
17.6187,25.8413,67.4364,0.466764
17.6650,25.8384,66.8233,0.467317
17.7041,25.8312,66.3167,0.467779
17.7492,25.8187,65.7556,0.468283
17.7959,25.7941,65.2006,0.468790
17.8476,25.7667,64.6386,0.469297
17.8967,25.7244,64.1346,0.469760
17.9546,25.6760,63.5697,0.470271
18.0153,25.6234,63.0001,0.470785
18.0788,25.5704,62.4288,0.471304
18.1388,25.5221,61.9089,0.471775
18.2048,25.4649,61.3437,0.472301
18.2657,25.3969,60.8224,0.472779
18.3271,25.3285,60.2980,0.473258
18.3951,25.2528,59.7181,0.473784
18.4576,25.1834,59.1863,0.474264
18.5200,25.1206,58.6548,0.474746
18.5883,25.0513,58.0683,0.475280
18.6505,24.9881,57.5333,0.475769
18.7192,24.9184,56.9425,0.476308
18.7881,24.8484,56.3497,0.476843
18.8573,24.7781,55.7547,0.477386
18.9275,24.7075,55.1553,0.477925
18.9990,24.6419,54.5543,0.478466
19.0725,24.5757,53.9502,0.479008
19.1563,24.5031,53.2879,0.479606
19.2599,24.4176,52.5108,0.480302
19.3459,24.3500,51.8970,0.480856
19.4357,24.2820,51.2809,0.481410
19.5481,24.2172,50.5430,0.482072
19.6561,24.1601,49.8648,0.482693
19.7587,24.1076,49.2410,0.483265
19.8538,24.0595,48.6714,0.483789
19.9593,24.0064,48.0414,0.484371
20.0648,23.9530,47.4086,0.484956
20.1706,23.9032,46.7707,0.485539
20.2658,23.8620,46.1915,0.486070
20.3699,23.8166,45.5535,0.486665
20.4740,23.7712,44.9149,0.487255
20.5790,23.7259,44.2769,0.487861
20.6852,23.6805,43.6399,0.488460
20.7933,23.6349,42.9984,0.489064
20.8924,23.6079,42.4196,0.489616
21.0024,23.5782,41.7831,0.490226
21.1127,23.5486,41.1472,0.490846
21.2126,23.5217,40.5701,0.491403
21.3118,23.4949,39.9940,0.491952
21.4200,23.4655,39.3614,0.492555
21.5274,23.4404,38.7274,0.493154
21.6239,23.4188,38.1533,0.493693
21.7287,23.3951,37.5226,0.494293
21.8229,23.3737,36.9506,0.494831
21.9257,23.3501,36.3236,0.495421
22.0187,23.3288,35.7557,0.495950
22.1207,23.3062,35.1329,0.496533
22.2225,23.2849,34.5131,0.497110
22.3333,23.2616,33.8398,0.497736
22.4253,23.2422,33.2811,0.498258
22.5264,23.2210,32.6691,0.498820
22.6274,23.1999,32.0599,0.499383
22.7285,23.1789,31.4532,0.499942
22.8299,23.1589,30.8489,0.500495
22.9317,23.1392,30.2477,0.501049
23.0340,23.1195,29.6494,0.501594
23.1370,23.0998,29.0544,0.502142
23.2316,23.0820,28.5163,0.502637
23.3277,23.0643,27.9813,0.503128
23.4363,23.0450,27.3951,0.503658
23.5387,23.0312,26.8675,0.504143
23.6463,23.0173,26.3445,0.504625
23.7722,23.0017,25.7756,0.505155
23.9321,22.9839,25.1113,0.505775
24.0783,22.9701,24.5572,0.506295
24.2051,22.9596,24.1096,0.506716
24.3844,22.9455,23.5195,0.507275
24.5425,22.9338,23.0336,0.507741
24.7082,22.9219,22.5527,0.508201
24.8815,22.9099,22.0766,0.508663
25.0805,22.8970,21.5582,0.509167
25.2690,22.8854,21.0921,0.509623
25.4840,22.8724,20.5847,0.510124
25.7069,22.8584,20.0839,0.510624
25.9374,22.8435,19.5875,0.511118
26.1524,22.8295,19.1418,0.511568
26.3806,22.8225,18.7555,0.511970
26.6067,22.8118,18.3170,0.512416
26.8373,22.8006,17.8838,0.512859
27.0969,22.7894,17.4125,0.513346
27.3379,22.7804,16.9895,0.513785
27.6088,22.7723,16.5311,0.514267
27.8627,22.7703,16.1181,0.514702
28.1472,22.7736,15.6756,0.515178
28.4397,22.7797,15.2418,0.515651
28.7662,22.7897,14.7803,0.516164
29.0711,22.7996,14.3667,0.516632
29.3826,22.8080,13.9586,0.517096
29.6694,22.8160,13.5912,0.517519
29.9862,22.8188,13.1937,0.517981
30.2789,22.8196,12.8321,0.518399
30.5508,22.8208,12.4509,0.518816
30.8820,22.8291,12.0669,0.519274
31.1586,22.8357,11.7623,0.519648
31.4718,22.8426,11.4355,0.520061
31.8241,22.8508,11.0892,0.520514
32.1827,22.8590,10.7558,0.520964
32.5150,22.8661,10.4603,0.521372
32.8521,22.8744,10.1702,0.521779
33.1948,22.8826,9.8842,0.522186
33.5791,22.8907,9.5728,0.522636
33.9709,22.8988,9.2656,0.523089
34.3708,22.9067,8.9639,0.523542
34.7788,22.9143,8.6686,0.523999
35.1567,22.9214,8.4063,0.524415
35.5790,22.9290,8.1247,0.524872
35.9687,22.9356,7.8740,0.525292
36.4034,22.9430,7.6028,0.525753
36.8441,22.9504,7.3353,0.526217
37.2499,22.9570,7.0945,0.526642
37.7019,22.9642,6.8322,0.527109
38.2015,22.9719,6.5489,0.527628
38.6653,22.9789,6.2925,0.528107
39.1401,22.9920,6.0369,0.528590
39.6141,23.0153,5.7902,0.529081
40.0930,23.0385,5.5502,0.529576
40.5320,23.0594,5.3371,0.530031
41.0644,23.0846,5.0848,0.530577
41.6036,23.1099,4.8330,0.531133
42.1028,23.1333,4.6011,0.531638
42.5600,23.1547,4.3892,0.532103
43.0653,23.1777,4.1547,0.532614
43.5269,23.1987,3.9396,0.533069
43.9904,23.2199,3.7225,0.533528
44.4555,23.2412,3.5030,0.533989
44.9224,23.2626,3.2815,0.534456
45.3906,23.2841,3.0582,0.534921
45.9069,23.3079,2.8109,0.535444
46.3772,23.3297,2.5847,0.535931
46.8485,23.3515,2.3574,0.536414
47.3210,23.3734,2.1289,0.536902
47.7949,23.3954,1.8991,0.537388
48.3179,23.4198,1.6447,0.537929
48.7948,23.4420,1.4118,0.538418
49.2729,23.4643,1.1770,0.538906
49.7041,23.4844,0.9642,0.539349
50.2801,23.5114,0.6782,0.539936
50.8572,23.5385,0.3899,0.540525
51.3387,23.5612,0.1481,0.541018
51.8207,23.5839,-0.0949,0.541509
52.3031,23.6067,-0.3386,0.542003
52.7859,23.6295,-0.5827,0.542496
53.2693,23.6524,-0.8268,0.542989
53.8017,23.6775,-1.0947,0.543531
54.3351,23.7026,-1.3618,0.544066
54.8685,23.7261,-1.6273,0.544607
55.4039,23.7483,-1.8922,0.545143
55.9407,23.7704,-2.1562,0.545677
56.4300,23.7906,-2.3952,0.546162
56.9696,23.8127,-2.6569,0.546691
57.5107,23.8348,-2.9173,0.547225
58.0038,23.8549,-3.1529,0.547709
58.5996,23.8808,-3.4355,0.548283
59.1441,23.9112,-3.6919,0.548814
59.6395,23.9388,-3.9241,0.549287
60.1845,23.9692,-4.1789,0.549806
60.6793,23.9967,-4.4103,0.550281
61.2225,24.0270,-4.6651,0.550798
61.7644,24.0572,-4.9204,0.551316
62.3538,24.0902,-5.2001,0.551875
62.8432,24.1177,-5.4347,0.552367
63.3763,24.1434,-5.6936,0.552866
63.9081,24.1648,-5.9558,0.553385
64.4345,24.1861,-6.2195,0.553898
64.9546,24.2073,-6.4855,0.554404
65.4217,24.2267,-6.7305,0.554850
65.8826,24.2460,-6.9793,0.555290
66.4262,24.2691,-7.2831,0.555815
66.8702,24.2884,-7.5403,0.556240
67.3446,24.2989,-7.8245,0.556700
67.8146,24.3063,-8.1116,0.557157
68.2346,24.3130,-8.3715,0.557581
68.7276,24.3207,-8.6827,0.558081
69.1336,24.3231,-8.9458,0.558498
69.5737,24.3259,-9.2397,0.558948
69.9662,24.3285,-9.5111,0.559357
70.3515,24.3314,-9.7855,0.559757
70.7606,24.3173,-10.0854,0.560185
71.1682,24.3032,-10.3871,0.560604
71.5688,24.2891,-10.6853,0.561025
71.9626,24.2750,-10.9816,0.561438
72.3523,24.2620,-11.2790,0.561851
72.6670,24.2516,-11.5241,0.562197
73.0446,24.2393,-11.8271,0.562600
73.3479,24.2284,-12.0779,0.562912
73.6783,24.2163,-12.3609,0.563247
74.0376,24.2094,-12.6787,0.563634
74.3531,24.2079,-12.9680,0.563970
74.6888,24.2065,-13.2869,0.564314
75.0115,24.2052,-13.6053,0.564649
75.2941,24.2042,-13.8949,0.564947
75.6193,24.2037,-14.2430,0.565300
75.9051,24.2047,-14.5635,0.565626
76.1825,24.2058,-14.8877,0.565952
76.4291,24.2069,-15.1859,0.566247
76.6955,24.2084,-15.5171,0.566567
76.9569,24.2100,-15.8502,0.566898
77.2126,24.2095,-16.1833,0.567234
77.4414,24.2092,-16.4865,0.567546
77.6886,24.2088,-16.8195,0.567877
77.9313,24.2086,-17.1525,0.568200
78.1483,24.2084,-17.4558,0.568486
78.3615,24.2081,-17.7601,0.568767
78.5916,24.2076,-18.0968,0.569077
78.8167,24.2073,-18.4353,0.569391
79.0559,24.2071,-18.8063,0.569723
79.2692,24.2070,-19.1480,0.570030
79.4578,24.2067,-19.4597,0.570310
79.6416,24.2064,-19.7730,0.570579
79.8382,24.2062,-20.1194,0.570884
79.9944,24.2061,-20.4040,0.571134
80.1796,24.2061,-20.7536,0.571449
80.3584,24.2058,-21.1046,0.571762
80.5000,24.2057,-21.3930,0.572006
80.6523,24.2056,-21.7143,0.572283
80.7994,24.2057,-22.0364,0.572554
80.9413,24.2058,-22.3593,0.572817
81.0778,24.2057,-22.6824,0.573086
81.1961,24.2054,-22.9743,0.573329
81.3223,24.2052,-23.2994,0.573591
81.4424,24.2051,-23.6257,0.573848
81.5670,24.2051,-23.9860,0.574128
81.6931,24.2054,-24.3812,0.574433
81.8084,24.2056,-24.7784,0.574734
81.9043,24.2059,-25.1444,0.575008
81.9908,24.2064,-25.5116,0.575275
82.0613,24.2071,-25.8461,0.575514
82.1242,24.2079,-26.1808,0.575761
82.1849,24.2087,-26.5486,0.576025
82.2326,24.2094,-26.8827,0.576270
82.2733,24.2103,-27.2160,0.576504
82.3070,24.2113,-27.5485,0.576726
82.3336,24.2124,-27.8801,0.576954
82.3545,24.2139,-28.2439,0.577201
82.3656,24.2150,-28.5733,0.577431
82.3692,24.2163,-28.9020,0.577663
82.3646,24.2179,-29.2623,0.577907
82.3495,24.2199,-29.6537,0.578170
82.3265,24.2218,-30.0107,0.578420
82.2948,24.2237,-30.3653,0.578659
82.2627,24.2251,-30.6540,0.578852
82.2161,24.2269,-31.0045,0.579091
82.1668,24.2286,-31.3207,0.579309
82.1049,24.2307,-31.6658,0.579541
82.0349,24.2325,-32.0073,0.579779
81.9570,24.2343,-32.3459,0.580017
81.8795,24.2361,-32.6509,0.580235
81.7957,24.2381,-32.9531,0.580444
81.6963,24.2403,-33.2819,0.580669
81.5996,24.2416,-33.5768,0.580868
81.4973,24.2427,-33.8692,0.581063
81.3787,24.2441,-34.1871,0.581282
81.2652,24.2454,-34.4725,0.581486
81.1341,24.2465,-34.7819,0.581706
81.0217,24.2471,-35.0323,0.581897
80.8787,24.2480,-35.3349,0.582121
80.7434,24.2490,-35.6065,0.582339
80.5745,24.2506,-35.9284,0.582587
80.4139,24.2524,-36.2189,0.582808
80.2478,24.2543,-36.5056,0.583034
80.1087,24.2563,-36.7374,0.583227
79.9346,24.2589,-37.0176,0.583473
79.7747,24.2580,-37.2669,0.583710
79.5764,24.2551,-37.5667,0.583979
79.4075,24.2527,-37.8143,0.584202
79.2001,24.2496,-38.1086,0.584485
79.0128,24.2473,-38.3674,0.584750
78.7961,24.2241,-38.6560,0.585045
78.6133,24.2048,-38.8954,0.585297
78.4097,24.1836,-39.1572,0.585570
78.1848,24.1589,-39.4395,0.585858
77.9883,24.1363,-39.6696,0.586112
77.7834,24.1116,-39.8964,0.586360
77.5492,24.0843,-40.1408,0.586671
77.3065,24.0569,-40.3794,0.586974
77.0567,24.0295,-40.6120,0.587209
76.7999,24.0027,-40.8407,0.587437
76.4933,23.9757,-41.1039,0.587672
76.2545,23.9555,-41.3004,0.587842
75.9905,23.9334,-41.5134,0.588035
75.7490,23.9134,-41.7046,0.588229
75.4808,23.8912,-41.9129,0.588453
75.2091,23.8690,-42.1194,0.588690
74.9346,23.8458,-42.3242,0.588950
74.6552,23.8215,-42.5282,0.589225
74.3466,23.7948,-42.7497,0.589489
74.0617,23.7697,-42.9523,0.589744
73.7737,23.7443,-43.1538,0.590025
73.5369,23.7234,-43.3181,0.590266
73.2468,23.6967,-43.5179,0.590595
72.9539,23.6697,-43.7168,0.590916
72.6853,23.6451,-43.8960,0.591194
72.3860,23.6178,-44.0907,0.591490
72.0820,23.5904,-44.2822,0.591779
71.7787,23.5790,-44.4971,0.592063
71.4616,23.5640,-44.6799,0.592365
71.1091,23.5467,-44.8739,0.592688
70.7810,23.5299,-45.0469,0.592972
70.4433,23.5068,-45.1925,0.593256
70.0800,23.4783,-45.3719,0.593560
69.7151,23.4498,-45.5478,0.593879
69.4093,23.4259,-45.6920,0.594151
69.0704,23.3996,-45.8483,0.594471
68.7275,23.3731,-46.0008,0.594791
68.3479,23.3439,-46.1614,0.595139
67.9946,23.3169,-46.3026,0.595458
67.6372,23.2896,-46.4389,0.595776
67.2442,23.2597,-46.5829,0.596125
66.8818,23.2322,-46.7112,0.596449
66.4848,23.2022,-46.8471,0.596797
66.1191,23.1746,-46.9682,0.597119
65.7177,23.1444,-47.0962,0.597473
65.3469,23.1167,-47.2098,0.597790
65.0072,23.0913,-47.3098,0.598085
64.6304,23.0633,-47.4160,0.598419
64.2506,23.0352,-47.5184,0.598756
63.8678,23.0069,-47.6170,0.599086
63.4827,22.9786,-47.7121,0.599422
63.0601,22.9475,-47.8123,0.599791
62.7075,22.9198,-47.8931,0.600100
62.2811,22.8862,-47.9880,0.600476
61.8880,22.8553,-48.0729,0.600820
61.4560,22.8214,-48.1631,0.601200
61.0566,22.7901,-48.2435,0.601552
60.6538,22.7586,-48.3212,0.601903
60.2474,22.7269,-48.3964,0.602263
59.8379,22.6950,-48.4695,0.602621
59.4631,22.6659,-48.5346,0.602951
59.1618,22.6426,-48.5861,0.603217
58.7074,22.6075,-48.6631,0.603616
58.3649,22.5810,-48.7207,0.603921
57.9443,22.5485,-48.7914,0.604297
57.5668,22.5213,-48.8805,0.604639
57.1421,22.4826,-48.9527,0.605020
56.7149,22.4437,-49.0257,0.605402
56.4027,22.4153,-49.0797,0.605685
55.9713,22.3762,-49.1556,0.606072
55.5378,22.3372,-49.2344,0.606462
55.0970,22.2819,-49.2935,0.606859
54.6583,22.1947,-49.3769,0.607256
54.1786,22.1559,-49.4735,0.607694
53.7753,22.1825,-49.5536,0.608065
53.3315,22.1507,-49.6501,0.608472
52.9272,22.1215,-49.7408,0.608843
52.4832,22.0894,-49.8420,0.609252
52.0388,22.0573,-49.9442,0.609668
51.6318,22.0278,-50.0384,0.610044
51.2212,21.9980,-50.1338,0.610427
50.7658,21.9650,-50.2401,0.610853
50.2659,21.9287,-50.3582,0.611319
49.8057,21.8953,-50.4694,0.611749
49.3862,21.8646,-50.5736,0.612140
48.8817,21.8275,-50.7026,0.612616
48.4606,21.7964,-50.8130,0.613008
47.9121,21.7558,-50.9596,0.613524
47.4893,21.7244,-51.0743,0.613924
47.0230,21.6897,-51.2023,0.614364
46.5550,21.6550,-51.3322,0.614811
46.1283,21.6233,-51.4526,0.615215
45.6169,21.5836,-51.5993,0.615705
45.2312,21.5511,-51.7118,0.616074
44.7590,21.5112,-51.8522,0.616522
44.2433,21.4674,-52.0094,0.617015
43.8133,21.4309,-52.1439,0.617431
43.3409,21.3908,-52.2964,0.617887
42.9120,21.3541,-52.4393,0.618301
42.4837,21.3172,-52.5864,0.618718
42.0128,21.2765,-52.7530,0.619180
41.5423,21.2355,-52.9247,0.619642
41.1144,21.1986,-53.0850,0.620062
40.6840,21.1649,-53.2516,0.620488
40.2160,21.1320,-53.4405,0.620956
39.8356,21.1050,-53.6010,0.621341
39.4159,21.0749,-53.7855,0.621768
38.9568,21.0426,-53.9955,0.622238
38.4884,21.0397,-54.2222,0.622708
38.0416,21.0440,-54.4546,0.623181
37.5972,21.0587,-54.7020,0.623655
37.1298,21.0836,-54.9793,0.624168
36.6330,21.1098,-55.2931,0.624714
36.2869,21.1338,-55.5195,0.625101
35.9075,21.1635,-55.7732,0.625519
35.4902,21.1952,-56.0569,0.625975
35.0645,21.2521,-56.3510,0.626431
34.6578,21.3036,-56.6466,0.626886
34.2615,21.3557,-56.9507,0.627341
33.8818,21.4061,-57.2630,0.627792
33.5118,21.4564,-57.5846,0.628243
33.1837,21.5034,-57.8825,0.628653
32.8237,21.5557,-58.2209,0.629104
32.4404,21.6243,-58.5925,0.629594
32.0664,21.6879,-58.9733,0.630084
31.7339,21.7473,-59.3293,0.630531
31.4644,21.7982,-59.6327,0.630897
31.1596,21.8684,-60.0025,0.631341
30.8909,21.9246,-60.3495,0.631744
30.6336,21.9805,-60.7016,0.632147
30.3626,22.0372,-61.0929,0.632588
30.1218,22.0903,-61.4529,0.632987
29.8651,22.1475,-61.8542,0.633428
29.6118,22.2076,-62.2667,0.633869
29.3746,22.2745,-62.6789,0.634305
29.1562,22.3325,-63.0956,0.634742
28.9514,22.3927,-63.5162,0.635175
28.7968,22.4393,-63.8615,0.635528
28.6307,22.4893,-64.2505,0.635919
28.4707,22.5397,-64.6440,0.636311
28.2860,22.6001,-65.1226,0.636782
28.1355,22.6491,-65.5281,0.637175
27.9890,22.7049,-65.9412,0.637572
27.8403,22.7666,-66.3944,0.638005
27.7102,22.8189,-66.8136,0.638399
27.5880,22.8744,-67.2330,0.638794
27.4716,22.9299,-67.6551,0.639186
27.3496,22.9878,-68.1216,0.639622
27.2393,23.0398,-68.5487,0.640017
27.1301,23.0919,-68.9776,0.640419
27.0326,23.1388,-69.3646,0.640779
26.9262,23.1900,-69.7952,0.641178
26.8102,23.2459,-70.2701,0.641623
26.6872,23.3069,-70.7887,0.642104
26.5893,23.3573,-71.2207,0.642503
26.4851,23.4110,-71.6972,0.642942
26.3770,23.4671,-72.2166,0.643424
26.2822,23.5180,-72.6946,0.643862
26.2005,23.5639,-73.1297,0.644259
26.1215,23.6088,-73.5664,0.644655
26.0464,23.6533,-74.0029,0.645051
25.9750,23.6955,-74.4419,0.645447
25.9008,23.7419,-74.9263,0.645885
25.8369,23.7840,-75.3680,0.646284
25.7701,23.8301,-75.8554,0.646727
25.7112,23.8721,-76.3000,0.647129
25.6478,23.9160,-76.7879,0.647576
25.5667,23.9669,-77.4153,0.648154
25.5023,24.0071,-77.9103,0.648609
25.4368,24.0476,-78.4069,0.649066
25.3758,24.0846,-78.8593,0.649477
25.3139,24.1043,-79.3037,0.649898
25.2439,24.1233,-79.8029,0.650354
25.1802,24.1406,-80.2569,0.650763
25.1095,24.1596,-80.7566,0.651222
25.0374,24.1787,-81.2563,0.651677
24.9704,24.1961,-81.7107,0.652076
24.8950,24.2153,-82.2105,0.652519
24.8183,24.2345,-82.7100,0.652960
24.7483,24.2520,-83.1633,0.653366
24.6719,24.2711,-83.6602,0.653802
24.6034,24.2884,-84.1108,0.654190
24.5305,24.3055,-84.5977,0.654675
24.4567,24.3055,-85.0929,0.655200
24.3831,24.3055,-85.5889,0.655697
24.3096,24.3055,-86.0859,0.656174
24.2433,24.3055,-86.5384,0.656620
24.1720,24.3055,-87.0360,0.657096
24.1156,24.3054,-87.4428,0.657467
24.0552,24.3053,-87.8934,0.657858
23.9915,24.3051,-88.3821,0.658299
23.9351,24.3050,-88.8172,0.658688
23.8799,24.3048,-89.2415,0.659079
23.8204,24.3047,-89.6955,0.659458
23.7569,24.3045,-90.1769,0.659909
23.7051,24.3044,-90.5669,0.660347
23.6538,24.3043,-90.9469,0.660792
23.6029,24.3043,-91.3177,0.661195
23.5531,24.3042,-91.6787,0.661564
23.5139,24.3042,-91.9600,0.661850
23.4619,24.3042,-92.3345,0.662252
23.4129,24.3041,-92.6928,0.662615
23.3669,24.3040,-93.0379,0.662933
23.3281,24.3039,-93.3409,0.663189
23.2887,24.3038,-93.6632,0.663472
23.2557,24.3036,-93.9492,0.667230
22.9784,24.3001,-97.1065,0.667389
22.9645,24.2997,-97.3321,0.667609
22.9506,24.2993,-97.5776,0.667888
22.9379,24.2989,-97.8215,0.668216
22.9272,24.2985,-98.0422,0.668616
22.9174,24.2981,-98.2621,0.668962
22.9082,24.2977,-98.4811,0.669264
22.8988,24.2973,-98.7209,0.669571
22.8910,24.2971,-98.9379,0.669815
22.8832,24.2967,-99.1757,0.670072
22.8774,24.2965,-99.3697,0.670290
22.8712,24.2963,-99.6065,0.670560
22.8663,24.2963,-99.8207,0.670818
22.8626,24.2963,-100.0127,0.671062
22.8591,24.2963,-100.2672,0.671387
22.8574,24.2963,-100.4573,0.671604
22.8570,24.2965,-100.6671,0.671846
22.8586,24.2966,-100.8964,0.672101
22.8618,24.2966,-101.0829,0.672302
22.8689,24.2966,-101.3300,0.672577
22.8778,24.2966,-101.5345,0.672795
22.8884,24.2967,-101.7176,0.672980
22.9048,24.2968,-101.9392,0.673204
22.9234,24.2968,-102.1386,0.673398
22.9461,24.2967,-102.3358,0.673588
22.9738,24.2966,-102.5299,0.673770
23.0113,24.2964,-102.7396,0.673971
23.0531,24.2959,-102.9260,0.674139
23.1033,24.2954,-103.1084,0.674315
23.1686,24.2954,-103.3018,0.674509
23.2375,24.2951,-103.4712,0.674691
23.3240,24.2946,-103.6498,0.674899
23.4121,24.2939,-103.8046,0.675088
23.5192,24.2937,-103.9676,0.675297
23.6247,24.2935,-104.1058,0.675490
23.7504,24.2930,-104.2495,0.675692
23.8717,24.2930,-104.3698,0.675867
24.0142,24.2928,-104.4921,0.676055
24.1497,24.2931,-104.5921,0.676224
24.2908,24.2931,-104.6819,0.676395
24.4514,24.2929,-104.7693,0.676582
24.6320,24.2923,-104.8516,0.676785
24.7858,24.2917,-104.9101,0.676957
24.9580,24.2909,-104.9645,0.677144
25.1331,24.2901,-105.0087,0.677331
25.2934,24.2894,-105.0397,0.677502
25.4708,24.2885,-105.0639,0.677686
25.6495,24.2877,-105.0781,0.677875
25.8267,24.2870,-105.0819,0.678059
26.0099,24.2948,-105.0439,0.678246
26.1537,24.3002,-105.0309,0.678394
26.2963,24.3065,-105.0115,0.678542
26.4506,24.3121,-104.9844,0.678708
26.6072,24.3177,-104.9552,0.678873
26.7795,24.3239,-104.9229,0.679058
26.9468,24.3276,-104.8916,0.679237
27.1223,24.3284,-104.8612,0.679420
27.2840,24.3291,-104.8340,0.679590
27.4621,24.3294,-104.8028,0.679778
27.6425,24.3296,-104.7681,0.679960
27.8227,24.3305,-104.7280,0.680151
27.9959,24.3317,-104.6829,0.680339
28.1569,24.3294,-104.6352,0.680514
28.3136,24.3275,-104.5856,0.680690
28.4887,24.3231,-104.5259,0.680891
28.6616,24.3178,-104.4645,0.681092
28.8384,24.3115,-104.3980,0.681291
29.0006,24.3059,-104.3344,0.681474
29.1804,24.3001,-104.2609,0.681682
29.3772,24.2942,-104.1765,0.681916
29.5773,24.2874,-104.1223,0.682130
29.7564,24.2884,-104.0365,0.682352
29.9340,24.2893,-103.9457,0.682576
30.1098,24.2901,-103.8496,0.682795
30.2686,24.2907,-103.7572,0.682996
30.4401,24.2923,-103.6513,0.683220
30.5939,24.2936,-103.5497,0.683421
30.7458,24.2948,-103.4425,0.683635
30.9108,24.2960,-103.3179,0.683865
31.0740,24.2971,-103.1869,0.684099
31.2351,24.2981,-103.0500,0.684333
31.3947,24.2990,-102.9080,0.684569
31.5684,24.2999,-102.7475,0.684822
31.7263,24.2979,-102.5989,0.685080
31.8745,24.2951,-102.4591,0.685307
32.0239,24.2927,-102.3201,0.685530
32.1938,24.2864,-102.1626,0.685779
32.3677,24.2800,-102.0028,0.686026
32.5448,24.2735,-101.8399,0.686279
32.7079,24.2675,-101.6884,0.686519
32.8881,24.2607,-101.5178,0.686789
33.0678,24.2537,-101.3430,0.687056
33.2303,24.2473,-101.1806,0.687296
33.3921,24.2407,-101.0151,0.687527
33.5703,24.2335,-100.8298,0.687798
33.7331,24.2268,-100.6580,0.688051
33.9146,24.2194,-100.4652,0.688327
34.1155,24.2108,-100.2509,0.688641
34.2861,24.2030,-100.0684,0.688913
34.4588,24.1950,-99.8830,0.689188
34.6332,24.1870,-99.6947,0.689457
34.8262,24.1780,-99.4845,0.689774
35.0021,24.1697,-99.2905,0.690052
35.1780,24.1613,-99.0936,0.690339
35.3536,24.1528,-98.8940,0.690626
35.5466,24.1433,-98.6710,0.690947
35.7219,24.1346,-98.4653,0.691237
35.8973,24.1258,-98.2564,0.691522
36.0910,24.1160,-98.0230,0.691855
36.2681,24.1069,-97.8074,0.692154
36.4465,24.0977,-97.5888,0.692445
36.6264,24.0885,-97.3672,0.692734
36.8081,24.0791,-97.1430,0.693032
37.0102,24.0686,-96.8936,0.693370
37.1961,24.0590,-96.6645,0.693665
37.3841,24.0493,-96.4333,0.693956
37.6119,24.0376,-96.1531,0.694297
37.8225,24.0267,-95.8933,0.694629
38.0150,24.0167,-95.6547,0.694925
38.2281,24.0057,-95.3892,0.695253
38.4225,23.9959,-95.1454,0.695535
38.6178,23.9859,-94.8988,0.695838
38.8337,23.9749,-94.6244,0.696167
39.0309,23.9647,-94.3720,0.696469
39.2290,23.9544,-94.1169,0.696762
39.4280,23.9440,-93.8589,0.697070
39.6279,23.9335,-93.5982,0.697380
39.8287,23.9229,-93.3347,0.697691
40.0288,23.9123,-93.0704,0.698002
40.2272,23.9018,-92.8058,0.698294
40.4443,23.8901,-92.5138,0.698642
40.6209,23.8805,-92.2745,0.698920
40.8365,23.8687,-91.9798,0.699260
41.0344,23.8579,-91.7075,0.699570
41.2554,23.8458,-91.4016,0.699918
41.4393,23.8358,-91.1461,0.700208
41.6469,23.8245,-90.8572,0.700537
41.8784,23.8119,-90.5345,0.700902
42.0909,23.8003,-90.2381,0.701238
42.3263,23.7874,-89.9099,0.701606
42.5629,23.7745,-89.5796,0.701972
42.8008,23.7615,-89.2472,0.702332
43.0183,23.7496,-88.9429,0.702669
43.2372,23.7375,-88.6363,0.703007
43.4579,23.7254,-88.3276,0.703335
43.7028,23.7119,-87.9856,0.703698
43.9050,23.7008,-87.7041,0.704001
44.1087,23.6895,-87.4211,0.704307
44.3368,23.6770,-87.1051,0.704639
44.5898,23.6631,-86.7557,0.705007
44.8448,23.6492,-86.4044,0.705383
45.1017,23.6351,-86.0516,0.705757
45.3369,23.6224,-85.7295,0.706096
45.5971,23.6082,-85.3739,0.706463
45.8350,23.5952,-85.0496,0.706813
46.0741,23.5819,-84.7244,0.707155
46.3146,23.5684,-84.3982,0.707498
46.5805,23.5536,-84.0385,0.707872
46.8235,23.5401,-83.7108,0.708215
47.0924,23.5252,-83.3501,0.708594
47.3415,23.5158,-82.9704,0.708975
47.5902,23.5059,-82.6431,0.709317
47.8409,23.4956,-82.3166,0.709663
48.0683,23.4862,-82.0236,0.709970
48.3731,23.4722,-81.6354,0.710377
48.6270,23.4598,-81.3155,0.710717
48.9263,23.4451,-80.9411,0.711114
49.1934,23.4319,-80.6088,0.711464
49.4531,23.4189,-80.2876,0.711800
49.6841,23.4072,-80.0053,0.712096
49.9567,23.3931,-79.6787,0.712441
50.1817,23.3823,-79.4140,0.712717
50.4047,23.3718,-79.1569,0.712987
50.6397,23.3552,-78.8932,0.713269
50.9124,23.3352,-78.6286,0.713561
51.1630,23.2913,-78.3681,0.713844
51.4170,23.3120,-78.1111,0.714119
51.6484,23.3030,-77.8785,0.714364
51.8852,23.2942,-77.6509,0.714605
52.1046,23.2865,-77.4511,0.714827
52.3541,23.2777,-77.2358,0.715074
52.6346,23.2681,-77.0059,0.715340
52.9188,23.2587,-76.7830,0.715607
53.1272,23.2520,-76.6252,0.715790
53.4162,23.2418,-76.4133,0.716057
53.6816,23.2347,-76.2276,0.716293
53.9778,23.2271,-76.0308,0.716549
54.2790,23.2198,-75.8419,0.716806
54.5565,23.2124,-75.6773,0.717041
54.8655,23.2036,-75.5053,0.717298
55.2091,23.1895,-75.3249,0.717580
55.5267,23.1768,-75.1666,0.717833
55.7873,23.1654,-75.0420,0.718041
56.1410,23.1508,-74.8825,0.718333
56.4690,23.1398,-74.7451,0.718601
56.7705,23.1294,-74.6276,0.718838
57.0784,23.1175,-74.5183,0.719082
57.3921,23.1062,-74.4156,0.719316
57.7399,23.0961,-74.3108,0.719575
58.0899,23.0849,-74.2123,0.719832
58.4437,23.0727,-74.1194,0.720094
58.7972,23.0599,-74.0303,0.720361
59.1183,23.0473,-73.9508,0.720599
59.4727,23.0322,-73.8659,0.720858
59.7635,23.0199,-73.7980,0.721067
60.1549,23.0049,-73.7105,0.721332
60.5154,22.9907,-73.6347,0.721581
60.8812,22.9758,-73.5653,0.721835
61.2527,22.9626,-73.5028,0.722085
61.6256,22.9498,-73.4488,0.722340
62.0355,22.9348,-73.4015,0.722606
62.3082,22.9246,-73.3766,0.722782
62.7166,22.9088,-73.3485,0.723054
63.0904,22.8932,-73.3340,0.723292
63.4306,22.8799,-73.3304,0.723513
63.8364,22.8662,-73.3390,0.723778
64.1730,22.8539,-73.3570,0.723987
64.5110,22.8417,-73.3860,0.724203
64.8799,22.8304,-73.4291,0.724432
65.2453,22.8184,-73.4824,0.724665
65.6072,22.8056,-73.5465,0.724896
65.9649,22.7924,-73.6194,0.725137
66.3173,22.7791,-73.7000,0.725369
66.6670,22.7655,-73.7902,0.725605
67.0434,22.7528,-73.8992,0.725859
67.3845,22.7407,-74.0091,0.726094
67.6929,22.7288,-74.1189,0.726311
67.9991,22.7171,-74.2371,0.726526
68.3328,22.7043,-74.3750,0.726776
68.6345,22.6911,-74.5088,0.726990
68.9634,22.6759,-74.6625,0.727235
69.3199,22.6592,-74.8376,0.727504
69.6436,22.6431,-75.0035,0.727746
69.9955,22.6275,-75.1933,0.728015
70.2855,22.6152,-75.3574,0.728238
70.6586,22.5981,-75.5792,0.728534
70.9723,22.5835,-75.7765,0.728781
71.2551,22.5704,-75.9619,0.729008
71.5353,22.5573,-76.1520,0.729232
71.8412,22.5416,-76.3682,0.729484
72.1444,22.5260,-76.5905,0.729727
72.4446,22.5104,-76.8188,0.729981
72.7684,22.4931,-77.0750,0.730253
73.0624,22.4787,-77.3195,0.730513
73.3510,22.4647,-77.5721,0.730776
73.6088,22.4522,-77.8096,0.731012
73.9125,22.4367,-78.1041,0.731301
74.1841,22.4235,-78.3836,0.731559
74.4255,22.4116,-78.6446,0.731797
74.6844,22.3983,-78.9369,0.732056
74.9358,22.3818,-79.2359,0.732313
75.1589,22.3668,-79.5133,0.732551
75.3973,22.3504,-79.8240,0.732805
75.6281,22.3342,-80.1412,0.733069
75.8304,22.3197,-80.4360,0.733308
76.0444,22.3040,-80.7675,0.733570
76.2496,22.2889,-81.1065,0.733834
76.4448,22.2742,-81.4521,0.734090
76.6304,22.2593,-81.8025,0.734356
76.8224,22.2418,-82.1908,0.734651
76.9447,22.2304,-82.4519,0.734846
77.1062,22.2148,-82.8142,0.735122
77.2452,22.2020,-83.1461,0.735370
77.4025,22.1868,-83.5488,0.735672
77.5255,22.1735,-83.8872,0.735919
77.6524,22.1579,-84.2646,0.736193
77.7707,22.1426,-84.6460,0.736468
77.8712,22.1284,-84.9950,0.736715
77.9650,22.1141,-85.3466,0.736974
78.0614,22.0986,-85.7354,0.737250
78.1436,22.0846,-86.0898,0.737520
78.2290,22.0693,-86.4825,0.737805
78.3094,22.0556,-86.8754,0.738089
78.3792,22.0433,-87.2333,0.738358
78.4336,22.0326,-87.5188,0.738574
78.5059,22.0188,-87.9152,0.738877
78.5687,22.0078,-88.2747,0.739147
78.6349,21.9953,-88.6702,0.739456
78.6908,21.9820,-89.0309,0.739730
78.7532,21.9639,-89.4675,0.740068
78.8059,21.9471,-89.8698,0.740372
78.8492,21.9312,-90.2389,0.740646
78.8877,21.9158,-90.6101,0.740933
78.9211,21.9000,-90.9833,0.741214
78.9511,21.8824,-91.3967,0.741533
78.9725,21.8665,-91.7741,0.741824
78.9896,21.8488,-92.1901,0.742134
78.9990,21.8327,-92.5692,0.742431
79.0027,21.8170,-92.9484,0.742721
79.0009,21.8014,-93.3272,0.743017
78.9931,21.7853,-93.7064,0.743308
78.9777,21.7693,-94.1249,0.743638
78.9545,21.7542,-94.5427,0.743964
78.9268,21.7398,-94.9223,0.744262
78.8915,21.7251,-95.3038,0.744559
78.8451,21.7103,-95.7230,0.744885
78.7970,21.6965,-96.1032,0.745184
78.7477,21.6831,-96.4457,0.745448
78.6815,21.6660,-96.8631,0.745767
78.6159,21.6504,-97.2421,0.746068
78.5383,21.6327,-97.6574,0.746399
78.4623,21.6172,-98.0352,0.746696
78.3899,21.6043,-98.3739,0.746965
78.3056,21.5895,-98.7488,0.747267
78.2070,21.5725,-99.1614,0.747596
78.1130,21.5578,-99.5354,0.747897
78.0056,21.5411,-99.9453,0.748228
77.9034,21.5252,-100.3177,0.748537
77.7975,21.5083,-100.6889,0.748848
77.6770,21.4896,-101.0975,0.749190
77.5511,21.4700,-101.5066,0.749531
77.4189,21.4538,-101.9185,0.749873
77.2808,21.4393,-102.3285,0.750215
77.1500,21.4253,-102.7009,0.750536
77.0123,21.4106,-103.0741,0.750851
76.8695,21.3965,-103.4470,0.751169
76.7218,21.3824,-103.8196,0.751494
76.5555,21.3656,-104.2285,0.751848
76.3836,21.3467,-104.6367,0.752212
76.2553,21.3324,-104.9339,0.752477
76.0912,21.3145,-105.3052,0.752809
75.9054,21.2944,-105.7139,0.753180
75.7303,21.2767,-106.0851,0.753515
75.5126,21.2554,-106.5308,0.753923
75.3256,21.2370,-106.9022,0.754266
75.1371,21.1849,-107.2766,0.754608
74.9031,21.1617,-107.7228,0.755029
74.7067,21.1433,-108.0949,0.755386
74.4805,21.1915,-108.5178,0.755776
74.2783,21.1850,-108.9317,0.756172
74.0526,21.1711,-109.2923,0.756526
73.8384,21.1533,-109.6646,0.756885
73.6010,21.1345,-110.0734,0.757281
73.3839,21.1173,-110.4469,0.757647
73.1438,21.0982,-110.8610,0.758054
72.9005,21.0807,-111.2789,0.758461
72.6756,21.0647,-111.6599,0.758842
72.4222,21.0470,-112.0805,0.759261
72.1859,21.0308,-112.4642,0.759647
71.9204,21.0127,-112.8872,0.760073
71.6503,20.9946,-113.3104,0.760497
71.4016,20.9780,-113.6950,0.760894
71.1254,20.9601,-114.1181,0.761327
70.8454,20.9425,-114.5405,0.761763
70.5609,20.9248,-114.9629,0.762205
70.2708,20.9070,-115.3856,0.762648
70.0291,20.8923,-115.7317,0.763011
69.7285,20.8742,-116.1551,0.763464
69.4788,20.8593,-116.5016,0.763833
69.1695,20.8410,-116.9251,0.764288
68.8560,20.8227,-117.3481,0.764748
68.6253,20.8093,-117.6555,0.765079
68.3040,20.7907,-118.0774,0.765540
68.0077,20.7738,-118.4604,0.765959
67.6769,20.7551,-118.8810,0.766422
67.3337,20.7365,-119.2945,0.766889
66.9940,20.7172,-119.7137,0.767355
66.6510,20.6977,-120.1329,0.767823
66.3685,20.6817,-120.4760,0.768213
66.0533,20.6640,-120.8578,0.768642
65.7373,20.6462,-121.2405,0.769074
65.3887,20.6266,-121.6628,0.769553
65.0390,20.6068,-122.0871,0.770038
64.6880,20.5870,-122.5132,0.770522
64.3672,20.5689,-122.9022,0.770965
64.0119,20.5490,-123.3320,0.771452
63.6211,20.5272,-123.8025,0.771993
63.2594,20.5071,-124.2352,0.772482
62.9943,20.4926,-124.5506,0.772843
62.5934,20.4707,-125.0246,0.773387
62.2902,20.4543,-125.3807,0.773795
61.9508,20.4360,-125.7767,0.774249
61.5745,20.4160,-126.2126,0.774754
61.2297,20.3976,-126.6089,0.775216
60.8473,20.3774,-127.0450,0.775725
60.4616,20.3572,-127.4811,0.776236
60.1082,20.3388,-127.8775,0.776700
59.8235,20.3242,-128.1946,0.777073
59.4368,20.3030,-128.6370,0.777594
59.0757,20.2838,-129.0336,0.778066
58.6754,20.2626,-129.4698,0.778585
58.2719,20.2414,-129.9063,0.779108
57.8665,20.2201,-130.3412,0.779631
57.4965,20.2008,-130.7346,0.780102
57.0505,20.1776,-131.2043,0.780669
56.6396,20.1565,-131.6326,0.781194
56.2633,20.1374,-132.0212,0.781664
55.8832,20.1182,-132.4106,0.782145
55.4603,20.0970,-132.8403,0.782681
55.0324,20.0757,-133.2707,0.783212
54.6402,20.0563,-133.6622,0.783698
54.2054,20.0350,-134.0926,0.784234
53.7675,20.0137,-134.5224,0.784772
53.3266,19.9924,-134.9521,0.785309
52.9230,19.9728,-135.3429,0.785798
52.5172,19.9533,-135.7340,0.786292
52.0678,19.9319,-136.1647,0.786835
51.6569,19.9130,-136.5560,0.787326
51.2438,19.8936,-136.9470,0.787827
50.8277,19.8738,-137.3378,0.788325
50.4088,19.8538,-137.7281,0.788823
49.9872,19.8339,-138.1178,0.789327
49.5390,19.8123,-138.5625,0.789871
49.0697,19.7814,-138.9894,0.790426
48.5970,19.7495,-139.4154,0.790976
48.1210,19.7171,-139.8398,0.791530
47.6413,19.6851,-140.2625,0.792080
47.1801,19.6544,-140.6248,0.792582
46.6940,19.6344,-141.0430,0.793131
46.2037,19.6146,-141.4572,0.793678
45.6637,19.5939,-141.9041,0.794278
45.1648,19.5763,-142.3072,0.794822
44.6624,19.5589,-142.7044,0.795368
44.1577,19.5403,-143.0960,0.795908
43.6036,19.5185,-143.5170,0.796508
43.1397,19.5003,-143.8638,0.796997
42.6279,19.4803,-144.2410,0.797536
42.2073,19.4634,-144.5458,0.797975
41.6918,19.4425,-144.9133,0.798512
41.1752,19.4217,-145.2753,0.799046
40.7050,19.4029,-145.5990,0.799519
40.1872,19.3821,-145.9489,0.800043
39.6681,19.3613,-146.2921,0.800556
39.1474,19.3414,-146.6285,0.801070
38.6730,19.3239,-146.9280,0.801538
38.1024,19.3029,-147.2795,0.802096
37.5769,19.2829,-147.5936,0.802594
37.0497,19.2632,-147.9000,0.803091
36.5691,19.2456,-148.1720,0.803547
36.0393,19.2264,-148.4642,0.804048
35.5574,19.2080,-148.7237,0.804494
35.0257,19.1880,-149.0019,0.804982
34.5420,19.1694,-149.2484,0.805427
33.9610,19.1472,-149.5364,0.805951
33.4284,19.1268,-149.7931,0.806427
32.8463,19.1045,-150.0645,0.806947
32.3115,19.0847,-150.3058,0.807415
31.8246,19.0673,-150.5187,0.807837
31.3366,19.0501,-150.7254,0.808261
30.8478,19.0322,-150.9259,0.808686
30.3081,19.0126,-151.1383,0.809150
29.8160,18.9946,-151.3238,0.809571
29.2728,18.9750,-151.5190,0.810035
28.6778,18.9540,-151.7204,0.810534
28.0804,18.9325,-151.9096,0.811031
27.5801,18.9148,-152.0568,0.811438
27.0274,18.8953,-152.2081,0.811907
26.4728,18.8760,-152.3484,0.812360
25.9672,18.8587,-152.4668,0.812767
25.4104,18.8397,-152.5877,0.813220
24.8529,18.8207,-152.6990,0.813677
24.2437,18.8006,-152.8103,0.814178
23.7358,18.7847,-152.8952,0.814593
23.1763,18.7675,-152.9804,0.815058
22.6673,18.7516,-153.0512,0.815478
22.1058,18.7335,-153.1208,0.815940
21.5430,18.7156,-153.1830,0.816406
21.0302,18.6993,-153.2336,0.816832
20.4646,18.6815,-153.2831,0.817298
19.9495,18.6648,-153.3232,0.817729
19.4327,18.6477,-153.3576,0.818149
18.8627,18.6289,-153.3897,0.818601
18.3438,18.6112,-153.4138,0.819026
17.8236,18.5934,-153.4330,0.819441
17.2505,18.5738,-153.4487,0.819898
16.7287,18.5556,-153.4574,0.820323
16.2061,18.5376,-153.4610,0.820735
15.6304,18.5179,-153.4589,0.821196
15.0542,18.4987,-153.4504,0.821657
14.5300,18.4813,-153.4376,0.822076
14.0051,18.4633,-153.4190,0.822497
13.4272,18.4436,-153.3925,0.822952
12.7961,18.4227,-153.3564,0.823462
12.3228,18.4074,-153.3242,0.823855
11.8497,18.3918,-153.2882,0.824237
11.3235,18.3739,-153.2418,0.824658
10.7978,18.3560,-153.1897,0.825082
10.2194,18.3357,-153.1255,0.825531
9.5888,18.3138,-153.0472,0.826032
9.0638,18.2952,-152.9757,0.826454
8.4867,18.2747,-152.8895,0.826903
7.9627,18.2561,-152.8047,0.827320
7.3872,18.2359,-152.7040,0.827791
6.8128,18.2154,-152.5959,0.828242
6.2916,18.1968,-152.4907,0.828669
5.7196,18.1766,-152.3678,0.829137
5.1490,18.1565,-152.2371,0.829604
4.5801,18.1362,-152.0991,0.830072
4.0642,18.1178,-151.9664,0.830484
3.4470,18.0957,-151.7984,0.831010
2.8833,18.0756,-151.6356,0.831476
2.3728,18.0575,-151.4804,0.831898
1.8640,18.0391,-151.3178,0.832326
1.3062,18.0198,-151.1305,0.832789
0.8018,18.0028,-150.9529,0.833216
0.2497,17.9844,-150.7492,0.833689
-0.2991,17.9653,-150.5378,0.834153
-0.8446,17.9458,-150.3179,0.834615
-1.3870,17.9261,-150.0906,0.835088
-1.8772,17.9083,-149.8776,0.835517
-2.3645,17.8903,-149.6592,0.835934
-2.8492,17.8721,-149.4342,0.836355
-3.3312,17.8540,-149.2031,0.836779
-3.8581,17.8341,-148.9417,0.837245
-4.3816,17.8143,-148.6729,0.837717
-4.8544,17.7963,-148.4224,0.838142
-5.4179,17.7745,-148.1136,0.838643
-5.9310,17.7552,-147.8234,0.839116
-6.4862,17.7347,-147.4993,0.839625
-6.9913,17.7160,-147.1960,0.840089
-7.4472,17.6983,-146.9142,0.840517
-7.9904,17.6771,-146.5692,0.841037
-8.4395,17.6597,-146.2762,0.841456
-8.9301,17.6408,-145.9482,0.841927
-9.4169,17.6215,-145.6148,0.842399
-9.8998,17.6016,-145.2745,0.842863
-10.3784,17.5812,-144.9281,0.843331
-10.7672,17.5644,-144.6400,0.843717
-11.2385,17.5439,-144.2820,0.844176
-11.7477,17.5217,-143.8844,0.844690
-12.1259,17.5048,-143.5806,0.845077
-12.6251,17.4828,-143.1682,0.845589
-13.0771,17.4630,-142.7830,0.846061
-13.6042,17.4398,-142.3187,0.846620
-14.0837,17.4180,-141.8821,0.847145
-14.4389,17.4021,-141.5488,0.847536
-14.8672,17.3836,-141.1359,0.848012
-15.3273,17.3636,-140.6786,0.848530
-15.7420,17.3439,-140.2521,0.849008
-16.1134,17.3255,-139.8586,0.849431
-16.5156,17.3054,-139.4197,0.849905
-16.8754,17.2871,-139.0156,0.850342
-17.2295,17.2687,-138.6055,0.850772
-17.6121,17.2492,-138.1484,0.851239
-17.9534,17.2317,-137.7271,0.851678
-18.3216,17.2119,-137.2578,0.852163
-18.6818,17.1917,-136.7820,0.852643
-19.1288,17.1664,-136.1680,0.853257
-19.3787,17.1520,-135.8135,0.853608
-19.7454,17.1298,-135.2760,0.854133
-20.0733,17.1096,-134.7777,0.854619
-20.3930,17.0896,-134.2739,0.855098
-20.7322,17.0678,-133.7184,0.855632
-21.0073,17.0500,-133.2500,0.856074
-21.2749,17.0330,-132.7775,0.856520
-21.5352,17.0161,-132.3008,0.856958
-21.7884,16.9990,-131.8206,0.857404
-22.0582,16.9797,-131.2876,0.857895
-22.3194,16.9607,-130.7504,0.858386
-22.5720,16.9418,-130.2096,0.858873
-22.8384,16.9207,-129.6159,0.859413
-23.0737,16.9003,-129.0678,0.859902
-23.3012,16.8800,-128.5162,0.860398
-23.5210,16.8599,-127.9616,0.860894
-23.7336,16.8396,-127.4045,0.861388
-23.9389,16.8196,-126.8445,0.861882
-24.1376,16.7998,-126.2824,0.862382
-24.3303,16.7802,-125.7189,0.862885
-24.5004,16.7619,-125.2050,0.863337
-24.6991,16.7400,-124.5871,0.863887
-24.8767,16.7201,-124.0197,0.864391
-25.0036,16.7057,-123.6065,0.864756
-25.1758,16.6856,-123.0382,0.865261
-25.3457,16.6649,-122.4695,0.865769
-25.5145,16.6440,-121.9004,0.866277
-25.6524,16.6269,-121.4348,0.866695
-25.8058,16.6078,-120.9173,0.867164
-25.9908,16.5849,-120.2957,0.867725
-26.1302,16.5676,-119.8290,0.868150
-26.3490,16.5399,-119.1004,0.868815
-26.5547,16.5140,-118.4200,0.869440
-26.7309,16.4920,-117.8400,0.869974
-26.9093,16.4684,-117.2569,0.870512
-27.0904,16.4425,-116.6677,0.871059
-27.2739,16.4165,-116.0733,0.871610
-27.4602,16.3914,-115.4738,0.872166
-27.6488,16.3664,-114.8702,0.872727
-27.8568,16.3388,-114.2066,0.873345
-28.0505,16.3189,-113.5898,0.873917
-28.2621,16.3016,-112.9138,0.874545
-28.4955,16.2854,-112.1632,0.875233
-28.6909,16.3058,-111.5310,0.875820
-28.8669,16.3189,-110.9549,0.876356
-29.0432,16.3248,-110.3714,0.876895
-29.2373,16.3314,-109.7249,0.877494
-29.4147,16.3374,-109.1336,0.878043
-29.6111,16.3440,-108.4798,0.878649
-29.8084,16.3507,-107.8233,0.879259
-30.0064,16.3574,-107.1651,0.879871
-30.2052,16.3641,-106.5041,0.880485
-30.4214,16.3715,-105.7766,0.881161
-30.6366,16.3791,-105.0392,0.881842
-30.8330,16.3862,-104.3552,0.882473
-31.0291,16.4011,-103.6635,0.883108
-31.2059,16.4150,-103.0334,0.883683
-31.3996,16.4304,-102.3374,0.884325
-31.5754,16.4444,-101.7018,0.884909
-31.7687,16.4600,-100.9990,0.885562
-31.9617,16.4757,-100.2921,0.886215
-32.1719,16.4929,-99.5160,0.886930
-32.3465,16.5081,-98.8651,0.887528
-32.5550,16.5269,-98.0797,0.888250
-32.7626,16.5459,-97.2895,0.888976
-32.9524,16.5634,-96.5609,0.889644
-33.1419,16.5811,-95.8287,0.890319
-33.3315,16.5988,-95.0930,0.890993
-33.4699,16.6117,-94.5562,0.891488
-33.6613,16.6293,-93.8157,0.892166
-33.8548,16.6467,-93.0727,0.892849
-34.0330,16.6625,-92.3955,0.893474
-34.2321,16.6799,-91.6486,0.894163
-34.4532,16.6989,-90.8316,0.894914
-34.6594,16.7163,-90.0803,0.895611
-34.8688,16.7338,-89.3263,0.896313
-35.0811,16.7512,-88.5692,0.897017
-35.2961,16.7688,-87.8086,0.897722
-35.5135,16.7864,-87.0446,0.898430
-35.7332,16.8040,-86.2772,0.899141
-35.9550,16.8216,-85.5065,0.899853
-36.1776,16.8393,-84.7362,0.900566
-36.4000,16.8568,-83.9681,0.901277
-36.6220,16.8744,-83.2021,0.901986
-36.8233,16.8903,-82.5072,0.902630
-37.0443,16.9077,-81.7436,0.903338
-37.2451,16.9236,-81.0480,0.903981
-37.4463,16.9395,-80.3496,0.904627
-37.6681,16.9572,-79.5774,0.905342
-37.8704,16.9734,-78.8717,0.905994
-38.0936,16.9912,-78.0920,0.906716
-38.3177,17.0090,-77.3089,0.907441
-38.5426,17.0269,-76.5228,0.908168
-38.7273,17.0416,-75.8775,0.908767
-38.9744,17.0613,-75.0140,0.909565
-39.1812,17.0778,-74.2917,0.910234
-39.3889,17.0943,-73.5668,0.910905
-39.6184,17.1127,-72.7665,0.911646
-39.8700,17.1329,-71.8900,0.912457
-40.0597,17.1480,-71.2302,0.913069
-40.2713,17.1650,-70.4947,0.913749
-40.5053,17.1837,-69.6828,0.914501
-40.6976,17.1989,-69.0164,0.915118
-40.9337,17.2177,-68.1991,0.915875
-41.1707,17.2367,-67.3789,0.916635
-41.3868,17.2541,-66.6305,0.917329
-41.6249,17.2734,-65.8044,0.918094
-41.8416,17.2909,-65.0506,0.918791
-42.0803,17.3103,-64.2183,0.919561
-42.2973,17.3280,-63.4588,0.920263
-42.5359,17.3475,-62.6205,0.921038
-42.7744,17.3671,-61.7792,0.921816
-42.9910,17.3850,-61.0117,0.922523
-43.2506,17.4065,-60.0875,0.923378
-43.4881,17.4264,-59.2373,0.924163
-43.7253,17.4463,-58.3843,0.924949
-43.9627,17.4663,-57.5289,0.925739
-44.2008,17.4862,-56.6713,0.926532
-44.4401,17.5062,-55.8116,0.927326
-44.6808,17.5262,-54.9503,0.928123
-44.9234,17.5461,-54.0872,0.928921
-45.1679,17.5661,-53.2222,0.929723
-45.4148,17.5861,-52.3554,0.930526
-45.6643,17.6061,-51.4868,0.931332
-45.9396,17.6279,-50.5372,0.932215
-46.1719,17.6461,-49.7444,0.932951
-46.4302,17.6661,-48.8713,0.933762
-46.6664,17.6840,-48.0807,0.934498
-46.9519,17.7055,-47.1347,0.935378
-47.2389,17.7269,-46.1922,0.936256
-47.4550,17.7429,-45.4872,0.936912
-47.7199,17.7624,-44.6266,0.937714
-47.9858,17.7819,-43.7646,0.938516
-48.2526,17.8015,-42.8994,0.939322
-48.5201,17.8211,-42.0305,0.940130
-48.7882,17.8408,-41.1581,0.940941
-49.0563,17.8606,-40.2827,0.941755
-49.2757,17.8769,-39.5643,0.942421
-49.5434,17.8968,-38.6838,0.943239
-49.8588,17.9205,-37.6397,0.944209
-50.1007,17.9389,-36.8337,0.944956
-50.4618,17.9665,-35.6204,0.946076
-50.6775,17.9831,-34.8897,0.946752
-50.8924,17.9999,-34.1572,0.947433
-51.1541,18.0204,-33.2592,0.948266
-51.4147,18.0410,-32.3583,0.949099
-51.6036,18.0561,-31.7015,0.949707
-51.8625,18.0769,-30.7959,0.950545
-52.0971,18.0958,-29.9704,0.951307
-52.3313,18.1149,-29.1429,0.952073
-52.5420,18.1320,-28.3966,0.952762
-52.7293,18.1473,-27.7321,0.953376
-52.9405,18.1645,-26.9834,0.954067
-53.1287,18.1798,-26.3169,0.954684
-53.4121,18.2027,-25.3157,0.955610
-53.6973,18.2257,-24.3125,0.956538
-53.9844,18.2488,-23.3073,0.957470
-54.2254,18.2680,-22.4680,0.958248
-54.5168,18.2910,-21.4590,0.959184
-54.7615,18.3103,-20.6165,0.959966
-54.9832,18.3276,-19.8569,0.960671
-55.2557,18.3488,-18.9267,0.961534
-55.5797,18.3739,-17.8245,0.962556
-55.8049,18.3914,-17.0596,0.963266
-56.1058,18.4147,-16.0373,0.964212
-56.3820,18.4361,-15.0976,0.965084
-56.6580,18.4576,-14.1555,0.965954
-56.9086,18.4772,-13.2969,0.966751
-57.1588,18.4968,-12.4365,0.967545
-57.4584,18.5204,-11.4016,0.968504
-57.7822,18.5460,-10.2780,0.969544
-57.9814,18.5619,-9.5854,0.970184
-58.2055,18.5798,-8.8052,0.970906
-58.4050,18.5956,-8.1110,0.971550
-58.6298,18.6135,-7.3291,0.972274
-58.9054,18.6354,-6.3723,0.973161
-59.1568,18.6553,-5.5014,0.973969
-59.4349,18.6776,-4.5419,0.974858
-59.7148,18.7000,-3.5812,0.975750
-59.9964,18.7224,-2.6190,0.976643
-60.2797,18.7449,-1.6552,0.977538
-60.5385,18.7653,-0.7774,0.978353
-60.7722,18.7837,0.0140,0.979086
-61.0847,18.8083,1.0712,0.980067
-61.3718,18.8309,2.0425,0.980968
-61.6854,18.8556,3.1043,0.981953
-61.9206,18.8742,3.9022,0.982691
-62.1558,18.8958,4.7020,0.983431
-62.4426,18.9223,5.6803,0.984339
-62.7288,18.9489,6.6606,0.985246
-63.0146,18.9754,7.6425,0.986155
-63.3000,19.0020,8.6258,0.987065
-63.5865,19.0424,9.6124,0.987978
-63.8724,19.0832,10.5973,0.988890
-64.1329,19.1204,11.4938,0.989721
-64.4207,19.1616,12.4815,0.990638
-64.6572,19.1970,13.2897,0.991388
-64.9741,19.2442,14.3677,0.992390
-65.2930,19.2915,15.4465,0.993393
-65.5596,19.3274,16.3429,0.994229
-65.7745,19.3470,17.0636,0.994899
-66.0985,19.3763,18.1460,0.995905
-66.3696,19.4007,19.0484,0.996746
-66.6963,19.4301,20.1318,0.997753
-66.9701,19.4545,21.0360,0.998592
-67.2450,19.4774,21.9415,0.999448
