23.5676,-0.0055,-102.8047,0.000432
23.3828,-0.0055,-102.9048,0.000647
23.1981,-0.0055,-103.0047,0.000864
23.0132,-0.0055,-103.1045,0.001077
22.8283,-0.0055,-103.2043,0.001297
22.6249,-0.0055,-103.3139,0.001543
22.4399,-0.0055,-103.4134,0.001778
22.2363,-0.0055,-103.5227,0.002012
22.0697,-0.0055,-103.6121,0.002197
21.9030,-0.0055,-103.7014,0.002416
21.6992,-0.0055,-103.8105,0.002644
21.5140,-0.0055,-103.9095,0.002867
21.3101,-0.0055,-104.0183,0.003124
21.1061,-0.0055,-104.1270,0.003368
20.9207,-0.0055,-104.2256,0.003591
20.7352,-0.0055,-104.3241,0.003825
20.5497,-0.0055,-104.4225,0.004038
20.3640,-0.0055,-104.5209,0.004271
20.1598,-0.0055,-104.6289,0.004522
19.9740,-0.0055,-104.7271,0.004745
19.7882,-0.0055,-104.8251,0.004973
19.6023,-0.0055,-104.9229,0.005200
19.3978,-0.0055,-105.0305,0.005474
19.1933,-0.0055,-105.1379,0.005715
19.0072,-0.0055,-105.2354,0.005944
18.8211,-0.0055,-105.3328,0.006172
18.6163,-0.0055,-105.4397,0.006419
18.4115,-0.0055,-105.5465,0.006690
18.2252,-0.0055,-105.6434,0.006927
18.0388,-0.0055,-105.7401,0.007154
17.8337,-0.0055,-105.8464,0.007424
17.6472,-0.0055,-105.9429,0.007655
17.4420,-0.0055,-106.0490,0.007912
17.2366,-0.0055,-106.1548,0.008169
17.0499,-0.0055,-106.2510,0.008411
16.8444,-0.0055,-106.3567,0.008670
16.6576,-0.0055,-106.4526,0.008927
16.4520,-0.0055,-106.5581,0.009185
16.2089,-0.0055,-106.6824,0.009480
16.0031,-0.0055,-106.7876,0.009754
15.7972,-0.0055,-106.8927,0.010023
15.5912,-0.0055,-106.9981,0.010280
15.3853,-0.0055,-107.1040,0.010554
15.1609,-0.0055,-107.2202,0.010848
14.9926,-0.0055,-107.3079,0.011065
14.7684,-0.0055,-107.4254,0.011363
14.5630,-0.0055,-107.5335,0.011624
14.3764,-0.0055,-107.6320,0.011873
14.2085,-0.0055,-107.7208,0.012090
13.9849,-0.0055,-107.8395,0.012400
13.7800,-0.0055,-107.9484,0.012648
13.5752,-0.0055,-108.0574,0.012922
13.3704,-0.0055,-108.1664,0.013183
13.1658,-0.0055,-108.2752,0.013450
12.9612,-0.0055,-108.3839,0.013733
12.7566,-0.0055,-108.4925,0.013997
12.5705,-0.0055,-108.5910,0.014234
12.3845,-0.0055,-108.6894,0.014486
12.1799,-0.0055,-108.7975,0.014752
11.9752,-0.0055,-108.9056,0.015041
11.7705,-0.0055,-109.0138,0.015296
11.5659,-0.0055,-109.1219,0.015556
11.3612,-0.0055,-109.2302,0.015825
11.1566,-0.0055,-109.3385,0.016091
10.9147,-0.0055,-109.4665,0.016413
10.7102,-0.0055,-109.5749,0.016685
10.5056,-0.0055,-109.6832,0.016944
10.3196,-0.0055,-109.7818,0.017185
10.1150,-0.0055,-109.8902,0.017467
9.9105,-0.0055,-109.9987,0.017726
9.7059,-0.0055,-110.1071,0.017994
9.5199,-0.0055,-110.2058,0.018220
9.3339,-0.0055,-110.3045,0.018480
9.1294,-0.0055,-110.4132,0.018735
8.9250,-0.0055,-110.5221,0.019004
8.7020,-0.0055,-110.6412,0.019292
8.4976,-0.0055,-110.7504,0.019548
8.3119,-0.0055,-110.8498,0.019787
8.1077,-0.0055,-110.9592,0.020066
7.9220,-0.0055,-111.0588,0.020298
7.7550,-0.0055,-111.1484,0.020535
7.5694,-0.0055,-111.2480,0.020761
7.3653,-0.0055,-111.3576,0.021011
7.1613,-0.0055,-111.4672,0.021282
6.9572,-0.0055,-111.5770,0.021541
6.7533,-0.0055,-111.6868,0.021810
6.5309,-0.0055,-111.8065,0.022096
6.3270,-0.0055,-111.9162,0.022354
6.1045,-0.0055,-112.0357,0.022638
5.9004,-0.0055,-112.1448,0.022901
5.7148,-0.0055,-112.2436,0.023150
5.5105,-0.0055,-112.3520,0.023402
5.2875,-0.0055,-112.4700,0.023696
5.0828,-0.0055,-112.5780,0.023952
4.8780,-0.0055,-112.6860,0.024233
4.6544,-0.0055,-112.8038,0.024524
4.4678,-0.0055,-112.9019,0.024760
4.2625,-0.0055,-113.0099,0.025033
4.0383,-0.0055,-113.1277,0.025322
3.8326,-0.0055,-113.2356,0.025579
3.6269,-0.0055,-113.3435,0.025863
3.4022,-0.0055,-113.4611,0.026140
3.1961,-0.0055,-113.5688,0.026409
2.9898,-0.0055,-113.6765,0.026685
2.7833,-0.0055,-113.7841,0.026945
2.6331,-0.0055,-113.8624,0.027143
2.4075,-0.0055,-113.9796,0.027441
2.2006,-0.0055,-114.0871,0.027708
1.9936,-0.0055,-114.1945,0.027973
1.7864,-0.0055,-114.3018,0.028254
1.5979,-0.0055,-114.3994,0.028483
1.3903,-0.0055,-114.5067,0.028766
1.2013,-0.0055,-114.6044,0.029008
1.0311,-0.0055,-114.6924,0.029242
0.8231,-0.0055,-114.8007,0.029514
0.5964,-0.0055,-114.9200,0.029831
0.4077,-0.0055,-115.0206,0.030067
0.2191,-0.0055,-115.1222,0.030314
0.0119,-0.0055,-115.2349,0.030602
-0.1951,-0.0055,-115.3485,0.030878
-0.4207,-0.0055,-115.4728,0.031177
-0.6462,-0.0055,-115.5974,0.031482
-0.8527,-0.0055,-115.7116,0.031764
-1.0779,-0.0055,-115.8359,0.032087
-1.2843,-0.0055,-115.9495,0.032363
-1.4720,-0.0055,-116.0525,0.032614
-1.6222,-0.0055,-116.1346,0.032826
-1.8477,-0.0055,-116.2573,0.033135
-2.0734,-0.0055,-116.3796,0.033445
-2.2805,-0.0055,-116.4915,0.033746
-2.5065,-0.0055,-116.6135,0.034058
-2.7328,-0.0055,-116.7353,0.034382
-2.9592,-0.0055,-116.8572,0.034683
-3.1480,-0.0055,-116.9588,0.034945
-3.3369,-0.0055,-117.0605,0.035209
-3.4880,-0.0055,-117.1419,0.035424
-3.8283,-0.0055,-117.3251,0.035919
-4.0363,-0.0055,-117.4373,0.036213
-4.2822,-0.0055,-117.5701,0.036554
-4.6795,-0.0055,-117.7855,0.037128
-5.0580,-0.0055,-117.9913,0.037684
-5.4366,-0.0055,-118.1974,0.038237
-5.8343,-0.0055,-118.4141,0.038825
-6.2321,-0.0055,-118.6311,0.039325
-6.6112,-0.0055,-118.8382,0.039603
-7.0093,-0.0055,-119.0560,0.040887
-7.3886,-0.0055,-119.2639,0.040889
-8.5460,-0.0055,-119.8999,0.043078
-8.9067,-0.0055,-120.0981,0.043478
-9.3059,-0.0055,-120.3162,0.043955
-9.6866,-0.0055,-120.5228,0.045877
-10.8698,-0.0055,-121.1608,0.046119
-11.2332,-0.0055,-121.3562,0.047345
-11.6160,-0.0055,-121.5617,0.047665
-11.9991,-0.0055,-121.7673,0.048217
-12.3633,-0.0055,-121.9628,0.048762
-12.7466,-0.0055,-122.1691,0.049322
-13.1300,-0.0055,-122.3760,0.049881
-13.4943,-0.0055,-122.5729,0.050396
-13.8969,-0.0055,-122.7907,0.050996
-14.2804,-0.0055,-122.9984,0.051563
-14.6448,-0.0055,-123.1960,0.052094
-15.0283,-0.0055,-123.4043,0.052661
-15.4119,-0.0055,-123.6129,0.053233
-15.7955,-0.0055,-123.8217,0.053804
-16.1599,-0.0055,-124.0204,0.054369
-16.5626,-0.0055,-124.2407,0.054954
-16.9077,-0.0055,-124.4304,0.055488
-17.3100,-0.0055,-124.6524,0.056111
-17.6930,-0.0055,-124.8644,0.056679
-18.0568,-0.0055,-125.0662,0.057217
-18.4395,-0.0055,-125.2790,0.057815
-18.8222,-0.0055,-125.4923,0.058406
-19.1856,-0.0055,-125.6954,0.058970
-19.5680,-0.0055,-125.9096,0.059567
-19.9311,-0.0055,-126.1136,0.060085
-20.2942,-0.0055,-126.3180,0.060675
-20.6762,-0.0055,-126.5336,0.061254
-21.0389,-0.0055,-126.7389,0.061816
-21.4015,-0.0055,-126.9446,0.062352
-21.7831,-0.0055,-127.1616,0.062937
-22.1455,-0.0055,-127.3682,0.063472
-22.5076,-0.0055,-127.5752,0.064016
-22.8883,-0.0055,-127.7932,0.064589
-23.2489,-0.0055,-128.0002,0.065112
-23.6086,-0.0055,-128.2067,0.065659
-24.0621,-0.0055,-128.4672,0.066306
-24.5145,-0.0055,-128.7275,0.066964
-24.9470,-0.0055,-128.9764,0.067582
-25.3975,-0.0055,-129.2354,0.068234
-25.8285,-0.0055,-129.4821,0.068826
-26.2777,-0.0055,-129.7382,0.069422
-26.7076,-0.0055,-129.9827,0.070019
-27.1370,-0.0055,-130.2263,0.070611
-27.5846,-0.0055,-130.4793,0.071200
-27.9013,-0.0055,-130.6575,0.071610
-28.1249,-0.0055,-130.7826,0.071920
-28.3296,-0.0055,-130.8968,0.072179
-28.5530,-0.0055,-131.0207,0.072472
-28.7765,-0.0055,-131.1439,0.072756
-28.9255,-0.0055,-131.2255,0.072943
-29.1491,-0.0055,-131.3472,0.073229
-29.3354,-0.0055,-131.4478,0.073463
-29.5404,-0.0055,-131.5578,0.073741
-29.7082,-0.0055,-131.6471,0.073926
-29.8760,-0.0055,-131.7357,0.074142
-30.1184,-0.0055,-131.8618,0.074457
-30.3239,-0.0055,-131.9662,0.074705
-30.5298,-0.0055,-132.0677,0.074961
-30.7364,-0.0055,-132.1656,0.075217
-30.9626,-0.0055,-132.2679,0.075497
-31.1706,-0.0055,-132.3573,0.075748
-31.3795,-0.0055,-132.4428,0.076006
-31.5891,-0.0055,-132.5246,0.076253
-31.7996,-0.0055,-132.6030,0.076519
-32.0109,-0.0055,-132.6784,0.076778
-32.2231,-0.0055,-132.7512,0.077018
-32.4363,-0.0055,-132.8215,0.077276
-32.6504,-0.0055,-132.8897,0.077542
-32.8654,-0.0055,-132.9558,0.077791
-33.0708,-0.0008,-132.9969,0.078032
-33.2873,0.0034,-133.0601,0.078276
-33.5243,0.0082,-133.1275,0.078568
-33.7419,0.0127,-133.1885,0.078823
-33.9308,0.0134,-133.2608,0.079053
-34.1289,0.0134,-133.3156,0.079286
-34.3672,0.0134,-133.3810,0.079567
-34.5665,0.0134,-133.4350,0.079795
-34.7865,0.0134,-133.4937,0.080057
-34.9874,0.0134,-133.5465,0.080282
-35.2088,0.0134,-133.6041,0.080540
-35.4307,0.0134,-133.6605,0.080777
-35.6526,0.0134,-133.7150,0.081034
-35.8745,0.0134,-133.7666,0.081289
-36.0964,0.0134,-133.8144,0.081543
-36.3202,0.0145,-133.8381,0.081800
-36.5419,0.0130,-133.8774,0.082054
-36.7435,0.0118,-133.9103,0.082281
-36.9440,0.0098,-133.9406,0.082510
-37.1461,0.0079,-133.9690,0.082745
-37.3486,0.0062,-133.9954,0.082979
-37.5709,0.0046,-134.0219,0.083233
-37.7948,0.0021,-134.0454,0.083481
-37.9986,0.0001,-134.0638,0.083719
-38.2025,-0.0016,-134.0792,0.083949
-38.4259,-0.0032,-134.0927,0.084207
-38.6105,-0.0055,-134.1212,0.084421
-38.8142,-0.0055,-134.1275,0.084654
-39.0585,-0.0055,-134.1314,0.084934
-39.3844,-0.0055,-134.1313,0.085314
-39.6089,-0.0055,-134.1284,0.085568
-39.7725,-0.0055,-134.1250,0.085759
-40.0183,-0.0055,-134.1177,0.086040
-40.2441,-0.0055,-134.1087,0.086299
-40.4705,-0.0055,-134.0973,0.086565
-40.6766,-0.0055,-134.0848,0.086800
-40.9245,-0.0055,-134.0673,0.087087
-41.1109,-0.0055,-134.0524,0.087300
-41.3394,-0.0055,-134.0326,0.087571
-41.5896,-0.0055,-134.0093,0.087855
-41.8413,-0.0055,-133.9842,0.088149
-42.0521,-0.0055,-133.9617,0.088382
-42.2638,-0.0055,-133.9378,0.088632
-42.5190,-0.0055,-133.9068,0.088929
-42.7536,-0.0055,-133.8760,0.089197
-43.0101,-0.0055,-133.8398,0.089494
-43.1814,-0.0055,-133.8141,0.089696
-43.3742,-0.0055,-133.7835,0.089922
-43.6316,-0.0055,-133.7398,0.090220
-43.8894,-0.0055,-133.6928,0.090519
-44.1259,-0.0055,-133.6468,0.090801
-44.3629,-0.0055,-133.5981,0.091077
-44.6001,-0.0055,-133.5466,0.091359
-44.8378,-0.0055,-133.4924,0.091644
-45.0541,-0.0055,-133.4409,0.091900
-45.2925,-0.0055,-133.3815,0.092184
-45.4877,-0.0055,-133.3309,0.092417
-45.6830,-0.0055,-133.2785,0.092650
-45.8786,-0.0055,-133.2243,0.092887
-46.0526,-0.0055,-133.1746,0.093095
-46.2484,-0.0055,-133.1170,0.093327
-46.5316,-0.0055,-133.0310,0.093670
-46.7717,-0.0055,-132.9558,0.093962
-47.0123,-0.0055,-132.8786,0.094253
-47.2315,-0.0055,-132.8070,0.094519
-47.4952,-0.0055,-132.7193,0.094841
-47.6935,-0.0055,-132.6523,0.095081
-47.9585,-0.0055,-132.5613,0.095403
-48.1354,-0.0055,-132.4995,0.095617
-48.3347,-0.0055,-132.4288,0.095857
-48.6005,-0.0055,-132.3327,0.096186
-48.8000,-0.0055,-132.2592,0.096428
-49.0438,-0.0055,-132.1676,0.096727
-49.2434,-0.0055,-132.0915,0.096970
-49.4429,-0.0055,-132.0143,0.097214
-49.6647,-0.0055,-131.9271,0.097487
-49.8865,-0.0055,-131.8387,0.097762
-50.1306,-0.0055,-131.7397,0.098066
-50.3744,-0.0055,-131.6386,0.098366
-50.6179,-0.0055,-131.5354,0.098672
-50.8608,-0.0055,-131.4302,0.098973
-51.1031,-0.0055,-131.3228,0.099277
-51.3448,-0.0055,-131.2134,0.099581
-51.5859,-0.0055,-131.1021,0.099886
-51.8265,-0.0055,-130.9888,0.100192
-52.0666,-0.0055,-130.8736,0.100498
-52.3062,-0.0055,-130.7565,0.100802
-52.5235,-0.0055,-130.6486,0.101084
-52.7621,-0.0055,-130.5282,0.101388
-52.9785,-0.0055,-130.4171,0.101666
-53.2159,-0.0055,-130.2932,0.101972
-53.4312,-0.0055,-130.1789,0.102252
-53.6672,-0.0055,-130.0514,0.102563
-53.8811,-0.0055,-129.9337,0.102839
-54.1157,-0.0055,-129.8026,0.103150
-54.3494,-0.0055,-129.6696,0.103458
-54.5612,-0.0055,-129.5474,0.103741
-54.7937,-0.0055,-129.4115,0.104049
-55.0256,-0.0055,-129.2741,0.104358
-55.2359,-0.0055,-129.1480,0.104641
-55.4667,-0.0055,-129.0080,0.104947
-55.6760,-0.0055,-128.8795,0.105230
-55.9055,-0.0055,-128.7368,0.105539
-56.1342,-0.0055,-128.5927,0.105844
-56.3413,-0.0055,-128.4606,0.106129
-56.5683,-0.0055,-128.3139,0.106440
-56.7737,-0.0055,-128.1793,0.106716
-56.9987,-0.0055,-128.0300,0.107029
-57.2024,-0.0055,-127.8931,0.107310
-57.4053,-0.0055,-127.7550,0.107593
-57.6074,-0.0055,-127.6158,0.107874
-57.8087,-0.0055,-127.4754,0.108153
-58.0292,-0.0055,-127.3196,0.108464
-58.2287,-0.0055,-127.1769,0.108745
-58.4274,-0.0055,-127.0330,0.109028
-58.6252,-0.0055,-126.8880,0.109307
-58.8418,-0.0055,-126.7272,0.109618
-59.0376,-0.0055,-126.5798,0.109901
-59.2323,-0.0055,-126.4311,0.110180
-59.4258,-0.0055,-126.2810,0.110461
-59.6179,-0.0055,-126.1296,0.110742
-59.7897,-0.0055,-125.9920,0.110995
-59.9981,-0.0055,-125.8223,0.111304
-60.1862,-0.0055,-125.6667,0.111585
-60.3731,-0.0055,-125.5096,0.111868
-60.5462,-0.0026,-125.3358,0.112152
-60.7308,-0.0020,-125.1761,0.112432
-60.9144,-0.0012,-125.0152,0.112714
-61.0963,-0.0006,-124.8536,0.112993
-61.2777,-0.0004,-124.6904,0.113274
-61.4401,-0.0002,-124.5425,0.113526
-61.6367,-0.0004,-124.3611,0.113836
-61.8148,-0.0008,-124.1942,0.114114
-61.9907,-0.0013,-124.0268,0.114400
-62.1660,-0.0028,-123.8572,0.114681
-62.3373,-0.0055,-123.7169,0.114935
-62.5092,-0.0055,-123.5444,0.115218
-62.6617,-0.0055,-123.3876,0.115471
-62.8288,-0.0055,-123.2116,0.115750
-62.9932,-0.0055,-123.0338,0.116031
-63.1552,-0.0055,-122.8543,0.116315
-63.3149,-0.0055,-122.6732,0.116591
-63.4726,-0.0055,-122.4906,0.116875
-63.6284,-0.0055,-122.3064,0.117156
-63.7823,-0.0055,-122.1205,0.117437
-63.9343,-0.0055,-121.9329,0.117714
-64.0995,-0.0055,-121.7246,0.118019
-64.2329,-0.0055,-121.5527,0.118274
-64.3941,-0.0055,-121.3411,0.118572
-64.5385,-0.0055,-121.1472,0.118856
-64.6810,-0.0055,-120.9519,0.119137
-64.8215,-0.0055,-120.7551,0.119413
-64.9601,-0.0055,-120.5570,0.119699
-65.1105,-0.0055,-120.3374,0.120006
-65.2454,-0.0055,-120.1363,0.120286
-65.3656,-0.0055,-119.9542,0.120534
-65.4980,-0.0055,-119.7508,0.120818
-65.6423,-0.0055,-119.5256,0.121127
-65.7723,-0.0055,-119.3197,0.121409
-65.8756,-0.0055,-119.1542,0.121633
-66.0038,-0.0055,-118.9464,0.121914
-66.1309,-0.0055,-118.7374,0.122193
-66.2441,-0.0055,-118.5484,0.122442
-66.3811,-0.0055,-118.3163,0.122758
-66.5043,-0.0055,-118.1042,0.123035
-66.6259,-0.0055,-117.8910,0.123316
-66.7461,-0.0055,-117.6769,0.123600
-66.8765,-0.0055,-117.4400,0.123912
-67.0052,-0.0055,-117.2020,0.124224
-67.1206,-0.0055,-116.9845,0.124499
-67.2347,-0.0055,-116.7661,0.124801
-67.3472,-0.0055,-116.5466,0.125073
-67.4581,-0.0055,-116.3260,0.125362
-67.5779,-0.0055,-116.0820,0.125667
-67.6845,-0.0055,-115.8587,0.125965
-67.8092,-0.0055,-115.5892,0.126295
-67.9106,-0.0055,-115.3633,0.126584
-68.0192,-0.0055,-115.1135,0.126908
-68.1252,-0.0055,-114.8623,0.127222
-68.2379,-0.0055,-114.5866,0.127560
-68.3838,-0.0055,-114.2163,0.128014
-68.4638,-0.0055,-114.0066,0.128275
-68.5598,-0.0055,-113.7491,0.128601
-68.6454,-0.0055,-113.5139,0.128884
-68.7956,-0.0055,-113.0878,0.129403
-68.9009,-0.0055,-112.7781,0.129783
-68.9720,-0.0055,-112.5628,0.130036
-69.0798,-0.0055,-112.2266,0.130455
-69.1768,-0.0055,-111.9129,0.130833
-69.2348,-0.0055,-111.7192,0.131058
-69.3197,-0.0055,-111.4276,0.131412
-69.4089,-0.0055,-111.1105,0.131786
-69.4755,-0.0055,-110.8656,0.132091
-69.5596,-0.0055,-110.5460,0.132467
-69.6332,-0.0002,-110.2302,0.132816
-69.6840,0.0140,-109.9708,0.133142
-69.7611,0.0134,-109.7292,0.133449
-69.8258,0.0134,-109.4558,0.133769
-69.8877,0.0145,-109.1033,0.134186
-69.9572,0.0129,-108.8038,0.134538
-70.0313,0.0109,-108.4766,0.134934
-70.0929,0.0090,-108.1976,0.135265
-70.1653,0.0054,-107.8678,0.135666
-70.2384,0.0016,-107.5367,0.136064
-70.3166,-0.0025,-107.1797,0.136490
-70.3912,-0.0055,-106.9263,0.136800
-70.4601,-0.0055,-106.5940,0.137217
-70.5375,-0.0055,-106.2099,0.137680
-70.5986,-0.0055,-105.9022,0.138050
-70.6492,-0.0055,-105.6453,0.138370
-70.6945,-0.0055,-105.4138,0.138655
-70.7540,-0.0055,-105.1045,0.139032
-70.8173,-0.0055,-104.7685,0.139457
-70.8791,-0.0055,-104.4317,0.139866
-70.9164,-0.0055,-104.2242,0.140122
-70.9576,-0.0055,-103.9905,0.140412
-71.0111,-0.0055,-103.6787,0.140796
-71.0628,-0.0055,-103.3665,0.141196
-71.1003,-0.0055,-103.1319,0.141483
-71.1366,-0.0055,-102.8971,0.141783
-71.1797,-0.0055,-102.6097,0.142149
-71.2215,-0.0055,-102.3217,0.142527
-71.2583,-0.0055,-102.0595,0.142853
-71.2975,-0.0055,-101.7706,0.143223
-71.3355,-0.0055,-101.4811,0.143582
-71.3753,-0.0055,-101.1648,0.143980
-71.4104,-0.0055,-100.8744,0.144355
-71.4443,-0.0055,-100.5836,0.144727
-71.4799,-0.0055,-100.2658,0.145144
-71.5115,-0.0055,-99.9741,0.145513
-71.5424,-0.0055,-99.6818,0.145897
-71.5726,-0.0055,-99.3891,0.146264
-71.6052,-0.0055,-99.0690,0.146672
-71.6375,-0.0055,-98.7484,0.147084
-71.6669,-0.0055,-98.4541,0.147478
-71.6989,-0.0055,-98.1324,0.147894
-71.7280,-0.0055,-97.8371,0.148285
-71.7593,-0.0055,-97.5146,0.148703
-71.7928,-0.0055,-97.1649,0.149151
-71.8207,-0.0055,-96.8688,0.149542
-71.8506,-0.0055,-96.5454,0.149964
-71.8776,-0.0055,-96.2488,0.150368
-71.9068,-0.0055,-95.9249,0.150795
-71.9380,-0.0055,-95.5736,0.151250
-71.9641,-0.0055,-95.2759,0.151644
-71.9921,-0.0055,-94.9509,0.152070
-72.0198,-0.0055,-94.6256,0.152495
-72.0447,-0.0055,-94.3272,0.152896
-72.0715,-0.0055,-94.0014,0.153330
-72.0956,-0.0055,-93.7025,0.153734
-72.1215,-0.0055,-93.3761,0.154156
-72.1470,-0.0055,-93.0495,0.154592
-72.1720,-0.0055,-92.7225,0.155024
-72.1945,-0.0055,-92.4226,0.155421
-72.2186,-0.0055,-92.0951,0.155841
-72.2443,-0.0055,-91.7399,0.156322
-72.2676,-0.0055,-91.4116,0.156745
-72.2906,-0.0055,-91.0830,0.157173
-72.3156,-0.0055,-90.7266,0.157644
-72.3407,-0.0055,-90.3699,0.158103
-72.3639,-0.0055,-90.0403,0.158510
-72.3870,-0.0055,-89.7107,0.158952
-72.4100,-0.0055,-89.3811,0.159367
-72.4347,-0.0055,-89.0240,0.159827
-72.4573,-0.0055,-88.6942,0.160240
-72.4798,-0.0055,-88.3645,0.160664
-72.5038,-0.0055,-88.0071,0.161110
-72.5259,-0.0055,-87.6769,0.161522
-72.5497,-0.0055,-87.3190,0.161960
-72.5719,-0.0055,-86.9885,0.162381
-72.5945,-0.0055,-86.6579,0.162793
-72.6196,-0.0055,-86.2994,0.163230
-72.6411,-0.0055,-85.9960,0.163595
-72.6649,-0.0055,-85.6650,0.164015
-72.6908,-0.0055,-85.3064,0.164458
-72.7126,-0.0055,-85.0032,0.164819
-72.7382,-0.0055,-84.6449,0.165272
-72.7617,-0.0055,-84.3144,0.165645
-72.7871,-0.0055,-83.9564,0.166101
-72.8085,-0.0055,-83.6538,0.166462
-72.8339,-0.0055,-83.2963,0.166881
-72.8574,-0.0055,-82.9665,0.167283
-72.8831,-0.0055,-82.6097,0.167725
-72.9072,-0.0055,-82.2807,0.168101
-72.9317,-0.0055,-81.9524,0.168498
-72.9585,-0.0055,-81.5974,0.168914
-72.9836,-0.0055,-81.2704,0.169312
-73.0111,-0.0055,-80.9169,0.169727
-73.0367,-0.0055,-80.5912,0.170114
-73.0668,-0.0055,-80.2118,0.170567
-73.0949,-0.0055,-79.8600,0.170984
-73.1211,-0.0055,-79.5357,0.171379
-73.1518,-0.0055,-79.1577,0.171814
-73.1806,-0.0055,-78.8070,0.172233
-73.2074,-0.0055,-78.4837,0.172612
-73.2366,-0.0055,-78.1338,0.173029
-73.2638,-0.0055,-77.8112,0.173414
-73.2935,-0.0055,-77.4621,0.173821
-73.3212,-0.0055,-77.1400,0.174194
-73.3493,-0.0055,-76.8181,0.174582
-73.3776,-0.0055,-76.4965,0.174959
-73.4062,-0.0055,-76.1750,0.175334
-73.4374,-0.0055,-75.8270,0.175736
-73.4666,-0.0055,-75.5060,0.176111
-73.4983,-0.0055,-75.1584,0.176529
-73.5278,-0.0055,-74.8379,0.176904
-73.5599,-0.0055,-74.4908,0.177329
-73.5897,-0.0055,-74.1707,0.177692
-73.6222,-0.0055,-73.8241,0.178114
-73.6524,-0.0055,-73.5045,0.178483
-73.6802,-0.0055,-73.2117,0.178827
-73.7133,-0.0055,-72.8659,0.179236
-73.7467,-0.0055,-72.5203,0.179658
-73.7803,-0.0055,-72.1750,0.180053
-73.8089,-0.0055,-71.8830,0.180397
-73.8430,-0.0055,-71.5381,0.180808
-73.8746,-0.0055,-71.2200,0.181179
-73.9091,-0.0055,-70.8756,0.181583
-73.9411,-0.0055,-70.5579,0.181968
-73.9761,-0.0055,-70.2140,0.182360
-74.0086,-0.0055,-69.8967,0.182735
-74.0414,-0.0055,-69.5797,0.183107
-74.0746,-0.0055,-69.2628,0.183481
-74.1082,-0.0055,-68.9461,0.183866
-74.1449,-0.0055,-68.6032,0.184253
-74.1791,-0.0055,-68.2870,0.184611
-74.2133,-0.0055,-67.9709,0.184987
-74.2476,-0.0055,-67.6552,0.185351
-74.2820,-0.0055,-67.3397,0.185728
-74.3165,-0.0055,-67.0244,0.186079
-74.3511,-0.0055,-66.7094,0.186442
-74.3829,-0.0055,-66.4208,0.186780
-74.4177,-0.0055,-66.1061,0.187125
-74.4497,-0.0055,-65.8178,0.187462
-74.4847,-0.0055,-65.5033,0.187831
-74.5170,-0.0055,-65.2152,0.188151
-74.5523,-0.0055,-64.9009,0.188498
-74.5879,-0.0055,-64.5867,0.188859
-74.6209,-0.0055,-64.2988,0.189188
-74.6543,-0.0055,-64.0108,0.189505
-74.6883,-0.0055,-63.7230,0.189818
-74.7261,-0.0055,-63.4090,0.190175
-74.7612,-0.0055,-63.1212,0.190502
-74.7969,-0.0055,-62.8335,0.190818
-74.8363,-0.0055,-62.5198,0.191164
-74.8726,-0.0055,-62.2324,0.191477
-74.9157,-0.0055,-61.8928,0.191847
-74.9455,-0.0055,-61.6578,0.192103
-74.9784,-0.0055,-61.3968,0.192400
-75.0142,-0.0055,-61.1097,0.192708
-75.0497,-0.0055,-60.8227,0.192998
-75.0849,-0.0055,-60.5357,0.193340
-75.1168,-0.0055,-60.2748,0.193623
-75.1517,-0.0055,-59.9877,0.193934
-75.1835,-0.0055,-59.7267,0.194207
-75.2186,-0.0055,-59.4394,0.194526
-75.2505,-0.0055,-59.1782,0.194796
-75.2857,-0.0055,-58.8907,0.195113
-75.3210,-0.0055,-58.6033,0.195436
-75.3564,-0.0055,-58.3158,0.195745
-75.3918,-0.0055,-58.0285,0.196056
-75.4272,-0.0055,-57.7411,0.196351
-75.4626,-0.0055,-57.4539,0.196669
-75.4980,-0.0055,-57.1667,0.196963
-75.5367,-0.0055,-56.8533,0.197289
-75.5722,-0.0055,-56.5661,0.197607
-75.6109,-0.0055,-56.2528,0.197916
-75.6466,-0.0055,-55.9655,0.198226
-75.6859,-0.0055,-55.6521,0.198569
-75.7223,-0.0055,-55.3648,0.198875
-75.7626,-0.0055,-55.0513,0.199198
-75.8002,-0.0055,-54.7639,0.199495
-75.8386,-0.0055,-54.4766,0.199793
-75.8848,-0.0055,-54.1370,0.200153
-75.9247,-0.0055,-53.8496,0.200453
-75.9690,-0.0055,-53.5362,0.200780
-76.0140,-0.0055,-53.2228,0.201111
-76.0597,-0.0055,-52.9096,0.201443
-76.1060,-0.0055,-52.5965,0.201757
-76.1530,-0.0055,-52.2835,0.202087
-76.2005,-0.0055,-51.9708,0.202413
-76.2486,-0.0055,-51.6582,0.202723
-76.2973,-0.0055,-51.3458,0.203053
-76.3463,-0.0055,-51.0336,0.203372
-76.3954,-0.0055,-50.7217,0.203698
-76.4443,-0.0055,-50.4099,0.204015
-76.4930,-0.0055,-50.0984,0.204358
-76.5411,-0.0055,-49.7870,0.204668
-76.5890,-0.0055,-49.4758,0.204996
-76.6405,-0.0055,-49.1388,0.205342
-76.6879,-0.0055,-48.8277,0.205656
-76.7353,-0.0055,-48.5164,0.205987
-76.7829,-0.0055,-48.2052,0.206317
-76.8309,-0.0055,-47.8938,0.206628
-76.8836,-0.0055,-47.5565,0.206982
-76.9287,-0.0055,-47.2711,0.207280
-76.9785,-0.0055,-46.9598,0.207601
-77.0245,-0.0055,-46.6744,0.207896
-77.0794,-0.0055,-46.3373,0.208249
-77.1303,-0.0055,-46.0262,0.208569
-77.1816,-0.0055,-45.7152,0.208889
-77.2331,-0.0055,-45.4044,0.209199
-77.2849,-0.0055,-45.0936,0.209541
-77.3413,-0.0055,-44.7571,0.209876
-77.3938,-0.0055,-44.4464,0.210202
-77.4512,-0.0055,-44.1100,0.210543
-77.5048,-0.0055,-43.7996,0.210877
-77.5594,-0.0055,-43.4892,0.211188
-77.6194,-0.0055,-43.1530,0.211534
-77.6803,-0.0055,-42.8168,0.211888
-77.7373,-0.0055,-42.5067,0.212210
-77.7950,-0.0055,-42.1968,0.212531
-77.8583,-0.0055,-41.8612,0.212867
-77.9223,-0.0055,-41.5258,0.213231
-77.9823,-0.0055,-41.2163,0.213558
-78.0484,-0.0055,-40.8812,0.213899
-78.1107,-0.0055,-40.5720,0.214230
-78.1801,-0.0055,-40.2371,0.214565
-78.2405,-0.0055,-39.9539,0.214862
-78.3139,-0.0055,-39.6194,0.215203
-78.3837,-0.0055,-39.3108,0.215521
-78.4552,-0.0055,-39.0025,0.215844
-78.5284,-0.0055,-38.6945,0.216165
-78.6032,-0.0055,-38.3871,0.216489
-78.6860,-0.0055,-38.0546,0.216833
-78.7640,-0.0055,-37.7481,0.217154
-78.8502,-0.0055,-37.4166,0.217505
-78.9314,-0.0055,-37.1111,0.217802
-79.0215,-0.0055,-36.7807,0.218158
-79.1136,-0.0055,-36.4508,0.218507
-79.2079,-0.0055,-36.1214,0.218839
-79.2969,-0.0055,-35.8180,0.219158
-79.3951,-0.0055,-35.4899,0.219507
-79.4877,-0.0055,-35.1876,0.219827
-79.5898,-0.0055,-34.8609,0.220166
-79.6859,-0.0055,-34.5600,0.220477
-79.7836,-0.0055,-34.2598,0.220787
-79.8913,-0.0055,-33.9352,0.221136
-80.0011,-0.0055,-33.6113,0.221483
-80.1044,-0.0055,-33.3128,0.221812
-80.2189,-0.0055,-32.9903,0.222124
-80.3275,-0.0055,-32.6933,0.222451
-80.4487,-0.0055,-32.3726,0.222791
-80.5641,-0.0055,-32.0775,0.223102
-80.6931,-0.0055,-31.7589,0.223443
-80.8260,-0.0055,-31.4416,0.223787
-80.9626,-0.0055,-31.1259,0.224109
-81.1027,-0.0055,-30.8117,0.224458
-81.2349,-0.0055,-30.5232,0.224765
-81.3812,-0.0055,-30.2123,0.225096
-81.5191,-0.0055,-29.9269,0.225412
-81.6597,-0.0055,-29.6430,0.225719
-81.8150,-0.0055,-29.3370,0.226056
-81.9487,-0.0055,-29.0794,0.226343
-82.0723,-0.0055,-28.8463,0.226598
-82.1976,-0.0055,-28.6143,0.226875
-82.2991,-0.0055,-28.4294,0.227065
-82.4276,-0.0055,-28.1993,0.227311
-82.5839,-0.0055,-27.9247,0.227627
-82.7024,-0.0055,-27.7197,0.227856
-82.8618,-0.0055,-27.4475,0.228160
-83.0224,-0.0055,-27.1766,0.228488
-83.1703,-0.0055,-26.9293,0.228741
-83.3322,-0.0055,-26.6606,0.229074
-83.4944,-0.0055,-26.3929,0.229376
-83.6566,-0.0055,-26.1261,0.229687
-83.8049,-0.0055,-25.8818,0.229968
-83.9662,-0.0055,-25.6155,0.230279
-84.1134,-0.0055,-25.3716,0.230556
-84.3134,-0.0055,-25.0393,0.230951
-84.4200,-0.0055,-24.8622,0.231149
-84.5800,-0.0055,-24.5966,0.231461
-84.7270,-0.0055,-24.3534,0.231753
-84.8608,-0.0055,-24.1324,0.232015
-84.9814,-0.0055,-23.9336,0.232236
-85.1422,-0.0055,-23.6686,0.232555
-85.2626,-0.0055,-23.4698,0.232812
-85.3828,-0.0054,-23.2711,0.233028
-85.5294,-0.0054,-23.0283,0.233314
-85.6758,-0.0055,-22.7855,0.233603
-85.8220,-0.0054,-22.5426,0.233893
-85.9682,-0.0055,-22.2997,0.234177
-86.1144,-0.0055,-22.0568,0.234468
-86.2740,-0.0054,-21.7917,0.234783
-86.4203,-0.0054,-21.5487,0.235080
-86.5667,-0.0054,-21.3057,0.235374
-86.6998,-0.0055,-21.0848,0.235635
-86.8330,-0.0055,-20.8638,0.235901
-86.9795,-0.0055,-20.6209,0.236196
-87.1260,-0.0055,-20.3779,0.236480
-87.2592,-0.0055,-20.1571,0.236752
-87.4191,-0.0055,-19.8921,0.237083
-87.5657,-0.0055,-19.6491,0.237371
-87.7257,-0.0055,-19.3841,0.237690
-87.8725,-0.0055,-19.1412,0.237987
-88.0195,-0.0055,-18.8984,0.238280
-88.1532,-0.0055,-18.6776,0.238548
-88.3004,-0.0055,-18.4348,0.238845
-88.4477,-0.0055,-18.1921,0.239158
-88.6084,-0.0055,-17.9274,0.239470
-88.7692,-0.0055,-17.6627,0.239798
-88.9433,-0.0055,-17.3761,0.240138
-89.0904,-0.0055,-17.1335,0.240451
-89.2372,-0.0055,-16.8908,0.240745
-89.3838,-0.0055,-16.6480,0.241052
-89.5301,-0.0055,-16.4051,0.241348
-89.6762,-0.0055,-16.1622,0.241635
-89.8487,-0.0055,-15.8750,0.242010
-89.9946,-0.0055,-15.6319,0.242313
-90.1404,-0.0055,-15.3886,0.242603
-90.2730,-0.0055,-15.1674,0.242882
-90.4320,-0.0055,-14.9018,0.243209
-90.5777,-0.0055,-14.6582,0.243515
-90.6969,-0.0055,-14.4589,0.243764
-90.8558,-0.0055,-14.1930,0.244096
-90.9882,-0.0055,-13.9714,0.244366
-91.1204,-0.0055,-13.7496,0.244651
-91.2791,-0.0055,-13.4835,0.244988
-91.4245,-0.0055,-13.2394,0.245279
-91.5698,-0.0055,-12.9952,0.245596
-91.7018,-0.0055,-12.7731,0.245859
-91.8338,-0.0055,-12.5510,0.246140
-91.9657,-0.0055,-12.3288,0.246421
-92.1240,-0.0055,-12.0620,0.246748
-92.2690,-0.0055,-11.8174,0.247059
-92.4139,-0.0055,-11.5726,0.247352
-92.5587,-0.0055,-11.3278,0.247661
-92.7167,-0.0055,-11.0606,0.247992
-92.8745,-0.0055,-10.7933,0.248328
-93.0192,-0.0055,-10.5482,0.248632
-93.1637,-0.0055,-10.3030,0.248929
-93.2951,-0.0055,-10.0800,0.249219
-93.4396,-0.0055,-9.8346,0.249528
-93.5839,-0.0055,-9.5891,0.249832
-93.7151,-0.0055,-9.3659,0.250098
-93.8725,-0.0055,-9.0979,0.250440
-94.0298,-0.0055,-8.8298,0.250772
-94.1870,-0.0055,-8.5616,0.251112
-94.3179,-0.0055,-8.3380,0.251382
-94.4619,-0.0055,-8.0920,0.251677
-94.6188,-0.0055,-7.8235,0.252009
-94.7626,-0.0055,-7.5773,0.252327
-94.9064,-0.0055,-7.3310,0.252628
-95.0501,-0.0055,-7.0846,0.252940
-95.1806,-0.0055,-6.8606,0.253229
-95.3242,-0.0055,-6.6140,0.253528
-95.4677,-0.0055,-6.3674,0.253834
-95.5980,-0.0055,-6.1431,0.254113
-95.7414,-0.0055,-5.8963,0.254423
-95.8847,-0.0055,-5.6494,0.254722
-96.0409,-0.0055,-5.3799,0.255060
-96.1842,-0.0055,-5.1327,0.255354
-96.3407,-0.0055,-4.8630,0.255699
-96.4714,-0.0055,-4.6384,0.255983
-96.6156,-0.0055,-4.3913,0.256286
-96.7471,-0.0055,-4.1668,0.256555
-96.8922,-0.0055,-3.9198,0.256877
-97.0509,-0.0055,-3.6506,0.257210
-97.2231,-0.0055,-3.3590,0.257567
-97.3558,-0.0055,-3.1348,0.257851
-97.5151,-0.0055,-2.8659,0.258187
-97.6613,-0.0055,-2.6194,0.258488
-97.8077,-0.0055,-2.3731,0.258791
-97.9409,-0.0055,-2.1491,0.259065
-98.0876,-0.0055,-1.9029,0.259383
-98.2611,-0.0055,-1.6119,0.259749
-98.4214,-0.0055,-1.3434,0.260075
-98.5550,-0.0055,-1.1197,0.260360
-98.7286,-0.0055,-0.8288,0.260733
-98.8753,-0.0055,-0.5826,0.261033
-99.0084,-0.0055,-0.3588,0.261321
-99.1681,-0.0055,-0.0901,0.261645
-99.2879,-0.0055,0.1114,0.261897
-99.4342,-0.0055,0.3577,0.262192
-99.5806,-0.0055,0.6040,0.262503
-99.7402,-0.0055,0.8729,0.262856
-99.8865,-0.0055,1.1194,0.263160
-100.0326,-0.0055,1.3660,0.263466
-100.1788,-0.0055,1.6126,0.263784
-100.3249,-0.0055,1.8593,0.264088
-100.4842,-0.0055,2.1285,0.264414
-100.6303,-0.0055,2.3752,0.264725
-100.7763,-0.0055,2.6221,0.265038
-100.9223,-0.0055,2.8690,0.265339
-101.0683,-0.0055,3.1159,0.265659
-101.2143,-0.0055,3.3629,0.265954
-101.4000,-0.0055,3.6773,0.266355
-101.5460,-0.0055,3.9244,0.266653
-101.7051,-0.0055,4.1941,0.266996
-101.8510,-0.0055,4.4413,0.267294
-101.9968,-0.0055,4.6886,0.267611
-102.1559,-0.0055,4.9584,0.267941
-102.3017,-0.0055,5.2058,0.268258
-102.4608,-0.0055,5.4757,0.268591
-102.6067,-0.0055,5.7232,0.268902
-102.7528,-0.0055,5.9707,0.269208
-102.8990,-0.0055,6.2181,0.269519
-103.0454,-0.0055,6.4656,0.269822
-103.2052,-0.0055,6.7356,0.270164
-103.3518,-0.0055,6.9831,0.270469
-103.4985,-0.0055,7.2306,0.270779
-103.6453,-0.0055,7.4781,0.271081
-103.8055,-0.0055,7.7481,0.271418
-103.9391,-0.0055,7.9731,0.271711
-104.0861,-0.0055,8.2207,0.272008
-104.2599,-0.0055,8.5133,0.272369
-104.4070,-0.0055,8.7608,0.272692
-104.5274,-0.0055,8.9634,0.272949
-104.6746,-0.0055,9.2110,0.273253
-104.8353,-0.0055,9.4811,0.273579
-104.9824,-0.0055,9.7288,0.273897
-105.1427,-0.0055,9.9992,0.274236
-105.2894,-0.0055,10.2470,0.274531
-105.4360,-0.0055,10.4950,0.274858
-105.5825,-0.0055,10.7430,0.275162
-105.7422,-0.0055,11.0138,0.275492
-105.8885,-0.0055,11.2620,0.275805
-106.0481,-0.0055,11.5330,0.276145
-106.1944,-0.0055,11.7814,0.276449
-106.3406,-0.0055,12.0300,0.276765
-106.5001,-0.0055,12.3012,0.277098
-106.6462,-0.0055,12.5499,0.277411
-106.7924,-0.0055,12.7987,0.277719
-106.9517,-0.0055,13.0702,0.278053
-107.0977,-0.0055,13.3191,0.278365
-107.2438,-0.0055,13.5681,0.278681
-107.4032,-0.0055,13.8399,0.279003
-107.5495,-0.0055,14.0890,0.279315
-107.6960,-0.0055,14.3381,0.279629
-107.8426,-0.0055,14.5872,0.279944
-108.0027,-0.0055,14.8590,0.280275
-108.1496,-0.0055,15.1082,0.280606
-108.2698,-0.0055,15.3120,0.280850
-108.4167,-0.0055,15.5612,0.281155
-108.5771,-0.0055,15.8330,0.281483
-108.7375,-0.0055,16.1048,0.281840
-108.8980,-0.0055,16.3767,0.282169
-109.0585,-0.0055,16.6486,0.282511
-109.1923,-0.0055,16.8752,0.282794
-109.3396,-0.0055,17.1244,0.283104
-109.5002,-0.0055,17.3964,0.283451
-109.6476,-0.0055,17.6457,0.283755
-109.7950,-0.0055,17.8951,0.284069
-109.9424,-0.0055,18.1444,0.284373
-110.0899,-0.0055,18.3938,0.284699
-110.2642,-0.0055,18.6885,0.285055
-110.3982,-0.0055,18.9153,0.285345
-110.5589,-0.0055,19.1874,0.285672
-110.7062,-0.0055,19.4370,0.285988
-110.8666,-0.0055,19.7093,0.286332
-111.0136,-0.0055,19.9590,0.286641
-111.1338,-0.0055,20.1634,0.286904
-111.2941,-0.0055,20.4360,0.287251
-111.4275,-0.0055,20.6632,0.287533
-111.5877,-0.0055,20.9359,0.287870
-111.7345,-0.0055,21.1860,0.288176
-111.8945,-0.0055,21.4589,0.288517
-112.0413,-0.0055,21.7091,0.288832
-112.1880,-0.0055,21.9594,0.289163
-112.3346,-0.0055,22.2098,0.289460
-112.4813,-0.0055,22.4602,0.289782
-112.6145,-0.0055,22.6879,0.290071
-112.7744,-0.0055,22.9612,0.290410
-112.9210,-0.0055,23.2118,0.290739
-113.0674,-0.0055,23.4625,0.291063
-113.2139,-0.0055,23.7132,0.291389
-113.3603,-0.0055,23.9641,0.291699
-113.5067,-0.0055,24.2149,0.292016
-113.6530,-0.0055,24.4659,0.292342
-113.7993,-0.0055,24.7169,0.292668
-113.9456,-0.0055,24.9680,0.292994
-114.0785,-0.0055,25.1963,0.293285
-114.2248,-0.0055,25.4475,0.293618
-114.3709,-0.0055,25.6987,0.293953
-114.5171,-0.0055,25.9501,0.294279
-114.6499,-0.0055,26.1786,0.294563
-114.7959,-0.0055,26.4301,0.294903
-114.9287,-0.0055,26.6587,0.295207
-115.0614,-0.0055,26.8874,0.295509
-115.2472,-0.0055,27.2077,0.295934
-115.3931,-0.0055,27.4595,0.296260
-115.5391,-0.0055,27.7114,0.296613
-115.6986,-0.0055,27.9862,0.296974
-115.8319,-0.0055,28.2151,0.297283
-115.9926,-0.0055,28.4897,0.297659
-116.1270,-0.0055,28.7184,0.297939
-116.2350,-0.0055,28.9012,0.298207
-116.3702,-0.0055,29.1296,0.298529
-116.5192,-0.0055,29.3807,0.298864
-116.6683,-0.0055,29.6318,0.299195
-116.8173,-0.0055,29.8828,0.299544
-116.9525,-0.0055,30.1109,0.299870
-117.0877,-0.0055,30.3390,0.300191
-117.2498,-0.0055,30.6128,0.300548
-117.3984,-0.0055,30.8637,0.300891
-117.5471,-0.0055,31.1147,0.301250
-117.6959,-0.0055,31.3657,0.301579
-117.8177,-0.0055,31.5711,0.301860
-117.9532,-0.0055,31.7994,0.302189
-118.1023,-0.0055,32.0504,0.302544
-118.2244,-0.0055,32.2557,0.302812
-118.3737,-0.0055,32.5067,0.303158
-118.5231,-0.0055,32.7577,0.303500
-118.6590,-0.0055,32.9858,0.303810
-118.7677,-0.0055,33.1682,0.304068
-118.9173,-0.0055,33.4191,0.304413
-119.0398,-0.0055,33.6244,0.304715
-119.1897,-0.0055,33.8754,0.305051
-119.3261,-0.0055,34.1037,0.305369
-119.4899,-0.0055,34.3778,0.305741
-119.6403,-0.0055,34.6292,0.306090
-119.7771,-0.0055,34.8579,0.306399
-119.9413,-0.0055,35.1323,0.306776
-120.0921,-0.0055,35.3838,0.307100
-120.2292,-0.0055,35.6125,0.307417
-120.3801,-0.0055,35.8640,0.307764
-120.5311,-0.0055,36.1156,0.308104
-120.6685,-0.0055,36.3443,0.308408
-120.8197,-0.0055,36.5958,0.308729
-120.9710,-0.0055,36.8473,0.309067
-121.1361,-0.0055,37.1217,0.309439
-121.2737,-0.0055,37.3503,0.309745
-121.4252,-0.0055,37.6018,0.310075
-121.5768,-0.0055,37.8532,0.310396
-121.7009,-0.0055,38.0589,0.310666
-121.8527,-0.0055,38.3103,0.310996
-121.9907,-0.0055,38.5389,0.311307
-122.1564,-0.0055,38.8130,0.311670
-122.2945,-0.0055,39.0416,0.311967
-122.4328,-0.0055,39.2701,0.312272
-122.5990,-0.0055,39.5446,0.312626
-122.7515,-0.0055,39.7963,0.312953
-122.8904,-0.0055,40.0254,0.313260
-123.0572,-0.0055,40.3004,0.313616
-123.1964,-0.0055,40.5298,0.313918
-123.3498,-0.0055,40.7823,0.314235
-123.5034,-0.0055,41.0350,0.314572
-123.6573,-0.0055,41.2880,0.314902
-123.8114,-0.0055,41.5412,0.315244
-123.9658,-0.0055,41.7947,0.315577
-124.1204,-0.0055,42.0484,0.315904
-124.2471,-0.0055,42.2562,0.316179
-124.4022,-0.0054,42.5103,0.316501
-124.5859,-0.0054,42.8108,0.316901
-124.7416,-0.0054,43.0654,0.317256
-124.9402,-0.0055,43.3897,0.317681
-125.0966,-0.0055,43.6448,0.318016
-125.2674,-0.0054,43.9232,0.318367
-125.4243,-0.0054,44.1786,0.318715
-125.5956,-0.0055,44.4573,0.319104
-125.7386,-0.0054,44.6896,0.319405
-125.8961,-0.0054,44.9454,0.319739
-126.0538,-0.0054,45.2012,0.320096
-126.2118,-0.0054,45.4573,0.320450
-126.3843,-0.0054,45.7368,0.320828
-126.5428,-0.0054,45.9932,0.321170
-126.7015,-0.0054,46.2498,0.321523
-126.8460,-0.0054,46.4832,0.321844
-126.9907,-0.0055,46.7168,0.322154
-127.1501,-0.0055,46.9739,0.322509
-127.3096,-0.0054,47.2313,0.322854
-127.4402,-0.0054,47.4421,0.323149
-127.5997,-0.0055,47.7000,0.323510
-127.7592,-0.0054,47.9582,0.323848
-127.9188,-0.0054,48.2168,0.324211
-128.0783,-0.0054,48.4756,0.324572
-128.2235,-0.0054,48.7113,0.324888
-128.3833,-0.0054,48.9708,0.325236
-128.5432,-0.0054,49.2306,0.325616
-128.7032,-0.0054,49.4908,0.325954
-128.8343,-0.0054,49.7038,0.326258
-129.0092,-0.0054,49.9883,0.326644
-129.1697,-0.0054,50.2493,0.327004
-129.3303,-0.0054,50.5107,0.327354
-129.5057,-0.0054,50.7963,0.327755
-129.6814,-0.0054,51.0822,0.328147
-129.8279,-0.0054,51.3209,0.328465
-129.9598,-0.0054,51.5359,0.328764
-130.1066,-0.0054,51.7751,0.329091
-130.2829,-0.0054,52.0626,0.329488
-130.4448,-0.0054,52.3265,0.329841
-130.6067,-0.0054,52.5907,0.330215
-130.7688,-0.0054,52.8554,0.330574
-130.9311,-0.0054,53.1203,0.330944
-131.1083,-0.0054,53.4098,0.331329
-131.2710,-0.0054,53.6756,0.331711
-131.4488,-0.0054,53.9658,0.332084
-131.5973,-0.0054,54.2079,0.332424
-131.7611,-0.0054,54.4744,0.332790
-131.9254,-0.0054,54.7412,0.333162
-132.0450,-0.0054,54.9353,0.333425
-132.2100,-0.0054,55.2023,0.333787
-132.3902,-0.0054,55.4938,0.334194
-132.5558,-0.0054,55.7612,0.334565
-132.7215,-0.0054,56.0286,0.334941
-132.9026,-0.0054,56.3204,0.335343
-133.0537,-0.0054,56.5636,0.335683
-133.2352,-0.0054,56.8555,0.336085
-133.3866,-0.0054,57.0988,0.336421
-133.5230,-0.0054,57.3177,0.336737
-133.6899,-0.0054,57.5852,0.337107
-133.8875,-0.0054,57.9013,0.337539
-134.0399,-0.0054,58.1444,0.337894
-134.2082,-0.0054,58.4115,0.338258
-134.3772,-0.0054,58.6783,0.338643
-134.5471,-0.0054,58.9446,0.339018
-134.7178,-0.0054,59.2105,0.339379
-134.8581,-0.0054,59.4277,0.339700
-135.0303,-0.0054,59.6928,0.340081
-135.2032,-0.0054,59.9573,0.340441
-135.3451,-0.0054,60.1734,0.340764
-135.5032,-0.0054,60.4130,0.341082
-135.6935,-0.0054,60.6998,0.341499
-135.8681,-0.0054,60.9621,0.341885
-136.0429,-0.0054,61.2239,0.342265
-136.2334,-0.0054,61.5088,0.342693
-136.4079,-0.0054,61.7696,0.343047
-136.5820,-0.0054,62.0298,0.343432
-136.7560,-0.0054,62.2896,0.343795
-136.9298,-0.0054,62.5490,0.344168
-137.1037,-0.0054,62.8080,0.344540
-137.2934,-0.0054,63.0901,0.344977
-137.4515,-0.0054,63.3248,0.345303
-137.6254,-0.0054,63.5826,0.345674
-137.8152,-0.0054,63.8634,0.346084
-137.9893,-0.0054,64.1203,0.346455
-138.1635,-0.0054,64.3768,0.346848
-138.3535,-0.0054,64.6561,0.347235
-138.5436,-0.0054,64.9349,0.347641
-138.7182,-0.0054,65.1899,0.348015
-138.8772,-0.0054,65.4213,0.348358
-139.0686,-0.0054,65.6982,0.348761
-139.2448,-0.0054,65.9514,0.349117
-139.3733,-0.0054,66.1350,0.349402
-139.5666,-0.0054,66.4099,0.349809
-139.7440,-0.0054,66.6613,0.350157
-139.9052,-0.0054,66.8894,0.350500
-140.0982,-0.0054,67.1628,0.350874
-140.2264,-0.0054,67.3447,0.351146
-140.4343,-0.0054,67.6400,0.351580
-140.6097,-0.0054,67.8895,0.351938
-140.7849,-0.0054,68.1387,0.352299
-140.9597,-0.0054,68.3878,0.352664
-141.1343,-0.0054,68.6367,0.353043
-141.3085,-0.0054,68.8856,0.353392
-141.4979,-0.0054,69.1572,0.353801
-141.6708,-0.0054,69.4062,0.354153
-141.8431,-0.0054,69.6553,0.354542
-142.0149,-0.0054,69.9043,0.354899
-142.2018,-0.0054,70.1761,0.355290
-142.3883,-0.0054,70.4478,0.355682
-142.5589,-0.0054,70.6969,0.356075
-142.7294,-0.0054,70.9459,0.356443
-142.8997,-0.0054,71.1949,0.356808
-143.0543,-0.0054,71.4213,0.357146
-143.2087,-0.0054,71.6477,0.357506
-143.3783,-0.0054,71.8967,0.357869
-143.5476,-0.0054,72.1457,0.358245
-143.7320,-0.0054,72.4173,0.358660
-143.8853,-0.0054,72.6436,0.359010
-144.0537,-0.0054,72.8925,0.359392
-144.2217,-0.0054,73.1413,0.359785
-144.3893,-0.0054,73.3901,0.360158
-144.5565,-0.0054,73.6389,0.360553
-144.7230,-0.0054,73.8876,0.360934
-144.9035,-0.0054,74.1593,0.361367
-145.0824,-0.0054,74.4314,0.361788
-145.2445,-0.0054,74.6813,0.362210
-145.3904,-0.0054,74.9089,0.362564
-145.5493,-0.0054,75.1597,0.362961
-145.7066,-0.0054,75.4110,0.363363
-145.8624,-0.0054,75.6629,0.363765
-146.0030,-0.0054,75.8924,0.364131
-146.1565,-0.0054,76.1453,0.364550
-146.2811,-0.0054,76.3528,0.364858
-146.4188,-0.0054,76.5837,0.365216
-146.5827,-0.0054,76.8614,0.365676
-146.7317,-0.0054,77.1164,0.366086
-146.8794,-0.0054,77.3720,0.366506
-147.0257,-0.0054,77.6282,0.366899
-147.1706,-0.0054,77.8849,0.367307
-147.3140,-0.0054,78.1421,0.367697
-147.4559,-0.0054,78.3998,0.368114
-147.6092,-0.0054,78.6815,0.368514
-147.7482,-0.0054,78.9402,0.368919
-147.8857,-0.0054,79.1995,0.369315
-148.0214,-0.0054,79.4593,0.369699
-148.1432,-0.0054,79.6961,0.370071
-148.2750,-0.0054,79.9572,0.370453
-148.4159,-0.0054,80.2429,0.370891
-148.5537,-0.0054,80.5296,0.371322
-148.6661,-0.0054,80.7692,0.371672
-148.7870,-0.0054,81.0334,0.372059
-148.9053,-0.0054,81.2985,0.372428
-149.0210,-0.0054,81.5645,0.372839
-149.1240,-0.0054,81.8070,0.373182
-149.2351,-0.0054,82.0745,0.373553
-149.3535,-0.0054,82.3674,0.373979
-149.4595,-0.0054,82.6367,0.374352
-149.5630,-0.0054,82.9069,0.374744
-149.6639,-0.0054,83.1778,0.375117
-149.7708,-0.0054,83.4743,0.375525
-149.8656,-0.0054,83.7469,0.375903
-149.9491,-0.0054,83.9954,0.376251
-150.0459,-0.0054,84.2943,0.376659
-150.1239,-0.0054,84.5441,0.377015
-150.1997,-0.0054,84.7944,0.377343
-150.2807,-0.0054,85.0704,0.377717
-150.3595,-0.0054,85.3472,0.378107
-150.4291,-0.0054,85.5994,0.378435
-150.5036,-0.0054,85.8776,0.378826
-150.5694,-0.0054,86.1311,0.379165
-150.6333,-0.0054,86.3851,0.379512
-150.7075,-0.0054,86.6905,0.379896
-150.7671,-0.0054,86.9455,0.380228
-150.8248,-0.0054,87.2010,0.380574
-150.8860,-0.0054,87.4825,0.380936
-150.9396,-0.0054,87.7389,0.381293
-150.9964,-0.0054,88.0215,0.381639
-151.0508,-0.0054,88.3047,0.382017
-151.1025,-0.0054,88.5885,0.382382
-151.1470,-0.0054,88.8469,0.382735
-151.1928,-0.0054,89.1315,0.383091
-151.2350,-0.0054,89.4165,0.383467
-151.2765,-0.0054,89.7277,0.383869
-151.3102,-0.0054,90.0134,0.384237
-151.3371,-0.0054,90.2732,0.384567
-151.3646,-0.0054,90.5853,0.384975
-151.3838,-0.0054,90.8455,0.385308
-151.3997,-0.0054,91.1060,0.385644
-151.4143,-0.0054,91.4190,0.386034
-151.4243,-0.0054,91.7323,0.386469
-151.4299,-0.0054,92.0722,0.386901
-151.4307,-0.0054,92.2816,0.387157
-151.4281,-0.0054,92.5960,0.387562
-151.4221,-0.0054,92.8844,0.387944
-151.4125,-0.0054,93.1730,0.388310
-151.3997,-0.0054,93.4618,0.388675
-151.3852,-0.0054,93.7244,0.389015
-151.3680,-0.0054,93.9871,0.389351
-151.3480,-0.0054,94.2499,0.389687
-151.3229,-0.0054,94.5389,0.390047
-151.2890,-0.0054,94.8806,0.390490
-151.2599,-0.0054,95.1435,0.390822
-151.2248,-0.0054,95.4327,0.391194
-151.1864,-0.0054,95.7219,0.391568
-151.1447,-0.0054,96.0111,0.391933
-151.0955,-0.0054,96.3264,0.392336
-151.0469,-0.0054,96.6151,0.392714
-150.9949,-0.0054,96.9035,0.393081
-150.9393,-0.0054,97.1914,0.393443
-150.8855,-0.0054,97.4526,0.393781
-150.8343,-0.0054,97.6871,0.394084
-150.7678,-0.0054,97.9729,0.394460
-150.7035,-0.0054,98.2318,0.394797
-150.6144,-0.0054,98.5668,0.395224
-150.5490,-0.0054,98.7977,0.395517
-150.4651,-0.0054,99.0788,0.395895
-150.3768,-0.0054,99.3587,0.396242
-150.2842,-0.0054,99.6374,0.396614
-150.1784,-0.0054,99.9403,0.397017
-150.0773,-0.0054,100.2169,0.397385
-149.9725,-0.0054,100.4927,0.397754
-149.8642,-0.0054,100.7677,0.398103
-149.7423,-0.0054,101.0668,0.398511
-149.6375,-0.0054,101.3154,0.398844
-149.5082,-0.0054,101.6129,0.399229
-149.3862,-0.0054,101.8847,0.399609
-149.2609,-0.0054,102.1554,0.399964
-149.1443,-0.0054,102.4007,0.400298
-149.0133,-0.0054,102.6696,0.400661
-148.8793,-0.0054,102.9375,0.401025
-148.7298,-0.0054,103.2287,0.401422
-148.5766,-0.0054,103.5186,0.401812
-148.4463,-0.0054,103.7593,0.402140
-148.3001,-0.0054,104.0231,0.402504
-148.1513,-0.0054,104.2859,0.402862
-148.0139,-0.0054,104.5243,0.403195
-147.8607,-0.0054,104.7859,0.403553
-147.7053,-0.0054,105.0469,0.403915
-147.5622,-0.0054,105.2838,0.404248
-147.4172,-0.0054,105.5200,0.404566
-147.2554,-0.0054,105.7789,0.404937
-147.0911,-0.0054,106.0365,0.405286
-146.9396,-0.0054,106.2695,0.405612
-146.7705,-0.0054,106.5243,0.405967
-146.5988,-0.0054,106.7775,0.406328
-146.4248,-0.0054,107.0292,0.406680
-146.2483,-0.0054,107.2795,0.407032
-146.0858,-0.0054,107.5057,0.407360
-145.9048,-0.0054,107.7531,0.407712
-145.7213,-0.0054,107.9988,0.408060
-145.5352,-0.0054,108.2428,0.408418
-145.3465,-0.0054,108.4847,0.408768
-145.1549,-0.0054,108.7245,0.409127
-144.9605,-0.0054,108.9619,0.409481
-144.7633,-0.0054,109.1970,0.409837
-144.5633,-0.0054,109.4297,0.410189
-144.3791,-0.0054,109.6393,0.410514
-144.1739,-0.0054,109.8677,0.410865
-143.9850,-0.0054,110.0734,0.411187
-143.7746,-0.0054,110.2975,0.411541
-143.5225,-0.0054,110.5595,0.411960
-143.3063,-0.0054,110.7787,0.412317
-143.1074,-0.0054,110.9760,0.412638
-142.9064,-0.0054,111.1712,0.412957
-142.7032,-0.0054,111.3646,0.413277
-142.4980,-0.0054,111.5559,0.413603
-142.2489,-0.0054,111.7829,0.413991
-142.0391,-0.0054,111.9697,0.414313
-141.8274,-0.0054,112.1545,0.414636
-141.5921,-0.0054,112.3554,0.414992
-141.3762,-0.0054,112.5358,0.415315
-141.1366,-0.0054,112.7317,0.415673
-140.8945,-0.0054,112.9248,0.416027
-140.6501,-0.0054,113.1151,0.416382
-140.4258,-0.0054,113.2853,0.416710
-140.1766,-0.0054,113.4693,0.417063
-139.9249,-0.0054,113.6498,0.417420
-139.6708,-0.0054,113.8267,0.417778
-139.4376,-0.0054,113.9844,0.418101
-139.1789,-0.0054,114.1546,0.418457
-138.9417,-0.0054,114.3063,0.418781
-138.6785,-0.0054,114.4700,0.419139
-138.4373,-0.0054,114.6159,0.419464
-138.1698,-0.0054,114.7732,0.419821
-137.9002,-0.0054,114.9271,0.420178
-137.6035,-0.0054,115.0911,0.420566
-137.3544,-0.0054,115.2246,0.420892
-137.0784,-0.0054,115.3681,0.421250
-136.8258,-0.0054,115.4955,0.421575
-136.5717,-0.0054,115.6199,0.421901
-136.3160,-0.0054,115.7414,0.422226
-136.0331,-0.0054,115.8715,0.422584
-135.7744,-0.0054,115.9866,0.422909
-135.5143,-0.0054,116.0987,0.423235
-135.2528,-0.0054,116.2077,0.423562
-134.9900,-0.0054,116.3136,0.423886
-134.7258,-0.0054,116.4165,0.424213
-134.4337,-0.0054,116.5260,0.424573
-134.1668,-0.0054,116.6222,0.424900
-133.8718,-0.0054,116.7245,0.425258
-133.6025,-0.0054,116.8141,0.425585
-133.3049,-0.0054,116.9090,0.425944
-132.9787,-0.0054,117.0080,0.426337
-132.6784,-0.0054,117.0948,0.426696
-132.4044,-0.0054,117.1702,0.427024
-132.1019,-0.0054,117.2495,0.427385
-131.7706,-0.0054,117.3315,0.427778
-131.4936,-0.0054,117.3962,0.428106
-131.1879,-0.0054,117.4635,0.428467
-130.8813,-0.0054,117.5269,0.428830
-130.6297,-0.0054,117.5757,0.429124
-130.3215,-0.0054,117.6318,0.429485
-130.0124,-0.0054,117.6838,0.429848
-129.7025,-0.0054,117.7319,0.430213
-129.3919,-0.0054,117.7760,0.430574
-129.0806,-0.0054,117.8164,0.430937
-128.6835,-0.0054,117.8627,0.431398
-128.3992,-0.0054,117.8922,0.431726
-128.0859,-0.0054,117.9212,0.432085
-127.7721,-0.0054,117.9466,0.432449
-127.4578,-0.0054,117.9684,0.432820
-127.1432,-0.0054,117.9865,0.433181
-126.8569,-0.0054,117.9997,0.433512
-126.5418,-0.0054,118.0108,0.433879
-126.2265,-0.0054,118.0181,0.434253
-125.9111,-0.0054,118.0217,0.434615
-125.5956,-0.0054,118.0216,0.434984
-125.2801,-0.0054,118.0177,0.435348
-124.9932,-0.0054,118.0109,0.435685
-124.6777,-0.0054,117.9998,0.436050
-124.3622,-0.0054,117.9850,0.436418
-124.0468,-0.0054,117.9664,0.436783
-123.7316,-0.0054,117.9440,0.437153
-123.4166,-0.0054,117.9179,0.437521
-123.1590,-0.0054,117.8937,0.437824
-122.8444,-0.0054,117.8607,0.438186
-122.6158,-0.0054,117.8344,0.438458
-122.3017,-0.0054,117.7949,0.438829
-121.9595,-0.0054,117.7476,0.439233
-121.6179,-0.0054,117.6959,0.439631
-121.3052,-0.0054,117.6445,0.440005
-120.9930,-0.0054,117.5895,0.440373
-120.6248,-0.0054,117.5196,0.440809
-120.2857,-0.0054,117.4505,0.441215
-119.9755,-0.0054,117.3832,0.441582
-119.6097,-0.0054,117.2989,0.442025
-119.2731,-0.0054,117.2166,0.442431
-118.9653,-0.0054,117.1372,0.442803
-118.6583,-0.0054,117.0541,0.443168
-118.3523,-0.0054,116.9673,0.443545
-118.1026,-0.0054,116.8936,0.443850
-117.7982,-0.0054,116.8002,0.444227
-117.4950,-0.0054,116.7031,0.444591
-117.2202,-0.0054,116.6116,0.444936
-116.8916,-0.0054,116.4979,0.445337
-116.5917,-0.0054,116.3899,0.445719
-116.2387,-0.0054,116.2576,0.446167
-115.9414,-0.0054,116.1417,0.446534
-115.5916,-0.0054,116.0002,0.446979
-115.2703,-0.0054,115.8652,0.447381
-114.9503,-0.0054,115.7262,0.447797
-114.6317,-0.0054,115.5834,0.448206
-114.3407,-0.0054,115.4495,0.448580
-114.0244,-0.0054,115.3000,0.448994
-113.7879,-0.0054,115.1856,0.449304
-113.3955,-0.0054,114.9907,0.449823
-113.0832,-0.0054,114.8308,0.450234
-112.8241,-0.0054,114.6950,0.450581
-112.5146,-0.0054,114.5290,0.450995
-112.2068,-0.0054,114.3596,0.451420
-111.9005,-0.0054,114.1870,0.451832
-111.6718,-0.0054,114.0555,0.452143
-111.3681,-0.0054,113.8775,0.452565
-111.0407,-0.0054,113.6813,0.453017
-110.7399,-0.0054,113.4971,0.453449
-110.4156,-0.0054,113.2945,0.453896
-110.1175,-0.0054,113.1047,0.454325
-109.8206,-0.0054,112.9123,0.454757
-109.5005,-0.0054,112.7010,0.455209
-109.2310,-0.0054,112.5198,0.455603
-108.9627,-0.0054,112.3364,0.455998
-108.6957,-0.0054,112.1510,0.456383
-108.4059,-0.0054,111.9463,0.456818
-108.1177,-0.0054,111.7391,0.457254
-107.8310,-0.0054,111.5294,0.457684
-107.6407,-0.0054,111.3884,0.457973
-107.3088,-0.0054,111.1391,0.458476
-107.0256,-0.0054,110.9232,0.458911
-106.8371,-0.0054,110.7782,0.459192
-106.5785,-0.0054,110.5777,0.459598
-106.2967,-0.0054,110.3575,0.460052
-106.0387,-0.0054,110.1545,0.460440
-105.7574,-0.0054,109.9320,0.460887
-105.4764,-0.0054,109.7083,0.461324
-105.1725,-0.0054,109.4647,0.461805
-104.9159,-0.0054,109.2575,0.462194
-104.6366,-0.0054,109.0305,0.462651
-104.3581,-0.0054,108.8025,0.463099
-104.1035,-0.0054,108.5924,0.463513
-103.8265,-0.0054,108.3622,0.463963
-103.4585,-0.0054,108.0533,0.464557
-102.9091,-0.0054,107.5860,0.465451
-102.3858,-0.0054,107.1335,0.466311
-101.8431,-0.0054,106.6565,0.467211
-101.3261,-0.0054,106.1950,0.468082
-100.8123,-0.0054,105.7291,0.468946
-100.2795,-0.0054,105.2384,0.469849
-99.7495,-0.0054,104.7429,0.470758
-99.2410,-0.0054,104.2654,0.471634
-98.7047,-0.0054,103.7684,0.472559
-98.1603,-0.0054,103.2749,0.473472
-97.6335,-0.0054,102.8053,0.474362
-97.0808,-0.0054,102.3186,0.475304
-96.5488,-0.0054,101.8550,0.476202
-95.9911,-0.0054,101.3734,0.477137
-95.4532,-0.0054,100.9142,0.478037
-94.8872,-0.0054,100.4387,0.478969
-94.3152,-0.0054,99.9679,0.479902
-93.7620,-0.0054,99.5217,0.480784
-93.1811,-0.0054,99.0607,0.481713
-92.6242,-0.0054,98.6213,0.482578
-92.0703,-0.0054,98.1809,0.483432
-91.5202,-0.0054,97.7381,0.484286
-90.9481,-0.0054,97.2736,0.485159
-90.4236,-0.0054,96.8461,0.485981
-89.8509,-0.0054,96.3785,0.486833
-89.3019,-0.0054,95.9297,0.487671
-88.7530,-0.0054,95.4803,0.488498
-88.2047,-0.0054,95.0298,0.489327
-87.6573,-0.0054,94.5777,0.490167
-87.1109,-0.0054,94.1239,0.490974
-86.5415,-0.0054,93.6484,0.491845
-85.9955,-0.0054,93.1915,0.492682
-85.4480,-0.0054,92.7349,0.493497
-84.8749,-0.0054,92.2586,0.494370
-84.3247,-0.0054,91.8023,0.495208
-83.7741,-0.0054,91.3461,0.496054
-83.1990,-0.0054,90.8701,0.496917
-82.6474,-0.0054,90.4136,0.497752
-82.0952,-0.0054,89.9570,0.498590
-81.5425,-0.0054,89.5002,0.499434
-80.9891,-0.0054,89.0434,0.500275
-80.4349,-0.0054,88.5868,0.501101
-79.8556,-0.0054,88.1105,0.501968
-79.2998,-0.0054,87.6542,0.502808
-78.7680,-0.0054,87.2174,0.503616
-78.1880,-0.0054,86.7406,0.504490
-77.6563,-0.0054,86.3031,0.505287
-77.0764,-0.0054,85.8259,0.506155
-76.3762,-0.0054,85.2494,0.507178
-75.9417,-0.0054,84.8916,0.507827
-75.6039,-0.0054,84.6134,0.508331
-75.2664,-0.0054,84.3352,0.508820
-74.9054,-0.0054,84.0369,0.509345
-74.5694,-0.0054,83.7582,0.509847
-74.2342,-0.0054,83.4790,0.510356
-73.8997,-0.0054,83.1995,0.510855
-73.5659,-0.0054,82.9198,0.511339
-73.2086,-0.0054,82.6200,0.511877
-72.8753,-0.0054,82.3400,0.512363
-72.5424,-0.0054,82.0599,0.512867
-72.2098,-0.0054,81.7797,0.513354
-71.8539,-0.0054,81.4795,0.513877
-71.5221,-0.0054,81.1992,0.514383
-71.3327,-0.0054,81.0390,0.514649
-71.0251,-0.0054,80.7787,0.515123
-70.7178,-0.0054,80.5183,0.515567
-70.4345,-0.0054,80.2779,0.515977
-70.1985,-0.0054,80.0776,0.516334
-69.9628,-0.0054,79.8772,0.516677
-69.7508,-0.0054,79.6968,0.517002
-69.5389,-0.0054,79.5163,0.517322
-69.3036,-0.0054,79.3158,0.517672
-69.0685,-0.0054,79.1152,0.518013
-68.7863,-0.0054,78.8746,0.518437
-68.5275,-0.0054,78.6544,0.518831
-68.2449,-0.0054,78.4145,0.519241
-67.9619,-0.0054,78.1750,0.519659
-67.7021,-0.0054,77.9559,0.520047
-67.4186,-0.0054,77.7172,0.520465
-67.1350,-0.0054,77.4789,0.520881
-66.8751,-0.0054,77.2606,0.521258
-66.5918,-0.0054,77.0228,0.521685
-66.3322,-0.0054,76.8049,0.522065
-66.0493,-0.0054,76.5675,0.522473
-65.7663,-0.0054,76.3302,0.522898
-65.4833,-0.0054,76.0930,0.523318
-65.2711,-0.0054,75.9152,0.523635
-65.0116,-0.0054,75.6980,0.524015
-64.7757,-0.0054,75.5006,0.524363
-64.4925,-0.0054,75.2639,0.524786
-64.2330,-0.0054,75.0471,0.525169
-63.9498,-0.0054,74.8107,0.525580
-63.7138,-0.0054,74.6138,0.525921
-63.4542,-0.0054,74.3974,0.526308
-63.2180,-0.0054,74.2007,0.526656
-62.9345,-0.0054,73.9647,0.527068
-62.6744,-0.0054,73.7484,0.527446
-62.4142,-0.0054,73.5321,0.527825
-62.1775,-0.0054,73.3356,0.528181
-61.9409,-0.0054,73.1390,0.528530
-61.6570,-0.0054,72.9030,0.528951
-61.3734,-0.0054,72.6668,0.529364
-61.0902,-0.0054,72.4303,0.529769
-60.8309,-0.0054,72.2132,0.530168
-60.5484,-0.0054,71.9760,0.530594
-60.2661,-0.0054,71.7386,0.530998
-60.0309,-0.0054,71.5404,0.531343
-59.7724,-0.0054,71.3222,0.531739
-59.4904,-0.0054,71.0839,0.532144
-59.2086,-0.0054,70.8453,0.532569
-58.9268,-0.0054,70.6064,0.532990
-58.6452,-0.0054,70.3673,0.533404
-58.3870,-0.0054,70.1478,0.533790
-58.0819,-0.0054,69.8883,0.534240
-57.8941,-0.0054,69.7285,0.534526
-57.6357,-0.0054,69.5088,0.534920
-57.3535,-0.0054,69.2691,0.535325
-57.0945,-0.0054,69.0493,0.535713
-56.8119,-0.0054,68.8096,0.536134
-56.5290,-0.0054,68.5698,0.536549
-56.2460,-0.0054,68.3300,0.536968
-56.0336,-0.0054,68.1501,0.537284
-55.8449,-0.0054,67.9902,0.537557
-55.5380,-0.0054,67.7302,0.538015
-55.2546,-0.0054,67.4902,0.538431
-55.0656,-0.0054,67.3301,0.538718
-54.7584,-0.0054,67.0699,0.539168
-54.4984,-0.0054,66.8497,0.539555
-54.1909,-0.0054,66.5893,0.540022
-53.9069,-0.0054,66.3488,0.540426
-53.6228,-0.0054,66.1082,0.540854
-53.3148,-0.0054,65.8474,0.541307
-53.0541,-0.0054,65.6266,0.541695
-52.7696,-0.0054,65.3857,0.542113
-52.5561,-0.0054,65.2049,0.542438
-52.2712,-0.0054,64.9638,0.542855
-51.9862,-0.0054,64.7226,0.543283
-51.7010,-0.0054,64.4812,0.543708
-51.4870,-0.0054,64.3001,0.544024
-51.2252,-0.0054,64.0786,0.544398
-50.8681,-0.0054,63.7763,0.544932
-50.5821,-0.0054,63.5344,0.545352
-50.2961,-0.0054,63.2924,0.545782
-50.0815,-0.0054,63.1109,0.546105
-49.7953,-0.0054,62.8688,0.546519
-49.6044,-0.0054,62.7074,0.546809
-49.3180,-0.0054,62.4655,0.547230
-49.0552,-0.0054,62.2440,0.547616
-48.7683,-0.0054,62.0024,0.548037
-48.5051,-0.0054,61.7812,0.548423
-48.2417,-0.0054,61.5601,0.548809
-47.9542,-0.0054,61.3191,0.549230
-47.7145,-0.0054,61.1185,0.549586
-47.4508,-0.0054,60.8979,0.549973
-47.1630,-0.0054,60.6574,0.550399
-46.8751,-0.0054,60.4171,0.550810
-46.5870,-0.0054,60.1770,0.551231
-46.2989,-0.0054,59.9370,0.551655
-46.0346,-0.0054,59.7171,0.552042
-45.7462,-0.0054,59.4775,0.552466
-45.4818,-0.0054,59.2579,0.552846
-45.1931,-0.0054,59.0186,0.553271
-44.9285,-0.0054,58.7993,0.553648
-44.6396,-0.0054,58.5603,0.554065
-44.3507,-0.0054,58.3214,0.554492
-44.0858,-0.0054,58.1025,0.554874
-43.8210,-0.0054,57.8835,0.555257
-43.5324,-0.0054,57.6444,0.555670
-43.2441,-0.0054,57.4049,0.556095
-42.9803,-0.0054,57.1850,0.556477
-42.6929,-0.0054,56.9448,0.556892
-42.4297,-0.0054,56.7242,0.557282
-42.1427,-0.0054,56.4832,0.557703
-41.9277,-0.0054,56.3022,0.558011
-41.6171,-0.0054,56.0404,0.558461
-41.4022,-0.0054,55.8589,0.558778
-41.1395,-0.0054,55.6368,0.559169
-40.8769,-0.0054,55.4144,0.559547
-40.6143,-0.0054,55.1917,0.559937
-40.3517,-0.0054,54.9688,0.560321
-40.0890,-0.0054,54.7458,0.560703
-39.8260,-0.0054,54.5227,0.561094
-39.5627,-0.0054,54.2998,0.561464
-39.2989,-0.0054,54.0769,0.561848
-39.0588,-0.0054,53.8744,0.562206
-38.7943,-0.0054,53.6517,0.562593
-38.5055,-0.0054,53.4089,0.563005
-38.2646,-0.0054,53.2066,0.563357
-38.0236,-0.0054,53.0044,0.563709
-37.7584,-0.0054,52.7821,0.564095
-37.5413,-0.0054,52.6002,0.564400
-37.3000,-0.0054,52.3982,0.564754
-37.0345,-0.0054,52.1759,0.565136
-36.7688,-0.0054,51.9536,0.565518
-36.5272,-0.0054,51.7515,0.565862
-36.2613,-0.0054,51.5292,0.566257
-36.0195,-0.0054,51.3271,0.566597
-35.7533,-0.0054,51.1048,0.566986
-35.4870,-0.0054,50.8825,0.567375
-35.2206,-0.0054,50.6602,0.567751
-34.9540,-0.0054,50.4379,0.568128
-34.6873,-0.0054,50.2156,0.568517
-34.4205,-0.0054,49.9933,0.568898
-34.1535,-0.0054,49.7710,0.569285
-33.9106,-0.0054,49.5690,0.569635
-33.6190,-0.0054,49.3266,0.570053
-33.3273,-0.0054,49.0842,0.570468
-33.1084,-0.0055,48.9024,0.570779
-32.8407,-0.0054,48.6802,0.571165
-32.5730,-0.0055,48.4580,0.571547
-32.3052,-0.0055,48.2357,0.571925
-32.0373,-0.0054,48.0134,0.572311
-31.7693,-0.0054,47.7911,0.572695
-31.5500,-0.0054,47.6092,0.573007
-31.2819,-0.0054,47.3868,0.573387
-31.0381,-0.0054,47.1847,0.573735
-30.7697,-0.0054,46.9622,0.574126
-30.4769,-0.0054,46.7196,0.574537
-30.2084,-0.0055,46.4971,0.574920
-29.9642,-0.0055,46.2948,0.575271
-29.6954,-0.0054,46.0723,0.575645
-29.4266,-0.0054,45.8498,0.576041
-29.1821,-0.0055,45.6475,0.576377
-28.9131,-0.0054,45.4249,0.576756
-28.6440,-0.0054,45.2023,0.577138
-28.3502,-0.0054,44.9595,0.577556
-28.0809,-0.0054,44.7369,0.577943
-27.8115,-0.0054,44.5143,0.578324
-27.5421,-0.0054,44.2917,0.578697
-27.2726,-0.0054,44.0692,0.579073
-27.0032,-0.0054,43.8468,0.579459
-26.7583,-0.0055,43.6447,0.579814
-26.4889,-0.0055,43.4224,0.580189
-26.2195,-0.0054,43.2002,0.580568
-25.9991,-0.0054,43.0185,0.580879
-25.6809,-0.0055,42.7561,0.581321
-25.3872,-0.0054,42.5141,0.581742
-25.0691,-0.0054,42.2520,0.582192
-24.7510,-0.0054,41.9901,0.582633
-24.4330,-0.0054,41.7283,0.583079
-24.1151,-0.0054,41.4667,0.583529
-23.8217,-0.0054,41.2253,0.583930
-23.5040,-0.0055,40.9640,0.584378
-23.1863,-0.0054,40.7028,0.584823
-22.8688,-0.0055,40.4419,0.585266
-22.5513,-0.0055,40.1810,0.585715
-22.2339,-0.0054,39.9204,0.586158
-21.9410,-0.0055,39.6799,0.586569
-21.6238,-0.0055,39.4195,0.587007
-21.3066,-0.0055,39.1593,0.587464
-20.9651,-0.0054,38.8792,0.587937
-20.6725,-0.0055,38.6393,0.588346
-20.3312,-0.0055,38.3596,0.588823
-20.0388,-0.0055,38.1200,0.589237
-19.7222,-0.0055,37.8605,0.589677
-19.3817,-0.0055,37.5810,0.590153
-19.0660,-0.0054,37.3212,0.590600
-18.7509,-0.0055,37.0613,0.591034
-18.4364,-0.0055,36.8011,0.591483
-18.0981,-0.0055,36.5207,0.591962
-17.7844,-0.0054,36.2600,0.592402
-17.4469,-0.0054,35.9791,0.592878
-17.1338,-0.0055,35.7182,0.593316
-16.7968,-0.0055,35.4370,0.593796
-16.4842,-0.0055,35.1758,0.594238
-16.1478,-0.0055,34.8943,0.594715
-15.8358,-0.0055,34.6329,0.595159
-15.5000,-0.0055,34.3513,0.595644
-15.1646,-0.0055,34.0695,0.596116
-14.8295,-0.0055,33.7877,0.596596
-14.4948,-0.0055,33.5056,0.597072
-14.1842,-0.0055,33.2436,0.597518
-13.8263,-0.0055,32.9411,0.598033
-13.5163,-0.0055,32.6788,0.598485
-13.1827,-0.0055,32.3960,0.598957
-12.8493,-0.0055,32.1131,0.599444
-12.5162,-0.0055,31.8300,0.599924
-12.1833,-0.0055,31.5466,0.600407
-11.8507,-0.0055,31.2631,0.600903
-11.5184,-0.0055,30.9793,0.601381
-11.2101,-0.0055,30.7157,0.601834
-10.8782,-0.0055,30.4316,0.602320
-10.5466,-0.0055,30.1473,0.602800
-10.2390,-0.0055,29.8831,0.603254
-9.9079,-0.0055,29.5984,0.603739
-9.5771,-0.0055,29.3135,0.604232
-9.2465,-0.0055,29.0284,0.604712
-8.9162,-0.0055,28.7431,0.605210
-8.5862,-0.0055,28.4576,0.605695
-8.2799,-0.0055,28.1923,0.606152
-7.9501,-0.0055,27.9064,0.606644
-7.6437,-0.0055,27.6408,0.607094
-7.3133,-0.0055,27.3550,0.607578
-7.0058,-0.0055,27.0901,0.608036
-6.6975,-0.0055,26.8256,0.608490
-6.4599,-0.0055,26.6224,0.608840
-6.1505,-0.0055,26.3586,0.609289
-5.8883,-0.0055,26.1358,0.609670
-5.6258,-0.0055,25.9132,0.610056
-5.4107,-0.0055,25.7315,0.610369
-5.1953,-0.0055,25.5500,0.610688
-4.9073,-0.0055,25.3086,0.611097
-4.6423,-0.0055,25.0882,0.611478
-4.4248,-0.0055,24.9085,0.611791
-4.1578,-0.0055,24.6898,0.612182
-3.8897,-0.0055,24.4720,0.612553
-3.6204,-0.0055,24.2552,0.612938
-3.3748,-0.0055,24.0590,0.613276
-3.0790,-0.0055,23.8247,0.613691
-2.8317,-0.0055,23.6304,0.614037
-2.5589,-0.0055,23.4178,0.614407
-2.2855,-0.0055,23.2063,0.614788
-2.0113,-0.0055,22.9957,0.615165
-1.7616,-0.0055,22.8050,0.615508
-1.4863,-0.0055,22.5961,0.615879
-1.2357,-0.0055,22.4069,0.616227
-0.9343,-0.0055,22.1808,0.616632
-0.6575,-0.0055,21.9743,0.617013
-0.4054,-0.0055,21.7873,0.617355
-0.1528,-0.0055,21.6008,0.617687
0.1004,-0.0055,21.4151,0.618028
0.3540,-0.0055,21.2299,0.618372
0.6081,-0.0055,21.0455,0.618709
0.8882,-0.0055,20.8433,0.619079
1.1688,-0.0055,20.6420,0.619457
1.4244,-0.0055,20.4595,0.619790
1.7059,-0.0055,20.2595,0.620177
1.9878,-0.0055,20.0602,0.620540
2.2444,-0.0055,19.8795,0.620881
2.5270,-0.0055,19.6814,0.621253
2.8874,-0.0055,19.4302,0.621728
3.1711,-0.0055,19.2336,0.622097
3.4553,-0.0055,19.0377,0.622471
3.7658,-0.0055,18.8246,0.622874
4.0509,-0.0055,18.6300,0.623248
4.3625,-0.0055,18.4184,0.623649
4.6487,-0.0055,18.2252,0.624025
4.9614,-0.0055,18.0151,0.624428
5.2485,-0.0055,17.8233,0.624801
5.5622,-0.0055,17.6147,0.625208
6.0075,-0.0055,17.3208,0.625784
6.2698,-0.0055,17.1485,0.626122
6.5323,-0.0055,16.9767,0.626461
6.7949,-0.0055,16.8052,0.626800
7.0574,-0.0055,16.6339,0.627135
7.3198,-0.0055,16.4626,0.627479
7.5558,-0.0055,16.3085,0.627789
7.8440,-0.0055,16.1201,0.628150
8.1058,-0.0055,15.9488,0.628495
8.3413,-0.0055,15.7945,0.628804
8.6030,-0.0055,15.6232,0.629137
8.8647,-0.0055,15.4518,0.629474
9.1264,-0.0055,15.2804,0.629816
9.3620,-0.0055,15.1262,0.630130
9.6239,-0.0055,14.9548,0.630458
9.8597,-0.0055,14.8006,0.630765
10.1218,-0.0055,14.6293,0.631105
10.3839,-0.0055,14.4581,0.631440
10.6198,-0.0055,14.3041,0.631747
10.9082,-0.0055,14.1160,0.632128
11.1705,-0.0055,13.9450,0.632465
11.4066,-0.0055,13.7912,0.632770
11.6690,-0.0055,13.6204,0.633106
11.9314,-0.0055,13.4497,0.633445
12.1940,-0.0055,13.2790,0.633784
12.4303,-0.0055,13.1254,0.634094
12.6929,-0.0055,12.9549,0.634432
12.9556,-0.0055,12.7843,0.634773
13.2183,-0.0055,12.6138,0.635107
13.4548,-0.0055,12.4605,0.635411
13.7176,-0.0055,12.2901,0.635757
13.9805,-0.0055,12.1198,0.636087
14.2435,-0.0055,11.9495,0.636428
14.4801,-0.0055,11.7964,0.636729
14.7432,-0.0055,11.6263,0.637063
15.0063,-0.0055,11.4562,0.637402
15.2695,-0.0055,11.2862,0.637731
15.5064,-0.0055,11.1333,0.638046
15.7696,-0.0055,10.9634,0.638381
16.0330,-0.0055,10.7936,0.638706
16.2963,-0.0055,10.6238,0.639051
16.5598,-0.0055,10.4541,0.639376
16.7969,-0.0055,10.3014,0.639682
17.0605,-0.0055,10.1318,0.640014
17.3241,-0.0055,9.9623,0.640347
17.5878,-0.0055,9.7929,0.640678
17.8517,-0.0055,9.6237,0.641008
18.1158,-0.0055,9.4548,0.641342
18.3537,-0.0055,9.3031,0.641645
18.6448,-0.0055,9.1181,0.642008
18.8834,-0.0055,8.9671,0.642309
19.1489,-0.0055,8.7999,0.642636
19.4148,-0.0055,8.6332,0.642965
19.6811,-0.0055,8.4671,0.643301
19.9478,-0.0055,8.3016,0.643633
20.2149,-0.0055,8.1366,0.643962
20.4823,-0.0055,7.9721,0.644291
20.7233,-0.0055,7.8246,0.644581
21.0181,-0.0055,7.6449,0.644945
21.2863,-0.0055,7.4821,0.645279
21.5549,-0.0055,7.3199,0.645605
21.8236,-0.0055,7.1581,0.645934
22.0927,-0.0055,6.9969,0.646267
22.3620,-0.0055,6.8363,0.646595
22.6316,-0.0055,6.6761,0.646926
22.9014,-0.0055,6.5165,0.647257
23.1715,-0.0055,6.3574,0.647590
23.4689,-0.0055,6.1829,0.647949
23.7396,-0.0055,6.0249,0.648276
24.0105,-0.0055,5.8674,0.648605
24.2817,-0.0055,5.7104,0.648939
24.5531,-0.0055,5.5539,0.649265
24.8248,-0.0055,5.3980,0.649592
25.1239,-0.0055,5.2270,0.649960
25.3959,-0.0055,5.0721,0.650288
25.6681,-0.0055,4.9176,0.650622
25.9402,-0.0055,4.7633,0.650950
26.2123,-0.0055,4.6092,0.651287
26.5115,-0.0055,4.4399,0.651648
26.7834,-0.0055,4.2861,0.651977
27.0824,-0.0055,4.1172,0.652340
27.3542,-0.0055,3.9637,0.652671
27.6533,-0.0055,3.7950,0.653039
27.9254,-0.0055,3.6419,0.653370
28.2250,-0.0055,3.4738,0.653742
28.5250,-0.0055,3.3062,0.654102
28.7982,-0.0055,3.1545,0.654426
29.0993,-0.0055,2.9884,0.654798
29.4010,-0.0055,2.8231,0.655161
29.7034,-0.0055,2.6587,0.655525
29.9787,-0.0055,2.5100,0.655855
30.2821,-0.0055,2.3473,0.656211
30.5859,-0.0054,2.1854,0.656573
30.8901,-0.0055,2.0245,0.656937
31.1670,-0.0055,1.8789,0.657267
31.4718,-0.0055,1.7196,0.657629
31.7769,-0.0055,1.5609,0.657981
32.0821,-0.0055,1.4029,0.658349
32.3596,-0.0055,1.2596,0.658673
32.6650,-0.0055,1.1025,0.659036
32.9704,-0.0055,0.9459,0.659395
33.2481,-0.0054,0.8038,0.659723
33.5538,-0.0054,0.6480,0.660079
33.8317,-0.0055,0.5067,0.660402
34.1376,-0.0055,0.3517,0.660759
34.4437,-0.0055,0.1971,0.661126
34.7221,-0.0055,0.0570,0.661444
35.0285,-0.0055,-0.0967,0.661798
35.3074,-0.0055,-0.2361,0.662112
35.6143,-0.0055,-0.3889,0.662468
35.9214,-0.0055,-0.5412,0.662828
36.2007,-0.0055,-0.6793,0.663151
36.5082,-0.0055,-0.8306,0.663504
36.7879,-0.0055,-0.9678,0.663822
37.0958,-0.0055,-1.1183,0.664175
37.3758,-0.0055,-1.2546,0.664495
37.6840,-0.0055,-1.4040,0.664855
37.9644,-0.0055,-1.5395,0.665166
38.2730,-0.0055,-1.6881,0.665521
38.5537,-0.0055,-1.8227,0.665843
38.8346,-0.0055,-1.9569,0.666161
39.1719,-0.0055,-2.1175,0.666545
39.5094,-0.0055,-2.2774,0.666928
39.8752,-0.0055,-2.4501,0.667336
40.1287,-0.0055,-2.5692,0.667626
40.4386,-0.0055,-2.7144,0.667981
40.7487,-0.0055,-2.8590,0.668325
41.0873,-0.0055,-3.0163,0.668713
41.3413,-0.0055,-3.1339,0.669008
41.6237,-0.0055,-3.2641,0.669319
41.8498,-0.0055,-3.3680,0.669572
42.1890,-0.0055,-3.5234,0.669954
42.5285,-0.0055,-3.6782,0.670337
42.8399,-0.0055,-3.8195,0.670690
43.1514,-0.0055,-3.9604,0.671044
43.4632,-0.0055,-4.1008,0.671394
43.7468,-0.0055,-4.2280,0.671715
44.0873,-0.0055,-4.3801,0.672098
44.3145,-0.0055,-4.4812,0.672353
44.6271,-0.0055,-4.6196,0.672705
44.9685,-0.0055,-4.7699,0.673089
45.2250,-0.0055,-4.8820,0.673372
45.5675,-0.0055,-5.0305,0.673769
45.9108,-0.0055,-5.1776,0.674144
46.2264,-0.0055,-5.3111,0.674500
46.5428,-0.0055,-5.4431,0.674849
46.8601,-0.0055,-5.5735,0.675201
47.1782,-0.0055,-5.7023,0.675561
47.4972,-0.0055,-5.8294,0.675910
47.8460,-0.0055,-5.9662,0.676293
48.1664,-0.0055,-6.0900,0.676653
48.4873,-0.0055,-6.2120,0.677002
48.8380,-0.0055,-6.3434,0.677392
49.1599,-0.0055,-6.4621,0.677745
49.5117,-0.0055,-6.5899,0.678132
49.8346,-0.0055,-6.7055,0.678489
50.1578,-0.0055,-6.8196,0.678845
50.4519,-0.0055,-6.9222,0.679172
50.8052,-0.0055,-7.0440,0.679562
51.0997,-0.0055,-7.1446,0.679885
51.4531,-0.0055,-7.2643,0.680272
51.7476,-0.0055,-7.3635,0.680594
52.0715,-0.0055,-7.4720,0.680952
52.4247,-0.0055,-7.5898,0.681339
52.7190,-0.0055,-7.6875,0.681668
53.0721,-0.0055,-7.8041,0.682061
53.3959,-0.0054,-7.9105,0.682415
53.7787,-0.0055,-8.0355,0.682845
54.1324,-0.0055,-8.1502,0.683232
54.4272,-0.0055,-8.2452,0.683554
54.7222,-0.0055,-8.3397,0.683884
55.0469,-0.0055,-8.4431,0.684246
55.3128,-0.0055,-8.5273,0.684539
55.6674,-0.0055,-8.6388,0.684933
55.9630,-0.0055,-8.7312,0.685257
56.3475,-0.0055,-8.8504,0.685679
56.7027,-0.0055,-8.9597,0.686072
57.0285,-0.0055,-9.0591,0.686437
57.3248,-0.0055,-9.1489,0.686758
57.6509,-0.0055,-9.2471,0.687124
57.9772,-0.0055,-9.3445,0.687484
58.3037,-0.0055,-9.4413,0.687849
58.6303,-0.0055,-9.5373,0.688200
58.9572,-0.0055,-9.6327,0.688566
59.2545,-0.0055,-9.7188,0.688898
59.5817,-0.0055,-9.8129,0.689255
59.9090,-0.0055,-9.9063,0.689609
60.2663,-0.0055,-10.0074,0.690004
60.5940,-0.0055,-10.0994,0.690361
60.8920,-0.0055,-10.1823,0.690700
61.2200,-0.0055,-10.2730,0.691062
61.5780,-0.0055,-10.3710,0.691450
61.9063,-0.0055,-10.4602,0.691810
62.2049,-0.0055,-10.5407,0.692143
62.5036,-0.0055,-10.6206,0.692464
62.8323,-0.0055,-10.7079,0.692827
63.1312,-0.0055,-10.7867,0.693154
63.4899,-0.0055,-10.8806,0.693549
63.8187,-0.0055,-10.9663,0.693917
64.1474,-0.0055,-11.0517,0.694265
64.4759,-0.0055,-11.1370,0.694631
64.8042,-0.0055,-11.2223,0.694990
65.1324,-0.0055,-11.3075,0.695348
65.4604,-0.0055,-11.3926,0.695710
65.9972,-0.0055,-11.5317,0.696299
66.3253,-0.0055,-11.6165,0.696658
66.6535,-0.0055,-11.7012,0.697019
67.2801,-0.0055,-11.8623,0.697712
67.8770,-0.0055,-12.0150,0.698359
68.4739,-0.0055,-12.1670,0.699017
69.0709,-0.0055,-12.3182,0.699666
69.6681,-0.0055,-12.4687,0.700322
70.2951,-0.0055,-12.6261,0.701009
70.8925,-0.0055,-12.7753,0.701662
71.4898,-0.0055,-12.9238,0.702322
72.1172,-0.0055,-13.0791,0.703004
72.7147,-0.0055,-13.2262,0.703660
73.3422,-0.0055,-13.3800,0.704349
73.9400,-0.0055,-13.5258,0.705001
74.5378,-0.0055,-13.6709,0.705650
75.1656,-0.0055,-13.8225,0.706343
75.7938,-0.0055,-13.9733,0.707028
76.4224,-0.0055,-14.1224,0.707713
77.0519,-0.0055,-14.2693,0.708447
77.6822,-0.0055,-14.4139,0.709096
78.3129,-0.0055,-14.5564,0.709800
78.9440,-0.0055,-14.6968,0.710504
79.6052,-0.0055,-14.8419,0.711238
80.2664,-0.0055,-14.9858,0.711977
80.8973,-0.0055,-15.1223,0.712690
81.5581,-0.0055,-15.2644,0.713438
82.2189,-0.0055,-15.4055,0.714186
82.8801,-0.0055,-15.5455,0.714943
83.5414,-0.0055,-15.6844,0.715709
84.2330,-0.0055,-15.8282,0.716506
84.8645,-0.0055,-15.9584,0.717244
85.5263,-0.0055,-16.0936,0.718008
86.1882,-0.0055,-16.2276,0.718787
86.8201,-0.0055,-16.3544,0.719522
87.4821,-0.0055,-16.4861,0.720305
88.1442,-0.0055,-16.6166,0.721075
88.7762,-0.0055,-16.7400,0.721815
89.4383,-0.0055,-16.8682,0.722589
90.0704,-0.0055,-16.9893,0.723315
90.7023,-0.0055,-17.1094,0.724052
91.3642,-0.0055,-17.2343,0.724811
91.9954,-0.0055,-17.3534,0.725540
92.5955,-0.0055,-17.4668,0.726224
93.2241,-0.0055,-17.5858,0.726944
93.8213,-0.0055,-17.6989,0.727625
94.4172,-0.0055,-17.8116,0.728303
95.0408,-0.0055,-17.9293,0.729018
95.6029,-0.0055,-18.0353,0.729649
96.1628,-0.0055,-18.1407,0.730288
96.7494,-0.0055,-18.2509,0.730958
97.3036,-0.0055,-18.3549,0.731586
97.8544,-0.0055,-18.4582,0.732223
98.4595,-0.0055,-18.5714,0.732904
99.1181,-0.0055,-18.6945,0.733664
99.7726,-0.0055,-18.8167,0.734422
100.4228,-0.0055,-18.9378,0.735171
101.0969,-0.0055,-19.0633,0.735954
101.7110,-0.0055,-19.1773,0.736666
102.3769,-0.0055,-19.3008,0.737447
103.0111,-0.0055,-19.4182,0.738174
103.6414,-0.0055,-19.5348,0.738913
104.1321,-0.0055,-19.6255,0.739494
104.4579,-0.0055,-19.6858,0.739868
104.7825,-0.0055,-19.7462,0.740251
105.1061,-0.0055,-19.8067,0.740627
105.4285,-0.0055,-19.8673,0.741002
105.7499,-0.0055,-19.9280,0.741384
106.0436,-0.0055,-19.9837,0.741722
106.3631,-0.0055,-20.0444,0.742095
106.6551,-0.0055,-20.1001,0.742436
106.9464,-0.0055,-20.1558,0.742778
107.2105,-0.0055,-20.2064,0.743085
107.5003,-0.0055,-20.2620,0.743425
107.7893,-0.0055,-20.3176,0.743758
108.0776,-0.0055,-20.3732,0.744095
108.3651,-0.0055,-20.4288,0.744430
108.6258,-0.0055,-20.4793,0.744732
108.8858,-0.0055,-20.5297,0.745035
109.1453,-0.0055,-20.5802,0.745342
109.3783,-0.0055,-20.6256,0.745612
109.6367,-0.0055,-20.6760,0.745912
109.8945,-0.0055,-20.7264,0.746206
110.1516,-0.0055,-20.7768,0.746508
110.4339,-0.0055,-20.8321,0.746840
110.6899,-0.0055,-20.8824,0.747131
110.9453,-0.0055,-20.9327,0.747433
111.2002,-0.0055,-20.9829,0.747731
111.4291,-0.0055,-21.0281,0.747993
111.7082,-0.0055,-21.0833,0.748319
111.9614,-0.0055,-21.1335,0.748611
112.1888,-0.0055,-21.1786,0.748877
112.4409,-0.0055,-21.2287,0.749174
112.6925,-0.0055,-21.2788,0.749454
112.9436,-0.0055,-21.3289,0.749755
113.1942,-0.0055,-21.3790,0.750039
113.4192,-0.0055,-21.4241,0.750301
113.6688,-0.0055,-21.4741,0.750587
113.9427,-0.0055,-21.5291,0.750911
114.1912,-0.0055,-21.5791,0.751199
114.4639,-0.0055,-21.6341,0.751518
114.6866,-0.0055,-21.6791,0.751774
114.9336,-0.0055,-21.7290,0.752058
115.2047,-0.0055,-21.7840,0.752375
115.4752,-0.0055,-21.8389,0.752690
115.6961,-0.0055,-21.8838,0.752947
115.9411,-0.0055,-21.9336,0.753228
116.2100,-0.0055,-21.9885,0.753551
116.4784,-0.0055,-22.0433,0.753854
116.7462,-0.0055,-22.0982,0.754173
116.9892,-0.0055,-22.1480,0.754443
117.2075,-0.0055,-22.1928,0.754700
117.4979,-0.0055,-22.2526,0.755042
117.7395,-0.0055,-22.3024,0.755324
118.0047,-0.0055,-22.3571,0.755631
118.2453,-0.0055,-22.4069,0.755910
118.5095,-0.0055,-22.4616,0.756218
118.7971,-0.0055,-22.5213,0.756561
119.0602,-0.0055,-22.5760,0.756868
119.2989,-0.0055,-22.6257,0.757145
119.5848,-0.0055,-22.6854,0.757484
119.8465,-0.0055,-22.7400,0.757788
120.1076,-0.0055,-22.7946,0.758087
120.3920,-0.0055,-22.8540,0.758421
120.6524,-0.0055,-22.9083,0.758728
120.8887,-0.0055,-22.9573,0.759009
121.1719,-0.0055,-23.0158,0.759339
121.4312,-0.0055,-23.0692,0.759644
121.6665,-0.0055,-23.1175,0.759921
121.9249,-0.0055,-23.1704,0.760228
122.1829,-0.0055,-23.2232,0.760531
122.4405,-0.0055,-23.2759,0.760839
122.7209,-0.0055,-23.3332,0.761169
123.0009,-0.0055,-23.3903,0.761496
123.2338,-0.0055,-23.4378,0.761771
123.4896,-0.0055,-23.4899,0.762075
123.7449,-0.0055,-23.5419,0.762380
123.9999,-0.0055,-23.5937,0.762683
124.2545,-0.0055,-23.6454,0.762982
124.4856,-0.0055,-23.6923,0.763254
124.7394,-0.0055,-23.7437,0.763557
124.9929,-0.0055,-23.7950,0.763856
125.2229,-0.0055,-23.8415,0.764132
125.4756,-0.0055,-23.8925,0.764438
125.7280,-0.0055,-23.9434,0.764734
125.9799,-0.0055,-23.9941,0.765035
126.2544,-0.0055,-24.0493,0.765364
126.5055,-0.0055,-24.0998,0.765663
126.7563,-0.0055,-24.1501,0.765964
127.0067,-0.0055,-24.2004,0.766261
127.2340,-0.0055,-24.2460,0.766531
127.4836,-0.0055,-24.2962,0.766829
127.7330,-0.0055,-24.3465,0.767126
128.0047,-0.0055,-24.4014,0.767459
128.1857,-0.0055,-24.4382,0.767675
128.5023,-0.0055,-24.5026,0.768056
128.7734,-0.0055,-24.5580,0.768378
128.9767,-0.0055,-24.5996,0.768624
129.2477,-0.0055,-24.6551,0.768943
129.5185,-0.0055,-24.7106,0.769277
129.7893,-0.0055,-24.7662,0.769596
130.0148,-0.0055,-24.8126,0.769867
130.2403,-0.0055,-24.8590,0.770132
130.4882,-0.0055,-24.9100,0.770433
130.7585,-0.0055,-24.9658,0.770767
131.0062,-0.0055,-25.0169,0.771070
131.2763,-0.0055,-25.0728,0.771399
131.5463,-0.0055,-25.1287,0.771723
131.8162,-0.0055,-25.1846,0.772050
132.0186,-0.0055,-25.2266,0.772300
132.2209,-0.0055,-25.2686,0.772553
132.4232,-0.0055,-25.3105,0.772808
132.6929,-0.0055,-25.3664,0.773130
132.9626,-0.0055,-25.4221,0.773474
133.2097,-0.0055,-25.4732,0.773779
133.4792,-0.0055,-25.5289,0.774097
133.7486,-0.0055,-25.5845,0.774428
134.0180,-0.0055,-25.6401,0.774759
134.2872,-0.0055,-25.6958,0.775090
134.5788,-0.0055,-25.7560,0.775436
134.8702,-0.0055,-25.8163,0.775812
135.0495,-0.0055,-25.8533,0.776029
135.2511,-0.0055,-25.8951,0.776297
135.4975,-0.0055,-25.9461,0.776584
135.6991,-0.0055,-25.9878,0.776839
135.8781,-0.0055,-26.0249,0.777061
136.0796,-0.0055,-26.0666,0.777314
136.2586,-0.0055,-26.1037,0.777543
136.4822,-0.0055,-26.1500,0.777823
136.7282,-0.0055,-26.2010,0.778124
136.9740,-0.0055,-26.2519,0.778447
137.1750,-0.0055,-26.2936,0.778696
137.4429,-0.0055,-26.3491,0.779033
137.7330,-0.0055,-26.4093,0.779408
137.9782,-0.0055,-26.4601,0.779722
138.1786,-0.0055,-26.5017,0.779984
138.5343,-0.0055,-26.5755,0.780430
138.7340,-0.0055,-26.6170,0.780704
138.9556,-0.0055,-26.6630,0.780971
139.1991,-0.0055,-26.7136,0.781273
139.4203,-0.0055,-26.7596,0.781567
139.6853,-0.0055,-26.8146,0.781922
139.9279,-0.0055,-26.8651,0.782219
140.3023,-0.0055,-26.9429,0.782700
140.5441,-0.0055,-26.9932,0.783027
140.8515,-0.0055,-27.0572,0.783448
141.0489,-0.0055,-27.0983,0.783697
141.3118,-0.0055,-27.1530,0.784033
141.6179,-0.0055,-27.2168,0.784437
141.8799,-0.0055,-27.2715,0.784785
142.2066,-0.0055,-27.3402,0.785223
142.4457,-0.0055,-27.3910,0.785542
142.6409,-0.0055,-27.4328,0.785809
142.9224,-0.0055,-27.4937,0.786188
143.1386,-0.0055,-27.5409,0.786495
143.4405,-0.0055,-27.6073,0.786931
143.7194,-0.0055,-27.6690,0.787318
143.9756,-0.0055,-27.7261,0.787649
144.1883,-0.0055,-27.7737,0.787952
144.4639,-0.0055,-27.8357,0.788343
144.7808,-0.0055,-27.9074,0.788803
145.0761,-0.0055,-27.9747,0.789251
145.2868,-0.0055,-28.0229,0.789535
145.5181,-0.0055,-28.0763,0.789879
145.7493,-0.0055,-28.1298,0.790238
145.9592,-0.0055,-28.1788,0.790546
146.1898,-0.0055,-28.2329,0.790873
146.3784,-0.0055,-28.2773,0.791154
146.6503,-0.0055,-28.3418,0.791577
146.8173,-0.0055,-28.3816,0.791822
147.0465,-0.0055,-28.4368,0.792176
147.2751,-0.0055,-28.4927,0.792515
147.4824,-0.0055,-28.5444,0.792814
147.6683,-0.0055,-28.5918,0.793095
147.8536,-0.0055,-28.6402,0.793361
148.0793,-0.0055,-28.7006,0.793698
148.3245,-0.0055,-28.7681,0.794084
148.5485,-0.0055,-28.8312,0.794418
148.7720,-0.0055,-28.8953,0.794747
148.9951,-0.0055,-28.9604,0.795096
149.2177,-0.0055,-29.0264,0.795415
149.4603,-0.0055,-29.0993,0.795785
149.6217,-0.0055,-29.1485,0.796011
149.8232,-0.0055,-29.2105,0.796318
150.0244,-0.0055,-29.2733,0.796606
150.2652,-0.0055,-29.3495,0.796984
150.5054,-0.0055,-29.4268,0.797335
150.7448,-0.0055,-29.5052,0.797680
150.9635,-0.0055,-29.5783,0.797995
151.1813,-0.0055,-29.6529,0.798304
151.4178,-0.0055,-29.7361,0.798648
151.6334,-0.0055,-29.8142,0.798956
151.8479,-0.0055,-29.8940,0.799278
152.1000,-0.0055,-29.9906,0.799627
152.2544,-0.0055,-30.0512,0.799859
152.4468,-0.0055,-30.1281,0.800141
152.6575,-0.0055,-30.2144,0.800441
152.8673,-0.0055,-30.3024,0.800737
153.0761,-0.0055,-30.3921,0.801068
153.2651,-0.0055,-30.4750,0.801335
153.4158,-0.0055,-30.5423,0.801537
153.6035,-0.0055,-30.6276,0.801809
153.7906,-0.0055,-30.7142,0.802086
153.9957,-0.0055,-30.8109,0.802385
154.2002,-0.0055,-30.9092,0.802681
154.3854,-0.0055,-30.9999,0.802950
154.5886,-0.0055,-31.1011,0.803253
154.7910,-0.0055,-31.2039,0.803548
155.0108,-0.0055,-31.3176,0.803879
155.1568,-0.0055,-31.3945,0.804091
155.3203,-0.0055,-31.4819,0.804308
155.5549,-0.0055,-31.6104,0.804659
155.7336,-0.0055,-31.7114,0.804915
155.8753,-0.0055,-31.7938,0.805120
156.0679,-0.0055,-31.9098,0.805405
156.2575,-0.0055,-32.0293,0.805690
156.4439,-0.0055,-32.1522,0.805990
156.6272,-0.0055,-32.2787,0.806266
156.8073,-0.0055,-32.4088,0.806546
156.9364,-0.0055,-32.5056,0.806766
157.1114,-0.0055,-32.6417,0.807045
157.2835,-0.0055,-32.7814,0.807344
157.4679,-0.0055,-32.9375,0.807637
157.6490,-0.0055,-33.0975,0.807963
157.7679,-0.0055,-33.2062,0.808174
157.9292,-0.0055,-33.3583,0.808458
158.0592,-0.0055,-33.4849,0.808695
158.2159,-0.0055,-33.6420,0.808990
158.3424,-0.0055,-33.7724,0.809228
158.4949,-0.0055,-33.9340,0.809513
158.6452,-0.0055,-34.0979,0.809798
158.8064,-0.0055,-34.2793,0.810102
158.9254,-0.0055,-34.4172,0.810339
159.0427,-0.0055,-34.5565,0.810566
159.1710,-0.0055,-34.7133,0.810833
159.2844,-0.0055,-34.8563,0.811069
159.4080,-0.0055,-35.0174,0.811320
159.5526,-0.0055,-35.2137,0.811647
159.7729,-0.0055,-35.5310,0.812136
159.9719,-0.0055,-35.8386,0.812612
160.1720,-0.0055,-36.1705,0.813109
160.3520,-0.0055,-36.4916,0.813572
160.5219,-0.0055,-36.8189,0.814055
160.6900,-0.0055,-37.1706,0.814553
160.8464,-0.0055,-37.5281,0.815047
160.9827,-0.0055,-37.8718,0.815530
161.1060,-0.0055,-38.2198,0.816007
161.2212,-0.0055,-38.5908,0.816507
161.3152,-0.0055,-38.9451,0.816973
161.3931,-0.0055,-39.3013,0.817447
161.4560,-0.0055,-39.6788,0.817935
161.4980,-0.0055,-40.0569,0.818431
161.5187,-0.0055,-40.4149,0.818897
161.5218,-0.0055,-40.7722,0.819370
161.5069,-0.0055,-41.1480,0.819865
161.4763,-0.0055,-41.5023,0.820324
161.4271,-0.0055,-41.8743,0.820818
161.3647,-0.0055,-42.2242,0.821282
161.2822,-0.0055,-42.5905,0.821770
161.1830,-0.0055,-42.9526,0.822261
161.0605,-0.0055,-43.3285,0.822775
160.9121,-0.0055,-43.7167,0.823310
160.7449,-0.0055,-44.0985,0.823850
160.5630,-0.0055,-44.4754,0.824370
160.3705,-0.0055,-44.8501,0.824915
160.1586,-0.0055,-45.2416,0.825479
159.9474,-0.0055,-45.6145,0.826020
159.7411,-0.0055,-45.9705,0.826530
159.5225,-0.0055,-46.3474,0.827094
159.3017,-0.0055,-46.7279,0.827640
159.0780,-0.0055,-47.1104,0.828197
158.8350,-0.0033,-47.4854,0.828747
158.6209,-0.0019,-47.8547,0.829281
158.3981,-0.0015,-48.2465,0.829828
158.1765,-0.0014,-48.6418,0.830387
157.9547,-0.0019,-49.0379,0.830954
157.7428,-0.0026,-49.4160,0.831472
157.5380,-0.0055,-49.8245,0.832025
157.3283,-0.0055,-50.2064,0.832559
157.1095,-0.0055,-50.6093,0.833118
156.9014,-0.0055,-50.9934,0.833633
156.6924,-0.0055,-51.3765,0.834154
156.4814,-0.0055,-51.7576,0.834684
156.2560,-0.0055,-52.1549,0.835238
156.0364,-0.0055,-52.5295,0.835766
155.7998,-0.0055,-52.9182,0.836314
155.5692,-0.0055,-53.2845,0.836868
155.3342,-0.0055,-53.6482,0.837415
155.0828,-0.0055,-54.0278,0.837982
154.8386,-0.0055,-54.3867,0.838539
154.5890,-0.0055,-54.7420,0.839107
154.3334,-0.0055,-55.0926,0.839666
154.0719,-0.0055,-55.4383,0.840261
153.8043,-0.0055,-55.7799,0.840828
153.5177,-0.0055,-56.1354,0.841424
153.2411,-0.0055,-56.4731,0.842001
152.9626,-0.0055,-56.8119,0.842595
152.6835,-0.0055,-57.1524,0.843167
152.4035,-0.0055,-57.4935,0.843771
152.1223,-0.0055,-57.8336,0.844335
151.8393,-0.0055,-58.1714,0.844920
151.5114,-0.0055,-58.5572,0.845573
151.1533,-0.0055,-58.9749,0.846298
150.9531,-0.0055,-59.2090,0.846709
150.7819,-0.0055,-59.4102,0.847034
150.6111,-0.0055,-59.6116,0.847364
150.4404,-0.0055,-59.8131,0.847708
150.2557,-0.0055,-60.0310,0.848090
150.0852,-0.0055,-60.2315,0.848405
149.9146,-0.0055,-60.4313,0.848722
149.7298,-0.0055,-60.6472,0.849083
149.5733,-0.0055,-60.8293,0.849386
149.4167,-0.0055,-61.0111,0.849687
149.2458,-0.0055,-61.2090,0.850007
149.0891,-0.0055,-61.3901,0.850309
148.9180,-0.0055,-61.5873,0.850629
148.7755,-0.0055,-61.7514,0.850884
148.6472,-0.0055,-61.8988,0.851130
148.5190,-0.0055,-62.0461,0.851355
148.3907,-0.0055,-62.1931,0.851600
148.2197,-0.0055,-62.3887,0.851915
148.0485,-0.0055,-62.5840,0.852224
147.9345,-0.0055,-62.7139,0.852433
147.7491,-0.0055,-62.9244,0.852768
147.6206,-0.0055,-63.0696,0.853001
147.4344,-0.0055,-63.2782,0.853336
147.2761,-0.0055,-63.4533,0.853608
147.1026,-0.0055,-63.6427,0.853914
146.9429,-0.0055,-63.8151,0.854194
146.7971,-0.0055,-63.9707,0.854461
146.6216,-0.0055,-64.1565,0.854765
146.4602,-0.0055,-64.3260,0.855044
146.2836,-0.0055,-64.5103,0.855352
146.1211,-0.0055,-64.6785,0.855632
145.9582,-0.0055,-64.8461,0.855909
145.7949,-0.0055,-65.0129,0.856192
145.6161,-0.0055,-65.1939,0.856492
145.4516,-0.0055,-65.3586,0.856777
145.3164,-0.0055,-65.4925,0.857009
145.1506,-0.0055,-65.6549,0.857291
145.0143,-0.0055,-65.7867,0.857511
144.8318,-0.0055,-65.9611,0.857839
144.6791,-0.0055,-66.1051,0.858092
144.5102,-0.0055,-66.2620,0.858370
144.3557,-0.0055,-66.4031,0.858626
144.1690,-0.0055,-66.5701,0.858925
144.0122,-0.0055,-66.7073,0.859187
143.8384,-0.0055,-66.8559,0.859476
143.6793,-0.0055,-66.9889,0.859733
143.5031,-0.0055,-67.1332,0.860014
143.3257,-0.0055,-67.2756,0.860315
143.1635,-0.0055,-67.4033,0.860562
142.9709,-0.0026,-67.5271,0.860848
142.7900,-0.0013,-67.6640,0.861145
142.6249,-0.0001,-67.7865,0.861400
142.4586,0.0010,-67.9077,0.861658
142.2747,0.0025,-68.0393,0.861938
142.0902,0.0038,-68.1686,0.862231
141.9211,0.0050,-68.2849,0.862475
141.7344,0.0065,-68.4106,0.862759
141.5461,0.0077,-68.5350,0.863047
141.3566,0.0090,-68.6578,0.863327
141.1666,0.0100,-68.7788,0.863602
140.9750,0.0110,-68.8987,0.863887
140.8005,0.0117,-69.0059,0.864149
140.6067,0.0122,-69.1228,0.864418
140.4126,0.0124,-69.2373,0.864722
140.2166,0.0122,-69.3506,0.865001
140.0387,0.0113,-69.4515,0.865252
139.8420,0.0100,-69.5608,0.865536
139.6430,0.0077,-69.6688,0.865820
139.4441,0.0047,-69.7743,0.866098
139.2439,0.0010,-69.8779,0.866381
139.0419,-0.0028,-69.9792,0.866660
138.8251,-0.0055,-70.1063,0.866972
138.6387,-0.0055,-70.1927,0.867229
138.4325,-0.0055,-70.2844,0.867508
138.2442,-0.0055,-70.3651,0.867763
138.0555,-0.0055,-70.4436,0.867996
137.8851,-0.0055,-70.5126,0.868246
137.6760,-0.0055,-70.5952,0.868521
137.5233,-0.0055,-70.6541,0.868731
137.2930,-0.0055,-70.7406,0.869021
137.0805,-0.0055,-70.8177,0.869292
136.8473,-0.0055,-70.8996,0.869594
136.6520,-0.0055,-70.9661,0.869854
136.4168,-0.0055,-71.0440,0.870155
136.2202,-0.0055,-71.1074,0.870398
136.0030,-0.0055,-71.1756,0.870677
135.7847,-0.0055,-71.2423,0.870959
135.5654,-0.0055,-71.3076,0.871236
135.3651,-0.0055,-71.3660,0.871478
135.1435,-0.0055,-71.4294,0.871763
134.9207,-0.0055,-71.4920,0.872035
134.6967,-0.0055,-71.5537,0.872323
134.4715,-0.0055,-71.6145,0.872590
134.2452,-0.0055,-71.6742,0.872876
134.0384,-0.0055,-71.7273,0.873122
133.8099,-0.0055,-71.7846,0.873413
133.6013,-0.0055,-71.8356,0.873670
133.3709,-0.0055,-71.8906,0.873957
133.1394,-0.0055,-71.9447,0.874244
132.9281,-0.0055,-71.9933,0.874499
132.6945,-0.0055,-72.0459,0.874785
132.4599,-0.0055,-72.0978,0.875064
132.2457,-0.0055,-72.1442,0.875348
132.0091,-0.0055,-72.1943,0.875628
131.7716,-0.0055,-72.2434,0.875912
131.5549,-0.0055,-72.2870,0.876187
131.3156,-0.0055,-72.3340,0.876483
131.0753,-0.0055,-72.3798,0.876773
130.8561,-0.0055,-72.4206,0.877031
130.6141,-0.0055,-72.4647,0.877337
130.3932,-0.0055,-72.5044,0.877596
130.1492,-0.0055,-72.5478,0.877901
129.9266,-0.0055,-72.5870,0.878175
129.6807,-0.0055,-72.6300,0.878466
129.4338,-0.0055,-72.6725,0.878772
129.2312,-0.0055,-72.7069,0.879003
128.9828,-0.0055,-72.7485,0.879315
128.7789,-0.0055,-72.7820,0.879566
128.5061,-0.0055,-72.8261,0.879901
128.2552,-0.0055,-72.8662,0.880204
128.0034,-0.0055,-72.9061,0.880519
127.7507,-0.0055,-72.9462,0.880833
127.4741,-0.0055,-72.9908,0.881168
127.2428,-0.0055,-73.0286,0.881446
126.9877,-0.0055,-73.0709,0.881763
126.7552,-0.0055,-73.1098,0.882057
126.4756,-0.0055,-73.1568,0.882396
126.2188,-0.0055,-73.1998,0.882713
125.9615,-0.0055,-73.2428,0.883027
125.7037,-0.0055,-73.2856,0.883344
125.4452,-0.0055,-73.3284,0.883671
125.1861,-0.0055,-73.3712,0.883988
124.9264,-0.0055,-73.4142,0.884315
124.6898,-0.0055,-73.4538,0.884597
124.5001,-0.0055,-73.4856,0.884838
124.1913,-0.0055,-73.5379,0.885215
123.9294,-0.0055,-73.5824,0.885547
123.6670,-0.0055,-73.6270,0.885875
123.4042,-0.0055,-73.6714,0.886191
123.1410,-0.0055,-73.7156,0.886516
122.8774,-0.0055,-73.7595,0.886833
122.6373,-0.0055,-73.7993,0.887152
122.3727,-0.0055,-73.8430,0.887468
122.1317,-0.0055,-73.8827,0.887771
121.8419,-0.0055,-73.9303,0.888116
121.5756,-0.0055,-73.9739,0.888446
121.3331,-0.0055,-74.0136,0.888741
121.0660,-0.0055,-74.0573,0.889081
120.7983,-0.0055,-74.1010,0.889400
120.5302,-0.0055,-74.1447,0.889718
120.2616,-0.0055,-74.1884,0.890049
119.9925,-0.0055,-74.2321,0.890376
119.7230,-0.0055,-74.2758,0.890704
119.4528,-0.0055,-74.3195,0.891024
119.1822,-0.0055,-74.3633,0.891364
118.9110,-0.0055,-74.4076,0.891676
118.6393,-0.0055,-74.4524,0.892001
118.3672,-0.0055,-74.4979,0.892319
118.0945,-0.0055,-74.5443,0.892662
117.8214,-0.0055,-74.5914,0.892989
117.5478,-0.0055,-74.6390,0.893319
117.2740,-0.0055,-74.6872,0.893648
116.9999,-0.0055,-74.7359,0.893969
116.7254,-0.0055,-74.7849,0.894299
116.4506,-0.0055,-74.8343,0.894627
116.1756,-0.0055,-74.8839,0.894969
115.9252,-0.0055,-74.9294,0.895275
115.6496,-0.0055,-74.9798,0.895603
115.3736,-0.0055,-75.0306,0.895937
115.0974,-0.0055,-75.0816,0.896273
114.8208,-0.0055,-75.1328,0.896607
114.5440,-0.0055,-75.1841,0.896940
114.2668,-0.0055,-75.2353,0.897280
113.9894,-0.0055,-75.2863,0.897607
113.7370,-0.0055,-75.3327,0.897909
113.5348,-0.0055,-75.3697,0.898158
113.2566,-0.0055,-75.4207,0.898494
112.9527,-0.0055,-75.4764,0.898838
112.6738,-0.0055,-75.5276,0.899176
112.4200,-0.0055,-75.5742,0.899483
112.1407,-0.0055,-75.6257,0.899812
111.8611,-0.0055,-75.6772,0.900138
111.5814,-0.0055,-75.7289,0.900477
111.2761,-0.0055,-75.7855,0.900838
111.0215,-0.0055,-75.8327,0.901142
110.7159,-0.0055,-75.8895,0.901496
110.4356,-0.0055,-75.9417,0.901823
110.1806,-0.0055,-75.9893,0.902106
109.9254,-0.0055,-76.0370,0.902393
109.6701,-0.0055,-76.0848,0.902697
109.3891,-0.0055,-76.1375,0.903016
109.1336,-0.0055,-76.1857,0.903315
108.8267,-0.0055,-76.2436,0.903659
108.5196,-0.0055,-76.3017,0.903998
108.2636,-0.0055,-76.3503,0.904300
107.9561,-0.0055,-76.4088,0.904654
107.6998,-0.0055,-76.4576,0.904941
107.4175,-0.0055,-76.5115,0.905256
107.1351,-0.0055,-76.5654,0.905580
106.8268,-0.0055,-76.6244,0.905924
106.5183,-0.0055,-76.6835,0.906280
106.2096,-0.0055,-76.7427,0.906627
105.8233,-0.0055,-76.8169,0.907068
105.5656,-0.0055,-76.8665,0.907352
105.3078,-0.0055,-76.9162,0.907644
105.0456,-0.0030,-76.9467,0.907942
104.5806,-0.0021,-77.0371,0.908468
104.0635,-0.0011,-77.1387,0.909063
103.5716,-0.0004,-77.2369,0.909607
103.0533,0.0003,-77.3419,0.910213
102.5342,0.0008,-77.4485,0.910807
102.0408,0.0012,-77.5513,0.911359
101.5210,0.0014,-77.6608,0.911960
101.0009,0.0016,-77.7717,0.912573
100.5066,0.0016,-77.8785,0.913144
99.9861,0.0015,-77.9922,0.913762
99.4655,0.0013,-78.1071,0.914360
98.9710,0.0009,-78.2174,0.914925
98.4503,0.0002,-78.3344,0.915541
97.9294,-0.0006,-78.4517,0.916139
97.4083,-0.0014,-78.5692,0.916764
96.8873,-0.0021,-78.6869,0.917363
96.3922,-0.0028,-78.7982,0.917952
95.8708,-0.0034,-78.9135,0.918567
95.3533,-0.0055,-79.0458,0.919157
94.8313,-0.0055,-79.1559,0.919762
94.3347,-0.0055,-79.2587,0.920347
93.8070,-0.0034,-79.3464,0.920946
93.2826,-0.0030,-79.4528,0.921565
92.7050,-0.0026,-79.5692,0.922235
92.1791,-0.0021,-79.6743,0.922839
91.6526,-0.0016,-79.7789,0.923459
91.1255,-0.0010,-79.8828,0.924052
90.5979,-0.0003,-79.9860,0.924668
90.0431,0.0005,-80.0936,0.925315
89.5137,0.0012,-80.1968,0.925914
88.9570,0.0017,-80.3085,0.926542
88.3995,0.0017,-80.4248,0.927188
87.8683,0.0015,-80.5389,0.927772
87.3107,0.0010,-80.6606,0.928419
86.7537,0.0005,-80.7834,0.929050
86.2238,-0.0007,-80.9012,0.929655
85.6671,-0.0027,-81.0261,0.930290
85.1403,-0.0055,-81.1658,0.930893
84.5832,-0.0055,-81.2927,0.931523
84.0529,-0.0055,-81.4146,0.932128
83.5231,-0.0055,-81.5377,0.932724
82.9936,-0.0055,-81.6612,0.933319
82.4905,-0.0055,-81.7776,0.933907
81.9342,-0.0055,-81.9035,0.934542
81.4309,-0.0055,-82.0148,0.935111
80.9008,-0.0055,-82.1303,0.935720
80.3700,-0.0055,-82.2448,0.936322
79.8387,-0.0055,-82.3587,0.936915
79.3334,-0.0055,-82.4664,0.937493
78.8011,-0.0055,-82.5790,0.938102
78.2951,-0.0055,-82.6854,0.938675
77.7622,-0.0055,-82.7965,0.939285
77.1756,-0.0055,-82.9179,0.939948
76.5616,-0.0055,-83.0439,0.940649
75.9470,-0.0055,-83.1697,0.941349
75.6262,-0.0055,-83.2357,0.941725
75.2786,-0.0055,-83.3074,0.942099
74.9844,-0.0055,-83.3684,0.942445
74.6635,-0.0055,-83.4350,0.942817
74.3426,-0.0055,-83.5017,0.943180
74.0217,-0.0055,-83.5685,0.943541
73.7276,-0.0055,-83.6297,0.943884
73.4067,-0.0055,-83.6965,0.944248
73.0858,-0.0055,-83.7632,0.944604
72.7916,-0.0055,-83.8245,0.944944
72.4975,-0.0055,-83.8859,0.945276
72.1500,-0.0055,-83.9587,0.945676
71.8562,-0.0055,-84.0205,0.946020
71.5626,-0.0055,-84.0826,0.946357
71.2428,-0.0055,-84.1504,0.946719
70.9499,-0.0055,-84.2127,0.947054
70.6575,-0.0055,-84.2751,0.947385
70.3126,-0.0055,-84.3491,0.947782
70.0214,-0.0055,-84.4119,0.948121
69.7307,-0.0055,-84.4752,0.948455
69.4406,-0.0055,-84.5391,0.948804
69.1512,-0.0055,-84.6035,0.949119
68.8362,-0.0055,-84.6746,0.949474
68.5481,-0.0055,-84.7402,0.949807
68.2868,-0.0055,-84.8004,0.950101
68.0521,-0.0055,-84.8548,0.950383
67.7140,-0.0055,-84.9338,0.950774
67.4025,-0.0055,-85.0072,0.951117
67.1177,-0.0055,-85.0749,0.951440
66.8593,-0.0055,-85.1368,0.951764
66.5756,-0.0055,-85.2051,0.952082
66.2925,-0.0055,-85.2735,0.952398
66.0099,-0.0055,-85.3418,0.952715
65.7534,-0.0055,-85.4037,0.953016
65.4718,-0.0055,-85.4713,0.953332
65.1907,-0.0055,-85.5387,0.953666
64.8844,-0.0055,-85.6119,0.954022
64.6041,-0.0055,-85.6791,0.954338
64.3241,-0.0055,-85.7465,0.954665
64.0699,-0.0055,-85.8081,0.954960
63.7904,-0.0055,-85.8761,0.955277
63.5366,-0.0055,-85.9382,0.955571
63.2578,-0.0055,-86.0068,0.955902
62.9794,-0.0055,-86.0755,0.956214
62.7266,-0.0055,-86.1382,0.956514
62.4236,-0.0055,-86.2136,0.956846
62.1464,-0.0055,-86.2829,0.957160
61.8695,-0.0055,-86.3523,0.957483
61.6180,-0.0055,-86.4155,0.957773
61.3418,-0.0055,-86.4852,0.958074
61.0658,-0.0055,-86.5550,0.958398
60.8153,-0.0055,-86.6186,0.958674
60.5649,-0.0055,-86.6824,0.958957
60.3148,-0.0055,-86.7463,0.959236
60.0400,-0.0055,-86.8168,0.959551
59.7904,-0.0055,-86.8811,0.959835
59.5409,-0.0055,-86.9455,0.960105
59.2668,-0.0055,-87.0166,0.960416
59.0178,-0.0055,-87.0814,0.960715
58.7691,-0.0055,-87.1463,0.960970
58.5205,-0.0055,-87.2114,0.961247
58.2472,-0.0055,-87.2833,0.961546
57.9741,-0.0055,-87.3552,0.961863
57.7508,-0.0055,-87.4143,0.962105
57.4532,-0.0055,-87.4931,0.962440
57.1805,-0.0055,-87.5656,0.962725
56.9574,-0.0055,-87.6248,0.962976
56.6849,-0.0055,-87.6973,0.963273
56.3878,-0.0055,-87.7763,0.963604
56.0908,-0.0055,-87.8553,0.963929
55.8187,-0.0055,-87.9277,0.964222
55.5714,-0.0055,-87.9937,0.964518
55.3241,-0.0055,-88.0597,0.964788
55.0522,-0.0055,-88.1324,0.965078
54.7803,-0.0055,-88.2053,0.965379
54.5084,-0.0055,-88.2785,0.965680
54.2119,-0.0055,-88.3589,0.966009
53.9401,-0.0055,-88.4336,0.966310
53.7179,-0.0055,-88.4954,0.966534
53.4465,-0.0055,-88.5723,0.966838
53.1999,-0.0055,-88.6433,0.967107
52.9534,-0.0055,-88.7154,0.967379
52.6824,-0.0055,-88.7958,0.967666
52.4117,-0.0055,-88.8774,0.967962
52.1413,-0.0055,-88.9599,0.968257
51.8712,-0.0055,-89.0433,0.968562
51.6261,-0.0055,-89.1198,0.968831
51.3568,-0.0055,-89.2047,0.969127
51.0879,-0.0055,-89.2904,0.969423
50.8193,-0.0055,-89.3767,0.969715
50.5998,-0.0055,-89.4478,0.969944
50.3318,-0.0055,-89.5353,0.970250
50.0641,-0.0055,-89.6234,0.970543
49.7966,-0.0055,-89.7119,0.970847
49.5294,-0.0055,-89.8008,0.971135
49.2624,-0.0055,-89.8901,0.971428
48.9714,-0.0055,-89.9879,0.971750
48.7291,-0.0055,-90.0698,0.972020
48.4628,-0.0055,-90.1602,0.972310
48.1967,-0.0055,-90.2510,0.972600
47.9549,-0.0055,-90.3340,0.972881
47.6890,-0.0055,-90.4258,0.973168
47.4233,-0.0055,-90.5182,0.973467
47.1819,-0.0055,-90.6026,0.973733
46.9647,-0.0055,-90.6789,0.973979
46.7477,-0.0055,-90.7557,0.974213
46.4825,-0.0055,-90.8502,0.974498
46.2416,-0.0055,-90.9367,0.974765
45.9768,-0.0055,-91.0327,0.975070
45.7362,-0.0055,-91.1209,0.975335
45.4478,-0.0055,-91.2282,0.975651
45.1838,-0.0055,-91.3281,0.975938
44.9441,-0.0055,-91.4203,0.976215
44.6808,-0.0055,-91.5230,0.976505
44.4178,-0.0055,-91.6271,0.976795
44.1552,-0.0055,-91.7325,0.977089
43.9169,-0.0055,-91.8294,0.977358
43.6551,-0.0055,-91.9371,0.977651
43.4413,-0.0055,-92.0261,0.977889
43.1803,-0.0055,-92.1357,0.978191
42.9435,-0.0055,-92.2364,0.978459
42.7070,-0.0055,-92.3380,0.978719
42.4473,-0.0055,-92.4508,0.979006
42.1880,-0.0055,-92.5646,0.979276
41.9526,-0.0055,-92.6691,0.979569
41.6942,-0.0055,-92.7851,0.979855
41.4361,-0.0055,-92.9021,0.980146
41.2018,-0.0055,-93.0092,0.980416
40.9211,-0.0055,-93.1387,0.980725
40.6876,-0.0055,-93.2474,0.980983
40.4311,-0.0055,-93.3677,0.981285
40.2215,-0.0055,-93.4668,0.981528
39.9658,-0.0055,-93.5888,0.981806
39.7336,-0.0055,-93.7004,0.982072
39.4785,-0.0055,-93.8241,0.982364
39.2470,-0.0055,-93.9373,0.982633
38.9927,-0.0055,-94.0628,0.982906
38.7619,-0.0055,-94.1776,0.983177
38.5083,-0.0055,-94.3049,0.983458
38.2551,-0.0055,-94.4332,0.983737
38.0483,-0.0055,-94.5388,0.983973
37.7959,-0.0055,-94.6688,0.984259
37.5668,-0.0055,-94.7878,0.984523
37.2924,-0.0055,-94.9315,0.984823
37.0413,-0.0055,-95.0642,0.985121
36.7906,-0.0055,-95.1978,0.985392
36.5404,-0.0055,-95.3321,0.985672
36.3360,-0.0055,-95.4424,0.985899
36.0864,-0.0055,-95.5776,0.986179
35.9051,-0.0055,-95.6761,0.986390
35.7013,-0.0055,-95.7870,0.986624
35.4523,-0.0055,-95.9226,0.986898
35.2262,-0.0055,-96.0460,0.987151
35.0003,-0.0055,-96.1696,0.987410
34.7293,-0.0055,-96.3182,0.987700
34.4811,-0.0055,-96.4548,0.987990
34.2556,-0.0055,-96.5793,0.988233
34.0077,-0.0055,-96.7168,0.988518
33.7599,-0.0055,-96.8546,0.988795
33.5124,-0.0055,-96.9929,0.989066
33.2425,-0.0055,-97.1441,0.989362
33.0178,-0.0055,-97.2701,0.989607
32.7706,-0.0055,-97.4084,0.989885
32.5233,-0.0055,-97.5461,0.990171
32.2759,-0.0055,-97.6831,0.990444
32.0282,-0.0055,-97.8195,0.990714
31.8030,-0.0055,-97.9433,0.990945
31.5552,-0.0055,-98.0795,0.991232
31.3073,-0.0055,-98.2160,0.991513
31.0820,-0.0055,-98.3405,0.991750
30.8340,-0.0055,-98.4780,0.992037
30.5861,-0.0055,-98.6160,0.992313
30.3607,-0.0055,-98.7418,0.992559
30.1129,-0.0055,-98.8803,0.992818
29.9103,-0.0055,-98.9939,0.993050
29.6852,-0.0055,-99.1201,0.993302
29.4602,-0.0055,-99.2465,0.993557
29.2353,-0.0055,-99.3730,0.993792
29.0104,-0.0055,-99.4996,0.994065
28.7855,-0.0055,-99.6263,0.994304
28.5381,-0.0055,-99.7658,0.994581
28.2907,-0.0055,-99.9053,0.994855
28.0658,-0.0055,-100.0321,0.995107
27.8183,-0.0055,-100.1714,0.995390
27.5933,-0.0055,-100.2979,0.995640
27.3457,-0.0055,-100.4369,0.995918
27.0981,-0.0055,-100.5760,0.996204
26.8280,-0.0055,-100.7277,0.996519
26.6028,-0.0055,-100.8541,0.996772
26.3551,-0.0055,-100.9932,0.997054
26.0848,-0.0055,-101.1448,0.997361
25.8370,-0.0055,-101.2838,0.997650
25.5666,-0.0055,-101.4349,0.997959
25.3185,-0.0055,-101.5728,0.998241
25.0701,-0.0055,-101.7100,0.998519
24.7989,-0.0055,-101.8586,0.998842
24.5272,-0.0055,-102.0063,0.999161
24.3006,-0.0055,-102.1289,0.999432
24.0511,-0.0055,-102.2633,0.999723
