183.5325469970703,0.3001302182674408,-23.210695266723633,0.0,0
182.1515350341797,0.299958735704422,-23.11652946472168,1.3842045068740845,1
180.79542541503906,0.29979202151298523,-23.0259952545166,2.7433371543884277,2
179.46412658691406,0.2996401786804199,-22.93767738342285,4.077550411224365,3
178.15231323242188,0.2995116412639618,-22.849971771240234,5.392280578613281,4
176.8505096435547,0.29941147565841675,-22.761322021484375,6.697087287902832,5
175.54737854003906,0.2993417978286743,-22.67048454284668,8.003369331359863,6
174.2322540283203,0.29930180311203003,-22.57671546936035,9.321836471557617,7
172.89712524414062,0.2992885708808899,-22.479862213134766,10.66046142578125,8
171.53817749023438,0.2992975413799286,-22.380346298217773,12.023032188415527,9
170.1550750732422,0.2993239462375641,-22.279033660888672,13.409825325012207,10
168.75050354003906,0.29936283826828003,-22.177030563354492,14.81807804107666,11
167.32852172851562,0.2994098365306854,-22.075529098510742,16.243677139282227,12
165.89366149902344,0.2994612753391266,-21.975627899169922,17.681997299194336,13
164.44981384277344,0.2995145618915558,-21.878225326538086,19.129114151000977,14
163.00015258789062,0.2995679974555969,-21.78400230407715,20.58181381225586,15
161.54678344726562,0.2996203601360321,-21.693418502807617,22.037982940673828,16
160.09097290039062,0.299671471118927,-21.606731414794922,23.49635887145996,17
158.633544921875,0.2997211217880249,-21.52405548095703,24.956113815307617,18
157.17483520507812,0.29976963996887207,-21.445411682128906,26.416927337646484,19
155.71511840820312,0.29981711506843567,-21.370744705200195,27.878538131713867,20
154.25469970703125,0.2998638153076172,-21.299964904785156,29.340673446655273,21
152.7941436767578,0.2999097406864166,-21.232952117919922,30.802753448486328,22
151.33404541015625,0.29995498061180115,-21.16956901550293,32.26421356201172,23
149.87509155273438,0.2999994158744812,-21.109647750854492,33.72437286376953,24
145.4010009765625,0.3001291751861572,-20.947895050048828,38.20135498046875,25
143.90057373046875,0.30017292499542236,-20.899185180664062,39.70256042480469,26
142.36679077148438,0.30021601915359497,-20.851640701293945,41.237064361572266,27
140.8583221435547,0.30025714635849,-20.807697296142578,42.746158599853516,28
139.3193359375,0.30030032992362976,-20.766170501708984,44.28568649291992,29
137.81558227539062,0.3002915382385254,-20.72933006286621,45.78989028930664,30
136.3120880126953,0.3005324900150299,-20.696516036987305,47.29373550415039,31
134.8014373779297,0.3002242147922516,-20.666597366333008,48.80467224121094,32
133.2678985595703,0.30029985308647156,-20.638885498046875,50.33844757080078,33
131.71453857421875,0.30058062076568604,-20.61365509033203,51.891998291015625,34
130.20428466796875,0.3002946376800537,-20.5921573638916,53.402381896972656,35
128.67422485351562,0.30050182342529297,-20.574052810668945,54.93254089355469,36
127.12547302246094,0.3005223870277405,-20.55982208251953,56.48134231567383,37
125.62327575683594,0.3004695773124695,-20.55019760131836,57.983558654785156,38
124.10325622558594,0.30056241154670715,-20.54482650756836,59.50356674194336,39
122.56572723388672,0.3005790710449219,-20.5439395904541,61.041080474853516,40
121.0105209350586,0.30058151483535767,-20.548004150390625,62.59627151489258,41
119.50630950927734,0.30062946677207947,-20.557323455810547,64.10049438476562,42
117.98599243164062,0.3006537854671478,-20.572629928588867,65.62088012695312,43
116.44950866699219,0.30066946148872375,-20.594444274902344,67.15750122070312,44
114.89682006835938,0.3007025420665741,-20.623178482055664,68.71044158935547,45
113.32795715332031,0.3007292151451111,-20.658552169799805,70.27969360351562,46
111.81536102294922,0.30074870586395264,-20.69750213623047,71.79277038574219,47
110.28864288330078,0.3007718026638031,-20.74007797241211,73.32007598876953,48
108.75159454345703,0.3007917106151581,-20.784574508666992,74.85774993896484,49
107.21270751953125,0.30084675550460815,-20.82891845703125,76.39726257324219,50
105.68045806884766,0.3008340895175934,-20.871261596679688,77.93008422851562,51
104.16189575195312,0.30079400539398193,-20.91111183166504,79.44915771484375,52
102.66226196289062,0.30078744888305664,-20.9501895904541,80.94928741455078,53
101.11534118652344,0.30074915289878845,-20.993515014648438,82.49679565429688,54
99.59429168701172,0.3006956875324249,-21.042234420776367,84.01861572265625,55
98.03169250488281,0.30066272616386414,-21.102039337158203,85.58235168457031,56
96.49722290039062,0.30063101649284363,-21.174745559692383,87.11853790283203,57
94.9896240234375,0.30059799551963806,-21.26398468017578,88.62876892089844,58
93.43643951416016,0.3005335330963135,-21.377731323242188,90.18611145019531,59
91.89250946044922,0.30050012469291687,-21.51460838317871,91.73609924316406,60
90.35263061523438,0.3005669116973877,-21.6751651763916,93.2843246459961,61
88.81425476074219,0.30051887035369873,-21.85855484008789,94.8335952758789,62
87.27619934082031,0.30053824186325073,-22.063425064086914,96.3852310180664,63
85.7381591796875,0.3005557060241699,-22.288806915283203,97.939697265625,64
84.19918060302734,0.3005374073982239,-22.53403091430664,99.49808502197266,65
82.65821838378906,0.3005560636520386,-22.798038482666016,101.06149291992188,66
81.17912292480469,0.30056890845298767,-23.067493438720703,102.56492614746094,67
79.69700622558594,0.3005651831626892,-23.352277755737305,104.07415771484375,68
78.21107482910156,0.30058029294013977,-23.651735305786133,105.58995056152344,69
76.72086334228516,0.3005933165550232,-23.96497917175293,107.11271667480469,70
75.225830078125,0.3006008565425873,-24.290821075439453,108.64283752441406,71
73.7251205444336,0.3006111681461334,-24.628259658813477,110.1810073852539,72
72.21815490722656,0.30062559247016907,-24.976598739624023,111.72769165039062,73
70.70479583740234,0.300640732049942,-25.335269927978516,113.28296661376953,74
69.18742370605469,0.3006400763988495,-25.703645706176758,114.84440612792969,75
67.67698669433594,0.30070701241493225,-26.079696655273438,116.40093994140625,76
66.18584442138672,0.30068883299827576,-26.460887908935547,117.94003295898438,77
64.72225189208984,0.30060291290283203,-26.84536361694336,119.45327758789062,78
63.229896545410156,0.3005967438220978,-27.25007438659668,120.99952697753906,79
61.77614212036133,0.300529420375824,-27.659900665283203,122.50994110107422,80
60.30364990234375,0.3004758656024933,-28.094127655029297,124.04512786865234,81
58.81733703613281,0.30043458938598633,-28.555978775024414,125.60154724121094,82
57.375858306884766,0.3003786504268646,-29.029401779174805,127.11878204345703,83
55.925018310546875,0.30033767223358154,-29.534013748168945,128.65487670898438,84
54.469879150390625,0.3002837002277374,-30.07628059387207,130.20779418945312,85
53.06622314453125,0.30025380849838257,-30.639633178710938,131.72030639648438,86
51.66522216796875,0.30019035935401917,-31.24053382873535,133.2447509765625,87
50.268672943115234,0.30015164613723755,-31.873428344726562,134.7780303955078,88
48.87723922729492,0.300098717212677,-32.52974319458008,136.3164825439453,89
47.49166488647461,0.3000510632991791,-33.20042037963867,137.8558349609375,90
46.11433029174805,0.29999813437461853,-33.8819694519043,139.392578125,91
44.7509651184082,0.2999560236930847,-34.58252716064453,140.92543029785156,92
43.409996032714844,0.29990172386169434,-35.3176155090332,142.45472717285156,93
42.094482421875,0.2998408079147339,-36.10655212402344,143.98878479003906,94
40.83082962036133,0.2998352646827698,-36.94484329223633,145.50534057617188,95
39.615665435791016,0.29984232783317566,-37.83561706542969,147.0121612548828,96
38.41644287109375,0.2998255491256714,-38.80036926269531,148.5513916015625,97
37.264190673828125,0.2998104393482208,-39.811607360839844,150.08456420898438,98
36.158302307128906,0.2998238801956177,-40.869384765625,151.614990234375,99
35.10084533691406,0.2998148202896118,-41.972557067871094,153.14324951171875,100
34.09379577636719,0.29981720447540283,-43.11978530883789,154.66989135742188,101
33.1375617980957,0.2998173236846924,-44.30952072143555,156.19639587402344,102
32.23345184326172,0.2998187839984894,-45.539520263671875,157.72303771972656,103
31.383806228637695,0.29982176423072815,-46.80778884887695,159.2497100830078,104
30.59120750427246,0.2998228669166565,-48.112403869628906,160.77633666992188,105
29.85850715637207,0.29982516169548035,-49.45140075683594,162.3028106689453,106
29.189712524414062,0.2998276948928833,-50.82258224487305,163.82852172851562,107
28.58785057067871,0.2998315691947937,-52.22056579589844,165.35069274902344,108
28.052837371826172,0.2998203635215759,-53.63984298706055,166.86758422851562,109
27.584651947021484,0.29981786012649536,-55.07875061035156,168.380859375,110
27.184825897216797,0.29982689023017883,-56.533241271972656,169.88943481445312,111
26.856430053710938,0.29981324076652527,-57.99757385253906,171.39027404785156,112
26.594940185546875,0.29980817437171936,-59.51015090942383,172.92543029785156,113
26.411556243896484,0.29981309175491333,-61.02674102783203,174.45321655273438,114
26.30680274963379,0.2997977137565613,-62.540618896484375,175.9708709716797,115
26.28046989440918,0.2997951805591583,-64.0476303100586,177.478271484375,116
26.336780548095703,0.29978829622268677,-65.58246612548828,179.0143280029297,117
26.48414421081543,0.29978233575820923,-67.09892272949219,180.5381622314453,118
26.727575302124023,0.29977330565452576,-68.59000396728516,182.04925537109375,119
27.07730484008789,0.2997620701789856,-70.08631134033203,183.58615112304688,120
27.519987106323242,0.2997485399246216,-71.5456314086914,185.11135864257812,121
28.04024887084961,0.2997373342514038,-72.96855926513672,186.6265869140625,122
28.625593185424805,0.2997327148914337,-74.35581970214844,188.13241577148438,123
29.286548614501953,0.2997247874736786,-75.7397689819336,189.66622924804688,124
30.007944107055664,0.2997203469276428,-77.08197784423828,191.19015502929688,125
30.79212188720703,0.2997150123119354,-78.37632751464844,192.7036895751953,126
31.642770767211914,0.29971155524253845,-79.61434936523438,194.20602416992188,127
32.58597946166992,0.2997036874294281,-80.81432342529297,195.7325897216797,128
33.60157012939453,0.29969605803489685,-81.9362564086914,197.2462158203125,129
34.685977935791016,0.29968610405921936,-82.9730224609375,198.74681091308594,130
35.85951614379883,0.2996741831302643,-83.94469451904297,200.2707061767578,131
37.0882682800293,0.29966336488723755,-84.8309097290039,201.78594970703125,132
38.36313247680664,0.2996581792831421,-85.63819885253906,203.29513549804688,133
39.6761360168457,0.2996573746204376,-86.36991882324219,204.7984619140625,134
41.05095672607422,0.29965516924858093,-87.04043579101562,206.32826232910156,135
42.45022201538086,0.2996439039707184,-87.63299560546875,207.84799194335938,136
43.868072509765625,0.29963645339012146,-88.15287780761719,209.35829162597656,137
45.2999267578125,0.2996310591697693,-88.60285949707031,210.8593292236328,138
46.775108337402344,0.2996253967285156,-88.9913330078125,212.38494873046875,139
48.25810241699219,0.2996213436126709,-89.30341339111328,213.9005889892578,140
49.74554443359375,0.2996154725551605,-89.53339385986328,215.40591430664062,141
51.25907516479492,0.29964420199394226,-89.67842864990234,216.92662048339844,142
52.787113189697266,0.2995893657207489,-89.72554016113281,218.45570373535156,143
54.29042053222656,0.299524188041687,-89.65851593017578,219.9609375,144
55.802101135253906,0.2994639277458191,-89.45659637451172,221.48655700683594,145
57.27686309814453,0.29940882325172424,-89.1194839477539,222.9998779296875,146
58.72176742553711,0.2993389666080475,-88.6546401977539,224.51821899414062,147
60.11155700683594,0.29927122592926025,-88.06358337402344,226.02903747558594,148
61.439788818359375,0.2992602586746216,-87.3419418334961,227.54124450683594,149
62.688079833984375,0.29925116896629333,-86.49212646484375,229.0519256591797,150
63.852806091308594,0.2992391586303711,-85.53368377685547,230.5607147216797,151
64.94506072998047,0.29924988746643066,-84.49778747558594,232.06631469726562,152
65.98052215576172,0.2992108166217804,-83.40867614746094,233.5692138671875,153
66.98268127441406,0.2991878390312195,-82.2892074584961,235.07176208496094,154
67.97685241699219,0.2991084158420563,-81.15972137451172,236.57647705078125,155
68.9710922241211,0.2989853322505951,-80.03392791748047,238.07846069335938,156
69.97755432128906,0.29883697628974915,-78.9166030883789,239.582275390625,157
70.99920654296875,0.2984875440597534,-77.8144760131836,241.08511352539062,158
72.0189437866211,0.298753947019577,-76.71175384521484,242.5870819091797,159
73.02738952636719,0.29888075590133667,-75.59436798095703,244.09225463867188,160
74.02252960205078,0.2989785969257355,-74.46856689453125,245.5948486328125,161
75.0160140991211,0.29906126856803894,-73.3324203491211,247.10411071777344,162
76.01080322265625,0.2991335690021515,-72.19683074951172,248.6138153076172,163
77.01868438720703,0.299196720123291,-71.06819152832031,250.1269989013672,164
78.05177307128906,0.2992165684700012,-69.95474243164062,251.64593505859375,165
79.10128021240234,0.29926908016204834,-68.87266540527344,253.15341186523438,166
80.18533325195312,0.29930806159973145,-67.81484985351562,254.66812133789062,167
81.3049545288086,0.2993403971195221,-66.78971862792969,256.1862487792969,168
82.45735168457031,0.29937076568603516,-65.80196380615234,257.7041015625,169
83.63663482666016,0.2994001507759094,-64.85257720947266,259.2181091308594,170
84.83961486816406,0.2994292974472046,-63.94639587402344,260.7242736816406,171
86.08563232421875,0.29945898056030273,-63.06840515136719,262.2486267089844,172
87.34636688232422,0.2994886636734009,-62.236263275146484,263.75927734375,173
88.64258575439453,0.29951921105384827,-61.43361282348633,265.283935546875,174
89.94335174560547,0.2995483875274658,-60.67697525024414,266.788818359375,175
91.27146911621094,0.2995787560939789,-59.949195861816406,268.3033142089844,176
92.62371063232422,0.29960930347442627,-59.24907302856445,269.8260803222656,177
93.99752807617188,0.29963958263397217,-58.57658767700195,271.3556823730469,178
95.39200592041016,0.29967015981674194,-57.93565368652344,272.89044189453125,179
96.77203369140625,0.2996993958950043,-57.344947814941406,274.3916015625,180
98.16681671142578,0.29973044991493225,-56.78948974609375,275.8929443359375,181
99.61026763916016,0.29976195096969604,-56.255897521972656,277.431884765625,182
101.064208984375,0.29979419708251953,-55.75446319580078,278.96990966796875,183
102.52559661865234,0.2998262941837311,-55.28339385986328,280.50537109375,184
103.99270629882812,0.2998577058315277,-54.84620666503906,282.0362548828125,185
105.46334838867188,0.2998890280723572,-54.44400405883789,283.5609436035156,186
106.93504333496094,0.29992178082466125,-54.07747268676758,285.07763671875,187
108.4051284790039,0.2999540865421295,-53.74831771850586,286.58416748046875,188
109.91534423828125,0.29998651146888733,-53.44835662841797,288.1239013671875,189
111.4195556640625,0.30001968145370483,-53.18683624267578,289.65069580078125,190
112.91413879394531,0.3000517785549164,-52.96126174926758,291.1622314453125,191
114.44400787353516,0.3000850975513458,-52.76492691040039,292.7046813964844,192
115.95929718017578,0.30011630058288574,-52.605140686035156,294.2283935546875,193
117.50444030761719,0.30015602707862854,-52.47834777832031,295.77874755859375,194
119.01911163330078,0.30019572377204895,-52.391929626464844,297.2959289550781,195
120.5420913696289,0.30020245909690857,-52.34233093261719,298.81976318359375,196
122.06695556640625,0.30020809173583984,-52.322364807128906,300.3447570800781,197
123.58584594726562,0.3002226650714874,-52.322425842285156,301.8636474609375,198
125.13090515136719,0.30024006962776184,-52.333858489990234,303.40875244140625,199
126.63760375976562,0.30016693472862244,-52.350433349609375,304.91552734375,200
128.1481170654297,0.3001423478126526,-52.372169494628906,306.4261779785156,201
129.66094970703125,0.3000672161579132,-52.39833068847656,307.9392395019531,202
131.1832275390625,0.300029456615448,-52.429996490478516,309.46185302734375,203
132.7127227783203,0.3000137507915497,-52.46977615356445,310.9918518066406,204
134.23609924316406,0.29998764395713806,-52.51701736450195,312.5159606933594,205
135.73724365234375,0.2999109625816345,-52.56835174560547,314.0179748535156,206
137.2710723876953,0.29994118213653564,-52.623069763183594,315.5527648925781,207
138.78855895996094,0.2997881770133972,-52.67823791503906,317.0712585449219,208
140.31631469726562,0.2996542453765869,-52.736480712890625,318.60009765625,209
141.83724975585938,0.2996143400669098,-52.80229187011719,320.1224670410156,210
143.3371124267578,0.29952749609947205,-52.891265869140625,321.625,211
144.85769653320312,0.2994634807109833,-53.02655792236328,323.15167236328125,212
146.35220336914062,0.2993936538696289,-53.23455810546875,324.6607971191406,213
147.82273864746094,0.29940763115882874,-53.54204559326172,326.16351318359375,214
149.2686004638672,0.29938405752182007,-53.97773742675781,327.6741638183594,215
150.6649627685547,0.29936572909355164,-54.562950134277344,329.1889343261719,216
151.98866271972656,0.29935136437416077,-55.30350112915039,330.7065124511719,217
153.219970703125,0.2993415296077728,-56.1924934387207,332.22613525390625,218
154.32823181152344,0.2993301451206207,-57.228050231933594,333.7440185546875,219
155.284423828125,0.2993050217628479,-58.40324020385742,335.26019287109375,220
156.07351684570312,0.29930493235588074,-59.686561584472656,336.7677917480469,221
156.69593811035156,0.2993090748786926,-61.06434631347656,338.28070068359375,222
157.142822265625,0.2993161976337433,-62.520870208740234,339.8052673339844,223
157.40081787109375,0.29931947588920593,-64.01188659667969,341.3194274902344,224
157.4785614013672,0.2993317246437073,-65.51945495605469,342.829833984375,225
157.40492248535156,0.2993427515029907,-67.03071594238281,344.3433837890625,226
157.23272705078125,0.2993619441986084,-68.52252197265625,345.8453063964844,227
157.01852416992188,0.2993861436843872,-70.03359985351562,347.3715515136719,228
156.79782104492188,0.2994248867034912,-71.53179931640625,348.885986328125,229
156.5889892578125,0.2994737923145294,-73.02436065673828,350.3931579589844,230
156.40982055664062,0.2995293438434601,-74.53649139404297,351.9159851074219,231
156.2847137451172,0.29958099126815796,-76.03194427490234,353.4167785644531,232
156.21766662597656,0.29962608218193054,-77.53459930419922,354.9210510253906,233
156.20025634765625,0.2996760308742523,-79.03829193115234,356.4249572753906,234
156.22943115234375,0.2997317910194397,-80.57276916503906,357.9598388671875,235
156.30897521972656,0.2997852861881256,-82.09468078613281,359.48394775390625,236
156.4442138671875,0.2998392879962921,-83.59368896484375,360.98919677734375,237
156.64231872558594,0.2998877465724945,-85.10041046142578,362.509033203125,238
156.90420532226562,0.29993966221809387,-86.60859680175781,364.0399475097656,239
157.22833251953125,0.2999861538410187,-88.1120834350586,365.578125,240
157.6115264892578,0.30002981424331665,-89.60438537597656,367.1189880371094,241
158.0476837158203,0.3001454174518585,-91.06495666503906,368.6434326171875,242
158.54237365722656,0.3000703454017639,-92.51918029785156,370.17962646484375,243
159.09158325195312,0.30013975501060486,-93.96450805664062,371.72589111328125,244
159.6709747314453,0.3001103699207306,-95.35721588134766,373.2344055175781,245
160.28819274902344,0.30013754963874817,-96.74373626708984,374.7521667480469,246
160.93490600585938,0.30013683438301086,-98.12681579589844,376.2790222167969,247
161.60694885253906,0.3001522719860077,-99.50772857666016,377.8148498535156,248
162.30264282226562,0.30015960335731506,-100.88670349121094,379.35943603515625,249
162.99838256835938,0.30017268657684326,-102.21988677978516,380.86328125,250
163.7140655517578,0.30018752813339233,-103.5468978881836,382.37103271484375,251
164.44801330566406,0.3001849949359894,-104.86458587646484,383.87939453125,252
165.19940185546875,0.3001873195171356,-106.17115020751953,385.38665771484375,253
165.96737670898438,0.30018678307533264,-107.46504211425781,386.8913269042969,254
166.75096130371094,0.3001832962036133,-108.74514770507812,388.3922424316406,255
167.5755615234375,0.3001798093318939,-110.05120849609375,389.9368896484375,256
168.41729736328125,0.30017608404159546,-111.34026336669922,391.4764709472656,257
169.27932739257812,0.30017420649528503,-112.60950469970703,393.0108337402344,258
170.1660919189453,0.30017128586769104,-113.85478210449219,394.5396423339844,259
171.08096313476562,0.3001662790775299,-115.07246398925781,396.0627746582031,260
172.02523803710938,0.300161749124527,-116.26028442382812,397.58026123046875,261
172.99896240234375,0.3001559376716614,-117.41669464111328,399.09210205078125,262
174.0018310546875,0.3001527190208435,-118.54039001464844,400.59832763671875,263
175.03482055664062,0.30014950037002563,-119.62834167480469,402.0986328125,264
176.13356018066406,0.3001450300216675,-120.70832061767578,403.6393737792969,265
177.26797485351562,0.30014148354530334,-121.74029541015625,405.173095703125,266
178.43955993652344,0.3001372516155243,-122.71837615966797,406.6994323730469,267
179.64845275878906,0.3001304268836975,-123.63726806640625,408.21807861328125,268
180.89305114746094,0.3001227080821991,-124.49372863769531,409.7290344238281,269
182.1693572998047,0.3001142144203186,-125.28804016113281,411.2324523925781,270
183.50599670410156,0.30012306571006775,-126.04346466064453,412.7679138183594,271
184.84274291992188,0.30009645223617554,-126.73300170898438,414.2721252441406,272
186.20655822753906,0.30005180835723877,-127.37262725830078,415.7785949707031,273
187.59483337402344,0.30001163482666016,-127.95303344726562,417.2834777832031,274
189.04348754882812,0.2999744713306427,-128.47279357910156,418.8227844238281,275
190.51805114746094,0.29990464448928833,-128.90126037597656,420.358642578125,276
191.99681091308594,0.29989418387413025,-129.22439575195312,421.87261962890625,277
193.480712890625,0.29988640546798706,-129.44479370117188,423.37310791015625,278
195.0072479248047,0.2998698055744171,-129.56988525390625,424.9050598144531,279
196.5386505126953,0.29986780881881714,-129.5977020263672,426.43701171875,280
198.07211303710938,0.2998776137828827,-129.53065490722656,427.9721984863281,281
199.5661163330078,0.29987168312072754,-129.37994384765625,429.4740295410156,282
201.056396484375,0.29988035559654236,-129.15223693847656,430.9818115234375,283
202.54161071777344,0.2998826801776886,-128.85281372070312,432.4971008300781,284
204.02061462402344,0.29988932609558105,-128.48695373535156,434.0208435058594,285
205.4920654296875,0.29989874362945557,-128.05931091308594,435.5533142089844,286
206.9160919189453,0.2998974323272705,-127.58635711669922,437.0539855957031,287
208.3480224609375,0.2999589145183563,-127.05406188964844,438.581787109375,288
209.76235961914062,0.29988938570022583,-126.47163391113281,440.1114807128906,289
211.14903259277344,0.29985153675079346,-125.84068298339844,441.63507080078125,290
212.50634765625,0.29982203245162964,-125.16259002685547,443.1524963378906,291
213.82894897460938,0.29978689551353455,-124.43489837646484,444.6622314453125,292
215.1182098388672,0.29973354935646057,-123.65020751953125,446.1717224121094,293
216.3758544921875,0.2997356057167053,-122.79375457763672,447.6935729980469,294
217.56112670898438,0.2997250258922577,-121.87397766113281,449.1942138671875,295
218.68185424804688,0.2997073829174042,-120.86123657226562,450.7052307128906,296
219.71871948242188,0.29969629645347595,-119.74983215332031,452.22576904296875,297
220.64175415039062,0.29970142245292664,-118.56035614013672,453.73199462890625,298
221.4580841064453,0.29967206716537476,-117.27301788330078,455.2569885253906,299
222.13499450683594,0.2996683418750763,-115.9245834350586,456.7665710449219,300
222.66883850097656,0.29965683817863464,-114.50171661376953,458.2871398925781,301
223.041259765625,0.2996463179588318,-113.01958465576172,459.8162536621094,302
223.2326202392578,0.2996317744255066,-111.52725982666016,461.32183837890625,303
223.23646545410156,0.2996149957180023,-110.01797485351562,462.83221435546875,304
223.0458984375,0.29959550499916077,-108.51582336425781,464.3475036621094,305
222.66477966308594,0.29958635568618774,-107.03871154785156,465.8740234375,306
222.1109619140625,0.29956701397895813,-105.62943267822266,467.3891906738281,307
221.3939971923828,0.2995665669441223,-104.30208587646484,468.8987731933594,308
220.5237579345703,0.2995651960372925,-103.07481384277344,470.40423583984375,309
219.5131378173828,0.2995641827583313,-101.9632797241211,471.907470703125,310
218.37631225585938,0.29956337809562683,-100.98058319091797,473.4110412597656,311
217.12960815429688,0.29955682158470154,-100.1327133178711,474.9195251464844,312
215.79075622558594,0.2995615005493164,-99.41629028320312,476.43865966796875,313
214.4007568359375,0.29957154393196106,-98.84046173095703,477.94378662109375,314
212.94586181640625,0.29958298802375793,-98.3910140991211,479.467041015625,315
211.46473693847656,0.2995954155921936,-98.07177734375,480.9826354980469,316
209.9691925048828,0.29960688948631287,-97.87390899658203,482.4916076660156,317
208.44444274902344,0.29964715242385864,-97.78174591064453,484.0193786621094,318
206.91847229003906,0.29960528016090393,-97.7632064819336,485.5455322265625,319
205.40142822265625,0.29960009455680847,-97.76232147216797,487.0625915527344,320
203.8896484375,0.2996058762073517,-97.7327880859375,488.5747375488281,321
202.38047790527344,0.29960504174232483,-97.63097381591797,490.0875549316406,322
200.88552856445312,0.29959094524383545,-97.42569732666016,491.5968322753906,323
199.41246032714844,0.2995891869068146,-97.11386108398438,493.10284423828125,324
197.962890625,0.299589604139328,-96.71038818359375,494.60772705078125,325
196.53610229492188,0.2995932400226593,-96.22711944580078,496.11431884765625,326
195.1336212158203,0.2995951175689697,-95.67044067382812,497.6234436035156,327
193.76625061035156,0.2995948791503906,-95.030517578125,499.1334228515625,328
192.44619750976562,0.2995949685573578,-94.29827880859375,500.6432800292969,329
191.18397521972656,0.2995975613594055,-93.4722900390625,502.152099609375,330
189.9943084716797,0.29959383606910706,-92.55530548095703,503.6545715332031,331
188.87356567382812,0.2995903193950653,-91.53062438964844,505.1736145019531,332
187.8617706298828,0.29957669973373413,-90.42161560058594,506.6753845214844,333
186.95248413085938,0.29956865310668945,-89.21035766601562,508.19061279296875,334
186.1654510498047,0.2995566427707672,-87.90106964111328,509.718994140625,335
185.53268432617188,0.2995443046092987,-86.52796173095703,511.231689453125,336
185.0615692138672,0.29953905940055847,-85.10356903076172,512.7328491210938,337
184.75132751464844,0.2995292842388153,-83.61579895019531,514.2534790039062,338
184.60801696777344,0.29952722787857056,-82.1056900024414,515.7711791992188,339
184.6292266845703,0.29952794313430786,-80.58769226074219,517.2901611328125,340
184.81700134277344,0.2995302677154541,-79.08059692382812,518.8097534179688,341
185.1758270263672,0.29953134059906006,-77.60562896728516,520.3286743164062,342
185.70462036132812,0.2995242476463318,-76.18203735351562,521.8482055664062,343
186.39273071289062,0.2995314598083496,-74.81786346435547,523.3768920898438,344
187.2073211669922,0.2995399236679077,-73.53913116455078,524.8936767578125,345
188.12437438964844,0.29954928159713745,-72.34024047851562,526.403564453125,346
189.12542724609375,0.29956963658332825,-71.21513366699219,527.909912109375,347
190.19754028320312,0.2995855510234833,-70.16156768798828,529.4133911132812,348
191.33035278320312,0.29960572719573975,-69.17433166503906,530.916259765625,349
192.51712036132812,0.29962459206581116,-68.2523193359375,532.4193115234375,350
193.75283813476562,0.2996484637260437,-67.39661407470703,533.922607421875,351
195.03146362304688,0.29967057704925537,-66.60783386230469,535.4251708984375,352
196.3463134765625,0.2996920347213745,-65.88490295410156,536.9258422851562,353
197.72154235839844,0.29971686005592346,-65.21044158935547,538.4577026367188,354
199.12376403808594,0.2997400164604187,-64.60308837890625,539.9859619140625,355
200.5491943359375,0.29976165294647217,-64.06775665283203,541.5087890625,356
201.9922637939453,0.2997853755950928,-63.60276412963867,543.0250854492188,357
203.44667053222656,0.2998073995113373,-63.20218276977539,544.5337524414062,358
204.94329833984375,0.2998332679271698,-62.848968505859375,546.0715942382812,359
206.44219970703125,0.29985687136650085,-62.54703140258789,547.6006469726562,360
207.939697265625,0.29988017678260803,-62.29533767700195,549.1192016601562,361
209.4325714111328,0.2999044358730316,-62.098209381103516,550.6251220703125,362
210.95782470703125,0.2999263405799866,-61.95753479003906,552.1569213867188,363
212.47227478027344,0.2999487519264221,-61.881649017333984,553.6734008789062,364
214.01165771484375,0.29997774958610535,-61.87310028076172,555.2129516601562,365
215.52540588378906,0.2999955415725708,-61.935420989990234,556.7280883789062,366
217.04869079589844,0.3000066578388214,-62.06888198852539,558.25732421875,367
218.57762145996094,0.30002260208129883,-62.27413558959961,559.8001098632812,368
220.0654296875,0.30003270506858826,-62.544471740722656,561.3124389648438,369
221.5510711669922,0.30004647374153137,-62.88593292236328,562.8369750976562,370
223.03053283691406,0.30005863308906555,-63.300235748291016,564.3734741210938,371
224.45779418945312,0.300069123506546,-63.77370834350586,565.8773803710938,372
225.87176513671875,0.3000814616680145,-64.31747436523438,567.3924560546875,373
227.26991271972656,0.30009233951568604,-64.92990112304688,568.9190063476562,374
228.6504669189453,0.3001048266887665,-65.60800170898438,570.4572143554688,375
229.97210693359375,0.3001176118850708,-66.3262710571289,571.9615478515625,376
231.27427673339844,0.3001290559768677,-67.1015396118164,573.4771118164062,377
232.55581665039062,0.30014169216156006,-67.93168640136719,575.004150390625,378
233.81614685058594,0.3001537621021271,-68.81414031982422,576.5427856445312,379
235.0179443359375,0.30016642808914185,-69.71711730957031,578.0460815429688,380
236.1995086669922,0.30017951130867004,-70.66445922851562,579.5606079101562,381
237.35879516601562,0.30019280314445496,-71.65601348876953,581.086181640625,382
238.492919921875,0.30020296573638916,-72.69243621826172,582.6226196289062,383
239.599609375,0.3002161979675293,-73.7738037109375,584.1699829101562,384
240.6422576904297,0.30023401975631714,-74.86263275146484,585.6776123046875,385
241.6517791748047,0.30024492740631104,-75.9858169555664,587.1879272460938,386
242.62413024902344,0.30026188492774963,-77.13569641113281,588.6939086914062,387
243.56723022460938,0.30013638734817505,-78.31824493408203,590.2066040039062,388
244.4779052734375,0.3003341257572174,-79.53034210205078,591.7227783203125,389
245.35667419433594,0.30019062757492065,-80.77091217041016,593.2431640625,390
246.20436096191406,0.30029043555259705,-82.03941345214844,594.7689208984375,391
247.0208740234375,0.3002437949180603,-83.33476257324219,596.3002319335938,392
247.80462646484375,0.30028146505355835,-84.6567611694336,597.8372192382812,393
248.55221557617188,0.3002709150314331,-86.00560760498047,599.3795166015625,394
249.26010131835938,0.3002866804599762,-87.38153076171875,600.927001953125,395
249.90447998046875,0.3002871870994568,-88.73854064941406,602.4293823242188,396
250.50650024414062,0.30029651522636414,-90.11996459960938,603.9364624023438,397
251.0640869140625,0.300300657749176,-91.52471923828125,605.447998046875,398
251.57568359375,0.3003096580505371,-92.95105743408203,606.9635009765625,399
252.04031372070312,0.3003108501434326,-94.39707946777344,608.4825439453125,400
252.45716857910156,0.3003183901309967,-95.86119842529297,610.0050048828125,401
252.82550048828125,0.3003218173980713,-97.34178924560547,611.5309448242188,402
253.14404296875,0.3003266751766205,-98.83727264404297,613.0601806640625,403
253.41018676757812,0.30033236742019653,-100.3460922241211,614.592529296875,404
253.62069702148438,0.3003356456756592,-101.8664779663086,616.1276245117188,405
253.77236938476562,0.3003403842449188,-103.39643096923828,617.665283203125,406
253.86227416992188,0.30034348368644714,-104.93360137939453,619.205322265625,407
253.88902282714844,0.30034634470939636,-106.47552490234375,620.7477416992188,408
253.8526153564453,0.30035027861595154,-108.01972961425781,622.2926025390625,409
253.75497436523438,0.30035290122032166,-109.56401062011719,623.8402099609375,410
253.59957885742188,0.30035778880119324,-111.10667419433594,625.390869140625,411
253.39767456054688,0.30036258697509766,-112.59495544433594,626.8930053710938,412
253.1480712890625,0.30036595463752747,-114.07938385009766,628.3984985351562,413
252.8539276123047,0.30037161707878113,-115.55952453613281,629.9077758789062,414
252.51744079589844,0.3003776967525482,-117.03466796875,631.4209594726562,415
252.1397705078125,0.30038201808929443,-118.5040054321289,632.938232421875,416
251.72125244140625,0.30038905143737793,-119.96666717529297,634.4597778320312,417
251.26174926757812,0.3003941774368286,-121.42145538330078,635.985595703125,418
250.7611083984375,0.3004001975059509,-122.86713409423828,637.5156860351562,419
250.218994140625,0.3004063069820404,-124.30229187011719,639.0499877929688,420
249.63519287109375,0.30041226744651794,-125.72555541992188,640.5885009765625,421
249.0095977783203,0.3004171848297119,-127.13545227050781,642.1311645507812,422
248.3406982421875,0.30042463541030884,-128.52967834472656,643.677734375,423
247.6250762939453,0.30043065547943115,-129.90435791015625,645.2277221679688,424
246.8596954345703,0.3004342019557953,-131.25555419921875,646.7808227539062,425
246.07171630859375,0.3004385828971863,-132.5344696044922,648.283203125,426
245.2357940673828,0.3004418909549713,-133.78599548339844,649.7883911132812,427
244.35345458984375,0.3004457652568817,-135.00894165039062,651.296630859375,428
243.42660522460938,0.3004522919654846,-136.2024383544922,652.8079833984375,429
242.45738220214844,0.30045512318611145,-137.36595153808594,654.322509765625,430
241.44775390625,0.30046093463897705,-138.49896240234375,655.8402709960938,431
240.39920043945312,0.3004651367664337,-139.60057067871094,657.3612670898438,432
239.31298828125,0.3004699945449829,-140.66976928710938,658.8856201171875,433
238.1903839111328,0.30047518014907837,-141.70542907714844,660.4131469726562,434
237.03231811523438,0.30048033595085144,-142.7064208984375,661.9440307617188,435
235.83995056152344,0.3004847764968872,-143.6715087890625,663.4781494140625,436
234.6144256591797,0.30048951506614685,-144.6000213623047,665.015869140625,437
233.35662841796875,0.30049145221710205,-145.4918975830078,666.5579223632812,438
232.06747436523438,0.3004976511001587,-146.34788513183594,668.1055297851562,439
230.7481689453125,0.30050650238990784,-147.1689910888672,669.6596069335938,440
229.44874572753906,0.3005141317844391,-147.92868041992188,671.1649780273438,441
228.12362670898438,0.300523042678833,-148.65765380859375,672.677490234375,442
226.7737274169922,0.30053281784057617,-149.35679626464844,674.1978149414062,443
225.3997344970703,0.3005404770374298,-150.0274658203125,675.7268676757812,444
224.002685546875,0.30055636167526245,-150.6709442138672,677.2650756835938,445
222.58364868164062,0.3005659878253937,-151.28839111328125,678.812744140625,446
221.14370727539062,0.30057960748672485,-151.88087463378906,680.3699340820312,447
219.7381134033203,0.30059102177619934,-152.4285888671875,681.8786010742188,448
218.31454467773438,0.30060288310050964,-152.95481872558594,683.3964233398438,449
216.87356567382812,0.30061525106430054,-153.46055603027344,684.9236450195312,450
215.4156036376953,0.30062785744667053,-153.94654846191406,686.4605712890625,451
213.94100952148438,0.30064132809638977,-154.4135284423828,688.0074462890625,452
212.45022583007812,0.300653874874115,-154.86251831054688,689.564453125,453
211.00186157226562,0.30066725611686707,-155.27835083007812,691.0714111328125,454
209.53892517089844,0.3006801903247833,-155.67919921875,692.58837890625,455
208.0613555908203,0.30069461464881897,-156.06515502929688,694.1156005859375,456
206.56906127929688,0.3007086217403412,-156.43597412109375,695.6533813476562,457
205.06190490722656,0.3007243275642395,-156.79086303710938,697.2018432617188,458
203.5398406982422,0.3007393777370453,-157.12855529785156,698.760986328125,459
202.06455993652344,0.30075371265411377,-157.43511962890625,700.2678833007812,460
200.5754852294922,0.3007684350013733,-157.7233123779297,701.78466796875,461
199.07272338867188,0.3007819950580597,-157.9925079345703,703.3114013671875,462
197.5565643310547,0.30079740285873413,-158.24314880371094,704.8482055664062,463
196.02725219726562,0.30081045627593994,-158.47650146484375,706.395263671875,464
194.48501586914062,0.3008260130882263,-158.6935577392578,707.9527587890625,465
192.99510192871094,0.3008400499820709,-158.8870086669922,709.4552612304688,466
191.49363708496094,0.30085521936416626,-159.06668090820312,710.967529296875,467
189.98138427734375,0.3008563220500946,-159.2326202392578,712.4889526367188,468
188.46812438964844,0.3009600043296814,-159.3839569091797,714.0098266601562,469
186.95616149902344,0.3009277582168579,-159.5222625732422,715.5281982421875,470
185.43618774414062,0.30072131752967834,-159.6504669189453,717.0536499023438,471
183.90919494628906,0.30101630091667175,-159.76971435546875,718.5853271484375,472
182.37620544433594,0.3008787930011749,-159.88168334960938,720.1224365234375,473
180.83668518066406,0.3008679449558258,-159.98822021484375,721.6657104492188,474
179.2908477783203,0.30096763372421265,-160.09141540527344,723.2150268554688,475
177.7389678955078,0.30090680718421936,-160.19329833984375,724.7703247070312,476
176.1809539794922,0.3009363114833832,-160.29556274414062,726.3317260742188,477
174.616943359375,0.30095842480659485,-160.3990936279297,727.8992309570312,478
173.11538696289062,0.3009500801563263,-160.4996337890625,729.4041748046875,479
171.60829162597656,0.3009651005268097,-160.60108947753906,730.9147338867188,480
170.09561157226562,0.30097824335098267,-160.702392578125,732.4308471679688,481
168.5772705078125,0.3009817898273468,-160.80291748046875,733.9525756835938,482
167.05325317382812,0.3009919822216034,-160.90261840820312,735.4799194335938,483
165.52357482910156,0.3010028898715973,-161.00157165527344,737.0128784179688,484
163.98826599121094,0.30101022124290466,-161.1002655029297,738.5513916015625,485
162.44741821289062,0.3010193407535553,-161.19915771484375,740.095458984375,486
160.90126037597656,0.301028847694397,-161.29856872558594,741.6448974609375,487
159.35076904296875,0.3010418117046356,-161.39877319335938,743.1986694335938,488
157.79905700683594,0.3010479807853699,-161.5,744.7537231445312,489
156.2544403076172,0.30109432339668274,-161.60231018066406,746.3017578125,490
154.72776794433594,0.30109119415283203,-161.70547485351562,747.8319702148438,491
153.2283172607422,0.30104875564575195,-161.80934143066406,749.3350830078125,492
151.69606018066406,0.3009892404079437,-161.91879272460938,750.8712768554688,493
150.14022827148438,0.3009468615055084,-162.03392028808594,752.431396484375,494
148.63258361816406,0.30083462595939636,-162.1496124267578,753.9435424804688,495
147.11883544921875,0.30084681510925293,-162.26963806152344,755.4620971679688,496
145.60247802734375,0.30067381262779236,-162.393310546875,756.9835205078125,497
144.08860778808594,0.3006923496723175,-162.51913452148438,758.502685546875,498
142.58302307128906,0.3005596399307251,-162.64463806152344,760.0135498046875,499
141.0402069091797,0.3005102276802063,-162.7713623046875,761.5616455078125,500
139.51376342773438,0.30039480328559875,-162.8932647705078,763.093017578125,501
137.9992218017578,0.30035385489463806,-163.01046752929688,764.6121215820312,502
136.4974365234375,0.3002931475639343,-163.12396240234375,766.1182250976562,503
134.9752960205078,0.3002396523952484,-163.23806762695312,767.6447143554688,504
133.43975830078125,0.30003684759140015,-163.35226440429688,769.1845703125,505
131.92547607421875,0.3001386225223541,-163.46261596679688,770.7029418945312,506
130.40052795410156,0.30003756284713745,-163.57081604003906,772.2317504882812,507
128.8806915283203,0.2999565303325653,-163.6739501953125,773.755126953125,508
127.37500762939453,0.29989388585090637,-163.76666259765625,775.2637329101562,509
125.84696960449219,0.2998281419277191,-163.83737182617188,776.7935180664062,510
124.32144165039062,0.299771785736084,-163.86160278320312,778.3193969726562,511
122.81977844238281,0.2997210919857025,-163.81500244140625,779.822021484375,512
121.3001937866211,0.29972362518310547,-163.6680908203125,781.34912109375,513
119.80587768554688,0.2996930778026581,-163.38673400878906,782.870361328125,514
118.35445404052734,0.2996557354927063,-162.9478302001953,784.3875732421875,515
116.9642562866211,0.2996467351913452,-162.335205078125,785.9078369140625,516
115.66790008544922,0.29964420199394226,-161.54312133789062,787.4282836914062,517
114.50428009033203,0.2996253967285156,-160.57260131835938,788.9448852539062,518
113.48884582519531,0.2995932996273041,-159.4427032470703,790.4651489257812,519
112.62776184082031,0.29958802461624146,-158.2007293701172,791.9774169921875,520
111.93292236328125,0.29959672689437866,-156.86463928222656,793.4844970703125,521
111.42230224609375,0.29958808422088623,-155.4277801513672,795.010498046875,522
111.1045913696289,0.29958683252334595,-153.93846130371094,796.5343627929688,523
110.9710693359375,0.2995847761631012,-152.42141723632812,798.0581665039062,524
111.01876831054688,0.29958340525627136,-150.92144775390625,799.559814453125,525
111.24081420898438,0.2995836138725281,-149.42739868164062,801.071044921875,526
111.6137924194336,0.2995910942554474,-147.97203063964844,802.5740356445312,527
112.11548614501953,0.2996038496494293,-146.55780029296875,804.0750732421875,528
112.73370361328125,0.2996136546134949,-145.1847381591797,805.581298828125,529
113.45445251464844,0.29963773488998413,-143.8450927734375,807.102783203125,530
114.24683380126953,0.2996649444103241,-142.55601501464844,808.6161499023438,531
115.10316467285156,0.2996918261051178,-141.31224060058594,810.1264038085938,532
116.02029418945312,0.2997353672981262,-140.10867309570312,811.6397705078125,533
116.9959487915039,0.2997828722000122,-138.94686889648438,813.1571044921875,534
118.02681732177734,0.29982835054397583,-137.8330841064453,814.6749267578125,535
119.10574340820312,0.29988113045692444,-136.77207946777344,816.1882934570312,536
120.22283935546875,0.299930602312088,-135.7676239013672,817.6907348632812,537
121.3985366821289,0.299983948469162,-134.79969787597656,819.2138061523438,538
122.62130737304688,0.30003872513771057,-133.874267578125,820.7474365234375,539
123.87509155273438,0.30008912086486816,-132.99899291992188,822.2766723632812,540
125.1369857788086,0.3001358211040497,-132.1775665283203,823.782470703125,541
126.41828918457031,0.3001083731651306,-131.380859375,825.2913208007812,542
127.73021697998047,0.3001282811164856,-130.57763671875,826.8296508789062,543
129.0138397216797,0.30011555552482605,-129.78302001953125,828.33935546875,544
130.29017639160156,0.30007481575012207,-128.97129821777344,829.8519897460938,545
131.54393005371094,0.30003419518470764,-128.13232421875,831.3607177734375,546
132.78158569335938,0.29998719692230225,-127.22770690917969,832.8939208984375,547
133.95103454589844,0.29994985461235046,-126.26778411865234,834.4071655273438,548
135.0604248046875,0.2998964786529541,-125.22220611572266,835.9320068359375,549
136.07969665527344,0.29981985688209534,-124.09732818603516,837.450439453125,550
136.99159240722656,0.2998543083667755,-122.90201568603516,838.9544067382812,551
137.79876708984375,0.299833208322525,-121.61166381835938,840.47705078125,552
138.4629364013672,0.29981404542922974,-120.2610092163086,841.9829711914062,553
138.9761962890625,0.29980605840682983,-118.83307647705078,843.5012817382812,554
139.31427001953125,0.29979225993156433,-117.34430694580078,845.0289916992188,555
139.45811462402344,0.29976794123649597,-115.8453369140625,846.5359497070312,556
139.40403747558594,0.29976147413253784,-114.32695770263672,848.056396484375,557
139.1502227783203,0.29974544048309326,-112.84503936767578,849.5610961914062,558
138.69284057617188,0.2997473478317261,-111.38739013671875,851.0899658203125,559
138.04698181152344,0.29973214864730835,-110.00104522705078,852.620361328125,560
137.25291442871094,0.29973065853118896,-108.71733856201172,854.130615234375,561
136.3251495361328,0.2997448444366455,-107.50426483154297,855.6583251953125,562
135.30795288085938,0.29975801706314087,-106.37661743164062,857.1773681640625,563
134.21885681152344,0.2997726798057556,-105.32568359375,858.691162109375,564
133.06753540039062,0.2997916638851166,-104.35066986083984,860.2001342773438,565
131.86001586914062,0.29981595277786255,-103.45704650878906,861.70263671875,566
130.57164001464844,0.29983335733413696,-102.63551330566406,863.23095703125,567
129.23696899414062,0.29985103011131287,-101.90800476074219,864.7512817382812,568
127.86756134033203,0.2998708188533783,-101.26698303222656,866.2634887695312,569
126.47455596923828,0.2998906075954437,-100.70210266113281,867.766845703125,570
125.03126525878906,0.29991117119789124,-100.19507598876953,869.2967529296875,571
123.57633972167969,0.2999335825443268,-99.75701904296875,870.8163452148438,572
122.1148681640625,0.2999536097049713,-99.386962890625,872.3240966796875,573
120.61346435546875,0.29997771978378296,-99.08011627197266,873.856689453125,574
119.11297607421875,0.29999634623527527,-98.8537826538086,875.3743286132812,575
117.61878204345703,0.3000173270702362,-98.71074676513672,876.8755493164062,576
116.09666442871094,0.3000355362892151,-98.64927673339844,878.3991088867188,577
114.59172058105469,0.30005601048469543,-98.66986846923828,879.9043579101562,578
113.06861114501953,0.3000763952732086,-98.7721939086914,881.4310913085938,579
111.57369232177734,0.3000950515270233,-98.9533462524414,882.9371337890625,580
110.07011413574219,0.3001142144203186,-99.21631622314453,884.4636840820312,581
108.6031723022461,0.3001317083835602,-99.54912567138672,885.9680786132812,582
107.13239288330078,0.30015042424201965,-99.95235443115234,887.4932250976562,583
105.70046997070312,0.30017194151878357,-100.40550231933594,888.9952392578125,584
104.26647186279297,0.3001914918422699,-100.9159927368164,890.5175170898438,585
102.83231353759766,0.30021244287490845,-101.48368835449219,892.06005859375,586
101.4427490234375,0.30023202300071716,-102.09107208251953,893.57666015625,587
100.05757141113281,0.3002510666847229,-102.7546615600586,895.1126708984375,588
98.71914672851562,0.3002709150314331,-103.4501953125,896.62109375,589
97.38544464111328,0.3002904951572418,-104.19445037841797,898.1484985351562,590
96.0557861328125,0.30031052231788635,-104.98448181152344,899.6951904296875,591
94.77163696289062,0.3003312945365906,-105.79195404052734,901.212158203125,592
93.49249267578125,0.30035102367401123,-106.64087677001953,902.7474365234375,593
92.22359466552734,0.30038130283355713,-107.5289306640625,904.2962646484375,594
90.97967529296875,0.3004443049430847,-108.44718933105469,905.8424682617188,595
89.7919692993164,0.30028384923934937,-109.36991119384766,907.3465576171875,596
88.62696838378906,0.3004944622516632,-110.3218765258789,908.85107421875,597
87.4854507446289,0.30033040046691895,-111.30097198486328,910.3550415039062,598
86.36759185791016,0.3004407286643982,-112.3064956665039,911.858642578125,599
85.2739028930664,0.3003719747066498,-113.3371810913086,913.3615112304688,600
84.20464324951172,0.30041253566741943,-114.39230346679688,914.86376953125,601
83.16104125976562,0.30038970708847046,-115.47164154052734,916.3651733398438,602
82.14407348632812,0.30040085315704346,-116.57502746582031,917.8657836914062,603
81.12242889404297,0.3003953993320465,-117.74021911621094,919.41552734375,604
80.13395690917969,0.3003982901573181,-118.9321060180664,920.9640502929688,605
79.1823959350586,0.3003958463668823,-120.15189361572266,922.5111694335938,606
78.270751953125,0.3003956973552704,-121.39998626708984,924.0568237304688,607
77.40145874023438,0.30039432644844055,-122.67607879638672,925.6009521484375,608
76.57564544677734,0.30039265751838684,-123.97897338867188,927.1436157226562,609
75.79341125488281,0.3003918528556824,-125.30687713623047,928.6848754882812,610
75.05401611328125,0.3003912568092346,-126.65763854980469,930.224853515625,611
74.35742950439453,0.3003910779953003,-128.02957153320312,931.7636108398438,612
73.70533752441406,0.300390362739563,-129.421630859375,933.3009033203125,613
73.10067749023438,0.30038967728614807,-130.83316040039062,934.8365478515625,614
72.54810333251953,0.30039075016975403,-132.26382446289062,936.3703002929688,615
72.05365753173828,0.30038851499557495,-133.7130126953125,937.901611328125,616
71.62315368652344,0.300387978553772,-135.1795196533203,939.4301147460938,617
71.26126861572266,0.3003855049610138,-136.6612548828125,940.95556640625,618
70.97129821777344,0.30038347840309143,-138.15548706054688,942.4778442382812,619
70.75460815429688,0.30037590861320496,-139.6595458984375,943.99755859375,620
70.61100769042969,0.30037710070610046,-141.17111206054688,945.51611328125,621
70.54032897949219,0.3003741502761841,-142.68746948242188,947.0342407226562,622
70.54269409179688,0.30037829279899597,-144.205810546875,948.552734375,623
70.61869049072266,0.30037736892700195,-145.72305297851562,950.072021484375,624
70.76717376708984,0.30037781596183777,-147.23635864257812,951.5927124023438,625
70.98464965820312,0.3003804087638855,-148.74331665039062,953.1154174804688,626
71.2664794921875,0.3003815710544586,-150.24200439453125,954.6405029296875,627
71.6078109741211,0.30038556456565857,-151.73097229003906,956.168212890625,628
72.00601959228516,0.30039045214653015,-153.2084503173828,957.698486328125,629
72.46063232421875,0.3003939688205719,-154.67221069335938,959.2313232421875,630
72.97174072265625,0.3003966212272644,-156.11984252929688,960.7666015625,631
73.53851318359375,0.3003993034362793,-157.54945373535156,962.3045654296875,632
74.15956115722656,0.3004033863544464,-158.9593505859375,963.8452758789062,633
74.83380889892578,0.30040663480758667,-160.3477325439453,965.3887939453125,634
75.56111145019531,0.30040979385375977,-161.71267700195312,966.9354858398438,635
76.3422622680664,0.3004171848297119,-163.05148315429688,968.485595703125,636
77.14971160888672,0.3004186749458313,-164.31936645507812,969.9888916015625,637
78.00770568847656,0.3004250228404999,-165.55738830566406,971.4952392578125,638
78.91571044921875,0.30042847990989685,-166.76295471191406,973.0045776367188,639
79.87232971191406,0.30043113231658936,-167.934326171875,974.5170288085938,640
80.87500762939453,0.3004351258277893,-169.07102966308594,976.0328369140625,641
81.92098236083984,0.3004387319087982,-170.1732177734375,977.5524291992188,642
83.00833892822266,0.300442099571228,-171.24081420898438,979.0763549804688,643
84.13525390625,0.3004494309425354,-172.27381896972656,980.6051635742188,644
85.30049896240234,0.300453245639801,-173.2718048095703,982.1394653320312,645
86.50308990478516,0.30046069622039795,-174.23426818847656,983.6798706054688,646
87.74164581298828,0.30046820640563965,-175.16091918945312,985.226806640625,647
88.97140502929688,0.3004753291606903,-176.0226593017578,986.728515625,648
90.23178100585938,0.30048254132270813,-176.85098266601562,988.23681640625,649
91.52155303955078,0.3004901111125946,-177.64637756347656,989.752197265625,650
92.83910369873047,0.3004991114139557,-178.40977478027344,991.2750244140625,651
94.18299102783203,0.3005077540874481,-179.14205932617188,992.8055419921875,652
95.55203247070312,0.3005163371562958,-179.843994140625,994.3441162109375,653
96.94509887695312,0.30052652955055237,-180.51644897460938,995.8910522460938,654
98.31163787841797,0.3005359172821045,-181.138916015625,997.3927612304688,655
99.69815826416016,0.3005449175834656,-181.73646545410156,998.9026489257812,656
101.10372161865234,0.3005552589893341,-182.31048583984375,1000.4209594726562,657
102.52796936035156,0.3005636930465698,-182.86178588867188,1001.9482421875,658
103.97089385986328,0.300576776266098,-183.39047241210938,1003.4850463867188,659
105.43229675292969,0.3005885183811188,-183.8960723876953,1005.031494140625,660
106.85881805419922,0.3006007671356201,-184.36080932617188,1006.5318603515625,661
108.30220794677734,0.3006124794483185,-184.8023223876953,1008.0413208007812,662
109.76248168945312,0.3006233274936676,-185.21923828125,1009.5599975585938,663
111.2400894165039,0.30063390731811523,-185.6100616455078,1011.0885009765625,664
112.73531341552734,0.3006478548049927,-185.9736785888672,1012.6273803710938,665
114.24803924560547,0.30066123604774475,-186.3089599609375,1014.1768798828125,666
115.720947265625,0.3006756007671356,-186.6041259765625,1015.6791381835938,667
117.20952606201172,0.300686776638031,-186.87167358398438,1017.191650390625,668
118.71366119384766,0.30070000886917114,-187.11196899414062,1018.7149658203125,669
120.23363494873047,0.30070868134498596,-187.32643127441406,1020.2500610351562,670
121.7694091796875,0.3007316589355469,-187.51612854003906,1021.797607421875,671
123.26097869873047,0.30074265599250793,-187.6758575439453,1023.2977905273438,672
124.76790618896484,0.3007531762123108,-187.8141326904297,1024.8111572265625,673
126.29048919677734,0.30077898502349854,-187.9319610595703,1026.33837890625,674
127.82849884033203,0.30079570412635803,-188.03057861328125,1027.879638671875,675
129.38177490234375,0.30081209540367126,-188.11126708984375,1029.43505859375,676
130.8867950439453,0.3008270561695099,-188.1728515625,1030.94140625,677
132.3943634033203,0.30092939734458923,-188.2192840576172,1032.44970703125,678
133.8994903564453,0.3009050488471985,-188.2526092529297,1033.955322265625,679
135.41366577148438,0.30068153142929077,-188.27490234375,1035.4697265625,680
136.93673706054688,0.3010026216506958,-188.28599548339844,1036.992919921875,681
138.46804809570312,0.30082809925079346,-188.28541564941406,1038.5242919921875,682
140.0085906982422,0.3008696734905243,-188.27247619628906,1040.06494140625,683
141.558349609375,0.30094102025032043,-188.2465362548828,1041.614990234375,684
143.11749267578125,0.3008860945701599,-188.20750427246094,1043.1746826171875,685
144.62081909179688,0.3009360432624817,-188.15806579589844,1044.678955078125,686
146.13331604003906,0.3009454905986786,-188.09776306152344,1046.1927490234375,687
147.65533447265625,0.30094584822654724,-188.02777099609375,1047.7164306640625,688
149.1870880126953,0.30097469687461853,-187.9498748779297,1049.250244140625,689
150.728759765625,0.30098220705986023,-187.86602783203125,1050.7943115234375,690
152.28076171875,0.3009948134422302,-187.77793884277344,1052.348876953125,691
153.84365844726562,0.3010140061378479,-187.68731689453125,1053.9144287109375,692
155.34938049316406,0.3010254502296448,-187.6002655029297,1055.4227294921875,693
156.86619567871094,0.30104053020477295,-187.5141143798828,1056.9420166015625,694
158.3942108154297,0.3010629117488861,-187.42918395996094,1058.472412109375,695
159.93338012695312,0.30107802152633667,-187.3455810546875,1060.013916015625,696
161.4837646484375,0.30109333992004395,-187.26339721679688,1061.5665283203125,697
163.0452423095703,0.30111390352249146,-187.18145751953125,1063.1302490234375,698
164.54608154296875,0.3011287450790405,-187.10269165039062,1064.6331787109375,699
166.0569305419922,0.3011448383331299,-187.0231475830078,1066.146240234375,700
167.57781982421875,0.30116134881973267,-186.9427947998047,1067.6693115234375,701
169.1088409423828,0.3011775314807892,-186.86293029785156,1069.2025146484375,702
170.6499786376953,0.3011932969093323,-186.78419494628906,1070.7457275390625,703
172.20127868652344,0.3012097477912903,-186.70718383789062,1072.2989501953125,704
173.76271057128906,0.30122560262680054,-186.6324462890625,1073.8621826171875,705
175.3343505859375,0.30124229192733765,-186.55990600585938,1075.435546875,706
176.8405303955078,0.30125802755355835,-186.49237060546875,1076.943359375,707
178.3558349609375,0.3012728989124298,-186.4257049560547,1078.460205078125,708
179.8802032470703,0.30128899216651917,-186.35890197753906,1079.986083984375,709
181.41355895996094,0.30130454897880554,-186.2911376953125,1081.52099609375,710
182.94912719726562,0.30133333802223206,-186.22178649902344,1083.0582275390625,711
184.48025512695312,0.30145159363746643,-186.150634765625,1084.591064453125,712
186.0117645263672,0.3012601435184479,-186.0772705078125,1086.1243896484375,713
187.54954528808594,0.30119919776916504,-186.00128173828125,1087.6640625,714
189.09339904785156,0.30144286155700684,-185.92254638671875,1089.2099609375,715
190.6429443359375,0.30135077238082886,-185.8412628173828,1090.76171875,716
192.19857788085938,0.3012886643409729,-185.75741577148438,1092.3197021484375,717
193.76031494140625,0.3013980984687805,-185.67068481445312,1093.8839111328125,718
195.32778930664062,0.3013894855976105,-185.58010864257812,1095.4541015625,719
196.90106201171875,0.301363080739975,-185.48472595214844,1097.0303955078125,720
198.4010467529297,0.30140018463134766,-185.38926696777344,1098.533447265625,721
199.90614318847656,0.3014156222343445,-185.28897094726562,1100.0419921875,722
201.4160919189453,0.30140987038612366,-185.18417358398438,1101.5556640625,723
202.93040466308594,0.30142703652381897,-185.0757598876953,1103.073974609375,724
204.44842529296875,0.30144181847572327,-184.96485900878906,1104.5960693359375,725
205.96917724609375,0.301445335149765,-184.8524169921875,1106.12109375,726
207.4913787841797,0.3014548718929291,-184.73928833007812,1107.6475830078125,727
209.0129852294922,0.3014586865901947,-184.626220703125,1109.1734619140625,728
210.5306854248047,0.3014732301235199,-184.51364135742188,1110.6954345703125,729
212.03929138183594,0.30148130655288696,-184.40174865722656,1112.208251953125,730
213.61224365234375,0.3014776408672333,-184.28453063964844,1113.78564453125,731
215.16615295410156,0.30142802000045776,-184.16702270507812,1115.343994140625,732
216.6991729736328,0.3013969957828522,-184.04867553710938,1116.8817138671875,733
218.21072387695312,0.30136579275131226,-183.92864990234375,1118.3980712890625,734
219.77450561523438,0.30132803320884705,-183.79949951171875,1119.96728515625,735
221.3146514892578,0.30129003524780273,-183.6654052734375,1121.5133056640625,736
222.8328857421875,0.3012551963329315,-183.5240936279297,1123.0382080078125,737
224.3324737548828,0.3011997640132904,-183.3727264404297,1124.5455322265625,738
225.8866424560547,0.3011838495731354,-183.19883728027344,1126.1094970703125,739
227.42559814453125,0.30117031931877136,-183.0045166015625,1127.6607666015625,740
228.95106506347656,0.3011437654495239,-182.7854766845703,1129.2020263671875,741
230.4641876220703,0.3011324405670166,-182.5377655029297,1130.7353515625,742
231.96603393554688,0.3011237382888794,-182.25814819335938,1132.2630615234375,743
233.4560089111328,0.3011207580566406,-181.94398498535156,1133.785888671875,744
234.93247985839844,0.30112385749816895,-181.59315490722656,1135.3035888671875,745
236.39376831054688,0.3011075556278229,-181.2039794921875,1136.81591796875,746
237.838134765625,0.30110543966293335,-180.77491760253906,1138.32275390625,747
239.26368713378906,0.3011007010936737,-180.3048095703125,1139.823974609375,748
240.73194885253906,0.3010885715484619,-179.7686767578125,1141.38720703125,749
242.17567443847656,0.30108213424682617,-179.18661499023438,1142.9439697265625,750
243.5930633544922,0.30107423663139343,-178.55880737304688,1144.494384765625,751
244.98252868652344,0.3010633885860443,-177.88600158691406,1146.038330078125,752
246.3428955078125,0.30105480551719666,-177.16944885253906,1147.5760498046875,753
247.67343139648438,0.30104511976242065,-176.41110229492188,1149.107666015625,754
248.97354125976562,0.3010360300540924,-175.61276245117188,1150.633544921875,755
250.24256896972656,0.3010304272174835,-174.77630615234375,1152.153564453125,756
251.47972106933594,0.3010203242301941,-173.90333557128906,1153.6678466796875,757
252.68441772460938,0.3010132908821106,-172.9953155517578,1155.1766357421875,758
253.85589599609375,0.3010067045688629,-172.0534210205078,1156.6800537109375,759
255.0425567626953,0.30099374055862427,-171.03570556640625,1158.2435302734375,760
256.192626953125,0.3009890019893646,-169.98361206054688,1159.802490234375,761
257.3061218261719,0.30098241567611694,-168.8984832763672,1161.3575439453125,762
258.3831481933594,0.3009736239910126,-167.78152465820312,1162.909423828125,763
259.42364501953125,0.30097436904907227,-166.63418579101562,1164.45849609375,764
260.4281005859375,0.3009658455848694,-165.45797729492188,1166.0054931640625,765
261.3979187011719,0.30096274614334106,-164.2550811767578,1167.5509033203125,766
262.3353271484375,0.3009585738182068,-163.02816772460938,1169.09521484375,767
263.2434387207031,0.30095258355140686,-161.78009033203125,1170.638916015625,768
264.12579345703125,0.3009532690048218,-160.51380920410156,1172.1824951171875,769
264.9858093261719,0.30095067620277405,-159.23184204101562,1173.7264404296875,770
265.8264465332031,0.3009481728076935,-157.9362335205078,1175.2711181640625,771
266.6497802734375,0.30095261335372925,-156.6282501220703,1176.81689453125,772
267.45654296875,0.3009500801563263,-155.308349609375,1178.364013671875,773
268.2469787597656,0.3009527325630188,-153.9764862060547,1179.9129638671875,774
269.0209045410156,0.30095893144607544,-152.6324005126953,1181.464111328125,775
269.7778625488281,0.3009585440158844,-151.2758331298828,1183.017822265625,776
270.5162658691406,0.30096542835235596,-149.90631103515625,1184.573974609375,777
271.2350158691406,0.3009697496891022,-148.5232391357422,1186.1329345703125,778
271.93359375,0.3009723126888275,-147.1266326904297,1187.6947021484375,779
272.6126708984375,0.30097752809524536,-145.71713256835938,1189.2593994140625,780
273.246337890625,0.3009802997112274,-144.35498046875,1190.761962890625,781
273.8642883300781,0.3009827733039856,-142.9822998046875,1192.267578125,782
274.46771240234375,0.3009851574897766,-141.59957885742188,1193.7764892578125,783
275.05712890625,0.3009931147098541,-140.2071533203125,1195.2886962890625,784
275.63226318359375,0.3009980022907257,-138.80503845214844,1196.804443359375,785
276.19268798828125,0.30100110173225403,-137.39303588867188,1198.3238525390625,786
276.73797607421875,0.30100715160369873,-135.97096252441406,1199.84716796875,787
277.26812744140625,0.3010134994983673,-134.5386962890625,1201.3746337890625,788
277.7828674316406,0.3010196387767792,-133.0961151123047,1202.906494140625,789
278.2822265625,0.30102431774139404,-131.64312744140625,1204.443115234375,790
278.76617431640625,0.3010341227054596,-130.17984008789062,1205.984619140625,791
279.2354736328125,0.30103856325149536,-128.70657348632812,1207.531005859375,792
279.6915283203125,0.30104485154151917,-127.22389221191406,1209.0823974609375,793
280.1358642578125,0.3010520040988922,-125.73233032226562,1210.638916015625,794
280.5696105957031,0.3010593056678772,-124.23236846923828,1212.2005615234375,795
280.9936828613281,0.30106762051582336,-122.72474670410156,1213.7669677734375,796
281.3905029296875,0.30107733607292175,-121.27647399902344,1215.268798828125,797
281.77862548828125,0.301084041595459,-119.8245849609375,1216.7718505859375,798
282.174560546875,0.3011128604412079,-118.30789184570312,1218.339599609375,799
282.5602722167969,0.301093190908432,-116.79834747314453,1219.8978271484375,800
282.93603515625,0.30109259486198425,-115.30254364013672,1221.4403076171875,801
283.3019714355469,0.30107539892196655,-113.82756042480469,1222.960205078125,802
283.673095703125,0.3010352849960327,-112.31717681884766,1224.5157470703125,803
284.03240966796875,0.3009876310825348,-110.84153747558594,1226.0347900390625,804
284.3924865722656,0.3009500503540039,-109.34647369384766,1227.5728759765625,805
284.75,0.30087023973464966,-107.84146881103516,1229.1199951171875,806
285.1026306152344,0.30078545212745667,-106.33231353759766,1230.6700439453125,807
285.4497375488281,0.3007364571094513,-104.82256317138672,1232.2193603515625,808
285.7916564941406,0.30065542459487915,-103.3178939819336,1233.7625732421875,809
286.1312255859375,0.3005836606025696,-101.82306671142578,1235.295654296875,810
286.47467041015625,0.30049553513526917,-100.33881378173828,1236.8193359375,811
286.825927734375,0.30045536160469055,-98.87005615234375,1238.3297119140625,812
287.1950988769531,0.30037569999694824,-97.37995147705078,1239.8651123046875,813
287.56854248046875,0.30031517148017883,-95.91976165771484,1241.37255859375,814
287.9560546875,0.30021554231643677,-94.44586944580078,1242.896728515625,815
288.346435546875,0.3001460134983063,-92.99722290039062,1244.3973388671875,816
288.7529602050781,0.3001348674297333,-91.5233154296875,1245.926513671875,817
289.1649169921875,0.30007457733154297,-90.05534362792969,1247.451416015625,818
289.5771179199219,0.29994991421699524,-88.60164642333984,1248.962646484375,819
289.9945373535156,0.2999812662601471,-87.12793731689453,1250.4945068359375,820
290.3923034667969,0.2999732494354248,-85.6690444946289,1252.0068359375,821
290.7564697265625,0.2999129891395569,-84.19266510009766,1253.5277099609375,822
291.0744934082031,0.2998545169830322,-82.7027359008789,1255.051513671875,823
291.3380126953125,0.2998315393924713,-81.19845581054688,1256.5791015625,824
291.5329895019531,0.29979461431503296,-79.7042236328125,1258.08642578125,825
291.65106201171875,0.29976698756217957,-78.18098449707031,1259.6146240234375,826
291.6795654296875,0.29975202679634094,-76.65955352783203,1261.13671875,827
291.6170959472656,0.2997198700904846,-75.15291595458984,1262.6451416015625,828
291.4627990722656,0.2996949255466461,-73.66002655029297,1264.146484375,829
291.2032165527344,0.29964905977249146,-72.16458892822266,1265.6649169921875,830
290.81182861328125,0.29957130551338196,-70.69674682617188,1267.184814453125,831
290.2835998535156,0.2995494306087494,-69.28839874267578,1268.689697265625,832
289.6292419433594,0.29956749081611633,-67.9216537475586,1270.2056884765625,833
288.8596496582031,0.29957056045532227,-66.61051177978516,1271.7266845703125,834
287.9598388671875,0.29956865310668945,-65.39093017578125,1273.2431640625,835
286.9270324707031,0.2995682656764984,-64.28907012939453,1274.75439453125,836
285.76171875,0.2995854616165161,-63.32875061035156,1276.265625,837
284.4750671386719,0.2995758354663849,-62.54160690307617,1277.7752685546875,838
283.09002685546875,0.29956960678100586,-61.9486083984375,1279.283203125,839
281.63311767578125,0.2995625436306,-61.54706573486328,1280.7952880859375,840
280.1530456542969,0.2995562255382538,-61.295284271240234,1282.2969970703125,841
278.6538391113281,0.29955047369003296,-61.128822326660156,1283.8055419921875,842
277.15020751953125,0.29954373836517334,-60.98097229003906,1285.31640625,843
275.6511535644531,0.2995489239692688,-60.79261779785156,1286.827392578125,844
274.15618896484375,0.2995486259460449,-60.53786087036133,1288.3441162109375,845
272.69158935546875,0.2995551824569702,-60.19692611694336,1289.8480224609375,846
271.23724365234375,0.29956161975860596,-59.765586853027344,1291.365234375,847
269.8248291015625,0.29956579208374023,-59.244075775146484,1292.8712158203125,848
268.4447326660156,0.2995709180831909,-58.61652374267578,1294.3876953125,849
267.1285705566406,0.29957619309425354,-57.891807556152344,1295.890625,850
265.8634338378906,0.29958051443099976,-57.06131362915039,1297.4044189453125,851
264.6778259277344,0.29958513379096985,-56.14018249511719,1298.90625,852
263.5606384277344,0.2995925545692444,-55.11668395996094,1300.421875,853
262.5321960449219,0.29959893226623535,-54.01542663574219,1301.9290771484375,854
261.5842590332031,0.29960671067237854,-52.85220718383789,1303.429931640625,855
260.68768310546875,0.2996193766593933,-51.622718811035156,1304.951904296875,856
259.84588623046875,0.29963234066963196,-50.35854721069336,1306.470947265625,857
259.0392761230469,0.29964518547058105,-49.074607849121094,1307.9874267578125,858
258.24932861328125,0.299659788608551,-47.78364944458008,1309.5009765625,859
257.4621887207031,0.2996751070022583,-46.49547576904297,1311.0107421875,860
256.6619567871094,0.2996895909309387,-45.22147750854492,1312.515380859375,861
255.81488037109375,0.2997065782546997,-43.952735900878906,1314.0411376953125,862
254.92083740234375,0.2997191548347473,-42.725772857666016,1315.5594482421875,863
253.97348022460938,0.29973310232162476,-41.54881286621094,1317.070556640625,864
252.97103881835938,0.2997465133666992,-40.42634963989258,1318.57568359375,865
251.9143524169922,0.29976123571395874,-39.36079025268555,1320.0765380859375,866
250.77987670898438,0.299778014421463,-38.3359260559082,1321.6055908203125,867
249.58779907226562,0.2997977137565613,-37.37822341918945,1323.135009765625,868
248.34228515625,0.2998144030570984,-36.48998260498047,1324.6650390625,869
247.0794219970703,0.29983049631118774,-35.678466796875,1326.166259765625,870
245.780029296875,0.2998572587966919,-34.91278839111328,1327.674560546875,871
244.44895935058594,0.29988259077072144,-34.186973571777344,1329.190673828125,872
243.09075927734375,0.29991352558135986,-33.49861526489258,1330.71337890625,873
241.70941162109375,0.2999432384967804,-32.845821380615234,1332.2412109375,874
240.30787658691406,0.2999729812145233,-32.228580474853516,1333.772705078125,875
238.88890075683594,0.3000028431415558,-31.64707374572754,1335.3062744140625,876
237.45523071289062,0.3000340461730957,-31.101110458374023,1336.8404541015625,877
236.0098114013672,0.3000653386116028,-30.590740203857422,1338.3734130859375,878
234.55538940429688,0.30009421706199646,-30.115636825561523,1339.9034423828125,879
233.0948944091797,0.3001262843608856,-29.6748104095459,1341.4290771484375,880
231.63134765625,0.3001566231250763,-29.266733169555664,1342.948486328125,881
230.16770935058594,0.30018818378448486,-28.88960838317871,1344.4599609375,882
228.70713806152344,0.300217866897583,-28.54049301147461,1345.961669921875,883
227.2084197998047,0.3002519905567169,-28.20709991455078,1347.4970703125,884
225.7172088623047,0.3002823293209076,-27.898229598999023,1349.0198974609375,885
224.23670959472656,0.3003145456314087,-27.61162757873535,1350.52783203125,886
222.72207641601562,0.3003465533256531,-27.337352752685547,1352.067138671875,887
221.2220458984375,0.30037903785705566,-27.0836238861084,1353.5885009765625,888
219.73974609375,0.3004094660282135,-26.849658966064453,1355.089111328125,889
218.26625061035156,0.30043959617614746,-26.639747619628906,1356.5775146484375,890
216.80299377441406,0.30046796798706055,-26.443668365478516,1358.0538330078125,891
215.3447265625,0.30049675703048706,-26.258535385131836,1359.5238037109375,892
213.88705444335938,0.30052536725997925,-26.082000732421875,1360.9920654296875,893
212.427734375,0.30055269598960876,-25.91248321533203,1362.461181640625,894
210.96759033203125,0.30058062076568604,-25.74907112121582,1363.930419921875,895
209.506103515625,0.30060839653015137,-25.590787887573242,1365.400390625,896
208.04354858398438,0.30063578486442566,-25.436809539794922,1366.8709716796875,897
206.58021545410156,0.3006628155708313,-25.286327362060547,1368.342041015625,898
205.1159210205078,0.30068862438201904,-25.138530731201172,1369.813720703125,899
203.65216064453125,0.3007149398326874,-24.992902755737305,1371.28466796875,900
202.1890411376953,0.30074045062065125,-24.848888397216797,1372.7548828125,901
200.72686767578125,0.30076393485069275,-24.706090927124023,1374.2239990234375,902
199.2681121826172,0.3007865250110626,-24.564579010009766,1375.6895751953125,903
197.8134002685547,0.3008057177066803,-24.424388885498047,1377.1510009765625,904
196.3635711669922,0.30081844329833984,-24.285791397094727,1378.607421875,905
194.92019653320312,0.3008226454257965,-24.14939308166504,1380.0572509765625,906
193.4838104248047,0.30081531405448914,-24.01590347290039,1381.4998779296875,907
192.0528564453125,0.300790935754776,-23.885967254638672,1382.9366455078125,908
190.6247100830078,0.30074405670166016,-23.76019859313965,1384.370361328125,909
189.19805908203125,0.3006715774536133,-23.639284133911133,1385.8021240234375,910
187.7727813720703,0.3005722463130951,-23.52375602722168,1387.2320556640625,911
186.35018920898438,0.30044594407081604,-23.41386604309082,1388.6588134765625,912
184.93423461914062,0.30029574036598206,-23.309568405151367,1390.07861328125,913
