-2.2791905671253465,-1.2883348088886932

-1.973634105707114,-2.7893547015888083

-1.5759354845133153,-4.745997211531745

-1.1342199988373038,-6.926273002386726

-0.696612943972431,-9.098192737822979

-0.22333257708552606,-11.47367225603073

0.20726503301167354,-13.676319539941689

0.5228443399202958,-15.323010794157197

0.863290881848874,-17.11637655620783

1.208835223951401,-18.942377811740013

1.5725739392670912,-20.887311071723733

1.9419903011634627,-22.887201250546415

2.2983962786345353,-24.844219854749742

2.6513213093328734,-26.811521320388078

2.9993611675167027,-28.783225768360268

3.3409452468957017,-30.752599349798455

3.6765548996032034,-32.724162082360145

4.005594302810513,-34.69681154774028

4.327611302138366,-36.67025849232149

4.642376626915813,-38.6451687189547

4.949618249046748,-40.6212342669444

5.249073751464033,-42.59841163492805

5.540479467261144,-44.576905014415246

5.82354409459203,-46.55657988943773

6.098004386396167,-48.537375558003056

6.363645270673026,-50.51948353917246

6.620223670684826,-52.50277085875393

6.8675168179433275,-54.487142630299935

7.105345335866983,-56.47276626104451

7.333504594687227,-58.45952654029966

7.551798417452,-60.44730249968928

7.760063067871923,-62.436227240099576

7.958112883531873,-64.42622604120697

8.145743232149908,-66.41711706567423

8.322731896855986,-68.40903638808894

8.488764143988055,-70.40177332713174

8.643732700777704,-72.39555438747536

8.787550640187478,-74.39018405294256

8.920059432016506,-76.38547325789172

9.041110429422849,-78.3816577750013

9.15052476807035,-80.37849164099079

9.248141199897875,-82.37577680656841

9.333836477275632,-84.37379093830664

9.407478487802804,-86.37228423210591

9.468960212946842,-88.37100777187014

9.518215785860784,-90.37024303906982

9.555187602753524,-92.36976230735218

9.579850047501425,-94.36928922037484

9.592221731102414,-96.369079078906

9.592350368046464,-98.36894195898964

9.580335817931706,-100.36860595970926

9.556367020115955,-102.36832687900909

9.520642148388228,-104.36783429037347

9.473327867322844,-106.36706613485713

9.414603349665247,-108.36599008319583

9.344685278455167,-110.3645548479506

9.263831399405753,-112.36270383704992

9.172305872604438,-114.3603978688951

9.070379253825157,-116.35758336353592

8.958326983069439,-118.35423287831455

8.836429583709139,-120.35030247526842

8.704976095066343,-122.34575678493582

8.564271529485795,-124.34060427094727

8.414674548104534,-126.33477883336704

8.256629382677374,-128.32830108584483

8.090689472577946,-130.3212700164525

7.917572848238599,-132.31338390581962

7.737976671313709,-134.30517825953424

7.552655446714897,-136.297051999362

7.362826752468464,-138.28525082147615

7.168513780879898,-140.27765454434635

6.970243114450127,-142.2768796785234

6.774003419507024,-144.2313633349276

6.568732818261191,-146.252571629372

6.352344209664248,-148.36694918890686

6.200849987005628,-149.85556044261034

5.9623365207715775,-152.1791501226404

5.798702547908239,-153.76088143580873

5.597286621334336,-155.7023172540247

5.372912128815094,-157.8585736451795

5.140402458115732,-160.08476667716428

4.914169062209235,-162.24015754843472

4.698650094488373,-164.28260605441366

4.490236588464654,-166.2495386247661

4.2852209793477165,-168.17940386511313

4.079923825109091,-170.11038534898674

3.871900706600968,-172.06821385693465

3.66124700823505,-174.05217841409188

3.448921575706369,-176.05296040309148

3.235883254709966,-178.06124120656636

3.023238442383052,-180.0662936553733

2.8113533014181273,-182.0641105801521

2.6001431130887447,-184.05473565286644

2.389635404688816,-186.03714897449188

2.1798905348548328,-188.0100242819366

1.9712043954291742,-189.97300281687578

1.763291763168368,-191.9406966708163

1.556171849483273,-193.92662441483967

1.3498638657847581,-195.9443046200274

1.1446696871095476,-198.0041213045948

0.9438721871538618,-200.08206096364376

0.7531596966187699,-202.12652832737064

0.578344616308565,-204.08459650424604

0.4194751998814099,-205.97457541739237

0.23824633087804964,-208.35853245278864

0.10715004053770052,-210.3171235752182

0.009230118944872374,-211.96744524688995

-0.09196032132148842,-214.00705159711546

-0.1536888076425954,-215.8554984786355

-0.19452591247145037,-217.90915148768843

-0.1965044213091,-219.90930415008506

-0.16195016742260623,-221.89508414245532

-0.08949744820044911,-223.90077766586703

0.02574980882162754,-225.89467958392393

0.18728046001070708,-227.88772676349475

0.39738712054449543,-229.88015022083508

0.6568052191334233,-231.86168450453604

0.9678485960776967,-233.83868156678497

1.3305088071182067,-235.805278969804

1.7456923288418043,-237.76471681269007

2.2132260958588086,-239.71214962317384

2.7337640741468414,-241.6405219121113

3.317173343000863,-243.56582477813785

3.958248407730224,-245.45900357849885

4.658109767514401,-247.31902756150285

5.431918496642487,-249.1783730164891

6.264061260414568,-250.99404604719743

7.158320439261753,-252.76840932836743

8.124892232419363,-254.51489934691048

9.159182945424241,-256.2278668363473

10.253013084416668,-257.8984111704445

11.405564908720228,-259.5118940582675

12.634324291919432,-261.0803072768147

13.94903560878311,-262.61778397305017

15.297736181945774,-264.07822204354164

16.70578115838994,-265.5076255083308

18.16176177568331,-266.8911474783338

19.662479383141797,-268.2179461947068

21.190690554431498,-269.48100954324315

22.78590522510181,-270.69597244220245

24.506314180758086,-271.8916244811743

25.98323281591122,-272.891478306167

27.623191458013544,-273.88808532287374

29.495637195396668,-274.8711080927579

31.419758559255925,-275.83470827217855

33.231802595122566,-276.7158927863611

35.264215750397746,-277.6439716827921

36.76066924544312,-278.279706930843

38.623045486341795,-279.1414417373739

40.449325683933395,-280.04719938953207

42.1859342785894,-280.9843656918666

43.908706543868306,-282.0030437007162

45.58348898353672,-283.0958602787431

47.2040888171605,-284.26347651887767

48.77072740141763,-285.5091224131767

50.27168316800381,-286.8291605970049

51.70380243499609,-288.22764592058326

53.05690947856146,-289.7023452794707

54.32117489353265,-291.25086844578755

55.48716295083546,-292.8712482682328

56.550116157661925,-294.56975205955683

57.493463771825326,-296.3347608424985

58.30631873151287,-298.16019429308835

58.97889639040823,-300.0395978797817

59.503141011463185,-301.96760849943246

59.87065614696752,-303.93335849407964

60.07291899064722,-305.91776897241556

60.105051770729965,-307.91396310144916

59.966577990708316,-309.91180244372305

59.661014674021274,-311.88978666036667

59.19219024845946,-313.83389321581285

58.563395272285476,-315.7356133556685

57.78201138737532,-317.57761317622567

56.85353713146471,-319.3410859150832

55.776255019635364,-321.02103296661625

54.557234514120694,-322.60806219671593

53.2159150023873,-324.0836062358754

51.76410330141515,-325.45633877618803

50.22126138518362,-326.73232931806467

48.60203384284849,-327.91334719995723

46.91905002583412,-328.9912826260769

45.17378379552959,-329.96771609098715

43.37489491124936,-330.8396758196142

41.52741712846373,-331.6081976335168

39.64406599939184,-332.2739408617114

37.728518424673815,-332.84284420067917

35.78574829445759,-333.3206491048664

33.82324633889977,-333.7128138567678

31.85072431783709,-334.02489343626286

29.865195266346124,-334.2643354849345

27.870209889783546,-334.4369242950805

25.87539823733149,-334.54803776754426

23.87666099202273,-334.60378676525687

21.875179437416385,-334.60937434040824

19.87608095711182,-334.5697869239452

17.877865876688706,-334.48966469077425

15.880698988024248,-334.37328600055486

13.886407775417435,-334.22463816191555

11.89495747546968,-334.0471591667505

9.90564101466092,-333.8438599599554

7.918435264904108,-333.6174750143165

5.933972491060188,-333.3705439668963

3.9535147106994506,-333.1057127748001

1.972919131385084,-332.82404474114173

-0.014659949169734473,-332.52575850311104

-1.962573922387775,-332.22163415334

-3.9419292310691167,-331.89832490111996

-6.060097342023203,-331.53494363350103

-7.635029530648232,-331.2688426817834

-9.679069260160318,-330.89626986536996

-11.426774363549647,-330.55661294282197

-13.290960388994302,-330.18773476711294

-15.38932684091674,-329.76586635251067

-17.580424763020122,-329.3170640771839

-19.726561485786675,-328.8666364682051

-21.760458003869246,-328.42702535148646

-23.70683968106052,-327.99402219201795

-25.60057093538843,-327.56148424116293

-27.47651618488086,-327.12326875028504

-29.367608686451685,-326.67325144167154

-31.282829522566598,-326.2085997012282

-33.22550405738757,-325.7270205836878

-35.199161626992236,-325.22617235266836

-37.20583899169575,-324.7041412731584

-39.226298825492364,-324.16593195167513

-41.21542038288506,-323.62500239715035

-43.12499364590726,-323.09572254668404

-44.90680859659223,-322.5924623373762

-47.191602473350265,-321.93155210382173

-49.1443741554828,-321.3517542278711

-50.691873847322604,-320.88296367294527

-52.69163049841612,-320.26760939208054

-54.41503723379419,-319.7252264723396

-56.35948093471418,-319.10373406379273

-58.275858366506135,-318.47837273860017

-60.15976588544974,-317.8500880268223

-62.05578239793018,-317.20506100559186

-63.94605085102498,-316.5485538368664

-65.82997261402105,-315.8805682271768

-67.71058090514103,-315.20002268519454

-69.58673295992482,-314.50710226861867

-71.4579656266583,-313.801830028364

-73.32440071221741,-313.0840467821322

-75.18625911586233,-312.3535354708046

-77.0428188801342,-311.61046688827474

-78.89413529051853,-310.85472281331715

-80.74063428631374,-310.0860321143724

-82.58136895629728,-309.30470568668164

-84.41651007909898,-308.51060282979546

-86.24656321691661,-307.7034339948241

-88.07044174587374,-306.88362107751254

-89.88839338729784,-306.0510105453644

-91.70096499583417,-305.20530459853467

-93.50702762855461,-304.34699496275545

-95.30684449684686,-303.47593570330366

-97.10095361492165,-302.5918423539673

-98.88831491941993,-301.69523951362237

-100.66919654548012,-300.7860597807137

-102.44405338486771,-299.8641872056722

-104.21215940507057,-298.9301888064351

-105.97386024323872,-297.9841352283678

-107.72928295090135,-297.0262701980884

-109.47831550935864,-296.057055720982

-111.22137772490687,-295.0764990471995

-112.95751628328522,-294.0851770820697

-114.68759246608877,-293.0826626855191

-116.41244477014516,-292.0691383223259

-118.12996885299256,-291.0469892392846

-119.84354259915321,-290.01475491976186

-121.55158543767453,-288.9739711277787

-123.25137440158895,-287.9268550901467

-124.95689284651169,-286.86469505822004

-126.6445080052718,-285.8037584035941

-128.30254702632797,-284.75228648278954

-130.093171525929,-283.60254703002414

-131.70045350058015,-282.56675433507945

-132.9511102638697,-281.76164618505163

-134.82357438465976,-280.52592735126285

-136.28844218142768,-279.55219866473385

-137.99985585142878,-278.41051821817

-139.8387685127443,-277.1790888924588

-141.68613328345558,-275.93611356848754

-143.45066937564556,-274.7414808520516

-145.1269389375667,-273.59921627319284

-146.744174632999,-272.4905724515678

-148.33192001998367,-271.39659226129817

-149.92091349323013,-270.2974500060657

-151.5290460905066,-269.1809790105151

-153.15831329055834,-268.0446123901651

-154.81191212593853,-266.88487624835665

-156.49303962920044,-265.6982966884304

-158.19916296164246,-264.4857954657091

-159.8960255309607,-263.27236981099946

-161.54103567405474,-262.0893974685383

-163.09164091106936,-260.9682284969935

-164.80036079240872,-259.724851327466

-166.58175281239738,-258.4181485972835

-168.04377405955674,-257.3370790624542

-169.65191699633095,-256.1400050310708

-171.07608867885077,-255.0767146140052

-172.20861119144595,-254.23282409947606

-174.04838884649666,-252.8399450780541

-175.44263740188387,-251.77822494552157

-177.07039247220763,-250.5338294723231

-178.81911614366481,-249.19045500995153

-180.57627050245225,-247.83179790989988

-182.24845164527207,-246.52735028791443

-183.83722917160367,-245.27603676943758

-185.37271975094654,-244.05558127826538

-186.8850293970328,-242.84371624133416

-188.40387408840323,-241.61845930543183

-189.94256215847093,-240.3700780606679

-191.4943377000756,-239.1038286670853

-193.0513681219542,-237.8257636749127

-194.60582083284353,-236.54193563437877

-196.15165691864192,-235.25711184523914

-197.6883326569537,-233.972554386381

-199.21783182066596,-232.68777078486994

-200.74218764570102,-231.40222774031153

-202.26384226052744,-230.11503908335627

-203.7849460238429,-228.8253227205896

-205.306801377354,-227.53261250585854

-206.83129808002326,-226.23592654309624

-208.36032589081313,-224.934282936236

-209.89582867893682,-223.62661476246043

-211.43104821756316,-222.31905986544774

-212.95810637666932,-221.01864226911607

-214.46925277614523,-219.73227717347206

-215.95796813056776,-218.46582545299057

-217.43296828773063,-217.2119151977586

-218.92153632480563,-215.947027434474

-220.45347464433948,-214.64547674177362

-222.0585856488789,-213.28157769829423

-223.74674336922575,-211.84658356958815

-225.43917443036435,-210.40709459365692

-227.02561973023916,-209.0564715296733

-228.39561003337002,-207.88825371973394

-230.04254574841934,-206.47642457025836

-231.22618687069996,-205.43466374982347

-232.59756328202477,-204.21090160721633

-234.1836978376321,-202.7725879663851

-235.61824964176876,-201.42094781646097

-237.03830914303916,-200.0318245402626

-238.44613813950951,-198.59698271742585

-239.81103824834707,-197.13754857086477

-241.13893869466844,-195.64474401538035

-242.4289919908823,-194.11541686326967

-243.67541403860108,-192.55142442365943

-244.87521257667842,-190.95273862825704

-246.0279504740943,-189.3179005898474

-247.13086857568302,-187.64968632804954

-248.18362907626286,-185.9468877945185

-249.179698777786,-184.21176430629728

-250.11402153952423,-182.4418569319559

-250.98339842479638,-180.63489132252195

-251.77800114437804,-178.80448711583938

-252.50005783360882,-176.93845614396946

-253.14483309413512,-175.0414700281547

-253.70656826620953,-173.12701759666624

-254.1861113928335,-171.19216917946076

-254.5854894134969,-169.22533666324813

-254.89944973128001,-167.251596654948

-255.11649645539075,-165.2801864331876

-255.22820496948896,-163.28116162001243

-255.236555102144,-161.29097994113852

-255.1542993364255,-159.2920191771683

-254.99293026785782,-157.2851861965417

-254.75956658410075,-155.29843028369308

-254.44827515313972,-153.3213905360027

-254.0551542545963,-151.36092565546124

-253.5836405749765,-149.41760527601673

-253.0536595742608,-147.4895955200843

-252.5053116588588,-145.56670522146052

-251.9783627785674,-143.63760452105961

-251.49142268151562,-141.69779393734072

-251.0566421990227,-139.7455878096531

-250.68197286888318,-137.78101987018

-250.37090271490297,-135.80393428980966

-250.12698470462433,-133.81983340080274

-249.95229149025383,-131.82762709887228

-249.84852080401183,-129.8286815272445

-249.81696084929013,-127.83092914485104

-249.8574594793979,-125.83261807714342

-249.96907743684042,-123.8330385227668

-250.15163437647794,-121.83998719954461

-250.40475464477623,-119.86226450034049

-250.73263669592032,-117.88428870556797

-251.13580519123963,-115.93230815544652

-251.6178755962139,-113.99577947529043

-252.17574404448817,-112.07392056453841

-252.7990613788679,-110.18512883091343

-253.5007300687746,-108.31184120143598

-254.2794669630925,-106.45870437447442

-255.1141672020247,-104.64740730295297

-256.015350936964,-102.84279319449853

-256.9532021661665,-101.07729215945966

-257.90229800563003,-99.35995469265879

-258.9666343005146,-97.56814549688606

-260.0424468149638,-95.85043418966418

-260.79827112922834,-94.64403692173833

-262.14849431216027,-92.76159747880497

-263.1603310665956,-91.405018725301

-264.37722252763376,-89.79674228167138

-265.7145185863978,-88.05459010195538

-267.0875691340105,-86.29638414019229

-268.4220607869396,-84.6254569480355

-269.7077065935483,-83.05295346143427

-270.96619061785844,-81.5442875537075

-272.219823457679,-80.06405093548214

-273.49110354621325,-78.57664688171151

-274.79043918384525,-77.06332144493756

-276.1051075336975,-75.53714054701082

-277.42095506849193,-74.01333056841581

-278.72382826095054,-72.50711788963703

-280.0037680090391,-71.02879686233744

-281.2742290253639,-69.56093299328212

-282.5609500214656,-68.07157956844401

-283.8900127732339,-66.52839167869216

-285.28744835730384,-64.89909967401395

-286.7388978349887,-63.19999596403046

-288.1568971916942,-61.53521401389861

-289.4477473013832,-60.01642264186318

-290.5177490380179,-58.75529066616896

-292.02255275089607,-56.976045569774485

-292.94536879081886,-55.8782760399472

-294.28391891827516,-54.29089074991066

-295.61589473092687,-52.71098427648269

-296.87732217647624,-51.2146786954026

-298.17094444581824,-49.68288868826592

-299.47558665835487,-48.14284090157432

-300.7476852868286,-46.644847493588514

-302.0425774346747,-45.12881678444985

-303.47734142629275,-43.466912465206775

-304.4855043411103,-42.289825558618034

-305.7544399472515,-40.835768767104824

-307.1788778032976,-39.238581427476916

-308.5855102983616,-37.66793631551663

-310.0760253486758,-36.0078619397194

-311.4582568465107,-34.47290494689189

-313.0327840898616,-32.73761011734408

-314.13765126553915,-31.56922761812426

-315.312872739552,-30.342706619018408

-316.82587349581854,-28.758116780207487

-318.2041403485348,-27.345004794566453

-319.59442525092857,-25.93916274452772

-321.0187948272618,-24.51593734405753

-322.4426294400459,-23.114223947291936

-323.8766295644684,-21.722160545549734

-325.32165402319805,-20.338676316084427

-326.7757601571812,-18.96613097237493

-328.2399887631679,-17.603633822964298

-329.7135523337221,-16.252107650450938

-331.1969762071797,-14.911174483998213

-332.69050257409646,-13.580525076022834

-334.1931715185006,-12.261455602138577

-335.7059745645542,-10.95392044220644

-337.2299045482392,-9.658135300950415

-338.7641435228793,-8.375950623145963

-340.30973928610234,-7.107575289163311

-341.867809558899,-5.853015396313437

-343.4369976157942,-4.613925318765276

-345.01791543060307,-3.3899772037636686

-346.61139530272277,-2.1801848451235437

-348.2134716689071,-0.9863680958718516

-349.82711663427267,0.19607642767653854

-351.45283148815633,1.3713801041631488

-353.05907503816115,2.5215186327439705

-354.7055029924447,3.6974089288373717

-356.3915440991589,4.904896258445947

-357.744912109878,5.870213459221699

-359.5394549146316,7.19013302552258

-361.10214046402984,8.363469575886933

-362.8259809718278,9.668650046260103

-364.3990265329185,10.873148388311083

-366.066802940906,12.200938448090836

-367.3833514086066,13.298933633804836

-368.9817768956876,14.639965628107587

-370.50558826998855,15.959628312534214

-371.9823212175092,17.275930851077227

-373.46340181953417,18.625673187224923

-374.92663916425096,19.99295389506234

-376.3695962580436,21.375071274729418

-377.79626200613643,22.774808547660317

-379.20685416621,24.193463470601916

-380.59644072636877,25.629464388638848

-381.9669079071745,27.085917541610574

-383.3166521125396,28.559606342553558

-384.64870207190467,30.051351485012844

-385.9656940452805,31.558834468771483

-387.26818398609925,33.07769130330916

-388.55637601674664,34.60975862112621

-389.8245480275582,36.152828311733266

-391.07482106600787,37.71390124345391

-392.3061535854297,39.29200651034558

-393.5156881865976,40.882859708375854

-394.70471413973354,42.48984956389087

-395.87951838397845,44.12676719246987

-396.99658465261166,45.73520738558256

-398.10670916288785,47.41029878863646

-399.2736128904691,49.25187845920845

-400.05061599248995,50.454566572735125

-401.24511654968984,52.43681533001195

-402.1842457550949,54.05988692817285

-403.25016530564136,55.91686438386175

-404.353260302296,57.850316903650246

-405.3503601431075,59.61082040574001

-406.53482056498603,61.75023770080293

-407.1588535995839,63.022915312029724

-407.9655856142313,64.66401907362614

-408.9224568960948,66.6159664600705

-409.7481229608025,68.3922090400659

-410.565290578548,70.20391138568546

-411.37263055121514,72.04725222507248

-412.14977784010665,73.88597237255838

-412.90655783098595,75.7369561496957

-413.6418322589711,77.59740342924759

-414.3540752376426,79.46503944763235

-415.04385471252795,81.34239713570453

-415.70877403409884,83.22772774830592

-416.3488032700862,85.12247975901919

-416.9642543173521,87.02435148272002

-417.5558708613189,88.93442835292244

-418.1236851581847,90.85293003402847

-418.66654868805546,92.7764513772779

-419.1851774110975,94.70783686817505

-419.6793683605402,96.6467090906325

-420.1482816982542,98.58975327369052

-420.5926487061024,100.53973902847032

-421.0123209058604,102.49571314717569

-421.4070428136234,104.45569430604446

-421.7773459986838,106.42117062085471

-422.12327740480396,108.39098470250993

-422.4451161230701,110.36487841780125

-422.743156565801,112.34255106612518

-423.0178367756384,114.32308315267854

-423.27001283508974,116.30724825200434

-423.499827549051,118.29356770290359

-423.70745901023525,120.28236295003023

-423.89300087039834,122.27368024029121

-424.0567873114468,124.26672226594775

-424.1993862625904,126.26127997161466

-424.3214548357522,128.25725294590796

-424.423715995183,130.25489524673148

-424.5071255152982,132.25280774108495

-424.5727544466981,134.24869240858925

-424.62113875954986,136.25518530802304

-424.6537772857977,138.25444298276767

-424.6724972902355,140.21340952215314

-424.6716109859232,142.3135808338649

-424.65991221558056,144.31552808639188

-424.65436921705526,145.74497590665013

-424.60014487540644,148.04608491182438

-424.548463420366,149.7548124553621

-424.47931777180344,151.7810831690634

-424.3937744968819,153.98093301424078

-424.29290016276457,156.21039795220557

-424.1777611843773,158.3423984954799

-424.04896129938305,160.36893911270616

-423.90697476415755,162.32861570175592

-423.75228520134425,164.25995678455152

-423.58543957285707,166.20058089390204

-423.4074774802794,168.17026082108146

-423.2200033540713,170.1626013384381

-423.02479727137967,172.16739770604693

-422.8236393093512,174.1744451839819

-422.6184273509869,176.1737861047627

-422.4110819629529,178.1652941982822

-422.20364856472406,180.15200727551368

-421.99819480767604,182.1367634703548

-421.7967520475003,184.12271286700957

-421.60101826352286,186.11195637854306

-421.4122542282031,188.10315420173754

-421.2315794484708,190.09556202628687

-421.0601134312558,192.08843554188414

-420.8987332885344,194.0831305647136

-420.74792997337823,196.07808252619716

-420.6077759382644,198.07279709445652

-420.47829003785205,200.0673958385778

-420.3594576494202,202.06255784632472

-420.251049074852,204.05947332964502

-420.15259677037864,206.05667846897754

-420.0634894763758,208.05432711546922

-419.98311593321915,210.05257312026617

-419.9108422874789,212.05225860826351

-419.846111922751,214.05239576478695

-419.7883677398193,216.05195121331377

-419.73704316440336,218.0501407295214

-419.69157248929696,220.0463110231497

-419.6518299369869,222.04109185316204

-419.6185703170601,224.03675319720207

-419.5926406761194,226.0362051875636

-419.57488806076776,228.04235795654063

-419.56608492876444,230.0569490087885

-419.56632875703576,232.07380679899597

-419.575365868765,234.08231410315733

-419.5929399878136,236.07173028031423

-419.6188159657105,238.03150209507842

-419.6554982008931,239.96653949382943

-419.710980520703,241.9122399823196

-419.79391705830164,243.9079426599124

-419.91296194685,245.9929866259724

-420.07407717619833,248.1849957809837

-420.26666782795087,250.4061856953583

-420.4709755664589,252.51818544083736

-420.66693689448215,254.37875389302445

-420.89054068038547,256.30251248640934

-421.1860173575033,258.17575204863317

-421.5128004044461,259.7961142909361

-421.95181912112287,261.90284525997674

-422.4475809214976,263.84319546277317

-423.0185583374039,265.73084685372703

-423.67633204162286,267.6285022124648

-424.42258828517623,269.48618217060744

-425.2610362922064,271.30116549167377

-426.1921265997219,273.0680656907949

-427.22437086742923,274.78766906430593

-428.35451187833485,276.44060658980686

-429.579659884714,278.01267673352004

-430.91250032844647,279.5091594678798

-432.34340702883975,280.9087117336292

-433.86556995972563,282.19240517331946

-435.4873683254293,283.35725992734007

-437.1930222727633,284.3925927551354

-438.972642093565,285.2987589862767

-440.8187911858728,286.0744537742553

-442.7161908579401,286.71336668391865

-444.65179534903746,287.21238248962777

-446.6222163257594,287.5713686480051

-448.60904650403586,287.7850055470437

-450.6078596959875,287.85325480585

-452.6047859447228,287.79236933185933

-454.59627255787854,287.6355276988414

-456.58510112421953,287.41194330159766

-458.5613435959211,287.13711296846253

-460.53421179978955,286.82386177200715

-462.50858107723064,286.48312420197533

-464.4719525340828,286.12634528185384

-466.43438559496894,285.75988504880223

-468.4092938249221,285.3963980138607

-470.3785498089018,285.05724355430993

-472.3602385457966,284.7544991570049

-474.344274845942,284.50230728345406

-476.34147306041444,284.3095398731972

-478.3419772445066,284.18361544815735

-480.3294624839265,284.13271506695105

-482.335696572497,284.1644021206976

-484.3271996172196,284.27665797762756

-486.31483441243853,284.4630281051784

-488.2978806519484,284.7184739013277

-490.2693650464383,285.04251498250676

-492.2304463440659,285.4352422599189

-494.178167875434,285.8954194867165

-496.10715367661106,286.4207080597824

-498.01947836633923,287.0095872500867

-499.9101712859597,287.6598540492239

-501.7788410962561,288.3718840733437

-503.6226232662415,289.1445982486897

-505.4407166270176,289.97739466788335

-507.2306627515712,290.86883983246406

-508.9903440073607,291.81748496441656

-510.7193112934339,292.82266568672213

-512.4155226331883,293.8827254833992

-514.0762618212029,294.9952701140518

-515.7020800839143,296.1598789722119

-517.2915486263927,297.3747325222644

-518.8419201143943,298.6366711874873

-520.3541971729314,299.94531225092624

-521.8272263928457,301.2984329035908

-523.2598448783834,302.69349207763935

-524.6523038298079,304.1290220944111

-526.0040593582528,305.60262683913845

-527.3152915033628,307.11245954416427

-528.5861343545803,308.65635343135307

-529.8170981340622,310.2323039312078

-531.0087696048596,311.838189261486

-532.1618851564331,313.4718936775419

-533.2774786540998,315.1315791495967

-534.3565523555028,316.8152614965334

-535.4001957874972,318.5209794577157

-536.4098096374995,320.2472026542794

-537.3867041287573,321.99220778330385

-538.3322073335435,323.7542405792154

-539.247927185187,325.5320533306562

-540.1353664365919,327.32421049724144

-540.9959963531494,329.1292854321251

-541.8312448150167,330.9461135016679

-542.6425785251955,332.77395820593654

-543.4311333628825,334.6112093740576

-544.1988639059089,336.45723891914963

-544.9477733784356,338.31214123046163

-545.6784656616409,340.1731765482996

-546.3926555372577,342.0405402666865

-547.092077322089,343.91480859955897

-547.7771642447618,345.79331573972485

-548.4493089126408,347.6762382065148

-549.1099916734642,349.5645254093707

-549.7593456058944,351.4558297682081

-550.3982016660508,353.3504854310891

-551.0273052098006,355.24942623200957

-551.6463417785559,357.15093510532876

-552.2556610852303,359.05559562421126

-552.8554708257475,360.96373819131026

-553.4456569945302,362.87446631533123

-554.0266074798668,364.78812168976924

-554.5978745716889,366.70458009902603

-555.1588129045457,368.62409354047674

-555.7089633154848,370.54674064220336

-556.2479673343473,372.472488373889

-556.775573963053,374.40143694732114

-557.2915164453981,376.333543903673

-557.7955436087356,378.2687278902136

-558.2874721608507,380.20708830677904

-558.7670871603963,382.14852937657736

-559.2341907173469,384.09294877893524

-559.6886464443709,386.04043981374457

-560.1302782148831,387.9908678877706

-560.5589299765334,389.9441214806565

-560.9744987087671,391.9002814172844

-561.376840143882,393.85918710296704

-561.765831772566,395.82072520651667

-562.1413940567701,397.78495785527207

-562.5034098286953,399.7517104872303

-562.8517837986344,401.7208725262742

-563.1864529551493,403.6924812438822

-563.5073231341761,405.66635969355525

-563.8143229270668,407.64240187042697

-564.1074008881776,409.6206142669997

-564.3864738321121,411.60083345137895

-564.6515231634762,413.5829446652196

-564.9026362273543,415.5669020094302

-565.1400629594576,417.5525909955197

-565.3642225986712,419.5397033133598

-565.5757259496114,421.52811672456875

-565.7754429823017,423.51862275665155

-565.9641771685438,425.5087363355181

-566.1429871100027,427.4981983573941

-566.3138925987536,429.50058031722284

-566.4758410504509,431.4840278702683

-566.6296249081458,433.4450027141925

-566.7890355500508,435.5748259185179

-566.9265848809944,437.4403398436723

-567.0389496249935,438.97128096436427

-567.190484190135,441.1672121360206

-567.3109571308194,442.94781012190253

-567.4490433537301,445.0171322051249

-567.5942947368491,447.23141804455304

-567.7362661801728,449.4469548742678

-567.8670932052304,451.5550458819347

-567.9877558652414,453.56605746521416

-568.101312980452,455.5185639439542

-568.2108233711085,457.451139638004

-568.319277955747,459.4016171631625

-568.4277547557105,461.38286241851364

-568.5355836571708,463.38492749435176

-568.6420542948493,465.3974576321719

-568.7464575310886,467.41012196679134

-568.8482961954817,469.4157151311997

-568.9476350434712,471.4142336364508

-569.0447271787557,473.40846912485114

-569.1398257050344,475.40121323870846

-569.2331915919195,477.3954920532266

-569.3249257586176,479.39221254098265

-569.4149849565022,481.390384064375

-569.5033344646915,483.3892409737828

-569.5899400357956,485.38802864603167

-569.6748199652258,487.3865583837169

-569.7580954378057,489.38457878212245

-569.8399362861068,491.3823975570533

-569.9205123427005,493.38032242431353

-569.9999815887062,495.37845529365944

-570.0784239761504,497.3768236125644

-570.1558446112167,499.3753401962754

-570.2322386679768,501.37373622918795

-570.3076001097836,503.3717105938256

-570.3818642675573,505.3681102476015

-570.4549821804509,507.36488992452774

-570.5268454491279,509.3630522239677

-570.597345674252,511.36359974528375

-570.6663613562355,513.3670109813178

-570.7338029519858,515.3718120154546

-570.799606496614,517.3746143999442

-570.8636957406668,519.371573908496

-570.9259945581493,521.3588503122882

-570.9864773203194,523.3359609570082

-571.0452752651839,525.3139816653551

-571.1025657517621,527.3070027951092

-571.1585261390724,529.3291147040495

-571.2133195303888,531.3934937658541

-571.2664441099162,533.479974744277

-571.3167631701607,535.5363838899617

-571.3631302073027,537.5098418719488

-571.4046635442585,539.3595747723776

-571.4554870271387,541.7760836976383

-571.4943492113664,543.7692735662081

-571.5236693976622,545.3598719492951

-571.561496455018,547.469500752722

-571.5931129289895,549.2985124089373

-571.6272377524299,551.3484892474985

-571.6586228764367,553.3557925998128

-571.6875167479898,555.3432170275802

-571.7144894531971,557.3463391140871

-571.7391402546111,559.3466210460753

-571.7614214125311,561.345428964002

-571.781296849343,563.3452449377269

-571.7986376660446,565.345085185598

-571.813261392851,567.3446954874065

-571.8250830662286,569.3444235074139

-571.8340962692018,571.3441946018194

-571.8402512364212,573.3439692936777

-571.8434728705319,575.3437536969083

-571.8436746546378,577.3435400574239

-571.840777200094,579.3433229964273

-571.8347087382667,581.3431057943534

-571.825406672105,583.3428731561261

-571.8128219000383,585.3426087653025

-571.7969172382119,587.3423504015475

-571.7776712276607,589.3420903310451

-571.755086827622,591.3415595865172

-571.7291532105289,593.3414013163458

-571.6998941823397,595.3415579591418

-571.6674542485996,597.3383522258138

-571.6315672274862,599.341117781582

-571.5922864382538,601.3482040731978

-571.5511612995997,603.308999803546

-571.5043399985511,605.3572184695463

-571.4531906560619,607.4598429096613

-571.4193963725828,608.9182800739137

-571.3571997504887,611.2524529493411

-571.3109298257848,612.8742476305492

-571.2529685524945,614.8461425446515

-571.1867322061928,617.0229102716271

-571.1156370624548,619.2593233914565

-571.0429722897343,621.4168279702768

-570.969679937995,623.4627742258207

-570.8951378168317,625.4354562344823

-570.818722204146,627.3736683501565

-570.7398220398098,629.3158811953339

-570.6581081191207,631.2870442455321

-570.5737273836596,633.283345489253

-570.4869870330681,635.2943318737233

-570.3981942669883,637.3095503461712

-570.3076494180789,639.3188360150513

-570.215367475725,641.3199737473403

-570.1211860809606,643.3157376205913

-570.0249473868506,645.3088190004656

-569.9264889356875,647.3020018715673

-569.8256808259364,649.2975319495932

-569.7225642052528,651.2945609192

-569.6171746734816,653.2924135063575

-569.5095478304685,655.2904144370375

-569.3996835551255,657.2885332564313

-569.287614036074,659.2861466754107

-569.1733627211842,661.2828268425365

-569.056935554696,663.2784676742942

-568.9383255735017,665.2731775942187

-568.8174572939104,667.2679957094282

-568.6943032756457,669.2627195235485

-568.5687623021696,671.2583280244812

-568.4407331569439,673.2558002001272

-568.3100882931079,675.2565833140137

-568.1770008067028,677.258307951224

-568.0417907372404,679.2568926665112

-567.9047582564972,681.2485715336398

-567.7661950576331,683.229693385761

-567.6259297592387,685.2017451184416

-567.4828049449294,687.176897701303

-567.3354862740649,689.1693692594123

-567.1826394060048,691.193377917836

-567.0232611320316,693.2593329787899

-566.8597887150196,695.338088558924

-566.6967063514285,697.3769627228749

-566.5385258007381,699.3229558618813

-566.3749261067888,701.3008058635394

-566.1783547325774,703.6257205679674

-566.0140209160758,705.528366557992

-565.8609695758693,707.2760606679282

-565.6898809886058,709.2146198093944

-565.5223431077927,711.0920069470536

-565.3375994137571,713.139851871525

-565.1556190991678,715.1271394881477

-564.9714035773148,717.1102860720258

-564.7835811565501,719.1053003620689

-564.593651050809,721.0957238668444

-564.4012967863554,723.0856655074015

-564.2064665710011,725.0762321274061

-564.009308303597,727.0662523750406

-563.8098372239588,729.0560247207914

-563.6080837564641,731.0456301188323

-563.4040887146708,733.0349837772304

-563.1978787180909,735.0241016382398

-562.9894735337364,737.0130037297257

-562.7788904004578,739.0016723896525

-562.5661386432134,740.9900958352133

-562.3512142026585,742.9783069891347

-562.1341110156651,744.9662750755779

-561.914811687719,746.9539762519091

-561.6932770857832,748.941468395192

-561.4694674837829,750.9286941810459

-561.2433248667301,752.9156149483829

-561.0147569949795,754.9023194528974

-560.7836716965003,756.8887149335804

-560.5499479242939,758.8747435314791

-560.3134143954294,760.8605259409768

-560.0738996071779,762.8459258329984

-559.831189007277,764.830863282293

-559.5850007836117,766.8154827876193

-559.3350217752978,768.7995946078066

-559.0808406899131,770.7830766994143

-558.822074470985,772.7661183774844

-558.5584040081402,774.7484636701114

-558.28942860317,776.7300044583142

-558.0146569203174,778.7109231711503

-557.7336552658222,780.6908977253398

-557.4459984617775,782.6696379004844

-557.1510554945553,784.6480318690158

-556.848586428311,786.6250654269351

-556.5388032336183,788.5977003243443

-556.2190981438698,790.5776357697354

-555.8913445620486,792.5540269018825

-555.5635963608146,794.4849418192349

-555.2040944173061,796.5323229167595

-554.8413546166286,798.552813100583

-554.591968406284,799.9565345987202

-554.1595789541241,802.2420448773156

-553.8420487784655,803.881994097404

-553.4570584807296,805.8472801925307

-553.0301939689875,807.9960938541601

-552.5870411513106,810.1866257737554

-552.1508982055478,812.2897953936805

-551.7258053815174,814.2847386728308

-551.305434577438,816.208771460228

-550.88331688389,818.0999662445647

-550.4529461102592,819.9965380593794

-550.010388890617,821.9224138003606

-549.5574418175737,823.870302855681

-549.0963833828501,825.8300665796742

-548.629492078167,827.7915663266739

-548.1587009911565,829.7463769301438

-547.6850323718414,831.6925137396544

-547.2087718634559,833.6325358463017

-546.7301190257127,835.5693767160792

-546.2492288502183,837.5061442467669

-545.7662691770818,839.445144967146

-545.2818373833474,841.3854067500264

-544.7963968517881,843.3263044969053

-544.3104109651769,845.267213109281

-543.824246355062,847.2078274486327

-543.3380960210199,849.1479082840401

-542.8519812112198,851.0875563308097

-542.3658961315989,853.0269766455599

-541.8798097497629,854.9664745406843

-541.3936604461863,856.9064069168494

-540.9075466786697,858.846345371711

-540.4214815668827,860.7861837283876

-539.9354782304954,862.7258158099994

-539.4494536537716,864.6655225438082

-538.9634362581781,866.6051723843821

-538.4774105209035,868.5448268668679

-537.9913261530611,870.4846864589689

-537.5050996299818,872.4250843362589

-537.0186743971244,874.3662570424908

-536.5323347815421,876.3071033636481

-536.0462705004386,878.2469024254439

-535.5606712710174,880.1849333535922

-535.07556043227,882.1211284390652

-534.5905956523345,884.0567793742025

-534.1051133097299,885.9944063035642

-533.6184080526583,887.9366954049652

-533.1297310186237,889.886509054652

-532.6393465351287,891.8430179465447

-532.1499424392114,893.7964249309531

-531.6642993487684,895.7366461709732

-531.185197881696,897.6535978297017

-530.7145812069142,899.5403603067206

-530.2465488250444,901.419764190783

-529.7711884296397,903.3298449652971

-529.2785694880913,905.308703778466

-528.759207895903,907.392657023779

-528.2183198735692,909.5596934675071

-527.6869570381918,911.6853690414628

-527.200170547863,913.6293287849976

-526.793011560674,915.2512177374628

-526.2204750210217,917.5051079834777

-525.8490728037345,918.8827555899474

-525.2978463389983,920.8574423307159

-524.6945916111955,922.8472596408945

-524.0613138392868,924.7008701968209

-523.347054213388,926.5709425993107

-522.5540443756729,928.4107705024161

-521.6762106180454,930.2061282017476

-520.7110080501656,931.9540259125781

-519.6587609546432,933.6543969785965

-518.5259224863903,935.3104917230138

-517.311030923305,936.9305656137409

-515.9984766152238,938.4831514805579

-514.630694531357,939.8794331008701

-513.1239611281219,941.170562477288

-511.51579587277894,942.3138914646969

-509.82295593436606,943.342877943484

-508.02909089958507,944.2895500039351

-506.19535988520204,945.120271357027

-504.3323671998476,945.8325261671201

-502.4188807619764,946.4267177260447

-500.47573847844063,946.9055800379247

-498.5115540211841,947.3001496318029

-496.53892308157,947.6452997610587

-494.566915433728,947.9686789819823

-492.584495816812,948.2869864136773

-490.61954847176116,948.6173599096994

-488.65736543308606,948.9806752433432

-486.69873359259054,949.3835902355958

-484.7514811526525,949.834148900814

-482.8176072309936,950.341643730683

-480.90153618235877,950.912388581741

-479.0067261230047,951.549715712438

-477.1352764147907,952.2554455565177

-475.2912812170489,953.0293356781067

-473.4777773108069,953.8704714696872

-471.695674576635,954.778321361825

-469.9477345170791,955.7510340312548

-468.2372917083118,956.7858307908948

-466.5643005562773,957.8815637058999

-464.93070945913354,959.0356335773672

-463.33855034662076,960.2452901840062

-461.78928478633065,961.5088152903087

-460.2837685343921,962.8248353551171

-458.82356324941276,964.1906241960643

-457.4097639935618,965.6029819262725

-456.0408579202807,967.0616871209979

-454.71889732940866,968.5628528306617

-453.44514519127176,970.1024489136038

-452.2164558272209,971.6811749802444

-451.0334427733335,973.2946629494223

-449.8963290143349,974.9380184712136

-448.80104473856414,976.6120639952595

-447.7469950714466,978.3123820232247

-446.7328746138409,980.0351241272706

-445.7550370085893,981.7803044011933

-444.81206590233063,983.5441259610673

-443.9013958157996,985.3247451706048

-443.02037818254735,987.1204140222592

-442.16669701629763,988.9287297872288

-441.337338826968,990.7489498677063

-440.53068443773844,992.5782517746936

-439.74402789230317,994.4166539251165

-438.9749445088275,996.2636251508007

-438.22262175871714,998.1145354646031

-437.4839644238904,999.9720057664011

-436.7538910031475,1001.8456596980286

-436.0458009053671,1003.6923848789565

-435.3452527090995,1005.5521868091467

-434.6014762292514,1007.5728732425985

-434.0127147500879,1009.168880365801

-433.397106678886,1010.8762712427257

-432.7470743795214,1012.7523745011824

-432.14512564045214,1014.5102371948972

-431.4650431862404,1016.5151508905179

-430.75529360579293,1018.6315659553775

-430.0640166178024,1020.7248818795326

-429.41965715979495,1022.7153671343178

-428.8144630086282,1024.6238286715122

-428.2361895399267,1026.48366934153

-427.6725921293152,1028.3282919947856

-427.11340794869164,1030.1855396597905

-426.554728061183,1032.0706004072897

-425.99696684617527,1033.9885354985613

-425.44086317254244,1035.9433632612659

-424.88750128192316,1037.9377937010493

-424.3415770921535,1039.9563439227682

-423.8126633300774,1041.956757573123

-423.31188480415585,1043.8902119422637

-422.8503663228505,1045.7078843203394

-422.29713504117353,1047.939822365999

-421.8033209194588,1049.9877730787643

-421.4161636575925,1051.6305678480496

-420.957456866966,1053.6049703572662

-420.55939596133294,1055.3486197643217

-420.11613709737463,1057.316306607214

-419.67669362137246,1059.2954495004717

-419.2518734619995,1061.2391992867886

-418.8287880045658,1063.1998286499315

-418.41941520366163,1065.1179135312861

-417.99352766048133,1067.1415379476787

-417.57066594438794,1069.169833502115

-417.2769497192968,1070.5726824488002

-416.80824235531753,1072.8578462792357

-416.47911295988956,1074.4770682013132

-416.08420859466327,1076.4285071696886

-415.65294582342216,1078.5710367421937

-415.21474120994924,1080.7635304766602

-414.7966974872385,1082.8759539596015

-414.40419085581715,1084.8817216474256

-414.029351305167,1086.8173616253496

-413.6640345024368,1088.72073456764

-413.3000646281195,1090.6298730959013

-412.93198257842664,1092.5700575981318

-412.5611096738808,1094.5344098988662

-412.1894863704427,1096.512753687222

-411.81915312407295,1098.4949126523168

-411.45188546827524,1100.4720569329122

-411.0880819017627,1102.4418979084946

-410.7271744503883,1104.4068076711062

-410.3685270052586,1106.3695166624584

-410.0114818823851,1108.33287491056

-409.65553317813544,1110.299066353764

-409.3008137039537,1112.2671384224448

-408.9474252043927,1114.2363614326273

-408.59546942400465,1116.2060057003375

-408.2449888431811,1118.1756709485464

-407.89599820370756,1120.1450693873867

-407.5484431890458,1122.1142715424098

-407.202246246684,1124.0834778752574

-406.85732385638744,1126.0529231270918

-406.51359715701653,1128.0228493218656

-406.1710727454945,1129.9930849456593

-405.8297373664141,1131.963581996778

-405.48957776436833,1133.9342924735274

-405.15058212670306,1135.9051626864277

-404.81273405873213,1137.8761940832776

-404.4760161699877,1139.8474110435172

-404.140411773906,1141.8188340914132

-403.80591016684156,1143.7904485035187

-403.4725167080458,1145.7621606525802

-403.1402030770307,1147.7341133974228

-402.8089664399145,1149.7063047007846

-402.4788039628153,1151.6787325254022

-402.1497500485486,1153.651174514353

-401.8217840587224,1155.623770682982

-401.4948927947397,1157.5966377547516

-401.1690789587396,1159.5697975566175

-400.84435968872685,1161.543184082957

-400.52078509009465,1163.5165393598052

-400.19831673180016,1165.4901684939296

-399.87697494519296,1167.4640232327845

-399.5567800616226,1169.4380553238211

-399.2378114222847,1171.4118540351326

-398.9200328388198,1173.385755862549

-398.6034066403979,1175.360129496786

-398.2879209219791,1177.3351847454703

-397.97358439168573,1179.3110008476808

-397.6604648909085,1181.2871285843444

-397.3485313909426,1183.2634030528284

-397.0378401964072,1185.2390656816574

-396.7284476119216,1187.2133578993542

-396.42042559401455,1189.1855077889782

-396.1136151042079,1191.157122957137

-395.8077563846283,1193.1309898037448

-395.50260252266014,1195.1098195448662

-395.1978924938154,1197.0964133120049

-394.8938093428612,1199.0901530350109

-394.59172844865856,1201.0814540506678

-394.29310577311054,1203.0600424198108

-393.99939727812057,1205.0156442032735

-393.7115853161425,1206.941480237223

-393.4270742677131,1208.8581195011934

-393.14099956488485,1210.8033378288853

-392.84841483676115,1212.8154848312852

-392.5443527867134,1214.9330419871374

-392.23052665170417,1217.1444048714538

-391.9243618532168,1219.3204165792106

-391.64518284502134,1221.3175756833773

-391.4123140808881,1222.9923807569214

-391.09674858861956,1225.2839659284384

-390.9069343982949,1226.695663809853

-390.63418569931565,1228.7101861890274

-390.3562706153116,1230.778457089869

-390.0989644474333,1232.7198654514377

-389.8385105755991,1234.7053082139232

-389.5806578177168,1236.6946320703419

-389.3273095826921,1238.6752399587458

-389.07688821069337,1240.6595170999494

-388.82996641878367,1242.6444897009217

-388.58684349803383,1244.6291578241767

-388.34753882097266,1246.6145999380478

-388.1122559591909,1248.600581125325

-387.88119138652957,1250.5868975884243

-387.6544966188093,1252.5737961398638

-387.4323832143215,1254.5612277567598

-387.2150928495682,1256.5490962680046

-387.00278667228287,1258.5375731031809

-386.79554308434757,1260.5265680153152

-386.593461387895,1262.516125258882

-386.3966629377314,1264.50620723842

-386.2052470463682,1266.4967814450752

-386.01928001904855,1268.4879150546815

-385.8388164465193,1270.4795524719775

-385.66388458064677,1272.4716312815726

-385.4944737385769,1274.4642504568521

-385.3305678855831,1276.4573275447021

-385.1721316860282,1278.4507611835436

-385.0190936933817,1280.4447422379885

-384.8713948874023,1282.4390994760113

-384.72897325357405,1284.433530933507

-384.5916950751648,1286.4291362924832

-384.4595358015368,1288.424628648808

-384.3325334554901,1290.4173060020785

-384.21003000674386,1292.4206385358118

-384.09270873074666,1294.4171729784912

-383.9820049246724,1296.372150299984

-383.8698437038179,1298.4720798363146

-383.7664394308905,1300.4661785465494

-383.69090589507186,1301.8864241164974

-383.5834514279768,1304.1919000126486

-383.50658315130323,1305.9252104242923

-383.41837533901213,1307.969806961945

-383.3265881632727,1310.170513867462

-383.23898179625377,1312.3721553826992

-383.1622491796165,1314.443696840474

-383.0963280908035,1316.4094402594596

-383.038831243171,1318.347001380006

-382.9873788924948,1320.3337904803607

-382.9396379493089,1322.444665586332

-382.89490906412885,1324.6615507936003

-382.85472911878634,1326.8394350307794

-382.82081659399176,1328.8232655812878

-382.7948899704553,1330.4579897285453

-382.7655179446469,1332.8057281088168

-382.75750930008786,1334.2555462195846

-382.74219578173876,1336.3614489302367

-382.7333254951669,1338.411484192405

-382.731957310103,1340.3718275950844

-382.7358701804827,1342.3792311105801

-382.7462038302581,1344.382664992075

-382.76324760324474,1346.3795345813126

-382.78709617122075,1348.3796485726743

-382.81810323908894,1350.3795907957922

-382.8565612418167,1352.3787765311897

-382.9027630644217,1354.3779569811397

-382.95703486117236,1356.377191861015

-383.01968002923127,1358.3759490446826

-383.09101604128455,1360.3743298504937

-383.17137622101825,1362.3726851007314

-383.2610525350638,1364.3704248573897

-383.36035388183836,1366.3675870736574

-383.4696050278549,1368.3645789046345

-383.58906467931945,1370.360762720689

-383.7190121993501,1372.35614702994

-383.8597469483054,1374.3511679732785

-384.0114769940681,1376.3451629211022

-384.17443613167876,1378.3381128912004

-384.3488839173993,1380.3304596538512

-384.53496502861265,1382.3215432598702

-384.732858825551,1384.3113354957295

-384.94277453794604,1386.3002417382336

-385.16479217760815,1388.2876165379664

-385.39915903870235,1390.2734962867203

-385.646141109316,1392.2579062118148

-385.90569034856424,1394.2406699356302

-386.1777611051815,1396.2220010593533

-386.46222785089685,1398.2013123558113

-386.7591188542926,1400.1788876894836

-387.0684061427376,1402.1547723763886

-387.38992014781286,1404.1284022096133

-387.7235816550362,1406.1001025646176

-388.06921717753954,1408.069963009378

-388.42647078834784,1410.0374412900758

-388.79506425140204,1412.0029545705331

-389.1745191441573,1413.9665131667068

-389.5641591915796,1415.9277264940872

-389.963525389017,1417.8879358204115

-390.37120230009845,1419.8447937947503

-390.786402603188,1421.7990954070608

-391.2110868583844,1423.7641135922572

-391.6356318777646,1425.7023350062145

-392.06302247999264,1427.6315941370467

-392.5324134135287,1429.7287220911446

-392.92049224687287,1431.4593986637765

-393.28860153074794,1433.0983640224586

-393.7498416707118,1435.1335912722925

-394.155293402801,1436.9183691635028

-394.6214035962283,1438.9674864532528

-395.11622449964057,1441.1399499496952

-395.6077266320431,1443.294411347174

-396.07440275310034,1445.3364036246337

-396.52129282187923,1447.289598693275

-396.95656030542096,1449.1916153201298

-397.3883686707669,1451.0800722722329

-397.824169171483,1452.9893574156874

-398.2656486655142,1454.9273614446738

-398.7106872394193,1456.8845174788948

-399.1570205492117,1458.850613961128

-399.60242980624264,1460.8156401053657

-400.04561111876205,1462.7735094540315

-400.4868049540214,1464.7246682947348

-400.92675474121467,1466.6717394691138

-401.3662039095357,1468.6173458188061

-401.8061351408983,1470.5652047000224

-402.24659488027214,1472.5153006591345

-402.68729304708677,1474.4663961270783

-403.1280766407184,1476.4178650282222

-403.56885324753847,1478.369349563705

-404.0097456768416,1480.3214552517989

-404.4504014974882,1482.27270892172

-404.89078553425077,1484.223045826332

-405.3308626119015,1486.1724012184973

-405.7708268772407,1488.1217677269228

-406.21056031551115,1490.0712293794918

-406.6499673226227,1492.0212724537098

-407.08906459278194,1493.9728856692002

-407.5279204185372,1495.9272880545404

-407.96644836113643,1497.8850872624

-408.403429074677,1499.8420167092377

-408.8377859654077,1501.794469570594

-409.2684424395777,1503.7388390220092

-409.6946501162864,1505.673071178718

-410.1175710118208,1507.6044531837895

-410.53967224396416,1509.5465941420198

-410.9634994936807,1511.5134646991507

-411.39160741061994,1513.5190730519448

-411.8228483775179,1515.5590273124299

-412.2475279679298,1517.5865206627634

-412.6549301010706,1519.549638177741

-413.0343386961554,1521.3964649321558

-413.48728659205807,1523.6325779460224

-413.9005366096243,1525.7107993162572

-414.2253519542485,1527.3769229539726

-414.60011143360157,1529.357355879922

-414.91328839645416,1531.120285104217

-415.24605999139254,1533.1050081034189

-415.55124996323866,1535.1125895369205

-415.8069261543461,1537.0819257003573

-416.0152040855251,1539.06987031303

-416.16691726121036,1541.0672050912385

-416.2467102333496,1543.0671724877482

-416.23532398971525,1545.0706597128049

-416.110669557458,1547.0741968999248

-415.85466465350584,1549.047430046994

-415.4422230146006,1551.0170168163777

-414.8609380748655,1552.9360163074125

-414.10265481778225,1554.771474888845

-413.14836630304234,1556.5171385223478

-411.99150564748714,1558.1480879444282

-410.64067821037486,1559.6297472738065

-409.10811407130643,1560.909589011675

-407.407655882213,1561.9362062460063

-405.5561750310237,1562.6915086296453

-403.612400595253,1563.1629679731275

-401.61939135486654,1563.3411547619928

-399.62182075190657,1563.2392691524697

-397.65744716526467,1562.8742639023542

-395.7555527064994,1562.2628200963727

-393.9433661548132,1561.424749929765

-392.23780717620434,1560.3789858836024

-390.66274463699557,1559.151654060886

-389.2385276353797,1557.765879861197

-387.9546357960477,1556.2359774858578

-386.800083958935,1554.5956277735188

-385.7709388444541,1552.8745991221176

-384.86454692824816,1551.098964040494

-384.06547298417627,1549.3054863303284

-383.3161803091159,1547.385122313718

-382.6354129691004,1545.4710210675812

-382.10285705230876,1543.9218357873249

-381.42057008991736,1541.7880750025527

-380.820151976029,1539.851130474949

-380.1916589053829,1537.7972799164459

-379.5835573802924,1535.7708653311372

-379.07068997333795,1533.947994960665

-378.6005425786379,1532.2058498417432

-378.0581181535907,1530.179990470948

-377.563340487083,1528.2519912375114

-377.08707422916046,1526.3240643538145

-376.6204261214088,1524.372978449532

-376.1694058175225,1522.4255347247133

-375.7314200538191,1520.4759467680742

-375.30540270474586,1518.52086487365

-374.89202925417464,1516.5639431294721

-374.4917888592373,1514.6092910889479

-374.1014411027992,1512.6379897945435

-373.72482233591825,1510.674471936308

-373.36843330059423,1508.75999995882

-372.99430329194297,1506.6571984363397

-372.65570724178053,1504.7069891751812

-372.4357715140954,1503.4434541216124

-372.03389595433197,1500.9694265231494

-371.7240376842514,1499.035702942103

-371.3750417624488,1496.852550432684

-371.0314555309612,1494.7020272063353

-370.73782633182543,1492.8661914745

-370.3405436869417,1490.4102848724363

-370.1241275129193,1489.130039026571

-369.7726493521756,1487.0471425282265

-369.4177636577916,1484.999817115641

-369.0733536495704,1483.081859457556

-368.7094266331766,1481.1081588296267

-368.33502120917075,1479.1364813978914

-367.95200475816006,1477.177941714334

-367.55796972817546,1475.2173979539975

-367.1532467985099,1473.2569897524422

-366.7389571646639,1471.3015436315793

-366.3147247627519,1469.3483874848014

-365.87996485780434,1467.3948051520674

-365.435717111111,1465.4456800937317

-364.9810976944103,1463.4998335751402

-364.51443168695465,1461.555285985919

-364.03587706378397,1459.6151351237

-363.5448323518793,1457.6756326302873

-363.0430495258502,1455.7410480931146

-362.5296646687317,1453.8089398532582

-362.00401846220456,1451.878186235277

-361.4668571195951,1449.952668973182

-360.9171372642297,1448.0298783907433

-360.3550691589885,1446.1107137244317

-359.7807771602223,1444.196822952514

-359.1895245746925,1442.275420524806

-358.59517797806507,1440.3847399979509

-357.98820525849305,1438.4992874099685

-357.309612027481,1436.4568460238763

-356.7563532415581,1434.7955442050493

-356.2077630641303,1433.1830523295955

-355.50960437091527,1431.225854635653

-354.8865257006732,1429.5039631385846

-354.16433987845045,1427.5320591946643

-353.38850638546563,1425.4452143742722

-352.60412566508825,1423.3775536980686

-351.8409405107309,1421.4177306144425

-351.09531396304834,1419.552733777858

-350.3557338214347,1417.7465597667567

-349.6106878852837,1415.9632051595795

-348.84795937961684,1414.1653982154578

-348.064923880058,1412.3436720594339

-347.2650444769899,1410.506546208297

-346.45115702979905,1408.6611336504545

-345.62588877645715,1406.8140826479068

-344.7908793691337,1404.9689989506853

-343.9519235785353,1403.1360827996305

-343.1132947427236,1401.3216278386317

-342.27926619976034,1399.5319277115789

-341.4524162635095,1397.7697114548573

-340.62593931264354,1396.0183372510564

-339.785179868738,1394.2448621783278

-338.91464956838615,1392.4145754155547

-337.9987020108993,1390.4924350419565

-337.0383951988366,1388.4788031882315

-336.0885923570864,1386.4879406127914

-335.21195899938556,1384.6506569448131

-334.4711606394702,1383.0977618134727

-333.48667941852835,1381.0307962945224

-332.872135664826,1379.734168663419

-332.0167700655912,1377.9320705179646

-331.11706711073714,1376.0331467929009

-330.2809700499091,1374.261641907071

-329.42956969867896,1372.4518330943683

-328.57783424964236,1370.6346907129484

-327.7331803438007,1368.8253858773367

-326.89001796723414,1367.0119504991746

-326.0496398979298,1365.197112028765

-325.2120105733179,1363.3810277934847

-324.37685893878495,1361.5635330101352

-323.545556613191,1359.7479132560577

-322.7135516753651,1357.9241969345421

-321.88360173239994,1356.098799733413

-321.0746840240198,1354.3144552087138

-320.2233896451294,1352.4293604635923

-319.3730686520029,1350.5417213780731

-318.78378532468656,1349.2366986446373

-317.8314945165954,1347.1141443232082

-317.1538065436021,1345.5988576880568

-316.3395628278291,1343.7752051529792

-315.44857560416216,1341.7756014311647

-314.54065710748665,1339.732461235803

-313.6712531322004,1337.768595059049

-312.84868752545776,1335.9027301047379

-312.0568084980847,1334.0995580765027

-311.2794728649687,1332.3238011264036

-310.5007555204805,1330.5406765696512

-309.71125875469795,1328.7297575182458

-308.9132266103817,1326.8960922498127

-308.11090326434856,1325.0491690527444

-307.3085328934154,1323.1984762154334

-306.51039601238693,1321.353623066515

-305.7167796342496,1319.5153081377925

-304.92639144794856,1317.680740230757

-304.1380650997435,1315.8474203438254

-303.35072939303456,1314.0130712451937

-302.56385200405504,1312.1766589576964

-301.77730406566917,1310.3380599189206

-300.99133503315574,1308.4980282079869

-300.2061943617937,1306.6573179040129

-299.4221492344063,1304.8167084655947

-298.63922511166305,1302.976268782615

-297.85736718062424,1301.1358046859302

-297.0765327383851,1299.2951497822326

-296.2966420433202,1297.4540503430778

-295.517594385218,1295.6122235439889

-294.73951641621267,1293.769965410663

-293.96242478608394,1291.9273173224578

-293.18633614461135,1290.0843206587315

-292.4111626106765,1288.240769847829

-291.6369663381943,1286.3968317575839

-290.8637663853342,1284.5525798547014

-290.09154675710187,1282.7080043752464

-289.32026361444576,1280.8630288679335

-288.5498471589312,1279.0175099020626

-287.78037750041733,1277.171654526935

-287.01185002229437,1275.3254662686784

-286.2442601079523,1273.4789486534194

-285.4775338168397,1271.6319374978389

-284.7117135421165,1269.784543286287

-283.9468194889807,1267.9368207701418

-283.18284834674904,1266.0887680683547

-282.4197786325167,1264.2403392259234

-281.6575716469669,1262.3914433293094

-280.89628253730035,1260.5422113863585

-280.13591177331,1258.692641392992

-279.37645982478887,1256.8427313451305

-278.6178867750187,1254.9923800495687

-277.8602223307756,1253.141650669038

-277.1034833410315,1251.2905725524165

-276.3476731873649,1249.439142199049

-275.59278623353,1247.5873339476805

-274.8388093307977,1245.7351008252294

-274.0857753097088,1243.8825035753703

-273.33369059348547,1242.0295376165493

-272.5825616053499,1240.1761983672131

-271.8323817654993,1238.3224484766233

-271.08316854071296,1236.468304711203

-270.3349356004189,1234.6137718939613

-269.58769235268994,1232.7588443050652

-268.8414483320331,1230.9035165139449

-268.09621414122023,1229.0477829402505

-267.35200166090976,1227.1916358565034

-266.608823313645,1225.3350682882997

-265.86669152196964,1223.4780732612353

-265.12563299151344,1221.6206789804405

-264.3856526483546,1219.7628537152143

-263.64676169730774,1217.9045786560594

-262.9089757520611,1216.0458460148168

-262.17232008688893,1214.1866723751177

-261.43682845526837,1212.3270926360817

-260.7024924308815,1210.4670288756267

-259.9693306903983,1208.6064708366598

-259.2373619104888,1206.7454082620884

-258.5066476433015,1204.8839396750914

-257.7771795545291,1203.0219813565704

-257.0489673462301,1201.1594929336698

-256.32203369942266,1199.296467049395

-255.5964209022804,1197.4329467116825

-254.87218509265836,1195.5690066606714

-254.14929530350912,1193.7044894125322

-253.42777396447218,1191.8393736015191

-252.7076435051874,1189.9736378618857

-251.9890017081333,1188.107464209796

-251.2718043609137,1186.2407273762012

-250.55603319080117,1184.373398193383

-249.84169278064013,1182.5055069736986

-249.1287949028838,1180.6371022127212

-248.41737023101925,1178.7682149669852

-247.70744463232748,1176.8987404975803

-246.99906568414573,1175.0286177627863

-246.29228096381132,1173.1577857208838

-245.5870297018985,1171.285899554337

-244.88350975448103,1169.4133337942205

-244.1819001368039,1167.540431011677

-243.4823458453513,1165.667443718707

-242.78491812097823,1163.7944257967183

-242.08950164770613,1161.9209030510026

-241.3960348716773,1160.0465044776633

-240.7042371442472,1158.1702668478872

-240.01382781677094,1156.2912269328606

-239.32437250900315,1154.408022402867

-238.63688638163072,1152.5234225274944

-237.9527301765601,1150.641229436754

-237.273188376147,1148.7650378716187

-236.599401575543,1146.898038960195

-235.93051073427034,1145.037495263375

-235.26270914881982,1143.1718298029596

-234.59152599309465,1141.2875575284302

-233.91249044099754,1139.3711933892685

-233.22253079134228,1137.4133855944751

-232.53293376694697,1135.4467769430391

-231.86106986357206,1133.5218615125239

-231.22423783921965,1131.6889336229426

-230.55602612229566,1129.7554140675682

-229.8116396481993,1127.58670964408

-229.20864326931652,1125.8182493742706

-228.62411712702178,1124.0964085063517

-228.01920993404175,1122.3086401721334

-227.40777672798163,1120.4937716812296

-226.75444104228276,1118.545942848324

-226.12453776961027,1116.6569450672212

-225.49654733923018,1114.7639411125458

-224.86867825886287,1112.8611971989028

-224.2457012896687,1110.9618897042294

-223.62595024615305,1109.0604894207347

-223.00957577183988,1107.157848541067

-222.39676364747703,1105.2547129515149

-221.78702418405553,1103.3490503005607

-221.18148461403598,1101.444157342877

-220.5794353668406,1099.5375716493072

-219.97956841428427,1097.6251617211726

-219.38780656554613,1095.7274305772503

-218.79458838729252,1093.8104055660062

-218.19431017099214,1091.85183228526

-217.66501413640623,1090.1155123494013

-217.06291902158992,1088.0972633852844

-216.61522906945285,1086.5702882008516

-216.04925690776372,1084.6310510417586

-215.37569360668377,1082.3210118942388

-214.858420656349,1080.5476828180363

-214.30398219138968,1078.646205815102

-213.72782682291378,1076.667746928178

-213.14540316202945,1074.663472200008

-212.57101023158162,1072.680619341887

-212.01012548949626,1070.7368574077175

-211.45975289135603,1068.8214689092001

-210.91592863186037,1066.9204317960373

-210.3746792611833,1065.0196900700769

-209.83229802504695,1063.1061175435

-209.28968156988094,1061.1827982174236

-208.7479009788853,1059.2534418755274

-208.2080273352601,1057.3217583014919

-207.67091170899107,1055.3906705039733

-207.13692784632966,1053.461507538661

-206.60596178303862,1051.5339805951733

-206.07768781953135,1049.6070465353916

-205.5517794436311,1047.6796592361818

-205.02780880347143,1045.7504501934231

-204.50583680093368,1043.8200530278607

-203.9858186877352,1041.888766693751

-203.46770971559343,1039.9568901453517

-202.95142261562134,1038.02455619406

-202.43690728946032,1036.091883418056

-201.92414842875667,1034.1589714350066

-201.4130886260735,1032.2257561338783

-200.9036703386464,1030.2921728891147

-200.395774851174,1028.3579238924117

-199.88943056042189,1026.4232716028869

-199.38460396088348,1024.4882441896746

-198.8812615470522,1022.5528698219081

-198.3793438228931,1020.6170757724934

-197.87881736486364,1018.6808775869117

-197.3796740286868,1016.7443775731015

-196.88187974678738,1014.807577711907

-196.38540040572875,1012.8704798049905

-195.89016229200536,1010.9329284795389

-195.39617590703955,1008.9950893425075

-194.90341184529925,1007.0569705095718

-194.4118407012523,1005.1185800964075

-193.92141712015484,1003.1798628096859

-193.43211325968107,1001.2408257742919

-192.94391835545403,999.301537619443

-192.45680573653806,997.3620038946962

-191.97074868953797,995.4222299799678

-191.48569613841738,993.4821217711614

-191.00164882123732,991.5417845289775

-190.51858291760794,989.6012237151406

-190.03647460713884,987.6604447913742

-189.5552903071521,985.7194135760844

-189.07500757480668,983.7781355430832

-188.59561472937233,981.836654728245

-188.11709039993076,979.8949759010387

-187.63941316680473,977.9531036325342

-187.16254694390918,976.0109811016991

-186.68648741146805,974.0686744013409

-186.21121542598914,972.1261878488342

-185.73671184397983,970.1835257615527

-185.26295163022274,968.2406680914571

-184.78991676733324,966.2976193268007

-184.3175959029849,964.3544072895883

-183.84597188063867,962.41103584413

-183.37502749580693,960.4675086567087

-182.9047369457929,958.5237925145659

-182.43509358520595,956.5799281558128

-181.9660820396104,954.6359190513879

-181.49768693457048,952.6917686722286

-181.02988943713336,950.7474659535999

-180.56267508099464,948.8030145551722

-180.0960334633055,946.8584317534742

-179.62995080519565,944.9137206627604

-179.1644132876121,942.9688842293143

-178.6994022669511,941.0239041320215

-178.23491032172703,939.0788047642017

-177.77092510261087,937.133588921028

-177.30743426027345,935.1882593976723

-176.84442351698317,933.2428107575998

-176.3818812479007,931.2972459414358

-175.91979824816613,929.3515753961613

-175.45816344916577,927.4058016302575

-174.99696575343245,925.4599270304062

-174.53619157018525,923.5139425698367

-174.07583354645197,921.5678621529516

-173.61588176118764,919.6216880309576

-173.15632629334695,917.6754224550588

-172.69715625297647,915.7290634650207

-172.23836229023368,913.7826133870827

-171.77993643957691,911.8360782589043

-171.32186980829013,909.889460100693

-170.86415348688362,907.942760861287

-170.40677749987896,905.9959772341633

-169.94973498963094,904.049116427079

-169.49301798494616,902.1021802528525

-169.03661851463156,900.1551705243035

-168.5805282370266,898.2080873878447

-168.12473962559318,896.260932654899

-167.66924588665205,894.3137095238421

-167.21403987479908,892.366419621289

-166.7591144390731,890.4190645500572

-166.3044622261036,888.4716444623668

-165.85007705615206,886.5241623130943

-165.39595252373996,884.5766195616825

-164.9420822233889,882.6290176675767

-164.48845974983638,880.681358021982

-164.03507903870002,878.7336420116967

-163.58193434902682,876.7858710093383

-163.12901993820657,874.838046324283

-162.6763300677676,872.8901692837165

-162.22385931183902,870.9422420867247

-161.77160221155424,868.9942649979993

-161.31955361799658,867.0462391922247

-160.8677083822497,865.098165844087

-160.41606158393898,863.1500470576452

-159.96460833095966,861.2018838730769

-159.51334379681487,859.2536764865357

-159.0622633641942,857.3054259518333

-158.6113624280414,855.3571333757371

-158.1606369987379,853.4088021410851

-157.71008230478228,851.460430808998

-157.2596942047898,849.5120203248156

-156.80946855737636,847.5635716338796

-156.35940159073192,845.6150872355273

-155.90948935190204,843.6665678880759

-155.45972778991583,841.718013021738

-155.0101131894595,839.7694234845017

-154.56064185427243,837.8208002069679

-154.1113108808523,835.872147246322

-153.66211611335828,833.9234620693098

-153.2130542180031,831.974745436505

-152.76412186099938,830.0259981084807

-152.3153161676027,828.0772228014711

-151.86663393701681,826.1284200435607

-151.41807176449186,824.1795887524114

-150.96962665807007,822.2307296100447

-150.52129565073918,820.2818434069279

-150.07307667522312,818.3329345928214

-149.6249661043367,816.3839999010788

-149.17696125266167,814.4350399430493

-148.72905943477966,812.4860553300815

-148.2812584855817,810.5370489073393

-147.83355580743594,808.5880210119894

-147.38594852708408,806.6389701985155

-146.93843423433663,804.689897014587

-146.4910105493922,802.7408021402608

-146.0436760640189,800.7916902826777

-145.5964275901469,798.8425576385431

-145.14926296506587,796.8934046980426

-144.70218002606558,794.9442319513615

-144.2551771792464,792.9950423436761

-143.80825231210713,791.0458360494893

-143.36140298383265,789.096611340155

-142.91462725460173,787.1473686538646

-142.46792322043493,785.1981085852191

-142.0212900081337,783.2488360583541

-141.5747247826929,781.29954682053

-141.1282258053743,779.3502412628112

-140.68179133743953,777.4009197762616

-140.2354202550486,775.4515854162345

-139.7891108372825,773.5022382132568

-139.34286099111884,771.5528761890531

-138.89666915955087,769.6034996918764

-138.45053382731933,767.6541092524019

-138.00445457105846,765.7047100332168

-137.55842882843356,763.755297345537

-137.1124552070025,761.8058714986327

-136.66653231432306,759.8564328017738

-136.22065942360712,757.906984457052

-135.77483513098505,755.9575263615261

-135.329057619033,754.008056289225

-134.88332564468607,752.0585745138187

-134.43763801339824,750.1090815212098

-133.99199469504273,748.1595827745873

-133.54639332600865,746.2100731120728

-133.1008327992539,744.2605527747074

-132.65531200773643,742.3110220035328

-132.20983057045518,740.361484202079

-131.7643873413201,738.4119391373396

-131.31898071747815,736.4623843157448

-130.87360971625836,734.5128199482971

-130.42827341153296,732.5632464935369

-129.98297213183739,730.6136698042937

-129.53770364540355,728.6640841733472

-129.0924670838208,726.7144897839041

-128.64726157867844,724.7648868191716

-128.20208706118373,722.8152789514282

-127.75694259655558,720.8656658146883

-127.31182674562424,718.9160446124672

-126.86673874551265,716.9664155021098

-126.42167789952454,715.0167789308764

-125.97664487777334,713.0671412480821

-125.53163752064485,711.1174961039112

-125.08665516366919,709.1678436314205

-124.64169714237661,707.2181839636669

-124.19676368135829,705.2685211178576

-123.75185402302382,703.3188545861487

-123.3069668528638,701.3691812221648

-122.86210160101477,699.4195011354956

-122.41725777537435,697.469814776549

-121.97243638970447,695.5201291084716

-121.52763531678168,693.5704370207583

-121.08285408642433,691.6207385983431

-120.63809222845077,689.6710339261602

-120.19335026989715,687.7213274450522

-119.74862763931132,685.7716184838126

-119.3039231658474,683.8219034801183

-118.85923650570611,681.8721824881615

-118.41456740665393,679.9224559636109

-117.96991730505194,677.9727315917892

-117.52528419208096,676.0230013452519

-117.08066792140643,674.073265231339

-116.63606834669395,672.1235232573902

-116.19148645033714,670.1737803372274

-115.74692207172,668.2240355640514

-115.30237448253125,666.2742848291172

-114.85784388035223,664.3245280598302

-114.41333057042138,662.3747656557643

-113.9688368097297,660.4250060509174

-113.52436125059937,658.4752400513327

-113.07990468307078,656.5254674485258

-112.63546789718448,654.5756880340126

-112.19105296773024,652.6259071156002

-111.74666095579843,650.6761233493364

-111.30229254765764,648.726331815685

-110.85794946971988,646.7765320931917

-110.41363357361045,644.8267243097596

-109.96934899269472,642.8769174521306

-109.52509627890257,640.927100834442

-109.08087844950904,638.9772737434623

-108.6366985217892,637.0274354659607

-108.19256094796579,635.0775914008486

-107.74846925663532,633.1277394853848

-107.30442676046567,631.1778737401908

-106.86043792042328,629.2279931277392

-106.41650733926464,627.2780972332115

-105.97264201932673,625.3281952404276

-105.52884484259053,623.37827502264

-105.08512131823389,621.4283353095504

-104.64147695543437,619.4783748308596

-104.19791875637141,617.5283989225346

-103.75445175915362,615.5784050451127

-103.31107995560139,613.6283867109819

-102.86780853699463,611.6783427266963

-102.4246428508891,609.7282725868746

-101.98159011364524,607.7781860949656

-101.53865091321451,605.8280709222519

-101.09582814881689,603.8779263954585

-100.65312471967209,601.9277518413093

-100.21054506009762,599.977553680361

-99.76809040318807,598.027330092188

-99.32575994439472,596.0770753225462

-98.88355412106448,594.1267892539074

-98.44147354433063,592.1764725359689

-97.99952075174603,590.2261368817716

-97.55769094342229,588.2757702371016

-97.11598175735956,586.32537310893

-96.67439083155783,584.3749460042262

-96.23291746591255,582.4244972273225

-95.79155709776964,580.4740260597105

-95.35030266206437,578.5235276151104

-94.90914843517669,576.5730031563253

-94.4680888926458,574.622454827563

-94.02712059407051,572.6718970360221

-93.58623182296361,570.721317764362

-93.1454135442064,568.7707189787063

-92.70465672267993,566.8201026451779

-92.26395432607731,564.869479647915

-91.82329668201648,562.9188501143774

-91.38267281125627,560.9682091763112

-90.9420733084233,559.017558956668

-90.50148900524626,557.0669026268424

-90.06091534841788,555.1162569324916

-89.62034563525883,553.1656062598479

-89.17977780236973,551.214950785494

-88.73920978635097,549.2642906860113

-88.29864197935788,547.3136366613973

-87.85807328952392,545.362986749102

-87.41750250188412,543.412333261029

-86.97693029014586,541.4616767063501

-86.53635759033791,539.5110187557716

-86.09578850967397,537.5603755697633

-85.65521883733727,535.6097279698166

-85.21464812851117,533.6590737599329

-84.77407593837931,531.7084107441141

-84.33350522420444,529.7577509314757

-83.89293925705564,527.8070928215859

-83.45238311719592,525.8564302988964

-83.01184444666741,523.9057681910934

-82.5713304159073,521.9551092392461

-82.13083994657539,520.0044278441251

-81.69037766330821,518.0537507197105

-81.24993973216316,516.1030727053923

-80.80952231919792,514.1523886405618

-80.3690996768425,512.201597268628

-79.92867719569341,510.2507519946576

-79.48827557473884,508.2999881840801

-79.04789854782538,506.34936650324704

-78.60754557211565,504.3989286686602

-78.16715954457848,502.44843263699073

-77.72678620788922,500.4979825470057

-77.28640760793162,498.5473779704856

-76.84600579058973,496.5964184792127

-76.40551734894608,494.6447195280921

-75.96498554345324,492.6926644211259

-75.52451832531038,490.74117078660765

-75.08418813010228,488.79100656531733

-74.6440591806801,486.8429032387812

-74.20403518989085,484.89645047785496

-73.76400738715991,482.94978074007776

-73.32371339360108,481.0000626147974

-72.88289083032845,479.04446469136275

-72.44125608153215,477.08030932648927

-71.99924718478285,475.11226050604733

-71.55786443787225,473.15089244557095

-71.11807950799192,471.2067540540775

-70.6808446691345,469.2903066763923

-70.24630322333047,467.40075228670065

-69.81304885165011,465.5060379929585

-69.3790594712851,463.5665839315054

-68.9423129994271,461.54281023868043

-68.50195344873809,459.40273684762326

-68.07050522630895,457.209529396354

-67.67134303012928,455.1028389946588

-67.3283542473423,453.22544879579596

-67.0293742271398,451.5053593768241

-66.74213578711075,449.4001569025476

-66.62037081433843,447.82723497993396

-66.46463321149282,445.68781505533747

-66.41452937879491,443.6753096408643

-66.46235841344395,441.70921575784627

-66.59576279393615,439.70174647243203

-66.82368492110194,437.71462912273245

-67.14046090133894,435.73012862158174

-67.5415179750047,433.7713767772211

-68.06282277053629,431.80006331632626

-68.69503215975809,429.91452028019415

-69.45540972857587,428.10579291404196

-70.3622209688459,426.3255370415585

-71.36061628429812,424.61106123312857

-72.4559271800264,422.9601108430412

-73.67347219916734,421.3654821308085

-75.00614072675138,419.84389500537264

-76.40847912504945,418.42333914711645

-77.85821364390772,417.0245583043863

-79.27784243216162,415.61821847808454

-80.64371011571208,414.1394723975149

-81.9229262578563,412.60885693404845

-83.12974283535107,411.02266360658183

-84.26892409372562,409.36522824813716

-85.32450893740459,407.6562998724745

-86.28803180661801,405.9158481406038

-87.15014127536581,404.1414014910141

-87.90556323056623,402.2853560497963

-88.52718350629794,400.4176504800317

-89.05614440616645,398.4849096968462

-89.5093288089401,396.51019643382267

-89.88791998271735,394.5467503438908

-90.19080004662219,392.5673119372466

-90.41206413227684,390.57772699908986

-90.55035199457708,388.5816635014308

-90.60695157417362,386.5794296510682

-90.5852908359244,384.584341906332

-90.4903607896238,382.58340818727083

-90.32965238084354,380.58364161099104

-90.11793522166685,378.60246765756705

-89.86899977054296,376.65687915798037

-89.55314240735453,374.565069397262

-89.23984658393185,372.6444699710182

-88.99658190531805,371.2009688983012

-88.57645074206891,368.9841269390685

-88.24123880275263,367.2663450108358

-87.84098005972483,365.25176213985407

-87.40064896180766,363.0830103899165

-86.94521995782333,360.9027218248166

-86.4962523032452,358.8315378617188

-86.0532074298422,356.8603484774802

-85.61090954655936,354.9511891108489

-85.1642259815724,353.06629762085845

-84.70807642928115,351.16836263510226

-84.24100425088527,349.2417576912255

-83.7656604244124,347.2953383222666

-83.28482337888306,345.33888061181284

-82.80127154331788,343.3821606434519

-82.31728592030188,341.4327943806995

-81.83342926880677,339.49075438910904

-81.34964340190297,337.5533016002415

-80.8658658467841,335.6176796279599

-80.38196381743222,333.68088312898976

-79.89800745964106,331.7416706088175

-79.41433759295589,329.80096547065983

-78.93121252234779,327.8594194401537

-78.44889055278806,325.9176842429366

-77.9675191441161,323.97601715790347

-77.48717701463006,322.0346426539854

-77.00782395794303,320.093377206897

-76.52941630021442,318.15202332687664

-76.0519008974178,316.21034689779754

-75.57524714912373,314.26826138358

-75.09945527463888,312.32586948936193

-74.6245142626171,310.38323174476056

-74.15041310171233,308.4404086793935

-73.6771135999732,306.4973551701878

-73.20460520807531,304.5541671916902

-72.73285116832007,302.61084141090424

-72.26181355088268,300.66736968792543

-71.79144684302618,298.72371237615465

-71.32171481718032,296.77986374935347

-70.85259567538196,294.8358729560596

-70.38405851031627,292.89175126926455

-69.9160724146686,290.94750996196024

-69.44859483585674,289.00310799354634

-68.98161045168699,287.05859985162414

-68.51509367538024,285.1139923517061

-68.04901832427733,283.16928983182146

-67.58335417807122,281.22447933817796

-67.11807725038156,279.2795618256284

-66.65317258749161,277.3345624267696

-66.1886204478835,275.38948556418205

-65.72440109003954,273.44433566044637

-65.26048970234775,271.4990928475702

-64.79687579293551,269.55378349357096

-64.33354452218728,267.6084118309166

-63.87048078693609,265.6629809870626

-63.40766762349659,263.717485954578

-62.94509169067089,261.77192810419206

-62.48274458603265,259.8263197027361

-62.020615733548325,257.8806633621891

-61.55869455718407,255.93496169452914

-61.096967092709484,253.9892013185114

-60.63542844912331,252.04339932934718

-60.174070774859096,250.09755816366257

-59.712886055856956,248.15167957333568

-59.251864743281054,246.2057586866053

-58.790999496860934,244.25979590899274

-58.33028610219167,242.31380036303253

-57.86971855648086,240.36777339042706

-57.40929085693575,238.42171633287748

-56.94899440494057,236.47561851394758

-56.48882719703699,234.52949245776037

-56.028784921499664,232.58333962104345

-55.5688631525263,230.63716097822027

-55.109056290919746,228.69095244741365

-54.64936028987681,226.744714055563

-54.189773288785155,224.79845237614205

-53.73029207168459,222.85216810703986

-53.27091342261457,220.90586194614417

-52.81163208207976,218.95952528738508

-52.3524477262344,217.01316757375517

-51.893358184919194,215.06678962934814

-51.434361206234655,213.12039193186575

-50.97545361979856,211.1739710033209

-50.51663341193632,209.22752664705442

-50.0579001749027,207.28106370401403

-49.599252450527395,205.33458246994493

-49.140688780639266,203.38808324058883

-48.682206102771374,201.4415590405118

-48.22380516400733,199.49501703678607

-47.765485246341214,197.54845761791887

-47.307245573157644,195.60188092359084

-46.84908465117596,193.6552840013893

-46.391001897054345,191.70866650502072

-45.932997956883725,189.76203194602616

-45.475072666193036,187.81538032372046

-45.01722586051204,185.86871163742208

-44.55945614558858,183.92202026317804

-44.10176510561651,181.97531152009128

-43.64415319436911,180.02858545023992

-43.18662082444876,178.0818419206241

-42.72916786243032,176.1350784296799

-42.27179492630527,174.18829449212643

-41.81450360967173,172.2414925031355

-41.35729489606847,170.2946721988029

-40.90016976903358,168.3478333152218

-40.44312831617287,166.40097136477056

-39.98617296449038,164.45409005726853

-39.52930531634193,162.5071891115775

-39.0725269463374,160.56026812837231

-38.6158390323725,158.61332496606303

-38.159243410844596,156.6663589654068

-37.702742730347765,154.71937151425007

-37.246339202279124,152.7723620674652

-36.790035038036656,150.82533007992797

-36.33383185888113,148.87827199381826

-35.877733141264194,146.9311900440115

-35.42174182342848,144.9840835980387

-34.96586082613415,143.03695194881763

-34.510092805980456,141.08979319439126

-34.05444104919776,139.14260642371826

-33.598909574636295,137.19539205395677

-33.14350211483072,135.248149192175

-32.688222402315105,133.30087694543843

-32.233073867530386,131.35357245917842

-31.778061465956394,129.40623655043711

-31.32318989067198,127.4588681542345

-30.868463824925538,125.5114661635314

-30.4138878075661,123.56402875818976

-29.9594670573133,121.61655464352202

-29.50520754148214,119.66904321927548

-29.051115074887846,117.72149311228723

-28.597195472346502,115.77390294939788

-28.14345453792784,113.82627033261359

-27.689899448404663,111.87859462055239

-27.236537403430088,109.93087417851298

-26.783375598394713,107.98310735349519

-26.3304212016088,106.03529223184957

-25.877682216437925,104.08742689860169

-25.42516752830533,102.13950947933778

-24.972885998462466,100.1915378194356

-24.52084648816016,98.24350976427033

-24.069058209024153,96.2954231577672

-23.61753183465127,94.34727581517961

-23.166278422524673,92.399065549703

-22.715309030142866,90.45079017459318

-22.26463483185877,88.50244777364524

-21.81426802146102,86.55403507386202

-21.364221839846984,84.60554735342788

-20.914509656872898,82.65698017104657

-20.465144842394995,80.70832908542192

-20.016141859879266,78.75959203968745

-19.56751757067419,76.81076758178179

-19.119289978381868,74.86185667274738

-18.671477090924622,72.91286029236437

-18.224097232600208,70.96378036295565

-17.77716823438619,69.01460609775354

-17.330707387830497,67.06531349322637

-16.88473231433887,65.11587948575014

-16.439260635316426,63.16628101169819

-15.994314891275293,61.21651379156106

-15.549930841369545,59.266620067417755

-15.10614935926676,57.31666155143815

-14.66301132931158,55.36670000254704

-14.220557454230152,53.41679507390208

-13.778799807276101,51.46684904766556

-13.337721186474742,49.51660332162572

-12.89730412810339,47.5657967011508

-12.457531168439353,45.614167991609065

-12.018429956317528,43.66166671397206

-11.580191605065124,41.70901045638317

-11.14305389679095,39.757134767497014

-10.707254634670393,37.80697528955138

-10.273016188626192,35.85938982517714

-9.840128014953804,33.913091469019044

-9.40794115092705,31.964621218083927

-8.975790187607865,30.01043714703557

-8.543009716057604,28.046997330535117

-8.109510645007452,26.073558625901008

-7.67747391712699,24.100419616315722

-7.249668329290648,22.140733479527036

-6.828862711534316,20.207653543995054

-6.417571943428388,18.313088045617366

-6.012217608905605,16.439127099951904

-5.603095265252443,14.537881759124597

-5.180240082947248,12.560186300099954

-4.73368723246833,10.456874999842334

-4.26140338458986,8.217567940005605

-3.792994885469703,5.986632112648863

-3.3660432134727825,3.9474324373538523

-3.018129876158958,2.28333397170441

-2.654230797189619,0.5439535224932712

